user_id,item_id
12,"6971,7637,684,3539,7063,12757,560,7462,2885,4513,7558,9668,11384,9303,12480,7892,12990,11326,3044,8058,6985,12668,6288,1228,11716,7898,1200,9192,9425,331"
14,"1290,10663,12030,6243,12474,9405,4413,1062,2969,9693,789,4291,6220,12705,2291,1554,12497,1022,1601,8716,8421,7817,6899,9488,6660,2988,11486,11789,8483,12991"
17,"4798,976,10326,6925,2169,12331,11282,7637,84,6220,4946,2219,13192,5149,4602,1180,4552,402,9046,5803,10462,4833,12940,11328,6633,4212,6982,12544,1606,11415"
21,"6515,1776,13296,12157,8452,12704,11229,1871,5964,4602,5675,12738,6350,4551,9470,7882,11540,13388,12758,785,8167,5124,9431,3886,10599,3953,13072,5339,1478,7207"
44,"1290,6243,6971,5573,6166,6220,12944,7578,1554,11298,9516,8590,12611,8922,1286,1973,9072,12497,3088,8567,12680,7138,8053,9454,11891,11202,8650,7071,8505,4040"
55,"6971,11651,3697,331,10507,8922,2789,9340,7063,13309,12611,3064,10132,10063,1309,9937,992,10464,12710,2916,11637,8520,8124,4789,5105,11578,4659,7770,6137,10787"
56,"6971,331,2238,9340,9164,1811,8810,6445,2990,5031,11289,275,12710,11464,1244,2591,11363,4679,13159,8176,1141,10462,4024,4240,1598,350,3875,4063,7219,2339"
58,"2140,8399,7637,10462,12535,7471,1085,8608,12404,4829,9837,5905,12305,784,1098,823,3291,5808,8957,5142,3799,8021,4163,3835,12096,12678,4216,13120,455,2037"
59,"2916,9295,10462,12404,7867,1290,5303,7498,2218,9942,10277,4413,2114,3781,271,11488,7329,5631,12549,9867,11544,12241,11282,351,11107,4219,5830,1606,5033,8563"
79,"1290,7120,789,5303,9962,6515,5135,9799,4277,5512,1065,6395,961,10269,11393,10679,9865,13257,11024,4840,2199,4338,3515,10376,2286,8005,2380,8681,8827,9380"
81,"1290,6243,7120,3697,6166,2199,5135,8567,4929,5008,13101,6576,851,8590,10336,1554,7197,5573,6971,7578,12662,9962,8302,10394,12875,8494,1255,8480,12655,9671"
85,"2140,7120,1996,9072,10322,2218,4413,5199,6962,5610,3344,9848,1977,1851,8954,9971,7707,2931,3,4973,5700,11621,5819,6486,3396,11394,2233,10968,13214,1558"
92,"331,1180,4277,1290,10607,1100,12404,8746,7120,10462,11024,9799,3364,4843,6081,6243,6610,1025,9455,4865,4664,8922,12593,5422,5672,2990,8277,5863,5859,5031"
97,"6971,6166,2218,10241,2291,13309,13101,11935,10434,9937,2292,1747,4698,6811,5495,3950,10674,3697,5135,8253,8472,11939,1634,10778,6625,2211,10550,9005,12758,4789"
100,"1290,10663,789,7120,12497,2218,6243,12030,4413,8567,9962,4929,9295,5135,10336,13309,11844,2957,2990,11884,12026,7471,5570,5810,9787,4777,9866,6725,10706,1491"
112,"2140,10607,1598,8562,5199,10326,10507,1244,3071,13127,3796,2199,7679,13024,6900,1448,6578,4851,331,7172,12773,3770,2460,952,4904,9511,12372,9097,10892,7344"
122,"1290,10663,4929,7120,2916,789,5303,5318,9684,8235,8922,9962,13309,9101,6243,10147,9799,10850,5135,10648,9786,8567,2339,12632,9438,239,11330,296,7762,5693"
133,"1290,789,5303,10663,4929,7120,1912,4277,9707,851,12745,8399,6220,969,2398,4387,2885,6270,8919,428,10644,9837,10441,8567,6020,4469,12632,8161,12654,9684"
141,"2140,2220,2199,10326,7392,5149,10704,5199,9295,8452,1841,5938,851,5610,1287,10241,11535,6928,8088,7856,13257,12599,5549,1495,3799,6571,12381,3523,523,1427"
144,"10663,1290,7120,4929,6243,789,9671,9880,7715,851,6220,9962,2380,5135,9668,13101,6445,7824,12869,13143,7024,3703,11298,7678,4695,3308,2885,5862,12978,6962"
149,"9799,5303,9962,12990,12923,4277,1934,4229,10336,3697,10608,1290,2648,7471,3875,152,9532,6243,7092,10147,4161,2903,6619,13247,9264,11463,10920,7198,379,12968"
153,"1180,4946,10566,2020,4315,3241,12681,4430,3870,12857,13058,11282,12865,1319,3750,7364,3950,436,5773,736,4568,13280,3442,9081,10544,5073,10244,1701,168,7507"
166,"6971,9799,5303,5135,11495,11288,331,2140,10687,4499,8271,7462,5999,9115,337,9794,12668,8452,1039,544,4904,9233,2890,1422,11452,8799,9126,10644,5022,10529"
220,"9115,5999,6220,1220,7839,544,5386,6926,8530,10581,5312,2218,3770,8235,3112,2343,6433,8772,9613,11282,10229,10326,2910,2185,9991,4413,2089,2384,4113,10340"
231,"1290,10663,4929,6243,7120,789,5135,8567,9962,2916,12497,7063,11540,9306,12026,11298,5545,2218,10648,1779,13101,4777,1717,2515,1590,8355,10224,4387,5761,6919"
262,"1996,4413,9938,5199,8459,820,6608,7053,9730,6665,12249,9877,8205,8049,11256,7120,609,12785,13184,13314,796,6302,7914,4223,6373,244,10581,12497,4529,6982"
274,"9962,1290,12990,2218,11088,6395,6515,789,7120,331,2988,8922,9866,10336,4413,5999,3515,13249,8405,220,11775,4258,11170,8567,4947,9405,5573,7817,12047,11818"
277,"8922,1634,6971,4109,1832,9998,2020,11960,42,10434,7770,11770,11528,4611,3770,2559,4904,3019,3241,12251,5467,8483,10067,13110,12990,8252,12104,1499,6456,6742"
281,"11540,4798,4101,11282,12857,2169,544,1996,2990,4326,9938,331,11843,12026,12385,5124,8421,4452,3112,5303,4262,9580,3766,4615,910,7562,11795,9700,9886,7710"
291,"12026,789,11540,4798,9580,4266,9962,4101,3031,10547,2990,1977,4777,8235,3112,454,4262,12869,621,1779,11569,10081,5598,6458,13056,11411,4929,7184,10097,12497"
300,"6960,9962,9178,8483,13296,6322,4266,4111,568,6812,1133,4602,12308,6787,10835,11143,5998,12156,10840,2453,2140,823,6924,10558,3071,3682,3871,11251,2518,1287"
310,"1290,10663,4929,8567,1779,1244,6166,1132,6243,12497,13101,4277,9050,7715,275,3737,6925,7383,7120,2957,8161,810,4448,7856,851,6007,2784,6141,1863,7391"
332,"8205,10241,2218,4413,5381,4387,6899,12497,10326,9580,10340,621,7784,7264,4101,2808,8857,760,8593,7063,10304,13284,3,8590,335,9201,4332,11997,11969,13270"
344,"7120,4387,9866,9962,5174,789,278,8402,10322,13249,11384,5025,11621,1378,2031,1062,13381,1305,4499,6515,5135,2019,8343,11360,5386,4973,9161,9733,4277,4576"
359,"6971,5999,9668,1408,6220,1912,13025,1726,2265,13244,1856,7707,6166,6892,4262,12681,11723,4525,345,13350,90,11384,11272,11281,4533,12668,7562,5532,4452,9504"
380,"4576,5135,9799,7120,10607,1290,7707,3982,789,5819,6926,6220,3909,4028,1750,5966,9962,10340,296,11626,5303,9428,13182,4199,1082,4602,7390,5318,9454,9072"
386,"4929,8235,2916,1290,4163,3317,3737,6095,11540,89,3668,9942,7637,13257,7063,1400,8922,9048,2020,9243,10551,6166,6060,7328,8399,8355,9937,7064,6243,4685"
426,"6220,6971,4277,3737,10124,1912,5999,1290,3799,3088,9454,13346,11540,6626,7707,4576,12051,11292,5369,7489,11326,7027,9564,13312,5214,4413,2220,12631,180,6283"
436,"331,10326,12758,10841,5999,10589,4974,11775,11024,10340,10122,4110,5946,10814,8254,4947,5272,4256,9937,3524,2774,11103,1891,6590,530,6437,4277,6515,13101,8217"
453,"1290,10663,4929,789,7120,12497,6220,8567,4277,9962,8707,6243,2885,5135,4974,1912,6554,10441,9837,2645,769,4413,6976,2608,4387,2044,665,5303,10648,10"
461,"7120,789,10663,4929,6243,8567,5303,2140,9962,2291,9865,12497,331,10644,296,3886,642,11969,83,6293,6824,9309,6625,5082,167,10607,11088,2916,13309,9155"
464,"1244,2916,3697,4929,10326,1400,296,6048,8562,8483,2972,12535,2847,8605,7197,9305,7471,7578,12767,2769,568,11114,1772,2380,936,6522,474,5238,6045,2903"
473,"1290,10663,4929,8567,13101,8922,6243,3697,12497,9405,7120,4777,5545,9962,7971,4388,11992,6576,8342,2916,2957,4325,11977,2682,89,4717,2559,8302,3886,7547"
481,"10663,1290,9962,2140,7578,2199,3697,2380,1634,5135,6243,9650,4929,5999,8021,8475,3554,4990,7197,10607,2671,9993,7471,10687,9592,2852,1460,10644,7120,10932"
490,"10326,9799,8277,11289,5685,5303,6107,10622,5755,10269,3982,1429,10607,11719,13328,6515,6166,9637,1025,12207,3120,3095,11134,7734,11569,7679,4563,1144,1799,9668"
494,"789,5135,10663,13309,6971,4811,7120,9962,6243,1290,1429,7558,6962,12030,3950,9510,7324,2218,11540,8221,13027,4777,10336,4163,8235,5973,8018,3306,1362,4414"
497,"1290,5303,7120,2218,4277,13257,6971,8590,11775,4974,10663,4413,5907,1244,8421,8567,8254,13381,8714,4258,6420,7745,1776,10326,1452,5468,11975,8562,5999,6515"
510,"1290,6243,13101,10663,3539,12497,12680,5573,2990,6610,10464,5135,3697,4777,5008,12030,8922,2286,11306,5545,7781,10507,12779,10152,8675,3364,6312,10670,1806,6051"
511,"1290,2140,2291,7120,6220,4929,11384,5135,2916,83,8593,89,7637,9937,6971,13355,9942,7462,1887,12331,10067,13314,4576,10530,10644,296,6888,5421,10498,6887"
512,"5303,4277,8590,9799,11384,7515,13296,12947,7197,4602,10607,6032,6971,2712,1244,6166,1996,3591,9602,331,3982,530,6925,8562,9569,137,12944,8335,7120,9229"
524,"789,1290,6971,5135,7120,6420,11939,3539,1223,5629,12030,851,11726,6660,4777,7590,2048,5008,12455,10241,2608,2861,2306,6461,4292,3922,4083,9942,6243,4111"
525,"1290,4929,10663,7120,6243,2885,12497,4387,8567,4664,11384,2506,10462,1912,9937,5839,4878,6003,4272,6790,6418,9600,5803,782,1180,4880,2670,265,10456,2726"
545,"10326,4798,8575,2905,9124,2559,1156,6383,9456,5264,4388,1516,8922,4912,3126,6960,1210,4813,2916,3122,13134,8055,11424,8562,1501,12606,11826,5278,1696,3440"
560,"4413,6971,12331,7817,6220,10322,6209,10340,12599,11651,6987,13296,9303,3515,9405,5303,9602,7197,6589,13182,4753,7438,9962,3106,11282,13381,3502,9942,1996,6999"
564,"10462,1634,12681,5060,1286,10326,13022,1180,976,8718,12665,10785,7123,8869,3296,7726,189,12404,3791,1439,2265,12073,5199,8687,217,4946,10094,7800,4816,1482"
566,"6220,789,5303,5135,1286,1634,13328,5573,4097,6166,9937,8505,8703,7063,7679,9865,2217,1744,3173,4597,6811,2700,6461,11024,13309,10241,5023,1778,3147,9942"
568,"331,4101,5999,9580,5303,6610,11540,910,544,10326,4262,13058,13021,8714,12041,7955,2007,9886,10340,4798,5022,4452,5524,11115,5532,11117,13348,2990,12385,3532"
570,"1290,10663,4929,7120,789,4798,13309,10607,1210,9962,3992,2885,12497,6925,2286,2883,2395,4277,7745,11517,5819,13101,4177,4777,11998,6243,12632,1085,12385,377"
573,"1290,10663,5135,9962,7120,789,2916,851,6515,11784,2380,2199,335,6243,2291,4929,11143,1065,12286,1287,4329,13259,3323,5065,9473,152,5303,10297,8689,6621"
594,"9962,8235,331,1598,5532,11775,8922,12026,12497,4974,1100,5303,2567,1987,4035,1487,2218,11357,2506,5507,10424,9164,9162,10340,9866,1326,12779,12094,6418,7578"
601,"10326,4387,8205,7063,1400,12497,2916,7120,168,12943,13314,789,2957,7590,8593,6213,1017,8254,8590,760,10663,11117,4077,8554,1305,11403,5135,2795,6646,12787"
605,"1290,7120,10663,789,6243,4929,9962,9671,5303,5135,13339,7471,4277,1996,12156,2199,851,1554,9564,8977,7197,10137,1542,7817,8567,6420,7285,61,11004,9609"
641,"789,1290,2140,9306,7138,5135,4262,13191,4228,1570,10712,5022,11609,2736,167,1356,2293,2199,11791,1996,12541,7865,10896,3591,9671,1187,10241,11004,13022,1856"
650,"2140,2169,9306,2343,12606,5760,12331,789,4413,7769,4315,9943,8881,9115,1558,10326,5199,12108,4915,9938,7138,1906,2233,9089,6276,12030,4519,2328,7035,12613"
675,"12606,12030,789,2343,13296,6971,13310,6960,8562,5199,11143,10562,12703,10000,2295,9115,4802,7769,10661,5135,13239,9943,2876,3805,2905,7072,5976,4029,10663,9511"
677,"1290,7120,9962,8922,789,10663,11626,10607,4576,9799,2916,8235,13309,12730,331,6371,4266,6148,7624,4929,10451,13101,11712,10322,1378,4777,11297,9866,3697,3411"
679,"8421,7312,2969,9217,4924,5642,13257,1597,12463,910,4229,10834,7439,10241,13185,228,12858,3621,3822,11701,5303,10156,820,1527,5199,13190,6656,563,9729,13114"
683,"8421,2218,5999,1180,10340,331,9409,11282,12026,10326,168,1996,11021,71,7562,1558,519,2309,638,782,10127,6962,8235,7154,1299,9886,9484,2089,3684,538"
687,"8922,10340,8018,7725,848,4163,1100,1598,5935,10138,4388,6962,4777,9983,10507,1210,5819,8126,7463,3577,2506,10846,4199,2957,12903,9638,12184,11106,10464,12719"
705,"1180,9072,11969,8922,4387,10792,12474,9937,10462,3737,9865,789,976,4163,2020,1278,5573,8343,2761,8196,10481,1286,11227,6612,6166,8399,9744,1444,6034,12838"
708,"1634,851,6610,12665,5573,11648,9637,9580,6191,9736,5282,2910,4798,11836,10736,10137,13067,4993,12026,9271,3796,12592,3539,6576,1779,8361,8004,8862,10816,12311"
712,"1290,789,2916,4929,9962,2291,13309,286,3539,4613,5135,10607,13027,10663,6243,7120,7637,969,3770,5557,7384,10736,83,4224,7317,7718,10473,3341,4576,4028"
715,"12474,2218,12497,9306,789,11165,3539,11751,10712,13433,3670,11992,228,11540,7547,89,4798,10326,4915,3870,10822,5149,8593,3251,2048,8922,851,6638,9331,2619"
728,"1290,10663,4929,6243,7120,789,12026,12497,8421,2291,1779,9405,8567,3055,4777,6576,851,4616,1776,3992,13101,717,7503,2885,13046,4798,4111,1218,2969,9962"
743,"1634,6971,789,5303,6166,672,4262,5545,5022,8472,1996,7927,12404,11784,6053,5532,7867,4789,6032,1187,4482,5482,12606,13281,5135,9192,9455,10420,1625,5341"
753,"2990,10462,10982,6614,5545,4664,6166,6270,1290,5261,8319,3549,13220,9707,85,9937,1638,1085,11229,3071,877,4865,12079,12463,6243,1400,1812,6973,4429,3524"
757,"9580,8421,4387,1746,5642,5433,1918,11299,3231,4101,11121,7941,2467,8626,10895,4020,2969,1841,6326,5549,5835,8414,4924,4965,9730,10326,9504,760,8254,1017"
768,"4101,2238,7637,6311,7558,9942,5964,1427,10229,11540,3483,741,12788,823,13284,9714,5325,8808,5711,8687,8080,2299,11033,3323,1773,2343,5976,9411,2514,1985"
797,"9799,2380,7706,10687,2218,2013,12389,8020,3055,13214,10063,3106,11262,2339,7727,995,7884,4199,9101,10429,6637,13167,11031,11288,7609,2789,1141,10480,6807,6712"
813,"2140,1290,5135,6971,4929,10663,11357,10674,8505,2291,4273,4101,11918,8472,789,5303,834,6220,2916,165,12606,7718,9309,9072,10235,4499,7466,6843,7575,2157"
832,"11282,4101,6220,2218,5124,3766,4413,12104,7027,12758,4658,6590,4575,4440,3950,6828,2319,12857,11289,6437,7723,2158,12414,9306,10987,3377,2489,10963,8452,1726"
833,"9962,5135,789,10663,13101,6220,13296,3697,6166,5485,10336,6971,10840,2218,2291,12857,5573,5214,6243,4544,9668,7539,3515,10389,3886,2328,9468,5623,13249,9671"
844,"6971,12030,10326,5303,789,7745,2108,5149,6224,2220,5663,10916,8562,9510,5681,7138,2048,2140,8922,12040,13182,7817,7197,2762,228,9799,5501,3507,1891,839"
858,"4929,10674,4413,2140,2218,2343,9072,789,3641,3737,180,491,7637,1912,10473,3143,1883,6220,9575,5961,1598,4615,4028,10224,9570,3704,6827,7243,7120,4199"
874,"5303,2218,4413,8472,6971,12026,5022,9942,8452,2291,5545,9580,851,5135,3055,6351,10281,4101,2286,6107,5363,11589,544,7529,6312,5999,9306,12668,4877,10519"
875,"5511,286,8562,9550,8590,5557,3539,9404,6751,2905,11939,6213,10473,5406,2343,3002,8318,6825,6060,3562,1006,7120,2384,2380,4929,11648,7983,3805,6610,7125"
892,"1290,10137,4576,10607,2291,10674,7723,5573,8300,4602,10389,3591,6900,4083,3107,976,3415,12541,6283,1176,3111,5819,3012,9671,6220,6020,11855,3538,2140,10916"
897,"4798,1779,7471,2169,6270,1912,5124,11869,1532,2957,3837,5292,9549,5613,8421,1888,12497,3677,8562,6005,345,24,7054,4491,9392,3207,10976,2718,8684,10708"
912,"4277,5303,10326,7637,789,11292,9962,5976,5875,6270,9799,3172,823,4947,544,12606,6746,6220,12404,5681,12704,11325,8746,6166,2881,11215,7639,2885,2774,1891"
924,"1290,10663,4929,13101,8161,6243,7120,8205,6899,8562,4101,732,3071,13346,10523,1912,5016,2514,2903,4602,5966,2140,2218,8235,3230,2789,8590,12026,11377,11384"
926,"5545,5819,6971,4101,7637,7830,11540,3971,2789,9087,12082,6166,7287,1408,6956,1634,13058,1287,911,4613,12404,10138,4857,11800,6846,11115,11871,9443,9931,4243"
933,"1290,7120,4929,4387,11405,6962,6971,789,11495,13381,11384,9962,9474,10608,4272,13249,2813,3977,4111,4199,7487,4499,5303,1378,10336,95,4634,11079,8830,8567"
944,"2218,9405,12104,2789,6638,5338,12389,13101,42,2770,10481,3122,5000,3213,5233,1241,6120,5018,7827,3003,11227,3068,11878,12268,5819,7814,638,2567,8871,12905"
951,"1290,789,13309,6971,6610,7723,7817,10217,5303,4111,5066,3992,6925,9101,12779,8606,1180,9733,3062,5681,11235,6391,8804,9684,8235,11054,1665,470,4822,10389"
974,"6220,3950,11282,5819,7707,3088,10340,976,9775,8359,1912,167,7723,8723,12104,4698,8399,4036,7364,7716,4315,4613,6028,5946,4946,2810,12758,6971,5142,1430"
1010,"1290,10663,789,4929,7120,9962,5135,12497,12857,9405,8567,6243,3886,8235,6418,13296,10336,10712,4698,1779,10607,13134,3643,10429,9127,10648,3950,2140,5422,6790"
1013,"6220,5303,8421,4101,2218,6166,11171,10340,2645,789,4321,9968,11602,7723,2567,6520,9937,4525,6588,1201,2158,331,1912,10154,11960,4256,8493,6660,5353,1746"
1016,"10326,2140,3870,851,9938,395,11751,2199,12606,1634,8206,7758,4056,7197,12108,5124,3115,1725,11103,13329,300,967,9799,2169,3333,5590,1256,5723,13191,4853"
1023,"1290,7120,12497,10663,13101,4929,2140,12758,12665,13185,5135,10389,2291,5485,5074,6243,6445,4430,1244,8567,1978,9306,10607,5573,9818,12632,11298,1085,10644,6578"
1035,"9799,5303,10340,1634,11282,7639,4817,1841,11488,5168,12663,4229,10376,5631,1073,11960,4742,934,10326,4440,3689,12404,3870,5467,9295,9729,4524,6205,1746,12071"
1046,"10326,4277,8590,2140,10663,6608,7120,609,13160,6107,12249,8459,9938,8562,6302,7578,811,7197,6589,10322,9859,4996,7462,2769,11289,12331,11020,4413,1977,2885"
1051,"9405,177,13101,8302,2218,10607,13257,2789,9771,10663,10273,8922,8483,4597,11149,8562,6024,6383,3060,2997,3352,6522,8325,11064,10464,738,11807,1025,12792,6764"
1057,"10326,2140,11190,4163,2957,6302,4602,10916,9668,1305,11417,4216,12806,2591,12276,2019,9848,3268,8459,2648,4145,2062,6528,12167,4637,9880,132,4996,6218,9382"
1064,"5819,9164,1769,10607,4101,13056,7955,5854,5422,8472,10126,1576,4072,9567,10063,4798,1133,1747,12665,3012,12225,8235,1141,2238,12463,5558,9580,9081,11790,11464"
1080,"9072,11384,4387,11723,5240,2158,8633,12990,1239,10608,4213,6467,11621,1543,11272,11818,2206,4893,7348,11381,11528,12480,959,3703,5199,10792,5147,1856,11111,3737"
1089,"2218,10663,5999,13101,2957,12497,7120,8205,5819,9771,5497,2990,1290,1779,11229,12665,4117,13191,4322,12774,4021,1978,5826,434,11012,13294,6270,8161,8018,61"
1090,"1290,10663,4929,2218,11775,2916,13101,8421,4387,6243,4798,8567,7120,11143,8562,2140,13114,9886,10138,1287,9962,6751,2133,2199,5907,1779,1244,11540,3532,10867"
1103,"789,1290,7120,5135,4929,9962,12497,5303,13309,6220,10607,2885,11384,4576,12990,8590,4387,6243,9937,8421,9405,8567,9072,4974,3697,4664,773,9799,83,5573"
1123,"9962,5135,11282,9799,10648,544,1914,4929,12404,1408,4266,3766,6091,789,10147,4615,11289,2916,9646,3697,5532,6926,1269,455,9551,13004,10699,4031,2641,1462"
1134,"2140,8562,12512,13257,12990,4101,4602,9937,6588,11969,12757,89,6515,13101,9886,5573,953,8590,10916,11651,2228,5835,2380,4163,8493,9309,11377,3071,4741,4216"
1136,"9962,2218,5303,789,13249,8405,10340,11282,3515,12026,2899,3662,5135,6968,11488,1634,9942,5265,9937,3886,11540,2567,12512,6625,12504,10429,7248,1876,156,3323"
1139,"12104,6971,8922,12578,3088,11282,2103,11651,4525,12665,2671,331,1978,9983,2762,6220,4698,11352,13150,7814,623,11630,3947,2489,7393,779,13152,11146,3165,8699"
1154,"4387,8922,4315,331,1290,4777,2916,12497,6610,3990,13101,9405,1421,5008,4659,7532,992,5999,2089,3055,12640,4036,6962,5294,1210,12418,8355,1063,3679,2583"
1169,"6971,6166,1244,5303,5745,12606,2648,10326,2916,7197,350,8064,7512,9746,841,5485,7867,10912,2591,12404,5761,7701,3697,3570,5999,2199,7522,6243,11475,6283"
1173,"789,2218,10663,2140,8399,9962,4602,10462,1290,5135,6811,10241,2291,6625,7715,851,6166,11106,12026,6576,11320,10998,8205,89,9738,6515,6026,1255,4014,5573"
1178,"8421,5303,2218,5124,6971,7723,12857,10963,11420,1243,3766,363,2775,4575,4430,9295,2158,8637,7436,6437,11299,8034,9098,10841,921,13053,4035,8247,9272,11384"
1190,"6971,9962,6220,13296,13027,2709,3055,5008,2218,2140,12426,12869,8034,8035,4101,9101,4321,12010,4698,13214,9937,13101,7499,331,13309,773,1234,12857,11789,12389"
1205,"2218,11282,5999,8053,5338,6220,5763,10913,5135,5570,10459,11705,5303,10434,7680,345,4927,9652,8442,2988,7063,10562,6548,5249,209,11800,9295,2580,9943,8608"
1217,"2218,1290,6166,13101,6971,10663,3085,732,11194,5545,1659,2567,10674,5573,8567,8590,2291,6515,9281,8161,6243,8205,2380,2140,3071,5761,9668,8835,5774,4525"
1218,"2140,9799,5303,4101,8958,89,13259,8810,9998,5280,7064,10963,9893,8842,8271,68,13077,2895,4358,165,11345,9306,10581,11517,1420,3030,2058,8084,6351,2850"
1230,"6638,851,10326,6166,12129,3670,13315,976,2020,6811,4448,11992,6007,8703,9937,5863,4163,11229,4915,2242,11751,560,6576,9983,1132,1085,3149,3514,7084,9067"
1250,"6971,11282,2140,4413,13296,9962,12331,9101,13214,8452,11289,12606,1711,6220,6667,7489,6925,9557,477,180,2133,9306,12374,6452,12026,4929,10903,8441,2654,9699"
1252,"6220,6326,9693,1299,4167,2910,8421,9098,11569,2344,10963,11194,564,4679,5279,13110,8927,11540,9881,5987,519,8922,2670,12026,10987,3214,11496,5066,10566,3031"
1276,"2140,2380,11299,7706,6515,1287,2344,85,6971,9942,10689,1841,3700,3071,6546,6166,5808,2541,3461,3308,13388,10415,6591,11768,4525,1713,13202,165,2903,6205"
1279,"1290,5303,8922,7120,6962,10663,789,8005,1851,9684,4777,9115,1065,961,12456,8714,5444,6649,2124,9799,978,13381,2248,10340,6744,11604,7112,1223,2286,3796"
1281,"1290,6971,7120,4576,5303,8235,6280,331,12497,7707,2567,3114,11171,9405,8567,12757,2489,4413,13296,5545,4152,2214,296,11515,10322,8590,7723,5281,12695,8548"
1288,"5999,5124,1598,10326,12768,9937,947,12668,9668,4388,8562,8405,7290,12990,2559,1555,2055,3888,7856,11390,10963,2602,11521,4101,10661,6813,6330,1726,11581,11103"
1305,"1290,4929,10663,8421,5999,12990,2380,8567,13101,1244,6220,9962,9405,8562,10648,362,1776,11282,2808,11525,8590,4101,8161,6899,3898,10326,331,3554,4277,13246"
1320,"2140,11289,3766,8205,2957,4036,9938,5543,12497,6038,10155,9971,11869,11890,9719,2449,12476,12807,8040,2218,2451,9306,5199,1163,7439,539,5999,9771,719,7784"
1321,"2140,1290,4929,10663,2343,11143,11540,7462,4216,4101,8421,12757,2220,8593,12990,7120,7964,6311,1323,7778,85,1287,2670,769,4778,2916,9799,8834,3909,6288"
1328,"1290,5303,789,331,1634,7120,10241,10607,12665,11088,6787,2140,2164,12944,9072,4482,5835,11818,2567,5135,1449,5199,5608,7723,820,6209,1554,5060,9962,5090"
1343,"1290,10663,4929,4798,6243,1779,7120,6326,9733,12026,1404,9962,6919,3992,789,1421,8223,10017,12278,2291,10670,6812,247,4101,13123,7073,3443,5558,4777,10389"
1345,"2140,1290,5135,7120,10663,2218,10607,10241,3697,10674,8590,4101,6243,6515,7856,9072,5381,5810,10381,2380,2808,3764,4929,13259,2233,5731,228,4576,13101,8302"
1374,"4929,10663,12990,9962,4387,789,2380,6610,6243,7120,4111,8567,6220,4576,8675,2199,8421,5573,3697,7817,2608,4388,3488,665,11626,269,10648,1957,5582,2837"
1410,"13114,12497,2218,10644,1662,331,13296,10462,12663,7063,7439,924,9309,5545,13280,3770,13104,4036,4413,10873,8954,8235,12363,149,9162,9853,9295,5914,2310,3106"
1414,"851,6220,2291,4101,2238,10326,1811,1478,9580,6107,2199,11288,9942,5403,560,10737,5135,10663,7824,6166,12030,544,9867,13373,2885,1747,1514,8472,1220,10941"
1420,"789,9799,3515,5303,5549,9962,2108,976,9072,7723,7745,4946,4413,5905,4028,10492,375,4229,4641,10725,3424,4817,11630,8707,7712,3451,10608,6982,3870,6418"
1440,"1290,2140,4929,10663,2380,9668,8053,411,8567,1700,491,11298,6899,11384,10816,7762,5760,10388,12705,2218,6515,2020,1021,4278,2518,6588,5372,1533,6220,13101"
1441,"1290,7120,2380,2140,3539,8590,4576,4929,6515,13101,4387,8205,5386,2199,1978,61,2291,12680,9234,6243,5696,12788,2107,8562,12990,5714,3071,5573,3230,732"
1443,"5303,6971,5135,11115,2916,3697,4576,10607,10997,6515,10519,8714,10362,6107,11626,11737,10622,10039,6823,6004,5866,5400,8581,12923,4430,2214,9583,31,5025,508"
1458,"851,12026,789,7715,13101,6899,6220,4777,621,10241,9880,7590,454,2199,2808,3308,8205,12441,1524,4083,1299,5008,9598,9685,10547,12030,4127,10277,7369,1779"
1492,"12990,9580,9998,9115,9132,11969,4387,7590,7064,10566,12321,5835,7020,5731,12471,12474,4636,3717,2910,5610,4037,6742,8675,2825,10729,5187,2107,1603,1287,1062"
1496,"3539,7707,6962,12680,9046,9799,2762,12030,10622,8402,9695,7734,7395,11751,1256,11840,5303,3780,897,11297,395,2071,10524,5391,12474,4100,12331,1571,3870,4947"
1499,"1290,7120,10663,789,4929,2218,12497,9962,5135,2140,6243,8567,10607,13101,12857,4777,4277,2957,10336,9866,6515,331,8922,4117,3774,1977,13433,2742,4540,8235"
1504,"10704,4946,12738,8452,12030,2220,3749,5966,1040,1813,9144,9098,1841,3435,3766,12107,5549,3525,5294,8394,5433,2108,13186,31,10710,7500,5124,6751,2806,8929"
1516,"1290,9295,13309,10336,296,976,2339,3697,4229,8667,4200,8196,2411,10997,789,2644,13118,3487,5135,11923,558,4917,5249,5303,4664,10427,9962,11631,10147,7563"
1523,"789,9799,12026,5303,5814,12784,10712,3870,11843,12606,7006,13249,8731,3220,3662,8271,3321,2444,12474,7645,3886,12699,7632,8402,11282,8561,1350,2030,7010,616"
1534,"1290,2140,6971,789,9733,10607,13296,4111,7723,5610,9866,7120,2337,7833,6322,6900,5008,976,952,3496,11723,12857,6960,1851,12729,2499,6437,6418,11609,9565"
1539,"1290,7120,4929,10663,12497,6220,4413,789,6243,2218,2990,12030,1912,9295,296,2988,681,4576,6899,8567,2916,8434,12705,4798,11396,10389,5135,4664,2000,11298"
1559,"5303,2218,6971,1244,11775,5999,3643,7679,4974,4430,331,11289,13150,7436,4229,530,7955,10039,6919,8561,10637,2420,8030,11357,8714,11000,1283,2862,3281,1810"
1572,"1598,9937,7063,6220,7578,4322,9942,8562,9348,10809,1286,2748,1769,8986,13334,2303,2212,11651,9580,2789,3667,11326,4228,3539,6825,10506,3706,10102,7637,2654"
1573,"6166,6270,1286,789,10336,4614,3703,8108,4262,11298,10420,7120,11292,1634,8674,4139,7707,9867,2631,6220,3717,8243,9668,10608,9962,3535,6971,11247,13249,10778"
1601,"789,2140,4929,5135,12990,4101,7856,6971,5303,4947,2343,10326,7832,1323,12858,296,10500,10648,8421,12301,13211,10963,10550,5467,1287,2019,1290,10607,4224,12757"
1603,"12497,11384,4101,10918,9880,12995,6220,538,8421,8590,7063,2969,7955,8486,12757,6899,811,12705,11723,3677,5292,12026,7973,5495,1812,301,11088,9918,4413,4035"
1604,"2218,2140,13257,9309,1606,8161,331,1598,13024,6166,7474,6515,5303,4285,8525,7718,10674,9945,3670,228,9651,4603,8562,4338,4760,5060,4723,3115,7121,6907"
1613,"5303,10326,9799,168,8254,296,5324,544,10077,4117,7157,3982,1977,1156,3488,5815,8421,7112,4970,10137,2469,11115,4568,1227,2332,4384,9072,7679,11150,11619"
1634,"5573,8562,3088,6166,7833,3519,6698,6892,6283,10607,6753,8820,240,9229,1244,4688,4576,3535,12040,1286,7578,9744,12681,12944,350,332,976,1598,362,4097"
1642,"5303,4277,10326,331,11384,9877,10841,4947,10269,4387,9937,6610,10474,7734,7417,4576,11960,12990,769,5755,8217,4462,5685,5782,6883,1378,128,9866,11892,2612"
1643,"5135,789,9962,2218,1290,7120,6243,6515,2291,3697,9072,3323,4929,12990,8675,13249,2380,8343,9866,10674,13101,5573,3515,5303,13309,8922,10336,8472,2357,8632"
1654,"5303,10607,10340,11024,9971,385,9962,5135,8922,7706,12725,4688,4974,5065,8035,2218,11900,12071,12730,11103,4277,5922,11617,3411,8851,530,6719,3526,12947,4358"
1657,"1290,6971,789,4929,10663,9962,8567,13114,3643,9405,8922,7723,10336,5485,1912,13177,10566,1554,7138,1821,6643,7878,8104,12705,4278,6899,7376,6395,1098,5623"
1674,"789,5135,6220,3766,12404,3950,4798,7707,5422,13296,2671,6028,6283,4028,3296,13097,12704,7833,4947,7128,9072,5124,1988,12606,544,1851,5025,10607,11780,9485"
1702,"12575,1576,5549,2789,4388,11884,5433,31,12738,10704,6875,1049,2220,11651,10137,12444,3725,11183,4791,4025,2912,5214,7401,12785,2764,10450,13240,12797,7214,4636"
1719,"6971,2140,11282,8421,2916,2670,9580,12026,8590,11357,11020,13114,1299,1634,523,5999,811,2020,5610,6832,4691,8278,13362,7064,10039,8514,5372,304,6709,12991"
1725,"4387,2220,1691,13309,11651,12758,2199,10755,3539,4322,1978,3138,8126,2228,3882,12030,7063,10241,8525,3173,7745,3574,8409,7241,9888,2861,12874,10895,839,12851"
1726,"789,6971,11299,5303,11384,4576,11843,12813,9880,7723,5240,4262,10674,9504,12668,7411,3910,11121,9804,11194,11357,11723,1290,2167,3050,6562,2106,626,6850,3281"
1728,"1290,789,10581,4929,4777,13257,9567,9135,1746,8707,976,8529,89,5303,4854,1210,5135,9865,3614,4036,12745,8587,6501,8958,9718,10858,2340,6169,12321,8280"
1735,"6220,8590,10326,5573,1598,1286,3766,12680,9668,4322,12028,3070,9615,4576,3950,1813,3539,1220,12995,6166,538,4790,9528,11367,2203,1184,5124,8254,1978,4525"
1739,"9799,8235,11843,8575,8492,7731,12026,3198,9756,8413,7080,412,2124,1959,10963,2185,3292,7983,13413,11336,5532,9287,1350,12064,6046,8849,3055,2903,12835,5630"
1774,"7120,789,5135,2140,2218,1290,9866,6515,9880,3515,10336,12857,12758,9668,6625,9962,9072,11621,10389,7948,10891,4201,3789,2015,2211,12990,13249,1239,386,4387"
1780,"4413,1290,2140,4101,12331,7856,5149,477,8707,10451,5782,7417,7120,10581,560,10326,11384,1654,3743,3502,9942,8819,1606,84,7816,9306,3873,2116,4602,12631"
1799,"1290,7120,6971,4929,5303,10663,8567,296,789,11405,377,13185,11495,3114,4387,4576,11384,3070,2916,10336,8844,10466,11299,8226,13312,9564,4152,8725,4413,3703"
1813,"6971,5303,1726,4413,1634,5549,1841,609,491,11282,12104,5555,1392,9799,3515,10918,5999,5532,6388,13131,1746,5779,7336,796,244,12632,9730,1662,6045,12973"
1834,"789,5135,5303,1290,9962,7120,4929,6515,12404,6243,10663,9671,4947,9799,12813,9646,2648,7707,1074,2437,10262,12606,2073,11540,11143,9209,3697,3886,5025,13191"
1835,"1290,7120,4929,12497,6243,10663,4798,4664,1977,4387,4576,7503,8593,4277,8421,10607,1779,296,789,773,2885,4974,3340,8254,5358,168,769,5805,10137,3992"
1841,"6971,2218,1290,10663,2343,2291,8452,1996,12331,6667,12335,12026,11784,10389,12683,13214,9703,9602,4648,4047,5239,5199,10835,1495,4930,8441,4266,4117,1383,1012"
1863,"4576,10835,10163,9942,4969,2841,165,1286,3909,5631,11115,4229,9746,7867,6115,5722,1576,4006,3772,7679,11384,5711,12280,4899,11856,1918,12477,10913,6220,11292"
1878,"1634,10326,7063,9799,11282,12606,6045,3115,7964,10661,7368,4297,2140,2916,8893,11120,10638,6881,345,4219,4904,6832,8703,811,8459,10264,796,4900,362,2748"
1879,"10663,4929,1290,8922,6962,5545,6322,12497,12662,5532,2910,11282,4798,1912,5877,8567,7637,89,6026,7725,5557,13296,2671,8699,5422,8274,5838,12398,4698,12404"
1910,"1290,7120,10663,6243,4387,4576,3697,6971,3539,9962,4277,1912,6220,6270,4024,1286,6757,1220,3781,5174,7945,5025,7029,11298,9454,61,296,8301,7637,7580"
1911,"1290,7120,9072,6515,4413,789,2218,5135,2140,9962,5810,1065,13268,2291,10663,9369,6243,2916,1784,4646,1554,2988,8632,405,5353,12758,11393,12678,11298,5214"
1919,"10326,1634,2220,9942,7063,8562,1572,12030,10869,10916,6971,9580,6205,10076,8115,9668,2380,5098,7197,13022,7134,2769,11651,9398,9392,12522,12525,7653,3687,12455"
1925,"10437,11282,12030,8561,9938,5532,6016,12404,10834,9799,11247,851,13216,9098,7392,8606,8792,12977,10756,8703,4946,1223,6328,5964,10735,9417,13374,293,3085,6533"
1926,"6971,1290,5135,2199,789,11384,9962,5303,12990,7138,5999,10566,7745,13249,1891,1726,6589,2293,2140,6774,13101,7817,5507,10336,13310,3212,12668,609,9880,6240"
1931,"1290,7120,4929,6243,10663,11384,9937,3697,12497,6402,6166,2885,4664,9101,9799,9880,2392,789,5808,8486,9449,4216,5142,8567,10422,10415,6811,5177,2260,8590"
1940,"6971,2218,4413,9072,1634,2140,12455,2164,4007,10434,7558,304,1223,5199,3689,11261,3950,12294,8630,8590,7317,2927,5065,4425,6209,9615,5026,3799,10000,1746"
1968,"6220,8161,9937,10792,5769,8575,5999,8320,12793,9115,782,4518,1286,6962,11384,4277,13346,1700,3122,6667,1726,12576,4860,7706,9942,305,5137,7987,12738,3036"
1981,"6971,11282,6610,12665,1912,9564,2671,1180,6892,6020,3616,10130,1996,362,5341,6380,969,1084,3643,7787,12322,9602,12689,2958,227,8161,8948,8840,9515,12860"
1992,"12026,11282,4101,4798,2291,4413,2218,3055,4615,5999,9962,2916,12331,8318,4929,10663,9442,2559,5818,10712,10648,5734,11655,9580,6199,12268,2910,1945,1959,4388"
1998,"12665,12678,5524,11569,345,11357,9886,1180,9580,11289,6588,238,4163,2547,5422,6670,11406,12857,2671,1299,8421,3947,10703,6160,9771,1163,2024,2957,499,4186"
2000,"10326,6971,5549,5303,8254,13314,477,10027,7498,11326,6107,9942,11403,3035,6771,760,456,10039,31,2847,3922,12653,8714,8869,6748,3333,11120,6960,2811,11843"
2017,"8562,3352,2957,12857,2591,3524,3774,1025,2185,8483,13296,10607,9746,10326,6111,8922,5666,10052,4947,2218,4323,5426,7815,13119,2360,3060,13024,4811,1916,6468"
2036,"1290,4413,12497,4929,7120,10663,1912,8567,4036,5819,377,11282,9405,4798,8922,2916,2218,9456,681,5142,2194,4753,2958,7707,11000,8205,13114,4777,209,121"
2044,"12665,9087,6608,4013,8830,11023,5854,13353,12858,12632,1101,13367,6150,2469,2364,8274,2771,7747,11021,7964,8838,2958,3606,4090,12456,4465,9970,12592,6270,921"
2047,"5647,3766,3411,5303,5307,2700,3982,10147,3767,2775,12071,8919,4358,976,2318,5318,4946,4388,3829,6279,4229,2959,7865,1299,247,4798,12427,10604,9997,12912"
2052,"4798,5025,2767,1085,1790,9383,7417,2065,2286,3539,976,12404,12842,5675,2199,6166,5538,8119,4947,3414,2073,1871,12016,2203,12170,1424,3238,658,3095,4200"
2055,"1290,12497,4413,10326,8254,8421,4387,8590,2916,6243,13314,5573,9744,11117,7120,1017,4798,8567,8205,7053,5127,10614,9295,9446,7590,11403,3055,3322,1400,4322"
2069,"1290,10607,7120,4576,2916,4028,10326,9309,11403,12363,1634,9229,9755,4072,1244,7498,5036,3071,3591,8177,4929,12077,8472,10270,7053,7157,10137,4602,789,4362"
2075,"5135,789,5303,13309,385,3411,530,11603,7715,10841,2218,5647,96,11626,4363,1236,3767,7679,2771,6382,1579,10352,5822,12118,8048,3095,3340,4267,5819,9943"
2089,"1290,789,9072,12497,12474,11298,7120,4083,5135,2140,4576,6243,4929,10712,4413,10614,8320,897,4973,10547,11394,7948,10451,83,5573,5810,3488,5955,11609,3424"
2093,"9295,2291,4798,851,12104,2411,8254,4286,544,5721,5338,10434,3827,823,6638,10184,4974,3539,7015,2218,10217,6433,3488,10137,483,8504,5706,7236,7817,4448"
2127,"2140,2380,10326,7856,5303,9799,8452,12331,10963,1640,8922,6971,8217,2218,331,1841,12104,8590,9369,282,10372,9046,2789,11103,6877,5609,3735,11933,4100,1891"
2135,"1598,10835,9937,9164,13101,10076,11569,10507,2789,9340,4714,6141,5573,12939,519,4163,9580,2304,12051,9667,9504,5913,5999,4262,4688,13142,716,12168,12026,3620"
2137,"1290,2140,7707,7120,6243,12497,4163,9962,2957,4499,12680,4929,789,12474,8205,5573,89,11357,10663,9580,6515,11772,1100,5135,8402,4576,7578,6843,6588,1305"
2141,"2140,8922,5199,5422,1583,4229,7908,9799,9971,10507,11115,11077,8342,12833,8140,8691,6751,11950,12488,2154,7725,1883,10021,10063,6205,2793,10077,5610,3909,479"
2147,"6220,5573,8421,9962,4387,789,8235,8922,8567,6971,10154,331,1912,5303,10340,12779,2990,9937,1100,839,12680,6137,13431,2975,9744,7088,12026,5999,12990,1933"
2150,"4413,1290,2140,9072,9295,2218,8421,1996,7029,5199,5610,10473,8808,11282,11969,6515,9729,12663,10072,3106,13114,2169,11488,1725,11886,9602,12985,13296,6209,9744"
2153,"1290,7120,2218,8590,5999,331,13101,1978,12497,4387,4277,4576,2019,10644,1681,11357,4974,11775,10389,8254,7672,8145,7971,220,3875,3978,10122,9534,2882,2969"
2158,"2140,5199,10326,9072,3770,1180,4568,1583,13024,12606,11619,168,4904,9295,11488,3666,9602,4817,11282,823,10462,12070,4853,12897,8804,5745,1996,13022,4970,3126"
2178,"12665,2736,4388,851,11609,12104,3071,3577,9164,931,4101,7312,2199,1664,4602,860,8562,10153,256,9580,8789,9880,7782,8607,8838,3050,9650,4857,9662,12541"
2180,"4277,4387,6971,1290,12990,3875,6610,11405,5303,2928,9455,4576,6083,2019,789,9866,7120,1856,4947,3448,4865,6892,3458,2922,9032,672,9649,1978,12359,3717"
2181,"6971,2220,5610,10758,2199,9295,9729,11793,6326,3290,7526,7817,5027,1057,11558,3772,714,1223,5008,8675,1840,9942,1290,5732,626,11739,4723,1542,5835,4387"
2193,"6166,851,6220,3539,1397,9580,11751,12606,438,5027,10326,11713,7489,5482,2199,11540,8413,8510,8981,3962,6083,12639,7637,5066,9600,6191,12813,12584,544,6555"
2216,"6971,2218,12497,5135,10607,8590,2916,9962,4413,13114,820,7063,10148,7120,3106,1017,8254,4974,11088,13309,11775,924,5495,6811,3697,4032,12133,9340,6505,12476"
2224,"11282,2140,10241,9962,10840,1634,9880,4048,12026,4923,9668,13296,5610,760,10420,12049,11508,2931,4602,7122,5555,6322,820,13383,9345,4321,5236,1517,13336,7458"
2231,"9799,4277,9938,2885,3055,12497,12857,10663,11638,7707,621,1977,2670,8707,5911,10057,8703,9306,1478,5964,2784,1776,2957,12869,6556,9848,4627,5008,7766,11540"
2242,"331,10340,5303,5819,8452,2789,8020,9684,8128,11180,2286,5672,2882,9795,8205,6020,7005,786,8018,4110,11796,5201,12932,10063,7672,6026,7120,6809,13182,80"
2243,"331,1634,6971,8922,9405,8472,10434,4101,345,6713,4007,2238,11282,3990,10473,4904,7138,11784,10674,5545,10793,2218,5239,3950,2910,7089,3532,9484,5999,6191"
2247,"12990,9799,3697,6515,2380,9962,9866,11024,10336,3731,3662,1225,6322,8405,9668,2925,90,7010,8326,11818,3323,9937,8599,4925,973,12662,4379,166,3764,2899"
2262,"10326,4101,4576,4798,4929,2916,10607,2238,6107,6751,6311,296,5025,11472,2097,4224,4941,2812,10138,1141,3539,2370,12833,11115,6610,7575,4266,10674,8155,1133"
2271,"5135,1634,789,544,10326,1220,7120,8254,1747,5422,9799,2885,2155,9704,9880,8792,5421,3758,2238,7824,6107,3012,12606,4576,8606,6555,1408,1514,6925,11343"
2284,"6971,10566,10434,1996,12827,5199,10835,12665,2108,11705,6688,10713,6853,8288,3476,727,3306,8088,3672,4177,13289,4938,12658,8041,4276,1868,335,5822,5091,4229"
2287,"11282,5549,5819,5559,12249,10126,10059,6971,8205,10835,6388,4315,12104,13004,1583,5881,4448,8872,7770,9557,9340,1392,9069,2916,2260,2419,9859,12658,8459,5406"
2291,"10326,5303,9799,3909,4277,769,296,10920,11384,168,1082,8854,8254,1634,11190,4970,11403,3870,7707,1180,6652,4637,9140,11659,544,4946,12359,12198,10476,4482"
2293,"9799,9937,3055,6925,2291,10644,4072,9438,1290,6418,10607,12497,89,5422,10340,5716,431,1747,6811,804,2149,9865,11920,10057,10332,458,218,4280,1100,5843"
2294,"6971,8452,2218,3088,13278,4174,13294,8636,6693,3505,1841,12485,11085,10033,1764,8088,12201,5669,7471,7489,3641,1176,10233,10459,6725,9652,9668,7138,2212,3056"
2301,"5303,13249,8922,6971,12104,2218,10336,13309,2567,3515,9962,7529,10340,5999,331,10132,5931,11800,4777,5819,11443,5920,5023,8402,10753,8871,8342,6563,6026,95"
2310,"6971,789,13296,9962,6322,11384,3515,6982,2885,5303,5681,4111,9866,8359,9837,3212,6026,11784,5976,7529,11630,11117,12167,9173,2731,6176,10632,4480,4277,10834"
2341,"7120,1290,5303,331,4101,10607,4576,6610,3875,12047,2238,12990,8472,11642,8590,5682,2812,9866,7948,11775,1987,8254,7723,6788,8898,1449,576,5835,8405,10217"
2345,"12030,789,10663,10322,13296,3886,2885,5135,6960,8421,83,9962,12026,2786,7645,12309,519,10712,1400,9405,3577,9,10429,10138,8690,1732,5519,2506,10584,1864"
2348,"6243,5135,789,6971,9962,10663,13296,1290,7578,10607,7197,12944,10429,7120,5485,3697,3706,703,5705,6812,1554,13306,12497,4482,1996,7063,6899,220,6032,12703"
2349,"9799,5303,6962,8810,4101,8452,12321,7637,6515,7707,11115,3909,10098,9900,11540,7064,1543,1856,8759,9646,12738,3937,11495,6090,7462,10622,4499,6805,381,11393"
2350,"6971,2220,2140,13339,789,2491,9880,12081,6107,13191,1996,11860,12026,6058,816,11004,5896,9580,9372,2019,4262,13210,4228,11281,8702,9720,2647,8047,9804,11581"
2355,"8421,10326,1180,1634,9580,7157,132,2238,9938,10356,1812,12857,782,1286,4184,11289,820,8411,9604,11960,6166,11667,11795,4323,11690,2973,9750,736,5805,10155"
2383,"789,1290,5135,7120,10607,9962,10241,11088,6243,10663,5573,10326,11117,5303,12497,9201,7948,11024,8590,12857,6899,9405,9380,1180,4413,10389,13101,6576,6422,530"
2393,"5135,3697,5303,10607,6971,4430,13101,1747,2822,4576,10336,6166,2118,6456,12758,3624,3524,2214,4597,4921,3064,12463,5446,11367,5813,12030,1002,9252,12503,220"
2399,"10663,4929,7120,6243,5135,2916,789,12497,9962,4387,8567,3697,4576,10648,83,7063,8421,10693,12474,296,8593,9295,1400,2969,89,1466,6625,12705,2670,665"
2421,"5999,2380,8922,7590,10340,12529,12990,8590,1100,10326,4388,4163,12104,8961,9612,11751,9571,3717,2769,5422,2957,5862,12757,6962,4717,89,1200,7578,9799,5636"
2435,"1290,4798,4101,4929,8421,2916,2291,10581,6220,10530,4413,9295,10663,4602,10998,3112,10138,2841,4391,10648,11357,110,2850,11055,2140,1725,12476,7,6899,13114"
2448,"2140,2218,560,11282,7637,6971,10918,13296,7484,2031,12331,5875,3372,5199,5482,4387,6354,8630,6757,3129,5761,2518,3356,6515,8452,10712,7504,7697,12408,12752"
2452,"7637,8483,8718,13309,7471,3172,31,9170,10441,8421,11528,4798,1542,3341,7417,3922,8881,5353,1576,725,11332,11843,3542,6530,6022,8404,976,6023,2855,7273"
2464,"2218,10326,8235,8922,6520,2343,2957,3909,12474,3737,12663,7545,10684,11869,5964,1305,13214,9376,690,8808,9353,9295,4811,1985,12930,4865,12857,2670,7707,4053"
2470,"5573,6166,5142,5808,9454,10097,7390,4254,6660,4614,179,1912,2567,6730,2237,13309,11891,11126,10336,11213,976,4664,8399,7637,3088,378,4083,10006,2903,286"
2478,"5303,331,9799,10340,7747,1100,6437,5875,2789,3886,8157,13104,1891,530,11960,12379,9866,11281,10529,5286,13431,6602,2103,2567,12279,3307,4774,12190,682,462"
2506,"6971,5999,6166,1426,2591,7545,4860,8161,1776,7010,2185,3308,11018,5137,10422,2019,4277,10982,12860,2648,5360,6333,1465,5964,1350,1537,4193,10443,9611,11004"
2523,"6971,6166,2218,10721,1746,10241,5292,11616,6150,13097,10566,5201,1640,2716,4680,6240,3308,7131,10685,4223,10739,10984,3451,11935,2140,11881,5673,3873,11726,2271"
2527,"2140,1290,4576,4929,8205,2228,10607,2916,10663,10137,4602,10581,7120,4798,3046,2353,13355,11969,10597,1556,8593,10138,6302,2957,10326,10451,4216,1606,8525,8215"
2528,"4387,1290,8567,4929,12497,8018,6962,6270,1978,9787,1286,5573,8922,11648,6741,4277,1912,4880,4717,4947,11432,12632,8342,3766,1100,5054,8407,9258,7725,7753"
2530,"10663,4798,789,2199,11884,851,7471,7715,8668,5469,3967,7391,9901,3020,3523,1706,2424,9865,7547,3078,10605,2736,2293,4117,1554,5938,8684,1290,9733,12373"
2533,"5303,11384,1290,5026,7120,12227,8828,1281,11299,9942,1952,10798,2071,4322,5123,6433,9295,1082,10124,642,298,5617,10975,12668,10000,5214,4576,3340,11209,9654"
2540,"1598,2380,8590,1244,12492,2140,7374,11476,12368,5199,12525,9455,4229,12725,9506,12028,8636,2108,12703,6205,2758,364,1507,766,1735,4250,13185,6630,2862,12505"
2558,"10663,1996,4101,13296,5545,11784,11097,13257,13114,9484,1290,9968,11293,9132,13191,5199,9391,13307,2916,5239,11532,6971,10181,9853,8235,10410,9671,11064,9161,8472"
2559,"9799,7010,7471,6045,10326,1891,1350,5532,9118,1696,11010,8699,10187,2380,12194,11328,2103,495,8863,5555,12279,2318,13297,10213,860,1100,2972,1265,4303,10546"
2592,"2238,6971,10326,8421,2361,9957,7558,3173,11180,9580,1427,9942,4101,1141,331,9455,5060,1207,1658,8472,7134,11719,1281,1996,7197,12522,7428,6854,477,9309"
2599,"6971,6166,1290,5303,10663,5135,2140,2218,13101,331,7197,2199,5545,4163,3799,6283,6243,4285,5339,2890,7151,10003,11977,13296,8035,13027,3382,9523,9340,7134"
2608,"2916,1290,8205,4929,7578,10147,7120,6971,1700,12816,4022,6843,10663,770,12665,11289,2514,6892,1286,10792,10137,7471,1716,5258,9454,11114,3270,10941,2140,1603"
2613,"6166,6220,9668,6445,12857,4315,2020,8886,680,2238,6971,1220,350,2536,4646,10094,3479,10703,1180,12112,2890,6892,4979,13226,6790,1788,3897,2810,2140,6270"
2616,"2140,1290,11384,5610,12857,7120,1776,10607,2343,4053,3866,2453,6892,6971,13296,2218,10663,13214,4688,642,4602,13114,4625,1871,6112,6759,9880,9072,3886,3919"
2617,"1290,789,6243,10663,5135,2291,9962,6971,2199,2916,7120,851,11403,6166,4277,4111,13346,6220,13101,3870,10909,8023,12373,4700,4928,7637,9671,5485,1180,5008"
2619,"1290,7120,10663,4929,12497,6243,8567,4777,2916,4576,4277,8205,11540,2808,1244,621,1912,1776,10648,4798,5545,1779,11775,9962,789,10607,10137,9857,3992,2155"
2622,"1290,10663,6243,5135,789,12497,4929,7120,8235,13101,8922,4777,11540,3950,13309,4413,2218,8567,3697,3055,5573,2916,5545,7578,8483,6280,12026,773,6971,1223"
2629,"1290,7120,9971,4576,331,5422,1100,10340,9580,2736,12665,9438,5835,8241,1996,132,9859,4163,6962,8498,2035,5091,5135,11417,860,5229,2823,4215,9737,7707"
2648,"789,9962,5135,4929,1290,6220,8922,6243,3697,5573,13309,12990,4387,7120,12474,2380,10648,5422,13027,4576,12497,6790,7063,13249,10755,3950,7578,9866,2988,3662"
2654,"10326,2238,2140,6926,4101,5470,3542,10916,823,10737,5918,1819,2588,6892,9234,6107,9280,4576,5676,11523,7471,4602,998,10607,544,2855,11288,2007,11033,31"
2668,"1290,10663,7120,4929,6243,5135,2218,2140,5999,2916,789,13191,9962,11357,10712,8977,2957,9671,9511,8567,11298,8053,5497,9306,12703,10999,10466,11396,8813,7285"
2703,"1996,6159,9671,11843,2762,2990,3443,2764,12665,12408,6684,6243,10389,7817,11520,12423,2377,11423,11486,280,3491,2199,11004,1576,1585,4317,61,5497,9274,10294"
2710,"1290,10663,2916,7120,4929,10336,8254,4576,8205,4413,3766,5135,9454,10147,6243,10648,1244,11626,9398,6971,4022,296,31,9962,6505,11298,3781,10420,8590,11289"
2713,"4929,1290,7120,10674,2916,4413,4615,1220,4101,6243,5966,4266,2343,6971,286,2291,6638,12497,1287,6166,9072,10648,11540,13331,3068,1779,6311,8472,7983,3054"
2722,"10663,7120,6243,4929,789,6971,2140,13101,5303,8235,8567,5135,9962,6515,4163,8590,6576,9671,851,11626,13309,4777,3071,6194,10523,12026,11286,3239,9101,4851"
2724,"6220,11384,3697,4576,12497,7578,11540,3524,1305,5573,2899,2228,5705,2449,13121,12726,4167,11843,1812,5927,12359,11992,7815,2789,7503,7513,2822,12263,964,12336"
2727,"5303,6166,9405,12497,1290,2218,4430,1244,7503,11775,2286,12351,4664,3068,7120,9937,7156,9110,4277,12774,1180,9162,815,12600,885,382,12680,12312,10110,585"
2755,"789,5303,7120,12757,8922,7655,9962,5875,12331,7988,4623,11884,11077,13257,10361,11384,10322,3020,8054,12202,3590,1101,11639,7712,4873,3859,5760,2740,7513,2616"
2769,"3697,7637,6610,1290,2916,7590,12738,5964,4387,1670,4929,3317,6199,4448,12757,8520,810,11651,89,11229,5768,6060,11692,12114,5127,11728,2555,4200,2457,3491"
2776,"10663,1290,7120,2140,13101,5199,1400,8302,7119,2238,10672,10336,10607,810,12632,9771,13404,6445,11517,5819,3885,8651,7715,1085,8968,587,12021,11726,6302,3428"
2781,"6166,2020,4929,3697,1244,9668,12353,5999,350,1400,3750,6971,2199,10663,5545,2058,9340,6359,2602,5573,10550,9937,3442,3773,2238,560,7856,1169,9134,5913"
2782,"5999,12680,8217,12990,2199,8343,2140,6515,2380,10269,10326,9580,12622,4587,9650,89,379,1409,9998,2736,897,11417,11357,2007,6622,496,13152,3923,3611,11619"
2789,"1290,7120,10663,4929,12497,7578,3697,9799,9181,2885,6418,8922,6243,10394,3606,8590,8567,9937,9258,5422,12931,2666,11992,11923,12869,4698,6322,89,7988,4163"
2794,"2218,789,9295,1437,3018,2788,11272,2444,7484,10288,8421,10127,5353,9419,12070,4525,3464,1585,9693,4322,5038,4387,5875,8630,10326,13265,3539,7742,12227,2301"
2804,"3539,1803,7590,8325,2559,9937,13101,3770,6060,2789,9067,3466,9998,12389,6610,4101,4098,10162,12251,8871,2771,6167,10963,10561,10434,1746,12874,13116,2089,11960"
2819,"5303,6971,1290,7120,4277,8590,10326,5135,9866,8254,8235,9962,331,10607,7197,2218,10336,1244,12680,4413,4576,1776,5999,6520,11775,7590,869,6243,9938,7111"
2846,"2218,5545,3886,560,13296,9178,6515,6576,7637,2910,2291,2020,6804,12026,4777,228,4949,8161,5306,8731,3071,11622,5705,8567,11384,6971,2525,6516,13066,3562"
2851,"10663,7120,4929,1290,8235,12497,3697,1662,10607,4777,89,2916,12030,8922,9405,13101,4664,10524,2291,10464,1400,773,10787,5422,6243,2559,12578,331,13296,8731"
2861,"1290,10663,4929,10138,4277,13101,2957,6220,7120,8018,8569,7281,5144,500,649,4798,6243,2478,4036,11540,1764,11940,3805,2217,11845,2885,1328,2682,4818,3788"
2862,"789,5303,6971,9962,9799,5135,83,11528,6220,12474,8256,8399,7634,9942,4816,9865,6166,803,8703,11918,5000,4413,3600,13309,9072,7064,517,11384,9837,9343"
2867,"789,1634,2140,5834,9072,9306,12665,11126,9880,10712,9799,1475,4162,11939,4436,12448,12088,5140,13358,11194,6418,9129,1570,1540,5422,5135,3290,13269,7138,7312"
2873,"8922,12990,12757,9799,6289,992,2290,7578,9612,11024,10792,2789,6962,10322,1225,12806,8405,331,2899,12321,7120,11902,3909,13381,4272,5609,10147,12071,2330,2709"
2880,"3697,1290,6610,31,12476,4101,12793,4576,1747,6527,2834,11115,10463,1776,11384,3779,8819,2789,4006,13384,5964,8254,12738,1681,9229,9383,11723,1871,510,1605"
2881,"331,5303,4277,9962,9799,10340,10326,12857,3515,9937,10269,544,9866,9046,8402,3909,8343,5532,9602,8405,8497,6220,8820,4552,1100,4028,9907,9649,13012,183"
2886,"4101,8413,2789,12030,3295,8483,8421,1851,11884,8921,10137,4798,209,1713,9049,11540,11214,3620,7901,5413,7882,2808,12538,890,7375,2228,2815,5747,840,9886"
2891,"4798,11282,6925,2559,9170,11415,4946,12535,11733,7471,11789,11033,7362,2035,2264,5187,6633,10326,5647,6025,7704,4388,9101,9580,5156,6382,3122,1180,39,8278"
2908,"2140,2218,9072,10241,121,5961,4162,1230,11282,12070,13428,491,12393,11730,6515,3281,4213,1841,9446,4413,10205,3641,1064,1103,4615,10674,4352,9295,11190,8917"
2910,"4798,12497,7120,1290,10663,4664,3055,1100,4387,9295,4413,2218,2990,9962,3766,10127,11282,11357,12026,12404,9408,12385,4145,7010,2440,11262,1585,1408,12662,1667"
2915,"10663,6243,6971,8922,9962,9799,12030,1290,11289,3697,8590,5135,2916,8235,10963,2140,7120,4929,11923,10607,4414,10850,12869,8567,275,13214,2905,12133,10422,12857"
2935,"789,5303,4277,11751,8922,5532,331,1290,13296,6982,10663,12606,7138,9657,12637,2753,5999,8445,12331,4545,4007,2169,244,3487,2965,4053,12632,3212,9306,13191"
2946,"5875,1996,13296,3886,9550,4525,220,9866,5482,7787,9602,331,10127,6420,7882,12145,9962,6458,1225,8235,9443,6971,864,2218,5303,6354,2238,6610,5403,4551"
2948,"6166,1244,11993,3770,350,2238,161,8161,9229,6576,6191,362,3039,3871,3068,1747,3054,6666,6925,2808,7650,13138,3055,820,7983,1776,10473,8897,2312,10607"
2969,"5135,7120,9799,2140,6515,4576,2380,1977,10607,860,5422,1788,6256,165,13270,11357,1814,11020,9072,11166,6112,3666,7709,7706,1156,11508,2332,3488,10326,1144"
2979,"8421,2957,2140,2916,10663,10916,3198,1883,796,13347,330,12525,2332,1532,9392,1286,9909,8053,4643,9294,304,4971,5258,7439,12535,13114,1163,13362,3813,10137"
3036,"8561,5124,6982,8929,1996,4798,11504,1496,7392,11381,12223,3766,12404,1197,7112,7114,9383,5866,12603,5474,2318,13367,4946,4241,5922,2881,6482,5532,7015,254"
3050,"6220,12030,11569,9983,8703,1286,4163,538,10326,1299,348,10916,9693,4090,12857,2185,2484,4620,8452,5819,2591,10953,6971,1571,2762,8018,2789,919,2882,4683"
3056,"1286,5999,2218,4315,2916,4659,5819,8205,992,5545,2748,10063,6433,6638,7153,304,6379,3722,11187,9436,10798,5926,3060,3340,7280,558,8505,732,8174,10124"
3061,"4277,5303,7120,10326,5999,10663,7197,8590,1290,5663,1996,13101,9877,7817,8485,10644,7529,1868,10061,11064,7383,8254,1427,1244,244,11395,6928,2602,6107,6573"
3066,"6971,5303,1996,3779,4262,2286,10530,9087,6608,11784,5966,13296,6665,1408,5626,11384,4277,12334,1912,6020,7157,12914,12879,4560,609,13350,2731,3787,7178,4453"
3069,"1290,7120,4929,4576,6243,10607,2916,5303,6515,296,5573,9962,8714,331,3697,5135,12497,8590,4277,11969,4387,1244,10326,4028,10137,7029,8021,11660,12990,13257"
3094,"1290,10326,10674,4576,4929,6243,2140,10607,5573,9072,1244,296,8590,10137,3620,2916,10916,7120,12455,8562,12680,9744,2353,2847,2380,7332,10526,2133,4625,12212"
3106,"3697,5135,2199,7120,6515,2140,10336,7637,2380,1171,10687,4308,6166,226,2834,7856,13402,9257,1317,1129,8674,11325,6985,1475,1841,7392,13423,10663,5025,12235"
3110,"789,1290,11843,13309,12665,11088,286,4111,9488,3539,6660,2228,5135,10712,11994,4608,8472,1554,6899,9693,5026,1400,5629,9671,4513,454,9962,11609,6787,7138"
3115,"851,4101,9580,1977,2789,2736,10137,2199,5149,9201,10195,8413,9671,150,1706,2808,3071,6625,6243,12441,872,5810,4798,12512,1433,621,10496,13101,6899,2964"
3136,"2218,9405,8205,11969,4413,8161,8472,6899,6588,8717,2291,4000,9309,2567,10473,1449,9693,10459,9484,681,3247,13101,13114,2916,10308,8421,9515,5486,11088,8547"
3159,"7120,10663,1290,8590,2140,13101,8053,1558,9089,2769,7715,9668,6854,6751,923,12733,10000,4929,5663,2957,3060,3764,3703,7856,9671,6589,8205,6971,2562,4315"
3166,"4322,1286,2218,2555,2169,4413,8562,11282,8161,1532,1912,12114,4525,7715,3677,10708,5932,12101,12156,11106,4915,1779,1524,10809,4800,6166,1759,4448,1437,3464"
3172,"1290,7120,4929,5135,2140,296,2916,789,10607,10663,6243,12497,4576,2380,1400,4413,11088,10326,8593,8567,2882,2291,769,10644,854,1328,9306,6811,9689,10648"
3200,"1290,10663,7120,8590,4929,6243,13101,12497,4387,5999,331,7578,4101,8567,7971,9604,9668,8053,8562,9886,12368,1321,8668,7856,12990,7138,1400,4763,6854,8605"
3217,"1100,4865,1977,5303,5999,10340,1156,10326,3909,7120,6770,5091,5148,4036,8336,13346,11102,13196,11024,2591,7914,8205,331,539,6312,5782,3766,4358,1889,10187"
3218,"5303,976,11117,9937,6166,2199,6610,331,10326,530,5573,4859,1180,13432,2282,11496,9164,13170,362,8335,3311,1400,10841,6395,9380,1478,851,12057,3963,4843"
3229,"6971,2218,2140,789,8402,1378,10644,9866,9602,7839,270,7817,2728,13024,4525,9733,9453,165,2291,646,13296,8266,4361,2295,8460,11262,5135,3770,12331,1996"
3230,"6220,4413,1996,4576,1220,7707,789,4798,13284,4973,6326,4277,5386,3515,2764,12704,11508,9580,3206,11621,11282,8772,3909,3482,1977,12404,109,8954,1496,13019"
3274,"1290,2140,10663,6243,2291,5199,7120,9072,3071,2850,11609,11619,9511,9733,4851,13024,1583,2916,2199,10712,6515,9605,11480,12837,6326,10270,3666,10674,4297,6256"
3285,"4929,1290,10663,789,7120,6220,6243,2380,5135,9962,4576,1244,10326,4277,6166,5573,12990,13101,8590,2199,12559,9880,8562,10607,3697,1634,1863,12156,2392,4947"
3316,"9937,6166,4101,12026,7063,6220,13310,851,11775,5338,8161,11935,350,10097,11540,519,13101,576,4679,7856,1287,11992,2220,4937,1397,6801,9295,2524,8850,7489"
3319,"1290,4929,10663,4798,9962,12497,12026,11282,6243,11540,2916,1912,11289,8567,4266,789,8922,377,10648,10138,1779,3055,4777,5819,4024,6003,8235,13296,11298,3532"
3323,"2140,12331,6971,4413,12104,9799,282,12785,1049,5610,9046,7766,121,4053,4223,5555,1640,11183,1746,12757,10684,5881,9303,8590,6982,13284,12575,1872,5750,5201"
3346,"2140,2169,9733,5199,1290,1996,9938,7312,13296,220,672,11143,7439,11969,11843,4482,228,1570,13123,147,5610,5673,10326,12070,5787,2233,8049,5608,12767,8819"
3354,"6220,6971,12030,9799,5303,1841,4161,2218,2903,7548,11918,8452,4413,3151,4336,63,7613,5578,12705,10529,12474,8343,4557,7707,83,11299,4499,5324,13118,2539"
3368,"9937,4387,3697,12990,6166,5573,6243,2211,7063,10462,4929,2199,2675,1803,5495,9340,13101,2020,12497,2518,12474,665,9962,12026,8343,2506,7594,11728,2467,9281"
3374,"4101,10674,5966,4602,11871,2343,11540,4266,1133,2910,7,8483,2808,1220,256,300,4615,13346,5386,1977,8205,6280,4726,8161,13296,4929,8562,12403,2291,11097"
3391,"10663,4929,6166,6243,8235,2957,8161,1244,12026,1180,1912,2648,11667,2034,9962,6971,7503,9505,586,11540,2437,7835,4323,1779,5137,2591,5241,9455,6270,4438"
3397,"2140,6971,2218,11384,12990,12857,10963,331,5610,13214,10792,9937,8034,8421,8590,8911,4499,1558,8235,9886,7344,2133,8405,9799,2841,10993,1239,9369,12389,12341"
3404,"8421,331,9115,13290,7637,12990,7027,5610,4387,1290,1210,2343,2020,669,2089,933,9613,3539,11540,9892,13211,2788,7718,1758,4686,1074,5545,3770,4101,5540"
3408,"4101,1290,7955,4576,1576,12497,10137,3012,4798,220,13309,10674,7120,12665,9072,8472,10607,296,11660,4262,6971,12944,2214,2916,11726,11939,2238,13320,8866,7723"
3416,"9962,8922,2140,5610,4688,9866,6960,3909,9061,8402,9532,12857,2218,2653,3778,5493,9733,8593,5397,10269,12544,1543,2559,5428,12474,240,12990,8221,9046,5933"
3422,"5303,789,4974,9799,9962,12990,4277,8342,9732,2199,13367,4111,3886,4229,7855,13249,4545,3412,7639,4183,8295,4947,5473,6420,1202,275,8922,3207,11921,9110"
3423,"4101,8562,2140,8421,8161,9880,6220,9115,8441,300,11020,4741,256,12757,10916,4167,2295,165,10201,12776,4337,12465,1773,3112,10523,1776,4960,3188,12990,7250"
3426,"1664,2140,1085,7312,11190,4798,3447,10462,2199,10988,4293,1656,12837,3741,8561,9281,13269,4495,6323,9094,3246,11055,2291,288,7176,9880,2767,13347,10710,11229"
3436,"1290,5135,7120,6243,9962,3697,9942,5303,2916,5036,4576,2218,3539,5863,2291,13249,12875,6811,10644,2988,2286,2380,8714,4973,6774,8402,12793,5672,1569,6690"
3448,"8421,8235,10326,1598,6220,13245,8562,8922,12030,10340,3998,2885,11540,1337,11992,7547,10138,519,11993,1988,4109,9243,7575,5144,2506,2957,331,13431,12711,10484"
3464,"12026,12030,851,10547,2218,4278,12474,2927,5549,7715,1299,9098,1579,12904,2905,1524,4065,12575,12444,2645,2203,4322,3670,11661,6839,4448,11019,6553,4413,145"
3472,"9962,4929,1290,5135,3697,7637,11289,6243,6220,7120,7578,4139,7832,12990,4576,12497,11298,12779,10648,1220,4513,2158,9830,2517,2031,3539,10336,4658,2636,2294"
3477,"2140,6971,5199,11282,10326,4413,12331,5999,5610,13214,8630,2343,3825,6529,8161,8452,7439,1558,3502,3247,12201,13114,8053,8088,8977,6877,5239,4691,12070,8813"
3488,"4929,1290,7120,10663,9962,7637,10648,2140,7856,4101,6243,2380,6311,6515,9668,3697,12331,1287,2343,145,4615,11282,3323,10336,8845,2916,2020,3230,4413,11540"
3497,"6971,2238,6166,560,8459,2020,2140,9937,8359,8590,12294,9340,4322,10434,8798,1598,275,12757,10741,5635,6007,8035,5495,331,10246,7154,5538,12681,9192,10326"
3504,"7120,1290,10644,331,5199,4315,2671,296,9771,2291,12025,2286,4277,2140,9438,2916,9823,7487,1050,278,3770,2343,7935,3846,7883,10427,2822,8497,13114,8037"
3517,"789,12026,228,10241,4101,11775,4035,11088,454,6515,13433,12758,4777,10255,10547,5907,12497,7138,5413,5149,9306,5760,3295,11243,7723,6899,5099,10696,2291,11997"
3538,"4101,1220,8413,10913,8483,31,11191,6892,6260,5381,10326,13284,2789,9746,6220,8421,11643,11846,10370,11540,5210,9170,9515,9443,12788,1928,2588,1281,209,11165"
3544,"9340,5999,1634,3515,8217,5863,3535,2304,10424,9668,5773,12990,1286,332,1146,4221,6166,10473,11282,10124,11079,8590,1180,10507,11289,992,11637,1598,6050,6342"
3547,"4929,10607,1290,7120,296,2916,10663,11626,286,10648,3697,1244,11580,9101,1400,8421,4576,13226,10137,2885,12286,9912,5318,11479,12056,3773,6397,3428,5966,6610"
3569,"2140,10835,6141,8205,7120,3909,4229,7373,6013,4637,7130,4850,330,10147,9143,5597,7706,6370,114,13300,5822,2931,6673,3247,3717,10240,4688,3978,1156,1597"
3570,"12104,9937,6515,1497,3064,6638,12987,6818,1972,3697,1829,10792,976,2970,2789,9046,10494,12694,12497,5573,12857,5716,10058,12665,7725,1242,9303,4698,6089,696"
3575,"10326,1133,2910,8562,2490,4798,10866,1532,7637,1912,6956,10473,7203,863,10284,7983,1286,1544,8071,8421,5799,8221,2559,13114,11101,6588,11282,9507,2914,8318"
3579,"1290,789,2218,7120,10663,11384,1779,5135,6243,9110,11775,4929,13185,12497,6812,7817,9732,2340,4777,2391,8567,13114,5358,7285,9840,9880,2199,6971,12474,12960"
3588,"1290,2140,4929,7063,6243,274,12990,9295,3697,7578,11843,411,2380,9960,1583,3709,5835,6128,927,2499,2373,305,2199,12757,147,11114,2220,2353,7637,11660"
3592,"2140,4602,6515,2218,6823,11020,6283,11508,8789,10663,2133,5907,10451,8562,3447,10523,2916,11357,6960,10916,12733,6907,12525,2199,10326,3115,11569,3671,9886,4266"
3617,"6971,1290,6243,5008,3697,1220,3539,11298,7120,6220,5135,7578,5214,13346,8402,2764,11384,12680,7817,1378,3055,2463,6166,1779,5932,4973,10664,12779,11548,8785"
3632,"1290,7120,4929,10663,12497,8567,6243,4277,4777,11384,13101,2218,8590,10792,6638,12321,11298,9385,8465,3230,7024,6962,12351,9306,4615,7236,296,1244,2392,7856"
3650,"13101,2218,10663,7120,2957,9771,1244,10999,1290,4101,331,5999,6538,2916,9528,1598,1558,10063,10137,4576,8355,10670,8590,10155,8205,4315,12476,11323,9668,2789"
3654,"1290,10663,4929,7120,789,4277,9962,6243,5135,2007,10326,9938,1863,6515,11751,9733,1776,10648,8707,12198,4576,12738,6091,9671,9580,851,9637,7471,1197,2397"
3656,"1290,5303,5135,7120,9799,544,331,296,11288,10607,4277,976,10834,7026,789,2291,2774,11054,2762,2885,2916,12875,2118,5535,742,1180,8452,5391,2152,10027"
3678,"8562,2218,11775,1978,2199,244,10326,7578,6646,11651,8459,10148,4465,2602,7590,5507,8126,7063,8402,924,9937,2728,11229,6758,10382,11883,9133,5349,88,3409"
3681,"10663,9962,4798,6418,4929,9880,789,6960,6899,10607,10326,9450,3697,3862,6243,4216,11143,11190,83,6135,9468,10840,11403,9624,13306,3000,4391,1613,12212,11521"
3683,"6220,4576,5135,789,3766,1220,6270,4865,2990,7707,6562,4798,1977,1912,278,4083,4929,5914,4199,13291,7503,1100,12207,8792,5891,9485,2645,2185,1813,4973"
3685,"789,4413,974,4525,6270,1912,11215,1746,9968,8221,1220,7637,6166,9942,5681,2645,9085,11726,1918,1938,2218,1429,9003,5379,12842,1022,11171,9607,7878,4469"
3699,"1290,789,10663,7120,9671,4929,6243,9962,6962,13027,6220,7707,1554,1912,2437,1180,4163,13002,9837,11231,9234,11235,12662,1429,10322,12404,12141,9018,8462,2086"
3707,"6971,6166,13296,8161,434,3591,12606,10835,6982,2453,11630,10828,9178,1244,12156,8731,2654,3408,8562,4602,3071,12424,8452,6420,13027,4163,9792,3442,9937,2910"
3731,"4101,2140,796,8205,1634,2916,8235,2343,1640,12535,11357,6264,1912,1295,1408,6890,1662,12555,9402,2401,2808,3947,5182,5251,11406,10220,3124,12860,10746,2273"
3737,"6971,1912,8590,8235,8205,4277,4602,8359,4900,13296,5681,609,2958,4387,10326,5642,12689,7878,11117,7529,4413,6665,3922,13114,6026,13431,10340,12167,3507,1017"
3739,"8421,1290,1776,2670,851,10137,4437,8561,1664,3799,6505,8254,9671,8567,9744,8394,12738,3620,4974,2916,2318,9342,7302,12188,9156,7197,7797,4147,7463,2994"
3744,"9962,10663,4929,1290,1634,789,5545,13257,9580,7063,13101,11540,5573,362,2199,6243,10124,11775,5303,6166,2808,8567,6220,12026,5731,5913,8920,2106,4495,8161"
3753,"6971,2291,6220,2218,9942,1286,5626,9003,6166,8205,3787,1220,2440,13284,6270,2482,7637,1812,9410,8161,4262,5914,12263,10163,12367,5545,3539,13249,12294,4560"
3778,"6971,6220,12665,7723,5549,12104,4602,4521,11784,11630,3515,9398,5303,8699,6530,2855,1439,7489,11748,13296,7542,9046,5352,2865,13434,2489,2588,8452,11475,7411"
3786,"1290,6971,331,9937,7578,6610,7817,2291,5008,4664,7120,8405,12639,3055,11378,6450,10217,2149,12779,7334,4111,2340,13309,8413,9334,5090,8235,2499,4486,12665"
3790,"789,6971,12030,2218,13296,1996,11784,3112,7723,4568,1851,1337,12985,228,703,5199,6209,11411,5026,8630,12874,7327,9866,12026,10916,6194,5302,3507,2068,6280"
3804,"10663,1290,9799,9962,789,5135,7715,6243,2885,12758,2140,4437,12703,10127,12497,8636,4664,2931,2220,3697,6067,9880,11992,9063,12525,12658,2199,2728,275,10507"
3805,"11843,345,5532,12606,2648,2530,9799,1328,8703,6982,10920,5339,12663,8561,12404,3026,9470,3870,5261,7471,11282,4675,7462,11229,9954,6418,7637,4679,5545,5964"
3819,"331,4387,5999,11282,1180,6962,4315,5610,3909,8922,10644,12990,782,8342,6982,4053,4717,5636,2671,1933,3218,9156,9649,2109,3487,7154,6028,7800,10300,5540"
3827,"4576,1290,4430,8060,4358,2214,6858,11115,13297,3909,7315,976,10999,11299,6562,5303,3982,5281,3643,12225,9746,3766,1516,11889,11121,4353,1136,10607,9092,4300"
3829,"5999,785,11282,9671,10663,1776,3950,11508,4413,10916,6283,9646,9504,8540,259,12662,1223,1725,3799,3766,2007,9098,7079,844,965,11357,8421,11842,811,12664"
3841,"6971,2559,13101,10963,10067,8922,89,7590,2185,1872,1378,12857,6456,2789,8483,837,2055,12680,11613,83,1985,6148,9937,1319,773,10581,12931,12030,2343,10684"
3849,"6220,789,12665,6270,2291,7637,8161,1286,2671,3507,3539,1210,2199,13024,4877,12090,7576,10462,1141,2301,1180,3770,10644,9309,12606,1944,6389,8298,3089,6150"
3928,"1290,4277,10607,12497,2140,7120,976,10644,7745,789,1812,1400,6418,6293,296,4838,9295,1598,7643,4576,5621,1244,5303,10462,10340,4774,12704,3853,3600,167"
3988,"789,1290,5135,6971,5303,10663,9962,13309,7120,4929,13249,8635,7063,6243,11384,11364,5142,8636,7138,8505,7139,5485,2118,12827,10163,9837,780,3886,3070,3412"
3994,"2218,4101,6515,5338,5303,12026,3515,760,681,8472,8421,10473,4924,5907,7,2140,3112,1287,9886,1821,10841,6899,66,3640,13114,13336,2158,12405,8371,13257"
3998,"6220,5303,3539,1220,544,4277,2291,789,6270,10435,11384,7128,12497,9888,1812,10644,7120,7988,13249,331,4525,4664,12331,11843,1897,8359,5535,7637,1104,11262"
4012,"10663,1290,2916,3697,5135,9962,2380,4929,3670,9295,7856,8254,5338,10326,1132,2242,666,851,2220,13052,6515,9118,3799,2140,4974,2199,10241,6199,13138,13402"
4021,"1290,1244,9962,10607,10336,4929,5573,12497,3697,8567,4277,12990,11775,11463,1978,4430,5135,12857,2461,5999,12128,5497,4229,9838,11126,7867,3643,13270,2140,8342"
4022,"2218,5999,10663,7120,13101,6243,2957,4277,4929,1290,1779,2015,9668,13214,11994,9671,2514,13346,9580,6899,10916,2769,11471,6166,12788,12606,13284,3682,2140,8590"
4047,"6971,5199,4315,6141,2286,4646,5819,5008,4322,4664,10999,4798,1421,7383,4722,3525,4036,7660,12021,2764,10982,5557,206,2337,2916,2238,7094,5915,3241,10772"
4073,"4798,10566,13134,6220,3829,6382,8041,2209,8269,4276,5091,1977,1156,11521,9592,13098,12665,2332,11884,8278,1496,7865,1700,7471,1706,3488,4753,3672,11282,5570"
4099,"4101,10523,3577,2762,3112,9101,4266,10869,4273,11289,12030,6266,4256,8421,4602,7283,11999,11569,3507,7575,9098,11508,4679,785,1301,12286,10451,5619,13296,6831"
4100,"1290,4929,4798,11540,10663,9962,6243,7707,3950,8922,345,2517,12857,8483,3427,7637,9567,8810,4615,4053,8733,2916,5545,10648,4698,4675,696,1269,3697,5670"
4120,"1290,789,4929,2453,3643,6982,8567,167,10644,10844,976,4111,6418,6020,780,7723,2340,9837,1180,11619,12363,5303,7716,11609,5307,7841,8161,3591,6960,3898"
4126,"1290,7120,4929,10663,789,5135,6243,5303,12497,2916,296,9072,8567,4576,10607,2140,9799,11298,10712,4413,10336,8714,1590,4277,177,10322,9306,3697,9438,6515"
4136,"2218,5199,2140,6515,6971,9340,1427,3491,8835,9668,228,4664,2291,4101,2555,2420,12476,9809,12752,10473,10997,9948,12341,11784,2789,13336,2238,3115,6924,331"
4160,"6220,9580,10424,1220,7471,8981,9937,5507,10277,9164,11943,2439,7989,4865,2990,12322,6351,10326,1912,7578,4153,5016,1598,2383,2106,3448,11843,8369,2220,11790"
4173,"5135,12990,10607,8254,4974,785,5303,5931,11918,3238,1891,8243,1747,10394,5992,391,2589,6397,4539,9962,8475,2199,4468,4032,3602,8590,7578,4693,6650,665"
4177,"789,9072,9602,9865,7723,6191,10217,11969,6461,8948,4614,6489,11230,342,6329,11194,10736,1372,6202,12813,1180,10733,3515,9098,7948,914,4817,13344,10481,3206"
4183,"1290,4929,6220,7120,1912,4413,8421,12497,8567,4277,9744,8707,9295,6243,296,9309,10663,7471,2645,3737,2169,2916,10137,8161,11540,8981,12788,1244,10648,12738"
4191,"6971,1290,2140,10663,5135,5999,2916,13101,12857,10530,8590,2020,6243,9306,9487,6038,4315,6445,7344,2291,5543,7462,792,609,2218,8567,10155,4828,11357,13114"
4195,"6971,9962,6220,519,11282,9880,6960,5135,3570,789,1634,8421,12606,12990,2880,4142,1328,9340,7299,3628,83,6899,7462,12026,13347,4082,4115,1271,10479,7723"
4213,"8421,9580,4101,10326,9164,10916,8912,7172,530,8925,5264,9693,2761,598,12665,9170,7955,5292,9515,519,5570,5165,12716,4738,8483,11496,8449,11775,5413,9663"
4226,"1290,7120,4929,12497,10663,6515,9799,1871,4777,13257,5512,5558,6458,12069,8681,10213,4664,6708,9076,11732,196,9787,9506,13024,7848,13364,5404,3592,3266,13381"
4227,"8505,2264,7637,11165,10792,6612,12606,10074,1744,9170,997,10163,4147,6166,3737,3391,3251,2770,2260,9392,3725,4001,783,10027,1666,2748,10835,3512,2761,8587"
4232,"6971,10663,13101,1290,9962,8590,7578,2220,4576,5008,789,3796,6589,5135,8235,8922,8562,13027,8351,2052,11520,12869,6243,8675,5930,4206,11581,2199,11540,10523"
4255,"10607,10326,12857,11289,1244,331,4664,12990,8254,4576,9340,1796,7120,12768,3697,1180,6527,9668,296,8277,6610,3750,2644,544,6773,12730,820,4974,10648,12359"
4258,"4413,7120,12030,9799,6971,13296,2140,10663,4277,7707,1864,811,8590,1851,11621,11209,5966,9958,6608,13261,5532,11298,18,12331,9938,12578,10336,577,10594,3671"
4274,"1524,5008,12758,2789,2990,8452,9942,282,2220,646,9046,2728,1070,4101,5964,7492,10194,3071,10057,2762,6515,9078,11726,9809,13401,802,2065,862,2842,2609"
4289,"6971,10326,8590,2218,5999,4413,6220,4277,8254,2769,9615,538,4322,9454,5214,12028,13346,11289,13026,3834,12004,3070,12030,12871,6926,12703,9668,6433,10916,6509"
4295,"1290,10663,7120,331,1400,4929,13101,6243,7901,1244,5545,12497,8605,8355,810,1497,3992,11540,6269,1421,8651,12767,9181,9470,350,9853,4047,4101,1361,8562"
4300,"10326,789,2885,4798,2990,9937,13245,11843,3992,976,5149,6220,4576,2370,4101,9164,2199,1686,11326,6107,544,4262,3467,11540,3458,7864,1478,9295,9024,1977"
4334,"1290,7120,5573,10674,10663,789,4929,8205,4576,6243,12497,3071,5036,3591,9671,9550,851,5071,6515,4525,4777,3059,5025,11732,2736,12680,5135,4028,10006,3085"
4361,"4277,7655,7024,2958,7138,7489,6971,8161,9405,2169,8922,9699,12120,9515,7471,1902,1779,12665,2769,12301,4053,8255,10301,4413,2006,8881,5292,12688,1912,6892"
4377,"6971,5303,9799,6925,789,6209,10340,10434,13296,6437,9865,50,12665,6490,7723,8651,3045,2108,6545,12145,5353,5102,5060,7405,11630,8806,7499,3898,6892,11180"
4412,"1290,7120,5303,2916,1634,3799,7197,10663,10241,8254,4413,2380,5570,1400,8205,12541,296,851,3706,7312,11088,5381,5999,9056,4576,5907,1197,7264,13314,6505"
4415,"12990,6220,7462,12793,9937,4388,256,2670,6397,10489,12171,933,2910,7846,2291,1271,10067,1160,6960,5261,9473,8441,10443,1613,8610,4018,2506,13235,9178,3913"
4424,"10326,1977,10607,5199,10137,296,820,10791,168,6665,10581,12925,13022,6032,3458,1999,6858,2994,9423,5351,3012,4184,9890,7670,4946,4170,1163,3415,1598,4482"
4425,"1290,331,4101,8235,4929,4777,6610,7120,9937,13101,9962,12026,2380,4664,2990,11243,837,2808,7583,3992,3055,454,11820,12990,10484,8714,5573,11540,773,2606"
4430,"7120,10326,331,5303,4277,1290,10663,13257,5672,6312,8254,1100,13381,3438,10644,7529,9877,2916,5999,89,4929,177,8714,10340,769,12599,8520,9275,6962,11751"
4433,"1290,5303,331,10607,6892,789,167,976,1400,6166,2214,5573,6815,6515,220,11775,10411,2855,6395,5968,4101,7111,13287,3696,1230,2550,7710,10674,296,998"
4436,"2916,10607,4216,10326,2140,5745,13296,6141,9746,2725,10462,12476,10530,3519,10600,10438,6171,3088,1704,13314,1516,5199,2994,4688,2957,10138,6887,2172,6260,1432"
4458,"5303,9799,8810,2834,2670,8703,12463,4679,9794,5467,2890,6971,6166,1747,519,13226,10963,7531,1022,6712,12389,8256,2969,3225,10245,9587,12858,8061,3321,1068"
4461,"1290,789,10663,851,9671,7120,11282,4413,10712,11609,2291,12026,6243,7138,11231,3870,11994,8567,1851,6982,4915,6328,6275,9488,3059,11088,12030,6039,9306,12662"
4488,"9580,9350,3922,13073,2155,13284,8205,9072,9515,2169,12086,11969,9564,12749,7528,1779,6612,2238,4602,11247,10137,3085,11160,3512,12541,9481,7635,10153,10326,9730"
4497,"12665,4576,7120,10607,6489,2412,4286,4929,10217,12492,364,7955,9550,8626,1963,6665,3029,6397,10389,5344,9072,12908,9755,2238,527,6610,9164,1069,7518,2592"
4498,"9671,3539,9580,5573,12030,5819,4083,1912,12906,3248,851,2291,9328,4620,6601,11677,6270,3950,5025,4111,1881,12665,2620,5008,7673,11734,8499,2287,2437,6145"
4504,"7120,10663,2218,1290,8098,4929,220,12497,4101,9405,13381,10336,4413,8205,10918,4777,7672,1662,681,8590,10712,12418,11262,9425,2969,609,10322,4289,11255,3136"
4510,"2218,6166,12026,5303,3247,11336,11814,760,8922,3870,1543,12749,2903,1841,4413,6971,4963,4793,12606,11766,2899,6914,759,9942,12584,8483,2081,8759,1022,5590"
4512,"1290,296,6220,4576,2140,2332,5135,11207,3697,9295,7503,8667,8235,3828,83,6892,11918,2343,4929,8635,607,4499,8421,7578,11384,8587,12930,13214,2548,6573"
4513,"1290,9962,789,6971,4929,2218,6220,5135,11384,13249,8343,3515,6243,4387,83,10389,2291,7120,12026,9164,7135,2031,7526,2196,2518,9602,2158,4664,5303,9937"
4516,"10326,9799,5303,5135,10340,6107,1996,2149,12242,1427,8241,331,544,5399,9942,13012,2199,8020,1156,6604,9144,8405,11567,385,9971,12331,6351,10519,8504,5199"
4526,"7120,4576,31,5966,6515,4664,12399,2903,3154,11626,6370,9081,2916,286,10081,4314,1287,9072,11726,5810,10002,5905,6858,152,12884,6326,11766,1769,7074,3308"
4528,"5303,6220,789,6270,331,4277,7128,2990,1912,6166,6925,10340,1180,5946,5060,976,12704,9968,6354,227,10462,544,4947,2885,9837,6437,2671,5391,167,11630"
4542,"12026,8235,4101,7955,9580,7266,8562,8421,2559,1340,1959,9164,11281,5999,10963,5264,11775,6899,760,8912,11820,2945,11843,6252,228,13101,4258,13254,7290,6610"
4559,"9880,6971,6638,2555,2905,2559,2916,10608,5495,6676,3697,1244,2291,12793,8708,2373,4170,9383,6032,6527,10756,2874,1515,7142,4917,1959,3624,6666,3340,11279"
4572,"6971,8922,9962,11282,12662,377,12404,12030,8567,13296,10663,5545,4946,12026,3088,6832,2220,6418,1298,5555,1696,7079,841,8452,4163,4024,7800,4021,5339,4444"
4575,"10326,13296,9046,1891,9846,12331,331,12544,7197,9877,1427,7710,2762,1585,8402,9866,10057,8217,3338,11892,4453,837,6437,9450,10154,6982,2039,4196,9942,5762"
4583,"2199,851,2218,4798,2291,11265,5946,13310,3539,10464,3670,4101,10988,13101,12898,4127,3071,7909,2243,12030,1524,9693,6804,3523,1404,3023,7758,3295,5545,12837"
4602,"2218,10663,4413,9962,5135,13101,6220,6243,10326,5999,11540,1290,2140,4929,2380,12030,3554,13370,2957,4277,8593,9387,12606,9405,6166,5545,6280,5818,1927,10181"
4608,"331,8421,10473,6395,5999,5303,1400,2218,1244,3886,11775,12990,5545,11009,3990,1361,6643,8922,345,8567,13114,11818,8235,7616,9156,3696,8731,2089,13211,1180"
4609,"1290,10663,7120,4929,4387,2885,8567,4664,12030,1681,6433,12758,8018,6243,9983,10336,1400,6172,6026,4838,3549,10982,4777,1803,10644,6737,3953,12497,1008,4437"
4626,"5303,9799,2862,5590,2895,6166,6925,5555,8707,10240,5966,6097,8452,1452,11464,5429,2108,11170,1495,2616,9865,2453,709,152,6529,6103,12584,11678,11475,3293"
4642,"1290,4576,8922,13101,2218,5303,10147,12680,8205,13346,2916,8421,4004,9369,6312,9684,10566,7856,13114,296,331,7120,4353,2290,10589,10753,9405,8254,3799,8590"
4653,"1290,2380,10663,6220,6962,10786,1100,5810,4929,7120,9771,10394,8452,7487,7707,13024,3122,3565,10359,9799,8038,12662,10848,916,6156,2290,11194,4100,10480,12030"
4664,"10663,1290,7120,4101,3829,4798,4929,9771,12497,11884,7971,4921,2808,9662,2700,9032,8607,11367,10021,5573,3725,6790,8302,13101,5548,10137,12072,12996,12309,5608"
4665,"13114,823,1085,9072,12104,12787,3488,4974,2140,483,12331,3246,89,2107,8254,2882,12948,968,5199,2767,1430,1560,2339,8649,3948,11117,4641,11517,12912,3286"
4672,"10326,11292,11097,1286,1558,10137,5723,811,6540,3385,13359,4164,2700,10954,1996,12012,10704,8586,7900,2588,10936,58,1764,3302,8561,10798,12423,6698,4969,5907"
4680,"10326,9580,445,860,3515,823,6342,12665,1265,9286,3577,423,3966,7546,10276,11475,5025,3071,5549,1772,10546,11569,8445,4150,11748,462,568,3238,12740,13073"
4705,"1634,8922,8399,7284,11282,10566,7595,8608,11720,3809,7063,3870,11351,9580,1299,9409,1169,1180,11800,2502,12026,6548,573,7637,9667,2265,10956,4388,8126,4037"
4707,"6971,5008,6610,4101,9101,4111,12869,2286,12335,10670,8034,13240,12426,2764,9164,13101,8351,3992,7146,5066,2337,5284,8201,10389,6385,4266,3796,8746,3055,7546"
4711,"1290,7120,5135,4277,10663,9799,10137,4929,12497,8590,296,331,11298,4576,5721,13270,2209,7773,12703,2217,1988,12704,10607,4974,2885,8254,9396,2332,10326,1100"
4732,"6971,5303,11299,11384,12757,8421,9405,2158,10529,7856,4576,12668,7575,9361,8235,10322,8891,2343,68,363,4189,10833,5248,2521,9222,13114,12030,4101,9163,2469"
4734,"10326,789,9937,13309,4664,11651,4286,8997,4552,823,6220,5629,4387,6818,9380,12202,265,5549,2942,2199,8359,7029,10803,8177,10122,976,7126,2587,5149,6218"
4735,"9942,8525,2218,3909,2140,9295,3737,2220,8421,4413,11384,8459,6757,10124,13284,4576,12359,10683,10581,1606,10597,1588,10835,3765,10138,4865,2483,2931,4973,10326"
4749,"1220,1062,4413,8421,6220,11406,11969,2290,9072,11250,1532,4506,11272,9693,11470,1299,13381,12991,3106,13324,8948,12474,3122,12349,8343,10481,11918,13429,11789,6697"
4751,"6971,9962,5303,789,6166,1290,5135,7120,12779,1180,13249,2218,4277,8590,12680,3515,5999,4413,8343,792,9405,7817,7049,12928,6878,8851,8567,12141,6243,7678"
4762,"6971,5999,2020,331,4277,6166,2238,10326,2343,5545,12334,13101,2957,1244,1408,13211,2822,7983,9756,2591,992,11495,11869,11289,12857,12990,607,7383,7154,10147"
4767,"1290,7120,12793,10663,8708,12662,8394,4036,11890,1776,6370,7104,6322,3114,10629,2916,4929,330,10000,10705,12738,8205,1909,1704,992,12705,9449,2670,1681,6020"
4771,"2291,10663,1290,6383,6548,7471,1769,335,5204,6243,13101,9438,153,4857,4291,9408,6351,6445,4095,13346,8088,1681,11994,3624,2692,4036,7942,4753,10656,2716"
4773,"5303,8421,8452,12738,851,1290,10798,6220,13324,576,6563,9867,8428,9651,8399,4457,3799,6697,12842,1614,4685,2645,6060,2116,1841,2023,7856,12409,1912,910"
4776,"8421,11384,5303,1290,2220,789,6971,586,3037,6147,1912,9799,4111,12779,9837,7283,5610,12220,9504,4387,13431,10993,9214,12278,3051,3412,8110,2318,9750,11602"
4783,"1290,789,10663,4929,5135,7120,9962,6243,4798,11540,12030,12497,4413,9306,11298,1851,4576,6220,4083,13134,1779,8635,7707,9671,10138,12026,3982,4777,9494,3506"
4788,"1290,7120,2218,4413,2291,5999,2916,1681,10663,851,10712,12599,8205,5204,11994,4117,11282,2199,11117,9671,4293,3502,12331,12541,9846,335,10326,9306,4915,6772"
4808,"10326,9799,4915,2885,13261,560,851,8452,168,11343,10376,12442,12525,3965,10338,4163,12385,3591,13258,4637,6962,9069,9382,11432,2062,5995,3921,3077,9348,523"
4810,"1290,7120,6243,296,2916,10663,4929,10137,9072,10607,1244,2380,4163,9799,6638,7197,1400,10712,13022,810,5672,10264,6249,1416,9438,260,6818,9056,11559,525"
4818,"8452,6220,7637,12104,6971,12331,2762,11282,9046,3539,2837,2291,12575,6280,5946,7707,7489,5999,4315,10194,11487,8642,268,9115,1726,7027,13086,10506,4101,11265"
4823,"1290,5999,4387,5303,6395,7120,6243,9671,2218,6962,10663,1180,4277,4929,8716,11272,8567,10798,6166,5545,3085,12404,8421,4614,12875,11558,8977,5174,13249,7383"
4829,"7063,345,11475,5532,2220,9470,6730,5497,108,10326,850,2440,7955,3706,5583,5069,7901,6045,2862,9668,9078,12914,11931,6166,4262,2555,5124,6103,8442,6067"
4842,"9295,10326,4101,5303,2764,1676,8442,7471,165,10913,2841,4798,8026,6107,1819,3443,1397,6351,2299,4873,12606,9746,1977,9733,9408,11691,2169,4834,4927,3172"
4859,"1290,8235,8413,12497,6971,10674,11843,3055,6243,3706,1912,4777,2990,3910,11540,3909,8707,8161,11809,6280,9175,1598,796,7425,6812,10805,1625,11871,2220,1295"
4866,"10326,789,8922,9962,1378,5135,8235,7590,10067,544,7734,9866,5303,10269,10607,3539,8593,2201,12990,12711,5681,12030,10850,6960,1985,5964,9937,13212,3238,6971"
4881,"1290,7120,10663,4929,4413,5135,8590,2916,6589,6971,12030,11784,6243,789,10322,4576,6220,9943,11384,13381,5421,11994,8254,2391,6326,2380,6899,9918,11020,10712"
4908,"4101,2140,2218,2291,6971,5199,13296,9733,6280,1258,1977,5135,13101,11784,3295,10434,9511,8134,7723,454,7027,5881,13199,5867,5272,5281,4266,10530,8695,11997"
4910,"1290,789,9962,4929,6243,12497,2916,8567,13309,4576,4413,10336,5303,3697,10607,4277,7817,9866,11298,10322,10648,296,4777,2988,7197,9306,10712,6971,6987,7745"
4922,"5303,9799,331,1290,5135,2140,7120,4277,11751,2530,5999,544,1100,5876,8977,2149,5497,8520,4499,1242,5022,8167,1642,7683,796,13359,7773,12599,220,4935"
4942,"5303,12026,8731,13114,4117,345,2218,1180,1495,7529,6924,6982,11659,7894,11403,8579,168,10039,9986,5608,10143,713,12599,228,2777,13257,3904,1612,5497,2916"
4976,"9580,8421,6971,8235,11843,2220,11667,8703,4153,4147,2670,5642,2969,5535,11357,6326,1634,7063,8590,7064,3737,6264,7590,4273,6832,10326,5070,10918,12030,7983"
4993,"10340,7707,4163,4602,6925,6220,5422,2140,11282,10326,9971,484,496,4277,9859,4552,6260,976,11630,7643,5102,1750,5091,240,13120,1180,9938,129,5502,4028"
4995,"6166,1634,789,10895,1025,3950,10778,11719,2199,5381,4052,12809,5135,4323,6461,1747,418,13097,8147,10561,3019,7726,3138,708,820,7154,11455,13306,6412,414"
5020,"1290,4929,10663,13101,7120,6220,5135,789,1779,9405,9962,6243,2218,8205,8567,4955,5573,10389,1244,11775,2291,4974,1291,12497,2391,10648,1478,4777,10467,11993"
5040,"6971,5303,331,11575,560,9771,8335,5545,4053,3085,544,12632,10644,275,2286,8616,4660,4052,1223,9036,972,12779,6445,6925,2340,6610,2498,2958,5635,12104"
5048,"7637,2140,3737,2916,4315,8922,1286,12550,12474,2957,3539,8593,4387,2228,10684,8505,6971,7590,2020,3296,4216,4811,13314,7856,10326,3950,9454,8869,5540,1720"
5058,"1290,12497,6243,4929,7120,7063,12030,9295,7471,789,4664,1400,2885,1132,11884,13309,5570,10663,9909,5142,3706,6741,4798,209,2990,296,12832,1076,5810,8421"
5067,"1290,789,9962,4929,5135,6243,7120,10663,5303,8235,11540,12990,6971,83,4576,7723,1634,3697,8472,12026,12497,8981,11143,8567,5731,2140,6899,9880,13027,2380"
5087,"4798,12665,1220,7983,5199,11556,8038,3606,9154,3352,3770,345,1747,4550,11789,242,5313,1163,7471,10079,6926,12740,8054,5591,9592,9177,173,2291,3033,2671"
5090,"8421,1290,1776,10489,3620,5999,8254,4929,2808,10798,10340,1299,4199,9115,3813,3122,6131,3384,2670,11357,3877,9476,10916,7590,9684,256,9098,12212,769,905"
5102,"1996,11282,9890,1598,10127,4798,11871,9681,5482,8240,5008,3110,10496,4886,5610,4322,5559,3055,9732,4626,13296,2506,13314,5877,5532,2149,2910,8682,1915,10981"
5103,"9799,9937,5303,6220,5573,976,12680,2990,11732,12497,1896,7707,1972,3982,10104,12779,8305,9865,8703,4973,1598,11417,12857,1100,5653,11956,1217,1973,9528,10720"
5105,"2218,8922,6971,8590,4430,10326,12474,12680,2140,228,5999,10241,7138,13101,7344,8271,723,10792,1558,10916,5303,10684,8053,12736,10963,3735,12857,5501,2927,12668"
5108,"6166,8161,13101,4929,4163,10663,5545,2020,5999,7328,5819,7637,4880,8922,7487,6962,11664,2957,7928,11443,7289,3544,13240,4315,12632,2218,7705,12418,1286,434"
5119,"789,6220,9962,5135,2218,3515,9937,3950,7723,9866,1220,12606,13027,9668,854,2988,837,6971,13284,13156,8177,5272,2291,10568,4413,4266,8326,10674,11103,2295"
5120,"5999,10663,789,13191,1328,12665,5485,9671,9962,10712,13101,8567,12606,2957,11088,8922,2437,3886,1772,13296,5532,6418,10336,4971,10978,8635,4228,2309,6962,5976"
5124,"6971,2140,2065,5199,12857,9733,5635,13258,5610,11289,1293,7253,11363,12335,7983,560,2020,9890,9098,3241,1255,2337,6051,8035,9565,9771,4433,3606,10072,5915"
5132,"5303,10326,6166,4277,9448,8718,13346,7289,2318,1197,12606,2762,12404,7872,4865,4947,6220,2591,7220,4468,770,13068,11918,7471,9269,9942,2774,9944,5426,8298"
5138,"5303,4277,4525,6166,1634,7120,10778,11292,457,1912,12606,5532,11256,921,9455,6270,6730,2671,1662,10798,4740,2885,12704,3103,12156,9550,4613,8435,6476,5875"
5144,"1290,10663,4929,6243,12497,2916,2218,13101,5135,7120,2957,9962,8567,1779,5573,4021,11298,11289,13220,3766,8205,1244,12026,1769,4036,5545,10648,13114,10138,10462"
5159,"1290,6971,7120,5135,5303,9799,9962,6243,789,13309,2916,5421,4789,4929,11405,10663,8405,3515,11288,2286,10758,3697,9340,13027,12710,8590,10132,6354,12875,6589"
5167,"1290,10137,1634,1244,4929,6011,331,6078,2199,6081,3290,3809,5177,479,6874,7762,3829,1286,1054,6326,5303,8061,1146,8590,9890,873,11153,4184,560,851"
5175,"5303,331,6971,4387,2644,7856,12476,6698,4277,8421,4139,1286,10463,3737,4947,3519,3173,10982,11384,640,2286,12204,11405,3766,3088,4576,1002,3498,4511,11575"
5176,"1290,2140,789,4602,4576,8205,10326,12680,13346,7120,10581,4083,11117,13284,10858,11772,9428,1521,6834,9580,3458,5769,8235,547,950,7948,1305,185,5782,1912"
5185,"1290,789,4929,4798,11540,3539,4613,5573,8981,5849,4576,9715,10462,7128,9338,4083,12813,1912,4224,5422,2990,10435,6326,2155,11867,9729,544,438,5386,7848"
5189,"5008,4277,10663,5302,12559,2199,8562,816,7833,5428,2959,1972,9880,11106,7515,2392,2736,61,8223,4688,1210,5675,8684,6243,6589,9448,8379,1255,1304,3759"
5191,"1634,5303,2571,2151,5176,6744,2344,6962,10546,11405,8342,9684,3321,12725,13257,1746,1286,9015,7487,10340,5137,714,3717,10786,8243,992,11291,11956,3766,4966"
5206,"11540,851,8452,12030,3071,2789,2990,12157,8483,8235,5964,6156,10699,7401,2670,12738,9671,176,1478,4685,3055,12788,9714,4021,1400,5164,12271,5966,3625,256"
5213,"1290,2916,4798,12497,10663,9295,11488,5199,13314,10137,2291,3992,1421,10462,9309,8804,7053,4170,11088,8937,3770,2395,9729,7120,8981,4833,13170,5706,11919,2682"
5224,"9580,5999,331,4101,2218,11357,8343,12026,12857,9886,11282,5303,544,3321,9649,499,9668,7004,11540,6395,12990,3950,1634,3532,10326,9646,12250,7877,7157,6670"
5226,"5303,789,331,10340,9799,4277,1065,3515,11751,2990,5135,2380,2762,3539,1437,11630,5027,13182,5629,544,438,10376,9715,1100,4817,4877,8714,8452,6019,2071"
5241,"5303,8421,1290,789,11540,4387,3766,5135,4929,9295,11357,910,519,4974,4576,544,11843,3172,9729,5570,4798,9962,4927,11021,9799,8235,12493,2318,10278,331"
5264,"1290,4929,4277,10663,8922,789,10326,2957,1598,9962,11540,8235,3737,7063,6243,1244,13431,8567,4387,13261,10138,11030,13314,11992,4043,848,9647,6095,7745,1883"
5268,"1290,10663,7120,6243,2916,13309,10451,9962,5008,13101,10607,6960,6371,3697,5810,5557,3411,4216,5135,8593,12730,11712,9792,2905,1105,4929,9051,5075,773,10000"
5270,"12990,3697,2380,6220,12030,11540,7063,9962,331,973,5999,13310,8151,12606,4790,5573,9348,12157,9668,1598,4496,10755,10151,4947,5261,8405,11028,13042,616,11306"
5287,"2291,8205,5819,823,8177,4199,9890,1996,10489,4626,7207,7458,4798,4322,2218,7839,6433,4492,8530,8170,2295,4036,3489,4602,10916,4974,11871,9057,10137,224"
5314,"1290,789,7120,5135,10663,4929,2140,9962,6243,5303,11088,13027,2988,854,131,2380,13309,10712,12606,1634,10644,9405,9072,2291,296,8505,8977,11907,1711,10607"
5318,"1290,2140,5135,7120,3697,5810,9511,8038,2291,2380,296,9028,9295,12497,10644,2822,9733,4917,9162,12263,2580,11597,9689,2332,3816,6243,2149,6897,7374,4853"
5326,"6166,9668,1554,6971,9792,5008,6209,13027,6437,6588,6962,4389,7722,11004,4111,7499,5629,8684,13413,269,5125,7715,6784,2567,8575,2736,2975,5537,3254,1116"
5336,"1290,7120,2218,789,5303,5135,6515,12857,11243,331,9771,9072,4430,10663,7119,2357,8567,228,2850,12867,3886,6924,3434,4777,8898,3366,9998,1433,9799,12072"
5343,"1290,2990,331,6220,5573,10389,2218,5946,5303,8452,2291,4101,2762,12665,7120,8472,3226,10195,2567,9309,7492,2789,1021,11088,2975,3055,5819,12497,1502,6354"
5347,"13296,11540,5545,6283,4679,5573,1244,3071,5675,5306,3088,1400,8299,9319,10138,9746,7298,577,6515,12157,2957,350,4602,9668,2789,13101,2218,110,3295,8933"
5354,"2645,6166,5964,12026,8161,11772,7637,9942,12331,4053,8902,1571,1776,12474,3562,5164,8235,8483,12663,7080,2152,8452,8359,9937,12318,12544,12030,6576,9046,8185"
5356,"2771,11097,4111,7558,11528,11384,7064,811,1171,11643,10163,2338,11292,2899,1864,10916,851,1223,1239,6402,1394,10126,4363,4164,9942,1664,5406,1728,1582,12606"
5367,"6971,4413,8590,13296,11289,2916,7120,2140,7197,811,10607,5966,11621,1244,6589,6283,12944,4602,2483,4576,5199,9962,1996,7983,13160,11403,9880,9229,4277,10997"
5373,"789,9962,9799,12026,5303,5135,8707,10241,621,9880,1746,4698,7784,2169,12497,11829,2590,3220,4974,7645,3870,9865,10213,4802,4873,8794,760,8953,837,6418"
5385,"9962,789,5135,6243,12990,5303,9580,7120,3870,1634,6166,2899,3697,418,7645,897,6210,5187,12857,3950,13249,3323,3717,6576,6625,6091,12869,9799,1278,11312"
5458,"2140,4101,2218,331,2291,228,10326,11775,4576,10841,2228,2295,3458,9309,4286,1598,8472,10607,220,165,9511,7948,8562,4738,1977,13101,5413,4924,6573,3770"
5463,"8922,3766,5532,12632,8342,10336,9787,6004,4749,4430,1726,8221,11560,12578,5999,6292,1695,7043,7908,1841,12235,34,8567,7138,8452,8229,6962,9695,1783,4947"
5471,"1290,10663,7120,6243,12497,2291,5810,9733,4929,10437,5135,4798,8834,1977,1704,4664,789,12767,9671,12857,3992,2916,12263,6445,672,6326,2337,5008,4083,1554"
5476,"1290,4315,7637,2291,2916,4413,6243,9454,3539,11298,2218,5135,3697,10792,9306,5214,8653,5819,9575,3446,1220,3725,8655,8156,12611,6280,1223,10663,601,4513"
5484,"4101,1290,10663,6971,13101,8483,4929,4602,2140,2789,12757,1776,7578,9101,2670,1640,6280,10648,8205,9405,11357,12026,6899,3107,4857,12391,7064,2798,176,12643"
5508,"1290,4929,7120,3697,6243,7637,6402,10663,12334,4387,8593,3737,10429,5495,12990,1220,12389,5381,7462,2020,10741,9032,12757,1008,12788,132,13211,10913,4789,4147"
5513,"976,9937,3620,9361,11384,6302,10916,4216,12303,10607,2404,10993,2483,3978,4163,4576,3519,10567,6141,2567,5808,6892,6558,2140,5142,10833,12695,4688,10761,6205"
5520,"1290,5135,789,6243,9962,7120,6971,2140,10916,10674,2218,2199,10607,13027,4576,9671,8205,2916,5573,12185,6625,6420,10737,13026,10241,8977,7151,10663,7197,5036"
5524,"13296,2218,220,5124,12758,5999,6971,11775,4777,11784,2567,9405,12414,12944,2489,890,12665,8562,3950,1662,4525,10429,840,6330,3886,3295,5926,1868,5099,11869"
5539,"2140,12757,10663,8021,7856,4101,12497,7063,4929,12990,5651,7578,7439,5292,13402,11992,10500,4053,6302,9758,3697,7637,7312,3778,5124,5545,4873,2321,9604,1323"
5554,"4929,1290,7637,6243,6166,10663,2140,6962,3323,7856,8922,7487,7120,3697,2343,12990,3230,10151,10470,1287,943,13101,3885,2020,8154,275,6583,1821,12757,13310"
5564,"10663,8922,2957,8421,9938,2140,4163,6962,12474,8235,789,1299,4717,1290,1100,9971,12030,8567,2852,240,1323,10326,7856,10963,5999,9886,4056,11540,11795,7693"
5595,"789,10663,5135,1290,10241,12497,13101,6166,4777,1746,1634,2808,3950,9405,4929,5303,2218,8472,12680,10858,6576,8567,12943,12809,11775,5565,13257,7590,8205,6038"
5601,"12665,5073,2048,11723,5608,5610,1439,3050,303,523,6139,8668,10277,4946,4111,972,3290,7138,11486,6698,4223,3956,11609,4589,7805,2736,2293,411,10028,10241"
5602,"4798,5199,6960,1996,6905,820,4924,4332,1597,5413,5647,10326,3,5422,5264,12382,7606,1227,3573,4914,11488,823,1294,9629,3300,168,8356,11195,6128,420"
5618,"11243,6638,9771,4198,5819,9382,2362,12665,1085,11726,8004,2291,9120,150,6150,9664,7802,12497,12854,4798,2736,6001,6166,3832,12740,1286,3560,11701,4070,3592"
5643,"1290,10663,7120,4929,6243,12497,13101,10607,4576,5573,8302,1244,11992,8567,1197,3697,2957,4277,1478,1400,7197,3524,9923,2808,2360,9771,7901,4163,4777,2395"
5644,"10336,9668,7120,1554,6166,12758,2140,6445,5808,11126,4646,10241,7623,9625,5485,4482,1290,8653,4229,7109,9962,6437,6141,5142,2755,8021,1242,8968,11024,12857"
5651,"789,1634,3290,7715,560,13097,2199,9437,1762,7138,13310,12658,10869,9638,2885,2506,3703,6348,7493,851,6741,12903,4835,4139,11194,4387,5027,3248,4393,10255"
5655,"8421,9937,2506,1290,4664,2567,6322,8590,2885,9405,7299,7343,9880,12862,12497,12116,3764,12990,10415,8274,9877,782,11390,6899,9303,8492,717,10527,773,11143"
5658,"1290,7120,6971,2916,6243,4929,9937,4664,10644,7063,810,10663,3697,13309,4789,2291,1400,8520,1287,8359,7637,4387,10804,12793,4036,11693,8936,3722,661,8567"
5660,"4387,1598,4277,331,9744,8421,8746,11809,2483,13419,782,2108,7639,10993,5549,3909,4664,4177,1583,9932,6246,5399,240,6218,8562,4798,1912,6260,1774,11736"
5662,"6971,6166,8161,12606,10233,11667,6827,9963,7637,7289,1634,8718,774,9942,13300,7471,6892,4502,783,6383,8433,3463,6264,8257,1265,2379,7878,7983,10235,4675"
5670,"6060,1180,12331,12389,3539,13216,1286,4387,6962,12474,11651,3106,560,11300,1521,4900,467,8913,12635,8195,9438,208,3606,8406,6576,8966,1256,2184,8593,2882"
5676,"1290,6220,4576,2380,789,8254,10326,10644,7120,4277,10067,9799,9937,10607,2332,4865,11299,10737,12990,12793,769,4929,3602,3600,83,12748,265,5148,8593,11207"
5680,"9072,7138,5199,10326,1437,7053,12070,6043,7392,789,12665,11195,3464,4525,6264,10791,11784,13112,10614,5549,3507,2108,7712,3103,2587,12086,8227,4028,2958,4281"
5698,"2140,10663,2916,7063,12030,11282,2058,1769,8707,13296,6960,9306,7637,8452,10326,4798,10138,10126,6831,7364,2169,9547,2060,6512,3291,377,2895,6791,4388,3032"
5710,"5135,9799,2380,12030,10326,2769,6220,3817,10336,9668,2260,10638,11651,13309,1945,1585,7706,10737,1427,7715,1841,11394,2869,8590,6985,313,2161,2140,3306,13182"
5723,"1290,4929,7120,10663,9295,1977,4798,5303,4865,10647,6562,1156,3766,769,9746,11705,7784,9501,8060,8421,5570,7865,12334,4927,165,4974,9729,1135,296,3816"
5742,"2140,5999,9938,2882,12857,2957,5339,7895,11282,6962,4163,7462,13278,2885,1400,331,4315,9668,5028,12104,2670,8608,8031,13044,4174,2580,6733,10703,8703,5532"
5748,"3539,6610,4798,5545,8421,6220,2990,12026,9580,9693,5573,638,9736,11455,1220,1139,6270,108,12639,12030,3294,12928,3905,2103,11306,6563,1063,6670,1912,345"
5750,"1290,4929,331,2218,9962,10663,2140,5303,2380,7120,8567,4277,8235,2990,5999,8452,7856,6515,4947,13101,4777,1100,1598,5135,13150,12497,11751,6859,789,604"
5787,"1286,8703,6638,8421,8708,9744,10798,8235,11843,1290,8911,4272,3770,3620,8085,11021,10160,11384,1400,2343,2600,12608,1365,10792,4499,3539,12931,5495,6220,4387"
5798,"6220,5999,11282,10326,10340,3950,12606,8359,844,538,4413,9649,7634,12104,8421,3146,4645,2218,9325,10154,9115,11084,1538,9880,10916,4387,12026,2384,10589,3877"
5799,"2140,2343,8708,2020,10147,642,10381,7856,12389,6166,9937,9448,10792,6402,7706,3737,8590,9880,2989,8271,8161,759,4892,4557,7373,10550,6034,8254,1776,11031"
5815,"789,11540,10462,2220,5339,8718,2199,4679,7833,12404,5027,1290,1847,9729,5060,5545,8413,3895,6418,10933,4285,9231,3295,7221,2852,4479,8256,1542,2990,626"
5822,"1290,10663,2291,7120,13101,2140,4602,4036,2916,8205,9942,9937,1210,10340,12331,9738,2709,7816,13346,2395,6026,5480,8456,1188,11377,11106,8057,7706,2643,8547"
5834,"2218,9072,5199,9668,10336,3950,558,1180,10791,1532,789,3766,12967,10614,3002,9615,9436,9706,10546,13347,2536,7715,13231,9063,11599,965,7835,4973,3308,8704"
5846,"8922,5999,2199,9886,11024,10326,2957,9668,6654,4717,1558,7558,3577,10916,860,281,13072,1100,13191,11520,4163,10722,6962,12730,11751,11297,9580,10549,5373,12522"
5858,"12030,6962,5863,10663,8018,5545,3539,8922,13348,10464,877,4777,13101,6641,11325,1210,851,13072,4616,2559,1316,2704,1025,1704,9664,3364,6181,10561,5999,12133"
5882,"11540,6166,12606,4326,13110,3886,6812,12813,11843,4679,4147,5339,12857,5573,811,9880,7794,3251,8703,6971,9178,5261,11190,10637,2211,3295,2654,6418,11384,301"
5892,"6971,5135,2218,789,3515,4413,2988,6220,9668,7623,9799,9072,8402,1750,7707,4315,2260,13309,7379,6529,5303,13435,10336,12857,9454,1220,6693,4462,1228,13289"
5897,"789,5303,5135,10241,7120,9962,3515,7745,6971,10336,8563,10326,10240,13309,1634,7306,4413,9943,3018,7138,2140,10791,7063,9072,6688,5572,11997,10725,8953,7715"
5898,"1290,10663,5135,5422,789,7120,5835,4315,1634,1578,7462,5229,11774,7971,2665,4822,12665,12373,9638,8589,13185,2808,12469,7597,10202,865,10712,10644,1868,11581"
5902,"331,9340,6166,8520,2199,2916,6610,851,13101,2238,5303,1084,2114,4659,2291,350,6395,10027,11800,71,2774,5999,6243,6342,12815,10473,271,12185,6576,6141"
5919,"11540,4101,5124,1747,13110,228,10581,10704,12030,8421,68,3295,5339,2324,7808,10570,13134,8703,7462,5433,1328,2489,8483,8393,4167,13058,2580,11165,10229,1725"
5934,"11282,8452,2882,12030,4315,4413,1662,5819,9938,4798,9306,12404,6433,8018,10682,10140,7053,6962,4322,2116,7784,12497,2291,236,2071,11325,1538,7766,11890,4448"
5946,"1290,7120,6971,4413,3515,9072,5135,9962,9602,10322,9799,13381,11299,789,11405,11784,12662,508,3296,11621,9684,5421,2916,11282,12846,9634,11528,6982,4028,13358"
5965,"6220,4101,9942,9937,1220,1478,837,10415,2185,11953,12331,1872,3524,1778,6351,11622,7531,7637,11384,12401,4321,12026,8390,5020,347,6311,11377,4553,11872,10067"
5995,"31,8254,12455,11299,6610,1287,1223,10798,12738,1746,783,9957,2411,4308,381,10729,4314,1394,2391,6023,13067,8612,601,2916,3289,10674,13185,2255,12464,9998"
6005,"5303,5999,7120,1290,8922,10792,6962,4413,4277,2988,7707,12321,13381,992,5135,13324,9962,10147,961,8590,1750,13249,8675,4659,10000,3159,11191,1934,11945,6878"
6006,"1290,10663,4929,12497,6243,4777,5545,2916,2567,13101,4664,2286,1912,8567,7120,2789,1400,5573,3054,2990,5142,732,12072,3068,5075,3992,8101,7994,9336,4101"
6013,"12026,4413,789,11282,9962,10840,12497,8707,621,10663,6960,4602,2169,6418,8981,13296,7122,1912,1851,4777,4953,4321,9848,9938,6318,10340,9880,300,2427,10057"
6016,"6971,9962,2218,1290,8922,6960,789,7817,8675,6589,5135,2910,10840,2291,3515,5008,4777,9866,1487,10835,4413,9843,5610,7327,7624,7578,4266,1304,13027,8012"
6023,"10663,7120,6243,12497,789,8567,5135,2291,10648,8205,12705,4576,4083,5573,4777,1779,4413,13101,1912,9295,4798,2125,4036,6899,9962,11298,1681,2092,621,2988"
6052,"789,5135,7120,13101,1634,10607,8590,9962,12990,9405,7578,13027,6971,2140,10663,5684,773,9668,7715,3089,7024,2380,13309,3764,3950,10322,3019,10100,4929,3138"
6056,"4101,1634,4965,6220,2808,9580,458,2722,11939,2238,3770,773,769,8778,804,3713,8413,1220,3407,4332,9823,5362,4740,12665,1662,3204,2155,6351,3947,2771"
6059,"9098,10137,5075,4946,5610,1255,4114,1725,12535,7654,11488,7417,7112,5294,6531,6751,4089,1409,4798,6049,10561,4843,10451,3689,2561,12463,9729,4602,6925,10731"
6064,"2218,4413,12497,1220,6971,9799,1747,4273,5810,10437,6220,12030,5135,3622,2993,8452,6280,11298,12944,4322,13110,1556,714,3372,13435,8413,12571,4702,12404,7707"
6091,"7120,10663,8483,1912,1290,13296,12497,9405,10336,7707,12767,9962,4929,4413,11515,4698,12544,2343,5966,568,1395,8065,6926,12578,7471,6243,9637,353,13346,12857"
6112,"10663,7120,6243,12497,8205,4576,4777,8567,789,1779,4083,9880,1287,13185,8161,10674,1912,2391,10466,2784,621,2916,1475,11693,13101,8355,11775,7063,10137,2808"
6133,"1290,7120,10644,296,2140,6971,4929,4277,13112,1244,4036,5303,496,11405,5703,11848,2541,9799,6020,13182,8254,10929,8060,10844,593,9810,2530,9937,9385,9842"
6150,"1286,10462,2291,2218,7637,5819,7636,3539,6588,2748,11651,4659,10473,9200,7591,4958,13249,4322,4315,6811,12017,4646,5557,5545,1180,2675,1502,8126,4199,11088"
6155,"2140,2218,7120,8562,1558,9886,11143,4101,10663,8421,4216,8483,2343,13119,1977,10322,8235,10916,9971,13214,331,8593,11673,6960,9132,12512,5719,11846,1530,5610"
6157,"1290,789,4929,2140,7120,9072,10663,6243,9960,7243,286,5318,2916,1299,8235,8922,4163,4414,6213,1634,9799,5810,296,2392,11626,4056,2380,1065,11235,5135"
6212,"2140,6515,6588,8161,4321,864,11282,11160,12775,12331,8452,12678,9865,3744,7704,12104,11969,8948,4648,2343,4338,2020,11443,5092,6166,11539,5659,7762,12473,1225"
6218,"4929,1290,10326,7120,4277,10137,296,2020,6638,4576,12680,6220,11472,3539,10551,7856,2343,8590,2133,5442,1779,1558,3204,11298,6034,1244,3424,9135,2097,13245"
6242,"1290,7120,4929,789,5135,2916,13309,9962,5303,10663,4576,8235,296,10607,12497,7063,6243,2140,6971,83,2380,8922,11626,10132,4413,9072,8567,10648,9799,8590"
6243,"5819,12665,10434,6588,7715,9282,10153,3122,8922,4163,2165,10566,1439,6022,12112,9693,8547,2194,2771,12104,8483,10340,872,5233,10785,1664,6947,5946,4904,8968"
6260,"8235,2220,6960,6322,7590,10663,12026,8421,4777,11806,286,4388,5433,6751,13314,10840,3805,2506,2916,3341,5270,4177,4643,12030,11540,8922,6610,5642,573,5557"
6262,"5303,8235,8421,5875,11843,2990,9098,1100,11569,12026,9580,3112,9968,5060,7562,8483,12385,10868,9164,8083,12702,11496,6489,11837,2762,6018,11540,1397,4183,4457"
6278,"1290,7120,4929,2218,1220,4413,6243,12497,9295,6971,10663,11384,2343,4664,4277,4576,363,2916,7983,12263,3697,12811,11540,5966,1912,12476,6896,9733,7128,1556"
6280,"12857,1681,6971,7673,12758,6899,6220,5433,6733,10589,10530,12030,13025,10122,9450,2530,5964,1408,8402,9668,11281,4036,5999,12705,4361,4101,228,1933,3127,11262"
6287,"1290,9962,789,6243,5135,10663,3697,13309,12497,7817,7120,6515,10219,10336,10712,4929,8567,11884,2380,6763,9449,220,1171,2291,8922,5573,10840,8627,8675,6811"
6305,"5135,5303,10326,6971,10147,8977,5199,3875,10336,10607,12725,2140,4229,3321,3766,6652,10119,2218,6107,13289,9799,5148,4323,7644,10362,7138,2591,12490,8343,1634"
6320,"9580,2114,1634,851,760,6899,7106,7077,9201,12991,11651,2559,12464,10276,1747,4543,10916,418,13052,7590,335,12030,5239,10219,9784,861,12547,10508,5381,2264"
6339,"2140,9295,6515,10326,2815,11843,12897,9799,5199,6264,6357,5497,1841,5875,6043,12663,9309,9072,274,9657,7908,7773,7063,1437,2861,1345,5338,4101,10266,5060"
6360,"11540,11115,8235,2789,8922,89,8483,7003,8810,7172,9580,2670,13058,331,544,2265,5261,5264,11843,5545,9064,6964,8703,7064,3251,4373,9983,1328,5303,3016"
6370,"1290,10137,8205,1779,4147,11667,3085,12407,4625,10729,9771,1286,1776,12497,8161,7120,6243,10674,9890,7256,6638,8708,7867,5932,4022,5446,2670,9423,6971,12746"
6376,"6971,5135,4576,10326,10607,6220,2218,10674,5573,789,13309,10916,854,5470,3950,13346,6926,2140,4525,12943,8472,11855,8205,6283,10589,296,9369,11775,9962,8053"
6378,"4929,2380,1290,12026,11282,1726,4413,4377,7489,8707,12331,8387,9637,6962,12738,851,9557,1759,2038,11604,10840,9115,6982,2910,4615,438,8161,7637,10547,1265"
6379,"2140,9799,6418,13296,12663,13024,10462,5482,1972,196,6759,1990,2970,5678,10057,9690,9602,2708,1556,13433,5140,4552,1851,9329,9178,4422,10679,9072,12622,12276"
6398,"2140,2916,4101,10663,10607,6283,13101,4798,4602,8205,12665,12476,5731,9580,10693,7157,1747,5573,2291,3050,10155,3088,1645,9306,2808,1634,4391,10530,2228,8605"
6422,"5199,345,11282,1996,10127,1427,9409,11289,5258,13296,8687,12857,4529,12663,12784,7439,275,7632,6971,2218,8281,7484,11401,5701,9177,7392,242,5124,12341,9053"
6424,"9937,6166,8575,851,12606,3770,9645,8161,7637,2559,493,4621,6451,1544,4743,1704,2905,1210,6956,6383,4946,837,3294,2949,7364,8707,12711,3126,9118,6982"
6436,"1290,789,7120,6971,8590,6220,4929,5303,4576,8205,10674,8235,4277,7578,8161,13027,12680,9962,10663,2140,6243,5135,13257,11384,2499,2220,12497,9942,1912,8493"
6454,"2291,7120,11784,5135,12331,2218,12104,5819,11282,9306,851,7824,335,3966,3095,3340,1012,3759,13348,3515,11521,5520,20,5036,4413,10389,483,385,6382,913"
6464,"3515,10326,6982,3911,3870,5549,2165,31,4946,8699,10834,12331,12800,11760,8475,976,7734,729,3854,11504,6880,3498,3424,5168,2038,6220,5303,11528,5025,12104"
6479,"12990,2140,12757,12606,3909,2343,4499,7064,5835,13284,7680,8235,5747,12321,5999,1773,10543,6892,7558,11272,1278,3737,5961,13413,9115,10993,6634,11191,7462,7578"
6485,"9799,5303,5135,6971,9962,6220,10394,11288,12606,11289,11918,8271,11569,4974,1864,11141,5137,2591,6533,10852,2318,13214,7679,2899,6133,561,7613,13346,12395,12947"
6488,"1912,6220,4101,13296,10340,1408,2883,6026,4602,8205,4262,3788,1598,12437,2299,621,2990,5819,3688,4525,7171,6270,9398,8497,2440,6626,8339,5966,5711,13346"
6490,"10663,5135,1290,2218,7120,2140,13101,10607,10326,9962,10336,2916,789,2957,5999,13346,2328,9306,4576,3135,3641,9746,2591,9448,8977,6971,2133,4277,10147,10466"
6498,"1290,7120,1977,12497,4929,10389,4798,789,10137,4576,4083,6220,2990,10399,3488,4266,6638,5512,9295,4664,840,4777,9918,1846,4413,6900,3282,3829,5573,12335"
6533,"1290,10663,9962,4929,7120,6243,789,5135,11289,6220,12869,6610,9101,5008,1220,4387,12026,4798,12779,12426,12662,10648,6326,4277,12278,8567,8421,11540,9750,7817"
6577,"12026,6971,8235,5303,2218,11540,8421,851,6166,454,12030,8441,5545,12606,13101,8922,9405,6576,12809,2089,5999,3016,8161,1631,2808,1959,519,2092,2114,4142"
6579,"1290,7120,4929,5303,4101,2218,10674,6515,11775,1244,6971,1287,9962,6919,11693,8472,6166,5135,7175,4576,8355,2238,6243,4615,8898,10663,9733,2140,11786,12165"
6583,"5881,5819,2380,8205,9942,4576,10340,5036,12104,4413,4101,2291,477,13182,4602,3515,8714,11939,9306,9580,3759,10057,10326,10737,9844,2395,13314,5672,6351,931"
6597,"1290,12030,2762,10391,9671,7029,3539,12702,8630,4117,10916,3071,9369,2935,4608,4868,9072,4760,9049,6900,7575,1938,2870,7112,5501,13046,6173,296,6159,4008"
6599,"9962,5482,12026,5303,5532,1996,11843,11282,9580,9799,10127,6458,860,9699,2862,5497,9470,2777,2437,438,9549,5583,10712,6962,2934,6209,10516,11540,11160,10840"
6607,"10607,12389,2789,9580,6515,7679,5573,10462,6818,3741,5835,4389,11569,11766,3916,3225,3107,8478,11227,5647,9910,12463,9081,3472,283,9394,10079,1136,4679,7770"
6613,"1290,6971,4413,8590,4929,6220,10663,7120,12680,7856,3085,9405,12301,10674,1624,4277,1223,1687,2770,10147,3418,4173,2380,12497,4465,3737,1220,1726,8686,8675"
6622,"1290,2218,11384,560,8161,5303,5610,2149,7805,2140,10741,789,167,4215,9831,228,9865,2340,13257,7020,7792,2291,4723,7593,8399,8359,10,1526,642,12474"
6637,"2218,4101,6971,13296,2140,2295,6280,9295,1427,10138,11784,10127,2220,12026,9443,1287,228,5433,1239,1585,11775,12364,3295,6757,3112,6311,4731,3377,5705,8845"
6644,"10326,5303,7120,13257,10663,8590,1634,9229,2499,1290,2795,4184,1197,4576,9730,7417,12497,2808,10273,13328,1244,2220,1345,7264,9465,7480,4277,10463,5438,10201"
6651,"4798,2990,12758,4664,3560,3539,4322,2555,6220,4621,1524,5946,13201,1978,5104,2203,1769,10809,1437,4525,1803,3012,2767,4430,9412,12700,9295,9818,9024,1228"
6674,"8922,10674,10607,2140,8344,1100,11357,4163,3620,12665,7453,5422,8472,4199,3977,10368,2827,10340,12680,9550,6418,6202,5497,2124,83,8067,283,2381,5835,10546"
6683,"1290,10663,7120,7312,4013,4387,2340,13381,6060,9553,8145,1934,8819,13300,1426,364,2019,7471,9032,7369,12444,11726,13185,6302,12738,6264,11749,11486,6892,10561"
6686,"2218,9942,12497,2291,5135,8402,3909,6811,6243,4973,8667,4036,9962,10226,2916,8205,13027,11314,5810,7287,4199,4865,10138,1290,8593,789,8922,3287,7063,4322"
6707,"1290,4929,7120,2916,10663,296,6243,10137,3088,4576,10674,5819,12497,5573,9072,11298,6501,4315,13067,12944,6283,8567,789,1244,7063,5135,13309,5926,10648,12665"
6724,"1290,6971,2218,2291,4929,5545,2140,8567,11282,2292,11784,11088,12705,3401,9295,4525,5495,13114,10644,2211,7895,110,1363,13296,10530,1803,3308,1328,1779,8266"
6729,"5303,9799,331,9937,3909,1598,11384,8593,2218,5497,1100,11843,4499,8235,10368,2030,228,672,379,1642,4742,8405,274,1558,8326,10340,5876,6205,12839,9942"
6739,"7120,10663,2218,1290,12497,8590,4929,4413,4777,1977,4576,13101,10607,11289,5135,1598,3862,10451,3766,714,9971,4101,12869,385,11196,6788,7184,7745,9962,1244"
6756,"5199,2916,6971,1287,2140,7304,13114,5631,7329,4778,1133,3781,4304,10835,2799,11115,11125,7109,2834,1543,4117,3491,10063,2339,2218,12405,9093,3443,10249,5668"
6764,"6220,9962,3697,7637,7578,5507,4101,7462,8642,12990,1726,4798,2291,11326,4576,11521,12757,6971,5135,2380,3879,6051,7135,1576,8891,9425,10231,5582,8675,54"
6768,"8922,9937,331,12857,12512,1180,11399,2567,4253,2089,5573,1701,4035,976,1299,12768,9266,13433,8719,189,2506,6750,10547,11297,6437,3147,8997,6167,454,6918"
6787,"6220,4664,5819,4798,1220,9937,4036,10097,11045,6590,2286,12758,8815,2065,976,4865,3241,4322,7304,10132,1985,6591,2643,9295,6061,3909,4646,10462,10566,3766"
6808,"12026,11282,6220,2910,11843,12606,9699,7489,8161,2169,2038,4698,4798,1912,11540,3295,9046,4310,9002,4745,12665,6418,2654,4262,345,3910,7471,6191,5341,12694"
6811,"7120,2218,1290,10663,5135,12497,6243,4929,4101,2140,12857,2990,11298,13101,1977,789,12758,6445,10336,9306,2969,10389,6971,2440,2360,9668,756,6270,4576,10891"
6812,"1290,1912,8161,7471,11843,2990,4929,7707,6962,6752,7489,10441,153,2169,428,4387,1076,7637,1100,9046,12497,2474,8575,11000,6270,4813,6896,12565,3448,3631"
6831,"6515,10674,10326,2140,10622,2218,2380,4162,3697,6897,1978,9350,11775,11939,2461,2681,5487,8578,2357,10937,2199,7314,8463,1923,9072,5262,4571,10547,4968,9695"
6833,"10326,5199,9668,10473,6283,3641,5124,13296,2169,9098,5532,3766,820,12663,12703,9938,2304,4322,9229,7337,5236,7025,11282,11289,7679,2238,1133,11979,13433,10778"
6840,"5303,4277,10340,13296,9962,8359,1776,10154,4602,11784,5008,354,9613,331,1996,5663,9866,5999,12331,11630,3799,6610,7197,6982,1427,9115,6437,5866,7745,11282"
6842,"1290,5573,6515,12990,11143,4101,2567,2506,4929,6899,1400,4111,6787,10411,12512,3071,8835,3620,9962,9668,12591,1169,1497,6924,11357,8562,3966,5835,9646,1829"
6855,"1634,9580,1286,12680,6962,5999,9942,9664,5672,10340,1100,5545,9859,3504,2715,1659,992,7529,4659,4536,8136,3535,11774,11836,8674,5023,6312,10059,5363,5022"
6869,"2140,6971,10326,8590,5999,7983,5532,9938,1640,11282,10712,3115,5881,7336,5199,6089,6926,12727,796,609,2882,1711,4413,2169,6250,5482,13209,355,12821,8562"
6874,"789,6971,7637,8922,13309,7639,8326,3515,7623,10336,2931,3138,11852,7800,9937,9962,5467,9866,11390,11261,2221,11535,11740,7715,10105,449,3202,11103,6978,10247"
6879,"6971,2218,2140,8205,3308,854,10589,8359,10241,5999,12070,6899,12689,13284,1640,7878,6588,8472,2291,5881,6892,5420,3247,9751,4413,10434,5032,10326,4731,6046"
6885,"8922,10340,5497,7453,7745,789,10546,7138,11106,2140,9072,6418,2218,4817,8235,1598,13433,12497,13104,2958,10873,10607,924,13252,8344,4953,9405,4199,5422,11740"
6886,"2291,5381,5135,10241,1634,7462,2228,7064,5731,3870,89,7121,9942,10693,7645,5545,228,9580,1062,8459,11969,3047,4636,7842,2211,8165,7802,9196,7826,4293"
6902,"1290,7120,4929,6971,8452,2140,560,10663,1244,1589,1073,11630,4101,4277,4602,7762,3085,9309,5966,1287,362,6925,11292,491,13258,2916,13296,5761,11282,2286"
6908,"1290,6971,6166,8567,8922,11775,2218,13101,11088,3697,9937,5573,8562,5999,12990,10336,1978,3138,3950,8590,9962,4277,2988,13027,4525,3539,9405,12550,131,5214"
6911,"6971,13296,13027,789,1290,2861,684,3852,12665,7637,8804,6354,4877,672,2291,5482,8177,12944,11784,2731,13022,383,9837,11843,2929,1141,12404,5965,1658,2140"
6912,"6971,2291,9799,11789,1220,7770,12389,9101,9340,12104,8022,1255,5819,9005,6260,4101,7058,10434,5422,5421,804,3515,2238,8165,9684,7706,7005,1747,1996,10371"
6919,"10663,13101,10607,8235,6610,6243,3697,8302,8590,11289,9580,2238,7590,3352,2559,12389,12030,5264,634,9405,11719,2682,9101,2672,177,987,10464,2380,8483,5422"
6926,"8562,8922,11651,8483,1017,10326,8421,3238,7203,1891,6698,3726,1286,173,11289,886,11223,5270,8071,11327,6522,9229,9755,7578,9750,5712,12040,1972,7500,8221"
6934,"8452,12104,10194,4664,9937,5999,12157,2925,2530,9809,5696,9348,2903,90,8402,8376,6493,2990,13144,4474,7010,2789,7519,9046,10433,10531,1681,9846,11028,9948"
6935,"789,6971,9962,13309,3515,12944,7637,2260,7526,2483,7546,6589,6326,9449,5135,5302,10840,9072,3089,2726,7422,13027,6243,12658,2291,6628,10758,9557,4177,9101"
6939,"5303,6971,8421,11289,10326,6220,5999,11581,3766,1776,5292,9746,2648,10278,10147,7691,11246,6107,3950,1427,1283,10916,12990,8590,13214,2591,2700,519,3860,538"
7000,"12404,9799,1996,9942,11705,438,8504,7120,9877,1585,5303,11567,5650,10322,859,6541,2764,5135,3909,3015,8804,12085,10340,13130,6326,4915,9381,420,11892,6266"
7003,"2140,10326,275,11651,7637,7856,8525,6060,6971,2218,9483,13114,12757,8459,2220,4101,5642,1427,10684,10839,13257,1654,2019,10984,13423,12405,4387,7832,11935,3149"
7005,"789,1290,12497,5135,9962,6971,9937,3909,6625,4973,10462,6243,4036,4865,6811,11403,7867,10644,5008,4492,12985,4262,5303,9942,4664,8459,6418,4482,7120,11943"
7042,"2140,2238,10473,8235,10434,9072,10674,3833,4904,4109,5353,4679,9834,1978,3562,820,13024,2847,7590,2540,1225,7499,864,13152,6588,13296,6971,2444,1658,7314"
7045,"1290,2140,4929,6971,10663,8235,12497,6243,8567,5835,2380,7723,7856,7063,6529,1640,1123,331,4163,1598,9937,5537,2916,12064,7939,2220,2957,13027,6567,7578"
7047,"6971,12030,851,5549,8452,9711,6697,4946,2530,12780,4942,6016,5303,5671,9295,1480,1614,1121,6043,2220,1841,8703,6023,6512,13309,13253,11183,11935,315,7492"
7053,"1290,6787,10663,4111,6812,6243,9449,4929,4262,1421,6610,1287,6322,5090,2291,10017,3576,3062,3632,464,7120,3597,4177,789,10371,10741,6971,8840,1996,672"
7063,"10663,1290,4929,6243,8567,12030,1180,10456,9962,5135,12474,12026,2218,12133,11282,4021,10462,2916,10846,2339,7120,1304,1212,5839,2870,2141,8839,13114,9671,2898"
7067,"9962,5999,6166,11289,2218,5025,3950,13101,2291,6283,2020,11282,6576,2910,6971,4277,2238,12871,6395,12606,4004,9637,6610,9801,5818,12857,8225,13172,1779,4615"
7071,"1290,4929,10663,8421,2199,7312,2885,851,11143,626,1169,12156,12990,4111,12813,2826,1400,5834,6515,124,12844,560,6243,6751,4101,2435,7417,7856,6610,11496"
7078,"2218,4413,12758,9668,10241,9072,7707,1841,7723,2489,11730,11171,4262,5819,6280,2158,1746,5787,11183,9719,11726,9938,4322,10791,583,4525,121,2140,6971,5676"
7109,"1287,7637,5467,2335,1841,11728,12842,9295,11215,1543,3904,1921,152,3737,7329,13235,2688,8330,2158,9587,11528,13272,8794,5338,9729,1821,5380,1923,10098,10689"
7118,"1290,7120,9962,331,5303,4929,6610,4277,10607,13309,3992,9866,1244,4974,3515,4664,12497,8421,789,8254,11775,8746,9877,10663,8235,12047,8567,10648,10336,9405"
7129,"1290,4929,3697,6243,10648,5135,7120,1287,789,296,3875,4664,4798,13309,2916,6515,9643,6610,9746,2411,8514,9962,6625,1518,4576,3491,2841,2291,7029,2339"
7133,"1290,10663,5135,4929,7120,2916,296,2291,2140,6243,3697,789,4576,9306,89,1769,12085,11913,1085,1511,4798,165,11222,10530,7063,1681,8854,9362,10644,11517"
7139,"10663,1290,7120,2916,5135,6243,2291,4929,2140,4413,13214,12030,12331,6371,438,11717,11298,6926,5239,5810,9438,10027,9448,1490,4024,2380,5148,8675,10737,6757"
7142,"2291,2218,1180,5999,11282,12665,10462,4798,12276,6089,8161,10566,10389,2502,9164,12698,2089,5819,9710,3135,5946,2990,3111,12857,638,2748,2831,2086,2870,7020"
7146,"10663,1290,12026,4929,8421,2916,6971,11994,11357,7955,6919,11282,2515,7120,609,6709,1012,557,2908,11784,6107,6610,13114,4117,3532,4222,10672,910,11125,12201"
7172,"1634,12606,6166,12813,7138,9072,11282,9211,9281,11088,11528,5608,1169,1789,11969,345,7835,3886,7513,5124,13249,4993,7645,4929,13347,6011,8505,12572,10816,3296"
7181,"2140,7637,7578,4387,7462,11384,7120,8593,4101,3909,10322,6302,11750,9303,10993,6128,11143,12990,4576,2220,2483,85,184,7063,6401,8988,12263,10913,2353,274"
7195,"6243,1290,3697,7503,10345,2916,3706,1516,9746,9295,5411,4664,5810,12030,1928,7471,12497,8077,882,10000,3055,6480,4330,2085,7867,11024,4291,8716,9997,1421"
7197,"8235,12026,1220,4798,10326,9942,1912,2185,1977,4036,4413,1100,1487,3055,9295,10138,1598,11262,8177,4974,422,13346,9732,621,10340,10581,9507,8027,2043,6899"
7203,"5545,9580,2220,11475,1439,11540,12404,4262,9729,345,1449,2114,13097,11806,8088,11455,11488,2265,11753,11109,8442,9957,11327,1626,1634,5987,3427,1063,4798,4429"
7223,"6971,1290,5303,6220,9962,9799,7120,4929,12497,9602,11357,11282,331,4413,8235,2990,3515,2885,13296,12026,8472,6354,13028,5839,7063,5135,9101,1912,8452,8405"
7235,"8707,1073,2140,1634,11282,4215,4413,477,7765,2350,2916,7498,184,10340,493,1977,6634,2116,10835,2060,9214,5782,8452,4036,1589,5966,2692,11707,4101,8387"
7236,"5999,11282,9962,11357,785,12665,8922,12622,1439,12662,2736,6260,11508,2498,3088,5573,5610,2593,6089,4688,825,2443,4698,4342,7020,6823,4798,13158,12394,13191"
7237,"5135,3515,11299,2291,10322,3909,9072,4576,165,9799,12331,508,2380,4413,4440,11705,8504,5421,8954,7817,12174,10557,2988,8854,420,7044,12488,4028,12601,7374"
7255,"5303,9799,331,2380,4101,5135,6107,544,8405,9962,4974,7197,1427,4277,11751,10607,10687,10429,10340,6318,11288,2774,837,6746,1589,13281,2114,1930,3115,335"
7297,"10607,1634,4576,12990,6283,10326,2380,4266,11626,1244,96,8562,9668,11020,10674,1977,10841,5065,1558,9799,9569,6719,5907,3883,7298,766,2919,10916,3620,4521"
7320,"789,5303,12606,6166,1634,851,10326,6220,9880,12813,11117,12681,3591,5135,9671,3870,560,9580,2648,2015,5999,7645,10916,1187,12167,2199,2019,3506,1664,7792"
7323,"789,6971,13101,5135,13309,10336,10607,9962,2199,10326,8922,5913,5485,12356,3697,5270,9831,5476,10663,414,7099,11403,10566,9624,3442,6141,4111,6456,8514,7391"
7326,"12026,851,560,12680,897,9580,5999,12497,523,3870,6166,8590,6825,1675,3290,11812,4448,5629,3956,6057,9937,10474,4225,8217,6292,822,5549,3010,3523,4171"
7343,"3697,5135,220,11784,7120,10607,10429,1408,10336,1747,10997,9668,7519,9470,5199,7867,4664,3706,13179,4482,11368,3491,11475,6515,7709,5568,2238,12758,11344,5843"
7363,"789,1290,5303,6166,7120,10663,6243,11844,9865,10389,9072,6515,4008,13309,976,11629,568,9438,1244,6925,2453,11928,10137,5446,7138,3412,9771,3982,10808,5573"
7364,"6812,12665,11843,8413,9881,8235,10674,5261,237,10560,12813,11619,4136,3796,7679,6326,8937,3910,13024,11357,5532,4290,11194,12867,3427,8556,11667,10424,10191,2736"
7366,"5573,1244,10607,3697,9455,11289,1421,7578,2238,10137,9540,4664,9515,11992,350,6522,6270,1987,8554,7580,4798,11605,820,8124,7471,331,11455,4101,6610,1059"
7372,"4798,9306,4101,2218,2140,3112,10326,10138,10530,4929,6276,12026,11282,1592,1977,9739,519,8845,5012,13310,6828,2169,2826,4212,11020,5760,8160,4448,10467,9848"
7399,"9937,12606,1180,2453,8575,6418,789,9880,10326,1634,6960,3122,2140,3126,7332,1583,4109,12990,9799,11659,3556,11020,335,782,179,1376,2380,10900,9145,8562"
7402,"12562,350,1085,5545,1475,4229,7474,13138,2834,1747,13110,2228,8636,1691,2140,11919,8525,12427,6614,4679,5452,10741,9983,7679,7312,10462,8673,6646,7867,12758"
7406,"5135,10326,2140,10607,2916,7120,2291,13101,12118,9580,10663,12699,10155,8205,8427,10589,9072,4576,8278,13259,6371,8053,2107,5187,13084,760,2391,2327,7344,5731"
7421,"1290,4929,6971,7120,9962,5135,11384,4576,4277,7578,12779,10663,6243,9799,1726,6445,12497,9880,3697,12990,12705,11298,7489,2841,6096,2380,8201,12278,4413,1220"
7425,"8922,12681,6166,682,12260,11713,5128,4679,10947,3796,1033,12112,8706,5027,2570,3833,6681,1933,7084,10094,3937,7180,7637,10434,11616,11002,4904,1856,7417,6191"
7431,"1290,2916,6971,4929,6243,4387,8421,12389,9072,7029,13309,3106,2140,9962,3539,7120,12990,10663,2291,615,7718,7637,11969,10736,4513,7590,969,2537,8593,13114"
7447,"6971,4101,3713,8452,353,7489,5819,10062,2862,3487,9101,6103,12952,7712,1397,4979,11931,2343,4655,4675,6667,8707,6735,8387,7637,8531,10688,11332,11162,6926"
7451,"6220,12944,1912,5926,1286,9443,8274,1421,2567,7578,13296,12665,5722,4798,5670,7833,6812,10600,7471,12634,8699,3088,5774,12404,6326,9161,9087,6260,10741,5545"
7453,"789,5303,6971,4277,9962,7120,12779,4576,7723,9799,5135,2108,1996,9866,9732,9733,167,4262,8235,8652,11843,8761,976,10275,1746,7128,9295,3982,8613,11824"
7456,"1290,789,10663,4929,9962,12030,12497,12026,7120,4413,9799,6243,6220,8922,10437,11540,8567,7707,2885,9306,9101,11298,12662,12278,12220,1851,897,10840,6003,3515"
7484,"8562,1286,10326,8421,10916,11843,9392,11651,12435,2769,3620,1017,1883,11826,4988,5570,811,8590,10661,5107,2279,1585,860,10993,2905,1532,12517,12004,12030,5098"
7486,"6962,1634,7707,12404,10340,331,11540,3870,544,5999,9799,4215,13314,3909,11567,5964,5303,9942,10476,8586,1180,4877,1178,11282,3877,9859,4277,5532,438,11774"
7505,"789,5135,1290,7120,6220,12857,2291,6243,8635,7948,5914,12985,2218,11384,6971,83,11403,12497,6899,10607,6625,9880,11117,10663,1220,7503,9962,4201,4482,3468"
7529,"6220,5303,5135,4576,789,4387,11299,4262,12497,12779,8190,7063,2108,6971,714,11384,3766,8250,4413,2220,3226,12705,9942,5931,7867,3281,8491,6853,8128,8414"
7532,"11464,12351,837,12425,11243,2612,6638,709,9937,4615,7417,5099,11390,5179,2242,284,6719,12165,4047,9383,5847,3770,10473,11728,2038,12311,4101,8746,6576,6515"
7548,"1290,4929,12497,8794,3539,10437,1220,3770,4189,4798,11170,4947,5675,1337,7120,4790,5124,9490,11308,709,9733,2645,8159,6896,3697,9383,7856,5803,2169,1695"
7550,"9962,6243,5135,9799,3697,8922,9606,10607,11918,10663,8235,1022,83,11357,7010,882,2383,10850,2916,4929,4024,10002,4912,5148,12923,8675,11886,488,7471,11923"
7557,"1100,10340,4387,8421,12030,8235,10787,9750,12026,12385,11651,9942,9886,10735,13374,2185,3840,8562,6450,11064,6326,1286,4877,3858,8503,3577,808,4798,3055,500"
7574,"6971,4101,7120,8235,477,5303,9799,2499,331,789,10551,1558,8590,6194,11540,7856,8586,9190,128,10340,4914,4576,4777,493,12952,560,5966,13131,2220,12757"
7586,"4101,5135,5303,13097,228,8472,331,1634,2291,7558,335,420,13183,9323,8076,2808,4482,9799,11719,544,10220,7005,3323,9721,5199,9391,4924,4998,12858,13259"
7592,"1290,4929,7120,10663,2140,12497,789,5135,8567,296,9962,1244,4277,9309,2885,2916,6243,10644,10607,9306,2587,7745,560,13114,13296,10530,10648,810,4200,11298"
7594,"10137,3443,1244,1141,7679,10663,2951,7867,6243,2916,1345,4597,5558,9455,3391,10126,9755,10063,3791,11667,10033,2795,5351,271,9360,58,1779,6095,4008,4370"
7600,"6971,10147,10063,6220,5303,12456,6166,5736,2344,8674,13324,1129,9786,9101,8940,12321,6154,13381,11292,4677,9684,9587,4004,1659,9867,3102,873,391,9779,4553"
7601,"8922,10663,13114,789,2910,10566,3112,9463,2453,10897,7284,11517,2538,1854,9132,7138,12379,8221,9115,3548,10581,12471,2469,7024,5292,961,2157,11834,3643,2332"
7642,"2140,8399,5631,10326,8165,976,823,12255,12681,3799,167,2731,4602,5964,8957,8359,6141,11417,7998,5822,2502,13022,11266,7151,11117,10916,8708,11384,1180,12167"
7647,"1290,9684,1634,10663,2291,9115,322,3770,789,12286,4929,9794,9936,13067,11784,969,4224,8022,10340,9421,9892,12833,7935,13259,11161,2286,2916,5318,8472,5421"
7650,"10663,5135,5303,13101,4929,6243,10607,3697,1290,2020,11719,12389,12857,9234,13226,11289,3539,6166,7120,8421,3019,7856,11330,331,6576,789,5402,6154,8302,13214"
7660,"5303,9962,6971,6610,331,10607,4266,4101,6395,2218,11784,6397,544,9340,3515,1505,5239,3532,3395,1427,11282,11626,12730,5135,785,8217,6515,10217,12341,13012"
7682,"4664,12425,9937,10963,7545,11229,12079,2704,8319,2559,4777,2461,5066,1695,9799,10651,3909,1726,5433,3308,6097,7043,6591,11464,11728,2185,5645,1813,1524,9997"
7712,"6971,3539,8922,1210,8112,8071,7705,3507,2762,8562,11651,1318,6589,8161,12458,12680,11377,2910,9565,12331,9369,4741,4868,4465,1420,9693,12430,6150,3668,8217"
7728,"789,10663,1290,4929,5135,9962,7120,5303,11517,1779,2019,6919,13257,12026,6107,2218,9968,10389,13101,10658,4974,2199,11775,10467,8472,8563,11255,9273,7138,5985"
7763,"5303,8421,9962,10326,2220,10340,789,11540,9799,6220,12990,8922,6971,11630,1429,11824,13043,3737,7856,9937,11292,5124,5135,7283,11082,8235,331,13431,4277,2055"
7764,"11884,2218,13309,4101,12758,1576,1819,3443,2663,2789,4655,1171,3624,10453,12884,6150,9085,11726,5819,1228,7109,8668,10336,11242,5760,12413,8904,8442,960,1022"
7765,"9799,2885,10708,6729,90,8636,3070,10394,350,7519,11405,9489,4272,3853,3886,4443,9777,9983,12710,4263,8673,10982,6389,3892,8561,766,3883,1085,13269,12994"
7768,"10326,11651,2218,7590,11282,5999,8126,8520,4413,1017,760,9942,8205,796,10124,1427,10340,823,11180,7197,10240,10473,4643,8459,10793,7458,13314,5549,6209,2178"
7776,"8562,2199,7138,12665,6971,1286,6243,13114,12042,10326,10663,8161,2870,2916,5485,6201,3135,11993,6751,6812,9699,1779,7835,8912,7063,13219,13101,1337,10462,12044"
7834,"6220,13024,9602,9072,2218,7343,1286,4199,6205,2344,12094,13156,6853,10679,8954,4321,9171,3143,10415,6348,2301,8409,9343,9281,2108,13269,4973,3106,4664,103"
7850,"1634,1558,331,12680,4277,11969,9578,6874,10476,7234,4725,6638,168,5524,10792,4576,8085,10841,10395,10077,10778,96,12727,5581,2771,11971,7243,11024,9637,9229"
7860,"10326,5303,10340,12026,8922,13257,11751,8235,1100,1025,6925,1478,9064,2058,7784,3478,13315,5995,1875,13101,4163,8894,9968,837,11343,5124,1696,1579,331,3548"
7879,"2218,10712,12474,6962,11079,8593,4387,8828,9340,3870,1180,8731,10507,573,9061,923,1316,4915,11637,11390,12133,11488,5630,12049,1495,7800,10792,5610,9022,7558"
7892,"1290,7120,4929,4777,10663,13309,6638,331,8567,10137,11775,11911,3487,8898,4664,11479,2885,4731,3805,11770,2286,13185,4914,10240,3532,3313,30,8295,12072,5099"
7895,"10663,1290,7120,6243,4929,789,5135,12497,2199,13257,6515,10326,11751,8590,3697,3317,1400,3670,1244,8302,592,10712,2353,2380,13101,6751,12156,5071,851,11992"
7901,"3779,7867,4725,11540,6812,1977,1996,5124,3982,4262,4482,5303,7707,10716,12767,13296,6787,7833,530,4002,12857,3643,8335,10897,5608,12867,13355,1871,5095,9504"
7922,"2140,10663,6166,8590,4602,13296,1244,10674,8562,7197,2238,7120,13101,3591,4163,7578,6971,6515,9938,6588,9671,3842,3266,13121,5608,2957,1776,13257,8605,11547"
7927,"1856,12757,4229,4525,220,2140,11939,12156,12098,10213,11003,85,7848,9550,9350,6934,6708,121,5608,12694,12665,6515,3908,7513,4162,9470,6150,11463,7308,7045"
7931,"331,6982,1210,12104,5946,2291,12331,6610,13249,544,6971,10434,560,9115,2089,5025,1978,11784,3611,9157,4471,724,2109,4938,12458,9482,4621,779,6051,11282"
7938,"6220,11282,12026,4798,9580,7471,11843,4413,9693,4101,6899,2291,11406,1220,2169,3121,8981,9170,2439,3631,12606,9295,3486,422,6725,9205,5987,11540,9592,12030"
7942,"1290,4929,2380,10663,3697,13101,7120,10607,6243,2808,89,10674,4576,11939,8205,5573,4101,851,4777,5135,3071,4955,1634,10550,2916,6115,1483,11626,493,10381"
7964,"1290,10663,4929,789,7120,6971,8235,9455,1779,6243,2343,11667,8421,8977,4614,1287,6420,3002,11775,4865,9587,6213,8161,8355,4777,2630,5756,1912,7329,12813"
7982,"1776,4101,8483,2789,220,2291,4974,8167,3055,11191,9210,165,256,8822,1747,1220,8472,7917,10480,9940,3295,8065,2218,4344,9443,10378,10130,905,9170,4413"
7988,"10340,8590,6925,6220,5102,11180,5999,10137,12665,4413,11282,6246,1100,11160,9612,11289,9580,3122,6926,10625,1977,9971,2108,6209,12727,11581,8210,5502,8413,5835"
7992,"5999,12990,10916,9580,8922,6899,4387,8421,1299,8053,6920,12180,1532,11143,10648,6962,9668,7595,10792,6220,2957,2380,7590,12474,8590,11394,4037,4636,3860,9646"
8005,"4101,7120,4777,4387,6610,8590,331,2380,5127,8205,7590,9866,1100,4664,11775,13101,3230,12497,550,6883,3539,9877,6060,1290,7125,8421,12788,6312,5999,7532"
8019,"4413,2140,4798,9072,1220,9490,11789,6612,12331,7637,3291,9557,7856,4053,2169,12842,246,4315,9101,5803,6382,1899,7253,8071,3512,13362,3606,4101,12120,6805"
8026,"1290,789,4929,10663,6243,4266,5135,9962,10674,3796,5485,3071,7120,6971,2827,9164,11609,2370,2291,8001,5558,12665,1395,10712,4307,3091,3591,3115,6418,9536"
8028,"5303,4262,12497,11403,10999,13257,8714,203,9771,5022,9744,13280,2916,1612,8335,12173,8191,271,6001,9229,10277,5192,6698,2277,897,32,2605,10143,820,3326"
8085,"7120,1290,4277,4929,4576,9799,2380,10663,296,12703,789,2885,8590,5135,9962,9938,10607,1244,10648,10326,10336,10147,1408,7065,6719,9347,710,9328,13261,12088"
8103,"6220,3950,10138,4798,4083,1220,2218,789,5819,2899,4199,11299,4777,10566,10645,4101,10581,12094,12321,6820,840,3282,9115,2130,8189,13058,9174,4044,12758,475"
8108,"2218,4413,7120,9072,6515,2916,1290,1851,9490,5610,12497,9918,424,9306,785,8714,4189,4101,5199,10300,10021,2140,2286,6051,5907,3059,9701,13364,8430,5488"
8137,"7120,9455,10607,4664,2238,6522,9799,7558,3443,4576,6971,8235,275,4101,7901,7184,3909,11471,10963,4184,2410,9625,13289,3641,9254,5150,12522,9032,13435,13309"
8138,"1290,789,12030,10663,9962,5135,6243,3697,4929,7063,2916,7120,2199,7198,3539,1197,3992,4413,13309,9877,4111,4258,11384,5303,472,11143,8567,2220,3870,10345"
8139,"1290,13296,10663,7120,6322,11143,9837,6795,4216,12138,12990,12408,4145,10741,10498,10765,7299,10429,4025,9256,9443,2149,3852,1426,6787,9188,12757,10322,4763,823"
8148,"2218,9098,4798,8221,9771,7016,4117,10795,919,1579,1918,12026,7256,6506,13257,9580,3982,11289,11928,3031,8192,11227,12646,3241,974,2143,8522,2789,1746,7679"
8150,"1290,2218,5303,10663,9942,4929,2291,5545,7120,10124,8161,9295,9962,11691,13249,5135,5761,2915,11775,8441,2432,10017,4285,732,1074,7063,4142,4789,6757,9443"
8160,"4798,10326,5091,976,12098,3950,2212,5999,3877,4448,12003,1720,7471,8608,3088,7305,1437,11282,6673,6016,9000,4322,6730,2747,3149,1444,2265,2530,2478,11843"
8175,"10326,8254,9877,2384,2391,2812,844,10581,3578,3672,6610,9781,10614,10895,9580,1017,12787,5406,9638,8982,6107,9143,11299,3458,5549,579,3579,8590,4177,3539"
8191,"12665,9823,5999,12606,4277,7336,6982,7672,8562,10326,9233,5482,8530,5532,9846,220,3493,2352,10389,18,12740,1772,1596,5292,6608,6708,2291,345,2165,10908"
8198,"10663,1290,4101,2789,10607,4576,13101,1977,12476,7120,9746,10389,3779,2218,385,1427,7005,7157,4602,11357,3524,11643,7197,10137,11055,7679,2799,6770,9662,7302"
8202,"5999,6220,7010,11357,11843,2670,4499,12157,1217,9105,8623,9650,12104,3577,12517,9550,1409,2903,5240,61,176,10735,280,4387,6156,1681,4199,9932,5203,4015"
8233,"2789,3697,10079,9983,10607,773,3246,2885,6595,6804,2704,9703,2559,2339,3064,11622,3850,9714,8922,4664,2360,4192,7281,6638,12730,4693,11992,5487,5819,7005"
8251,"2218,6971,6166,5545,8343,1286,11969,6220,5999,13249,9693,3950,8922,8505,6697,10222,8421,6588,4513,10785,4285,6892,8667,9942,7121,9861,10382,11272,10124,2988"
8252,"1290,10663,7120,4602,9671,7197,8205,13296,8567,2140,10340,12541,8161,11117,4277,5826,9309,3591,1912,6293,5999,851,5629,4163,4413,8562,5482,789,6220,1349"
8265,"9962,789,2140,2218,5135,7817,8675,5610,10840,6960,11775,13114,9866,12026,8342,13309,2380,6889,10434,11282,1290,6763,2910,9699,2220,13150,9515,9369,7138,5027"
8267,"4387,4777,1290,8018,10566,3578,2286,1286,4929,3539,12999,6433,1978,8922,4315,13185,6751,4139,6271,10895,4465,1210,3737,6213,13387,5913,6744,3797,8126,8205"
8268,"1290,10663,6971,5135,4929,9306,9962,2916,13114,789,2291,11289,4101,4798,6243,8472,5545,785,3950,11282,2155,10530,11357,3532,11540,2140,7076,1634,11619,13296"
8294,"9799,5303,5532,6982,1634,3870,10340,11282,7894,11843,12104,3220,9046,8804,12599,8699,2124,7083,70,13182,1662,4877,12395,9602,11406,7529,10786,2114,5549,9664"
8299,"6220,438,4413,9799,1977,1996,6326,1220,9072,12331,4576,8452,2764,6757,1814,11508,2762,5512,3379,1239,7707,278,6985,11621,2993,4853,4101,3112,6515,5143"
8302,"1290,4929,7120,296,4387,8421,10137,8567,10663,2670,3488,9072,2916,9490,7243,9918,12990,12497,12129,5907,10798,3737,1583,7837,11609,11384,8594,10816,8714,12738"
8303,"1290,4929,12497,789,8567,5135,3697,4277,1912,1779,10336,1244,11298,13101,6971,7578,6270,5485,5545,5573,7471,9405,7063,12705,9837,3781,13296,11088,12044,810"
8323,"6971,10326,1598,9937,8235,8590,10340,4163,12681,7063,5098,2140,2957,1305,4811,8126,11740,12939,2558,11495,8734,10529,10132,4322,7224,11651,3977,3798,3833,1558"
8327,"10663,13101,4929,8590,7578,2957,2218,1241,8562,5573,7054,6243,9886,8567,5999,1290,3697,1244,4163,2133,1598,7928,6875,1700,12497,11992,8205,11651,3670,604"
8331,"1290,10663,7120,4277,4413,2916,6982,7817,9962,3799,5999,8567,5135,8254,7197,13211,10147,1223,6987,6919,4917,11822,851,9943,10336,9733,3039,2411,11282,4053"
8332,"6971,1290,10137,5610,1439,5307,269,7391,11788,2916,4946,9164,7293,12320,6890,10835,5778,12665,8702,16,11109,9816,8922,13240,9356,7833,9484,7554,9699,10828"
8334,"4798,7637,12331,2291,4413,1290,789,1210,837,9962,13309,4036,8504,9306,2587,12497,5964,2885,6960,6003,10138,12787,5135,4929,8707,7104,9295,145,1887,13314"
8337,"1290,8421,9799,13309,2885,6128,9295,10429,2312,13296,8167,13235,9962,11566,823,12382,6382,10607,8254,8043,10648,3992,4974,8610,8509,12426,13167,455,1239,331"
8341,"1290,5303,7120,10326,6243,2990,789,4576,9295,9580,2916,11540,296,9746,7867,4262,3766,6515,5524,5470,6043,5135,2070,10648,11396,5999,910,11930,5570,10999"
8361,"1290,7120,10607,331,10663,2238,6610,9405,820,6243,4929,8590,12389,9962,177,10217,1244,11969,6576,10389,2916,8235,11719,499,9309,10137,634,6422,9229,8948"
8369,"9962,13296,6220,4413,3886,2218,7707,1851,11282,13027,6811,5839,12662,8567,2910,8922,13024,12030,789,9602,12578,10840,2408,2525,9837,2899,5265,9799,12944,7408"
8378,"789,9962,12026,6971,4777,5303,11775,8235,13309,1779,8922,3207,8421,1290,4127,4929,2218,9455,11540,10097,5837,1161,5558,9295,519,3737,5913,454,7526,2220"
8407,"8922,5303,11024,10481,9369,9865,6515,10607,10336,9799,3122,5338,2380,10588,7609,13118,10147,5238,4974,12531,9072,4229,11918,5569,10808,2140,12725,8302,13257,12310"
8419,"331,3539,8590,1978,11719,6610,2238,13101,278,3238,4277,1220,1845,1286,4646,12875,6111,7971,4322,1609,12874,8716,5025,12680,1390,1378,5999,6854,992,8562"
8424,"1290,789,5135,2218,5303,9962,7120,4413,9405,6971,8421,11384,10663,12857,3950,8650,7723,4929,2988,6243,8567,363,12474,9866,13101,13214,1554,1971,9072,2899"
8425,"789,1290,6220,9962,2291,5135,10663,4798,11282,3295,6243,12026,6960,2140,13027,11540,13309,10138,13296,9306,2218,4083,4929,5142,8675,5149,9205,12030,6971,454"
8438,"1290,7120,10663,4929,6243,12497,13101,5135,1779,4277,8593,4576,11384,3539,8635,3697,789,2291,1977,8590,7503,4973,13214,8018,12263,773,2957,5914,7535,12703"
8447,"1290,9962,6515,7120,5573,9866,4777,10336,2218,3515,13296,6458,6610,9550,6395,8567,10674,4525,6280,2567,220,1821,12864,8922,4266,8632,7736,12578,9695,11171"
8458,"1290,2140,10663,7120,4929,5199,2218,13114,10336,6515,3491,8567,3697,1244,4229,3781,296,4117,1401,4289,4200,2916,7439,12341,785,6751,12497,7125,9295,3875"
8463,"1220,3539,296,4576,769,12389,1977,4101,6220,3770,10963,6877,10067,4269,10792,7856,7044,3438,6926,496,8413,331,696,2110,10581,10326,3947,12476,7767,12833"
8471,"1290,10663,12497,2218,8567,5545,6243,331,8235,3055,4929,2140,4679,4777,275,9295,2990,10084,228,7895,2957,8376,10599,2728,10644,11992,6109,1100,11530,10152"
8472,"10326,9942,2747,9048,783,6107,10039,2968,3031,5303,9118,9799,5264,3534,10340,1100,1156,4388,462,2559,1407,9043,11115,10835,2318,8894,12143,6062,5098,8922"
8477,"8922,6960,8483,12030,9652,2548,12335,2218,4266,2343,1957,10389,1395,10562,2328,522,3112,10916,10172,12857,10822,3643,10790,9507,5338,8904,11216,5249,6873,10079"
8478,"1290,4929,10663,9962,5135,2916,7120,4576,6971,5931,4387,3766,8922,5545,13114,2286,13101,10138,377,9132,10336,6641,6026,2218,10124,10132,424,11196,4036,11540"
8483,"1290,789,7120,5135,10663,6243,9962,2291,4929,10712,12497,4777,13309,8235,8472,12680,4576,5036,13101,11907,10644,7817,5672,12030,10737,773,2391,544,10607,4822"
8496,"4413,2916,4798,3106,6971,1220,11282,8999,6757,2291,2671,9409,12404,544,8472,2411,1185,9456,13114,345,5258,1286,5615,82,12663,10793,11289,6264,1421,1883"
8497,"4929,5303,1286,4387,12497,3737,11384,9383,1241,10143,974,6698,345,2916,11292,5000,11048,13381,7856,11322,8454,10245,11914,9744,10063,4454,8906,13324,4173,5927"
8501,"10326,10916,2591,5964,2957,2478,8708,7081,10000,12030,5976,9668,4811,6433,4322,13373,9518,11018,11742,10052,4312,1776,10982,1180,4865,5381,10013,823,3770,5038"
8506,"331,4101,7374,6515,2380,12632,2990,5573,4685,1065,5835,10378,8653,8060,11028,3796,2214,4790,7027,3773,1923,9818,11115,13401,10736,237,7840,8124,12286,802"
8520,"7120,4929,2392,1912,2343,286,789,5142,5760,1290,5557,2140,11726,10326,8023,4413,854,773,3099,6220,1400,1133,6588,11082,7930,8049,8521,7243,3002,6899"
8524,"8590,5303,10607,9799,6166,5573,4576,1747,12680,2238,4277,11289,4965,1244,7197,3085,8703,9668,2763,1478,1776,4898,4163,6925,9625,13101,3982,680,9496,7578"
8531,"5135,789,1290,7707,5008,5810,8413,9799,12758,1851,4973,4576,1972,1281,12497,12030,3979,2536,3982,12662,7381,8018,13309,5911,7120,9470,4161,11,2990,9771"
8556,"1290,12497,4929,6220,9962,8235,789,7044,6418,8413,1598,11843,9799,4576,9744,2990,3909,11540,7578,11809,5422,5835,9567,4199,9718,3728,9600,3600,5926,2183"
8579,"789,10241,5467,5135,4101,2140,11121,9038,9957,2808,7723,2744,4924,13309,6850,7317,3341,9484,7201,3822,2653,1634,10402,10607,13259,8472,10434,3434,519,13097"
8585,"9937,331,12026,13101,2218,1598,228,11384,12857,5303,621,9308,8235,6167,9799,560,10963,2149,12990,3984,8593,4777,2506,8405,11243,6035,4898,13245,3055,7583"
8591,"6971,4413,11784,10663,9405,10778,13114,12606,13296,8590,10326,1244,2218,9615,3950,4929,11775,1779,7024,11993,2391,2292,6899,9880,1337,7515,1634,11869,2343,4695"
8592,"1290,7120,10663,789,5135,9962,12665,13296,1996,4576,4777,220,8413,8205,2155,3407,8472,4698,5008,2291,4602,3266,353,3295,9857,8616,2149,7366,7578,6243"
8596,"1290,7120,5303,4277,4929,9799,12497,4974,9942,5135,10644,1746,8254,1478,3909,789,837,8707,1073,11892,12793,9659,4865,9937,544,13381,5672,8593,12334,7867"
8598,"1290,4929,1287,7120,6166,2916,1634,10663,1244,5303,6243,1400,2237,7063,1098,271,6119,4008,3904,5033,350,10411,4569,8905,286,1132,6370,7743,2392,12854"
8608,"1290,13296,7120,2140,1851,12738,7833,5532,1725,6751,4576,3895,4413,6081,9072,5830,10663,4028,4798,5610,9729,2169,4053,7053,7707,2233,3909,7834,12404,9733"
8610,"7120,4576,1290,10663,12497,2380,9799,4929,1244,7707,89,7197,4277,4688,2916,4163,5422,8590,5555,6418,9612,1704,4216,2957,9971,6811,6260,2822,2245,5135"
8617,"1290,7120,13101,5303,8205,4929,5999,2391,9405,9684,12809,13346,8607,7529,10466,12309,2469,6312,6770,391,9662,8355,4865,2273,2808,262,6445,10566,13432,7234"
8621,"10336,4229,6971,10608,5303,3281,4430,4254,558,11405,3515,11024,6032,637,3766,2148,4482,1099,3927,1810,8243,10119,12384,12427,3643,10778,11749,10241,13249,5931"
8629,"1290,12497,10663,4929,8567,8235,2218,11357,7120,6243,12026,8421,10712,168,12857,331,9886,2882,7138,12723,7344,10107,9405,2140,848,8714,789,5497,7711,2377"
8649,"789,5303,5135,851,6220,11994,2885,13309,9962,10326,3515,5570,11281,5599,10340,13310,3070,2199,6016,48,12030,3934,4627,4915,12026,3573,4974,335,11630,3789"
8652,"4929,7120,6243,789,12497,8567,2916,5142,13309,5135,7063,9837,1912,5810,7471,1400,9962,296,11298,13027,6270,11884,2885,10462,7331,3697,3412,8205,4163,1554"
8714,"4101,10607,2822,11115,5422,4798,1923,331,4576,2380,5359,31,4924,11166,1662,96,1634,7374,3697,6051,8041,8318,2808,3766,4563,2154,4300,4778,2214,10963"
8718,"6971,1290,789,9962,10663,2140,8235,5135,11775,13114,8421,7590,8483,10648,6899,8922,12990,13259,10326,1122,10607,6960,9866,5470,2916,7817,4101,10241,8675,12301"
8733,"2218,8421,4101,2789,8235,8483,5573,10674,3620,7955,11355,7917,7374,5016,11171,840,6588,1400,12465,1776,6522,1254,9744,9886,4924,2443,9098,7948,8605,10798"
8734,"2218,9369,10792,2140,8562,8161,3246,3440,7024,10835,10937,10147,10916,2343,2411,11775,8922,9515,13347,9463,1210,3122,13114,759,12490,6767,7609,10326,1978,10674"
8754,"2140,3770,2916,5810,10607,9295,3641,2343,13296,11919,7743,10674,11871,10473,7375,854,2622,5470,4525,720,8707,843,7084,493,4235,10241,3341,9072,12070,2091"
8771,"789,9962,10840,13027,3515,10240,12026,4777,13309,2910,3478,2931,11282,2260,9449,837,6026,9843,10462,9942,7639,2529,10473,5839,4321,11604,8563,243,5008,9002"
8791,"2916,12665,7120,1938,1290,10897,10077,5819,2469,10663,415,5025,4576,8173,4262,12540,11609,377,1996,10672,11513,8023,4798,12603,7042,1356,6004,2504,7112,9465"
8794,"5819,2140,12497,7120,2343,8205,11726,1912,5760,4777,4101,4322,7425,7053,2218,4315,6638,5557,1662,5696,8054,1335,7983,2882,3787,10663,6588,6060,3680,6269"
8797,"5303,6971,789,2453,851,12606,6166,2895,12809,12026,1223,9880,454,2391,12424,4627,3870,13134,12198,8048,4111,3796,6919,7459,5866,4568,5451,12813,7476,5304"
8804,"1290,10663,4929,7120,10644,789,6243,296,6919,7471,6445,10607,4277,1779,2916,2273,7119,9733,9909,8355,3816,6270,8567,6741,3643,5135,9369,2140,8298,12497"
8809,"2140,6515,2291,11528,1290,789,9072,1664,10322,11969,11384,3071,10667,9049,6268,4608,1062,4411,4892,12454,165,13119,4499,2535,8256,11194,337,8165,12389,83"
8823,"10663,1290,2140,4929,13296,2916,13101,8590,8562,9405,8235,7120,8922,10473,3532,3184,1244,1654,2380,5610,1598,1640,8034,2709,1583,11770,10840,10451,10240,8567"
8833,"11843,12030,5026,13261,9550,4322,11210,1305,3620,1558,2228,1585,12703,10326,9511,3539,5629,8562,1281,11531,10916,11209,9799,3704,7558,10234,8430,9616,3858,13022"
8835,"4101,5819,2291,10674,12665,2238,10937,825,4525,2910,8472,10473,2218,13296,5199,11871,6956,4243,6280,5557,7032,1421,1220,353,7802,5386,13320,242,11282,9515"
8840,"11282,13134,2914,8421,12606,3296,7138,4413,6220,3643,13296,6201,4946,891,9405,5124,193,3088,362,8561,1634,1881,8699,5907,8748,110,7091,3070,10732,4798"
8842,"1634,6971,5303,13097,3218,9087,5545,2571,9003,85,2220,4865,8919,3241,9684,391,7090,12440,6846,6166,3511,6922,10128,8830,4052,10340,8084,5144,6095,1073"
8860,"1290,10663,4929,789,6243,2916,9962,11540,12026,5303,286,7120,9580,3317,10840,5135,10869,10672,11217,5731,7498,851,1634,6751,11143,11292,9502,11235,11994,271"
8866,"9937,8562,9880,11384,11463,2380,10326,2199,1244,7198,1776,5240,1350,4898,7578,2454,2318,10804,7471,5303,9504,9650,665,2608,7646,4974,4277,1372,3731,12217"
8877,"9962,4576,4101,10607,6283,6220,7120,10124,6610,4413,3515,1290,4602,5025,5135,1996,1220,6422,6204,11784,6107,11508,3238,10389,7580,11289,4798,31,681,13296"
8887,"10326,3697,2212,7471,11992,1400,11651,2789,7266,8826,3064,10607,9983,4798,13309,7637,8651,12382,2530,7901,12435,5167,1141,6730,7955,9540,12740,5325,3049,5031"
8895,"12026,6962,9937,10547,6437,11282,13245,5537,12331,5610,6529,12622,4321,2975,8465,3682,560,851,4915,6515,12575,5156,13201,11160,9602,1180,9046,5629,9316,6057"
8907,"789,10326,9962,13101,5999,10340,2291,1084,12026,454,3135,544,5303,13191,9484,2218,434,5272,11184,3870,6089,89,17,9164,4021,5135,4953,11630,5913,12680"
8921,"10137,1244,6638,5199,6112,560,5387,275,10507,11289,13114,10077,820,5610,1583,2020,4609,10663,6982,16,4851,13329,6751,9192,12129,5235,2140,5296,7138,6576"
8928,"1290,2916,10663,7063,6243,12497,4929,4387,4798,13314,11651,7197,3706,2395,7120,3697,1516,8554,8475,1421,2380,6505,93,6811,7666,2220,5545,4413,1691,9909"
8936,"10663,7120,3,4798,10712,7971,6060,2916,4101,9580,8778,11719,8302,6610,11227,2228,331,13143,2238,5258,2671,5422,9910,9771,2327,5819,4205,7331,12664,1200"
8965,"789,8922,4413,12030,9072,9405,1662,9693,13097,7138,7120,2218,5379,8235,8434,4777,286,10725,2343,555,1851,5303,1665,7707,10546,1821,4348,4614,5875,10078"
8971,"9962,11289,2218,6843,1429,1241,3909,5135,7578,8922,1100,5487,5497,3031,8505,4229,12207,1996,3766,9699,7513,11227,9755,7679,3165,2183,6612,9642,9753,8062"
9000,"9962,3796,789,9799,5303,4266,10607,11569,9470,8922,2862,568,6243,5485,5135,6823,10840,8706,1269,3966,860,11840,1772,5079,423,6166,3577,2437,7679,12099"
9023,"4199,5819,8922,4388,9414,11191,7845,3122,4315,11871,8575,12268,2343,6116,12757,3134,12738,9515,2083,12321,12517,3713,3341,4791,12435,11654,9593,11160,11470,1856"
9025,"1290,5999,11357,10663,8922,4929,2916,12201,4506,4024,11945,12471,4163,10039,860,1224,13381,8838,7707,992,7020,3122,5610,11717,11282,7487,10147,7120,11406,6843"
9031,"2140,4602,9799,13296,4053,5339,5610,3295,8483,7462,4101,10372,6982,1776,4756,12512,6260,12757,7059,8822,10057,8045,7283,9815,9046,1556,1725,11246,2670,12421"
9045,"1290,7120,2218,4576,6220,9962,5135,4929,4387,789,7027,4973,12776,5573,3909,2899,12094,4777,2990,1977,1588,11396,5512,4083,7707,1100,3788,4865,12788,5835"
9053,"2218,6971,2140,5199,9072,1996,9733,13024,12857,13216,228,7138,2164,5501,11558,1814,4007,9511,9602,10792,5147,8402,10756,4338,9771,1281,2935,3409,11637,1293"
9054,"13058,5008,5819,4576,7707,6971,9671,1281,13346,5999,2990,1269,7120,4627,4722,2419,1558,3539,5966,2071,4262,4721,6638,150,4277,10137,3340,9859,6825,8018"
9060,"5555,4946,5549,9799,2260,12779,1439,4262,9859,7077,6139,1228,10561,897,1726,2927,10281,12456,4436,6016,1049,3870,3515,3749,12785,12026,10202,4617,8919,12853"
9063,"4315,5999,10792,5819,6433,4387,8018,13058,8844,7885,2478,1210,4155,10000,2411,12550,2536,1386,9983,2089,11356,10336,10982,10994,2203,142,13025,2828,6426,798"
9071,"6610,4111,8157,11719,6751,8928,785,10561,5025,11115,6322,4423,1689,11806,4843,5834,3779,9504,5538,12448,9229,9098,8335,11341,1298,1790,5075,5545,7622,689"
9078,"1290,9799,2670,3697,11384,8703,7462,293,6243,12793,7837,2020,1664,2834,296,7120,10792,8708,11723,3606,8514,12389,7960,11018,7527,4315,3480,5964,9842,10137"
9101,"789,1290,6962,10663,9115,4929,8406,11282,7120,8922,6982,4387,6028,9962,3805,6452,1180,2116,11231,6742,4315,8919,560,4215,10702,4613,1940,9980,3950,1875"
9108,"1290,10663,275,7637,9799,7639,3487,4388,5610,2220,6322,11143,6960,6962,2038,12757,7439,2885,4570,9018,8469,6288,12098,3904,519,6982,7063,4025,7325,12425"
9110,"11282,11357,10712,11289,12104,4387,2670,9799,1277,8421,6419,3532,3488,6652,5559,5999,4448,844,519,3875,2312,4023,12026,9649,3829,11521,9340,8254,4974,10477"
9114,"8235,4929,3977,11357,2670,6971,8922,519,12990,10835,11800,176,11626,12858,11837,12026,8830,9998,12180,1921,2630,4266,3570,8911,6420,8421,6442,11921,4963,45"
9144,"1290,7120,5303,4929,10663,6243,4277,4576,6971,8714,331,13101,8567,6515,2916,3697,1590,2286,5999,6091,2218,11693,10336,296,544,1244,11626,9306,454,5022"
9172,"5303,331,5135,789,10326,10607,6971,2238,9799,13309,544,12857,5060,2885,12389,5572,7151,9234,4277,6166,11719,8651,1149,8058,9571,1802,2644,1556,13044,7219"
9185,"1290,789,10663,9962,13309,12497,8922,6243,5135,6418,8567,12030,6960,8235,4798,11992,10607,9295,11884,11843,377,9837,3412,13160,7471,3886,13134,8589,10336,2885"
9190,"5135,9799,789,2140,6971,9962,1290,9072,6243,1556,2970,2260,10758,6811,4413,2483,12404,2916,9306,5149,11326,2951,11298,3749,12497,8805,7116,10264,8818,8505"
9193,"6971,1290,9942,7637,6220,7578,10644,3697,7462,2728,4474,11570,2291,1605,10067,5055,5964,1872,5008,2530,2066,6859,11789,4499,89,2220,3055,7471,1747,12793"
9198,"5008,851,6325,1851,848,1223,12404,8929,12944,8413,6751,3759,9144,191,4798,7833,7707,1286,5863,3577,6962,3396,9671,10704,5675,4388,11540,8823,2736,10887"
9200,"1290,7120,4929,789,10663,2140,10607,5135,8567,4576,13296,4277,6243,1244,12497,10473,4413,9866,2916,3515,6971,296,13114,10648,13027,286,4028,6589,2483,7745"
9201,"6971,8161,5303,11384,11194,1854,7747,5558,5279,8960,8830,3207,301,1475,9587,6166,8648,13185,13257,3592,4278,10523,3910,4465,1249,7999,4263,13269,10394,2432"
9204,"789,12030,3950,6166,13309,6971,2885,871,8018,5303,3070,4613,12606,8703,9405,3539,7489,10778,870,10097,13101,10044,13346,6270,8871,12995,921,915,11082,6563"
9215,"2218,4798,4101,5545,12026,11282,4777,9693,8421,2990,3744,2645,8161,4322,10152,4413,1956,5946,4679,8452,7895,1220,1524,4692,9598,9098,8886,6345,133,6733"
9222,"10607,12704,1996,12404,1747,7197,4576,9799,7867,5303,3706,13296,5966,5532,1776,9470,6283,31,2238,3525,4277,544,13235,4602,1725,3982,12085,9733,5403,7833"
9233,"6971,9799,9671,7558,5999,5303,9804,1634,12455,12703,8586,1996,13022,10093,12522,12681,7807,1281,6107,8804,1558,7197,5135,1522,11495,10916,13361,2199,5756,12668"
9235,"11282,789,4974,8421,1634,228,9962,10429,5303,544,10241,6318,3950,2114,820,10340,12026,4413,331,7784,11488,5124,6625,11088,1376,8928,7723,8981,8563,2093"
9245,"1290,7120,4576,4929,3697,789,6243,12990,10663,10607,5025,2199,2380,6515,7578,61,13101,5573,13249,3909,6115,12069,2822,2482,10674,4139,9234,11384,8342,10306"
9275,"1290,10663,6243,4798,4929,2916,7120,4315,2291,2671,6220,7471,1210,3539,8018,2990,5557,4841,4753,2988,209,8642,8675,1554,1681,4813,4933,4024,12497,1180"
9308,"5135,2291,2218,12294,226,9306,1747,1223,2199,8616,3870,4127,385,3670,4796,7898,2771,12606,1218,6949,11502,8459,12988,6402,851,10241,7826,11603,10964,12796"
9323,"7120,789,12030,5135,10663,6243,5810,1290,9072,2380,9671,6515,4266,12945,9668,6194,9234,10712,4929,1851,2885,9328,773,13024,10523,1585,11840,12350,13296,6900"
9329,"11384,6166,11969,1634,9229,11115,13097,2265,6982,10324,10262,10128,1856,4969,2148,10873,3414,1832,9450,5943,8335,6516,9003,9541,6467,11528,2165,9085,5025,11506"
9355,"5303,10326,13257,9968,10607,8421,11117,544,8437,4947,13114,4970,13353,3766,4929,4324,3643,10581,9135,1766,2799,1133,8951,2841,5318,4079,6846,4576,8525,1085"
9369,"2140,12030,6220,5135,1290,789,2885,10663,6311,9668,7637,5964,7462,5339,12857,5810,9799,7120,6971,7079,6243,7715,6194,693,3428,7408,4083,9671,9063,1255"
9386,"7063,9937,6220,2264,11843,7471,5142,10547,8575,2237,1228,3171,11609,9888,8626,3292,411,12497,1769,5367,5573,8719,2412,13371,9412,12665,10816,11790,6243,6418"
9388,"2140,8421,13114,10473,6520,8235,2957,11775,10607,7590,6588,1978,4413,8590,9295,11993,9369,4322,1017,3950,10124,12939,8593,2178,869,3990,1985,7403,1714,2558"
9401,"2218,4101,11626,8421,1287,5819,7558,2158,5135,10798,3112,8226,10322,7016,11097,1918,10916,4353,13058,7832,10790,5944,9943,11435,4022,12189,1664,2131,11705,7064"
9418,"2140,4101,2343,4602,6971,337,11384,4499,2238,2890,10067,12857,6588,3496,331,8235,3112,13210,2020,11011,85,6759,6515,89,5996,6118,12757,1500,4163,7474"
9433,"8922,8235,10607,7578,13296,7197,6971,9799,6418,9962,12030,6322,1100,1704,9470,3774,9866,3886,1910,4325,5621,13024,13306,4694,4216,10787,964,861,11532,5532"
9440,"5532,1704,5199,2140,8562,1328,9470,1200,3048,13191,8402,12665,11774,5999,5876,12663,6004,10326,4277,4853,5630,4800,8593,1316,2957,12563,3770,8212,10997,7530"
9446,"1290,4929,789,6243,10663,12497,7120,5135,6790,8567,9962,12857,4798,9072,6220,11298,2140,8886,7471,5142,10462,5810,12474,12344,1180,7637,5422,9888,1779,11923"
9464,"2218,275,9295,6971,8421,3106,12928,5610,6529,7329,4640,12418,5938,727,7439,1779,3825,1372,12444,3055,4330,1180,9110,759,24,7000,2472,12026,3737,9272"
9477,"6971,10326,12681,4602,11289,10137,2391,7157,2133,4568,9580,12680,6626,168,3591,10581,11619,9484,4466,1836,10916,6283,3982,11117,9164,4384,8335,3506,2958,10674"
9488,"4929,1290,5303,789,4685,4387,8235,11464,10097,5066,576,7493,1521,12180,6563,9786,3702,2435,8421,12990,8437,9937,1979,11998,9234,4880,3539,3171,8905,13310"
9500,"789,4664,13309,6787,8177,1378,9295,823,7029,7594,9449,8326,2499,12985,2861,3443,8731,1133,9155,11843,12499,672,5353,9350,10266,4365,5882,9979,7700,4183"
9502,"6971,10437,3377,3539,3401,3292,1220,925,13110,3622,2993,4798,2555,12944,5549,10756,7983,3507,1846,5433,5926,10295,12952,6796,2158,4322,6326,3372,9557,11183"
9507,"1290,8235,13309,4929,6971,8421,12757,4101,2885,789,10663,5303,2343,12858,331,9295,6960,9684,6288,7428,8441,12030,2965,8483,7856,3487,8845,11639,3625,83"
9528,"10663,7120,4929,6243,5135,9962,8567,10607,4576,3697,2140,2916,12497,785,789,9799,12662,714,10648,7833,4277,10422,10137,6625,2784,6081,5830,7762,13185,10745"
9539,"7120,11384,1290,9668,4387,3539,4929,5943,1978,12990,11723,8590,2238,2020,4576,560,2019,1790,8988,3697,11939,4277,12436,6610,61,6402,5552,3040,9348,4004"
9566,"6971,10326,4413,8235,13296,13114,5681,5557,8922,2958,3341,2916,4703,10607,3296,3770,11713,6926,8472,7983,2644,10078,9072,2548,10581,1319,4168,2238,11539,82"
9575,"4798,9962,5135,6220,11289,5819,3950,4576,12497,5507,844,13309,12943,9306,789,11775,11282,3909,2587,8126,3515,4322,4413,12249,9567,5091,10138,9515,11997,1598"
9583,"1290,4929,7120,12026,10663,6243,789,9962,12497,8567,2885,2916,6442,6960,5303,11994,8703,2525,11540,7063,4111,3515,2518,83,4974,9744,10322,11143,5123,4272"
9589,"6971,1180,6892,9937,8922,8562,1736,7637,8161,7655,3487,10792,6220,12550,180,3770,9369,12687,2541,9203,4531,1286,2343,13114,12101,11740,9751,12331,9477,8343"
9591,"1290,7120,11723,4387,5999,1681,1996,1845,5199,13381,1829,12665,10336,1062,11621,10663,10389,220,609,11357,12146,8988,11486,13359,9553,332,747,310,11286,12408"
9617,"7120,6638,10389,11243,10712,12665,12497,9072,9771,7138,6489,6515,4332,10077,4929,5573,4117,9060,7679,9550,5422,4436,10213,4439,9382,12466,1978,5558,11464,5262"
9620,"7120,9962,8590,5573,5999,10336,5303,4277,331,9866,4525,9668,2218,220,1978,1437,1244,6243,12497,7197,7867,4974,11024,5532,9550,6166,2990,5135,11088,4322"
9622,"9580,4101,7637,10674,9693,8483,5573,10506,3539,6515,12575,6089,2238,9229,8021,10622,11540,4513,5583,1241,7578,6115,3317,547,4737,2815,439,6610,7653,4968"
9631,"8562,12665,8590,13296,220,7578,10594,11843,5532,10163,3295,3842,7327,10322,8988,7138,8235,10085,10131,10361,10712,4974,5413,2218,6971,2786,7336,244,1996,280"
9655,"789,9962,5135,1290,10663,6243,7120,2218,10607,5303,13309,8472,9968,2916,6515,5573,4413,13257,4929,6576,2291,1938,9866,5025,3781,3697,13101,10840,4525,8547"
9658,"6971,6220,5303,12030,8421,331,8703,538,1223,848,5339,11581,3088,2990,10758,3298,7027,5999,3055,4877,12944,2218,9671,8018,12824,12875,12426,71,4139,12611"
9660,"5907,8562,10322,5413,5199,10916,296,4286,9511,2228,9049,2218,7120,8988,12665,681,10841,1400,4101,5570,8205,5026,3458,9886,220,3261,6665,9605,2107,4174"
9669,"1290,5135,789,9962,331,4929,7120,5303,10663,8922,9306,4387,89,6971,8714,8567,8342,12632,2286,4777,13114,2218,1937,13309,3114,3081,6148,5545,377,3550"
9672,"12757,9115,1856,2140,6166,11871,6982,4101,2910,12606,10434,12775,1773,6515,3618,9982,5996,5609,9178,851,560,2740,3283,5610,7902,4007,3071,12379,3799,8452"
9684,"2199,10663,11751,13191,10561,1811,11517,851,4111,13220,1689,4323,6058,6384,233,6795,354,13257,2220,8691,8810,5884,3779,5017,7898,13432,6982,1210,1085,5031"
9702,"1290,4929,4576,6220,7063,4413,7120,9744,9962,3088,8567,1244,10124,10607,1598,5135,2916,13314,11775,296,3766,4277,9295,5926,8190,9454,12944,6626,6243,12943"
9705,"11282,12606,6220,7637,2291,9942,2910,12663,4181,5495,3770,1376,4877,6956,10434,8687,8562,5341,70,5403,1634,10127,11843,9693,5482,12401,6982,11980,9846,7121"
9722,"5999,4387,331,6962,10340,4315,4717,4946,13058,3909,13314,4036,7784,8877,3877,1180,7529,1100,8018,4659,10000,3634,12599,4536,4025,2109,4877,12747,10476,8288"
9732,"2218,10326,1978,1598,8562,4322,4218,10434,9369,4525,9834,7814,9360,9695,2762,4738,4529,1427,4196,4155,2789,7632,4430,12981,8402,11651,538,6915,3409,9372"
9781,"6971,13101,4576,11403,8369,1290,3697,4111,7287,4262,3467,5545,1747,5476,5270,3913,2291,12503,9164,5913,12793,5573,6610,9937,7989,12858,3071,5660,6166,10550"
9803,"5303,4947,9295,7471,789,11751,2774,10151,9592,544,5124,4798,6053,6128,6928,10429,1104,7392,3766,11786,8442,11311,11393,2038,2881,1421,10562,12382,331,5467"
9809,"2140,5135,9880,2822,2291,8635,12606,11370,8505,1634,9668,1704,5810,11791,6971,11190,7707,12327,6676,2279,1747,6535,11817,9511,10229,757,10499,7382,3115,10693"
9814,"2218,11282,2291,5819,4413,4101,1996,8954,9886,1062,5545,8402,2789,242,2580,5818,10138,965,1667,5199,5610,3372,11314,13058,4503,8785,8452,12404,8776,2910"
9818,"6971,789,9799,9962,2140,9295,6418,11843,5135,11540,12723,7064,83,8587,10993,3772,3909,11085,8922,6220,8235,10835,7711,7759,12474,7800,5835,519,3046,11326"
9820,"1290,2140,8205,10663,10835,2916,2218,6971,4929,7120,271,5819,6243,6141,3308,3203,1287,4315,4695,8053,4036,5212,1700,11298,2931,4708,9175,12051,12775,796"
9848,"1290,5303,7120,10663,4413,11384,9405,6987,7745,9877,331,2916,13381,7197,10322,8567,8819,11117,8302,8421,4277,377,2684,46,8254,6971,4387,8590,11054,296"
9856,"789,4322,3950,3515,6283,5008,4973,9962,1305,9668,3206,12758,10340,4846,4525,10241,5135,11508,825,10674,279,504,5819,4262,4028,10406,3518,150,4065,8954"
9869,"11540,1598,5545,3770,9450,1328,5124,13296,2506,1538,3295,3111,12606,11871,1662,1337,13306,6220,4228,12962,5339,1609,4604,6418,4243,6451,10756,5705,12424,350"
9889,"1290,10663,7120,9962,789,4929,5135,4413,4101,12030,12331,2140,9306,7824,11282,7817,6220,7027,10648,9877,9866,6275,12026,9646,10322,11751,12662,6899,8621,13310"
9923,"1290,6971,4387,8567,7637,11384,3401,6243,3088,167,1554,8196,8886,4111,1912,1180,4929,6812,6892,12152,976,1169,9295,11723,10982,7471,7128,2447,12303,12813"
9929,"6971,8205,11939,5819,8590,10778,1286,12680,6220,1634,13101,8235,2238,773,1912,11885,8530,9003,8018,12181,6638,5914,493,3441,4465,6302,8703,9361,7819,1149"
9961,"4664,3055,13101,2789,331,2990,4777,12497,7120,4525,4322,8205,1747,9937,2238,8101,1507,1390,1598,646,1978,1478,9707,1244,2989,6818,6614,12332,11920,2103"
9969,"1290,6971,9295,4929,7723,8421,13114,9729,3487,5199,9405,1220,4053,10663,10596,4798,9733,1287,4413,13235,9962,2880,8371,2916,2291,10429,5303,4789,4036,6919"
9974,"8922,6971,10607,2140,13296,13101,2058,13114,2916,4216,6141,2559,3019,8217,11712,2020,11069,7856,8421,10963,8034,12729,331,240,10507,8483,5610,11578,10326,2055"
9976,"331,10326,11540,8235,4101,13101,4277,10607,6610,2238,10340,8035,3055,544,2789,8483,2957,1598,1478,5008,3950,354,3990,2007,10473,9746,1427,1776,4721,5999"
9989,"1290,331,789,10663,8593,8413,9962,12990,8235,7120,1337,8922,6243,2140,5610,6128,2499,2220,8421,4387,5629,8567,9744,11540,6813,4717,5835,8562,8342,3888"
9993,"9937,6971,789,13027,2218,6166,8161,8359,9942,10340,9962,5265,1912,7715,11377,2013,11384,8343,13249,7526,1659,13101,717,8399,10154,560,8390,10124,5019,9520"
10002,"4777,837,5999,12098,12104,4974,12321,9937,9998,9002,8879,621,5297,11775,6061,3220,6673,3934,10754,7784,10340,1537,1856,3717,3362,5303,9823,10977,2218,5272"
10011,"4101,1662,4266,5532,7723,5787,5819,13058,5362,11115,2862,12286,5199,8873,3641,4914,9550,4568,7374,4982,4919,10971,3012,12385,10402,11683,3910,1583,11705,13134"
10016,"6971,11784,8590,2238,12990,7578,8562,331,2199,220,10607,5813,6589,1290,12858,1072,11529,10687,4101,2340,12665,13101,11252,6892,7924,1963,269,4576,12689,1891"
10028,"9580,2916,4315,2264,851,6166,3799,8399,1286,4413,1634,825,5545,1746,2748,3085,3,7053,8616,3404,217,2114,11664,6811,1080,1084,9229,3117,12958,11191"
10029,"10674,6626,8707,6112,976,1598,12606,12944,6283,6900,740,7833,6874,12156,2419,10137,3591,3070,6638,13296,10381,8177,4363,3228,4615,9602,180,11630,5700,10835"
10033,"1290,3697,11384,6166,1400,7120,7856,10607,3539,8302,2885,9937,13101,8593,4111,7637,4929,12990,296,457,9405,10463,5303,13355,11130,13309,4909,6660,8819,5196"
10042,"3870,10340,10326,851,8520,968,2199,12066,12973,11630,560,10403,9340,7590,12448,13138,11751,2020,89,5642,2186,8399,6751,4448,3618,3317,9345,11995,8217,10241"
10046,"8161,2140,8205,10663,13101,7024,10674,2957,1286,12665,13024,1779,8590,1978,8562,11258,11871,11370,4147,7578,12529,3464,3246,6804,355,9693,2218,1700,2748,6243"
10061,"789,10607,11992,11403,12497,31,68,6418,10581,773,5135,11813,5660,5303,12995,8707,1747,5471,5280,2392,3274,9880,5387,2559,12155,4307,4430,5250,5959,7745"
10071,"6971,789,5303,2218,5135,7558,11540,6243,1290,11384,12857,6166,12030,3539,4608,8235,9962,11994,13119,331,1378,8256,4589,10470,11719,12474,13253,9234,7645,9671"
10084,"1290,6971,4929,2140,7120,11384,10326,6589,4576,9937,2196,8343,4387,7856,8590,2380,10122,7135,4225,12990,3308,6220,7526,8525,4165,491,5782,6529,12492,278"
10091,"9511,7727,10137,6638,7558,1558,11902,1764,13058,10429,2919,7214,2149,10792,1996,5663,9443,6495,11705,1542,176,1246,708,3295,12309,260,3850,11356,12867,7120"
10102,"10663,4929,6243,9962,6971,12497,8567,5135,5303,10336,4036,789,2916,4277,4387,3909,3055,7487,2286,10644,10648,4576,4777,12334,11495,3781,13185,13381,10147,10999"
10104,"2220,4798,5149,12785,2861,4223,13314,9003,9942,4101,12264,9729,8657,11753,9073,1281,7417,1996,274,4761,10704,2483,4784,3443,6128,2806,1606,12457,7425,11332"
10121,"9799,4974,789,6982,3886,1634,2885,6318,11282,785,10607,934,1290,5135,3870,10663,12026,544,12768,12947,3992,8928,13235,2058,9189,2312,5532,7964,11528,8699"
10131,"5135,9962,5303,789,5573,11626,11630,3515,13309,1429,976,3697,254,11292,6283,10336,11289,1223,844,9075,3315,11617,385,934,3982,10519,10840,3095,11569,4139"
10134,"3909,2140,4865,1378,2218,10581,5782,1977,6971,10000,10557,4036,642,9295,12930,8759,8413,5696,13118,3458,12736,11262,4160,8336,7059,7379,9627,363,12321,11705"
10139,"2220,11775,12026,1437,8562,2218,13257,9295,5022,12030,4127,4777,8161,4465,10552,2243,1598,12281,851,1588,9729,3207,6741,11843,4345,5038,5545,2990,2524,11924"
10144,"1290,7120,10663,2140,5135,5303,4929,4277,4576,789,296,2380,8819,9733,7817,331,13381,11288,7197,1197,3266,6243,10644,2469,4419,10322,7745,10607,10061,13182"
10155,"789,5303,382,10895,6220,1634,13306,3306,8019,12030,7546,3515,8746,3350,4947,12990,3796,11475,6482,6541,9053,4221,11818,11344,3766,2876,5025,8922,9877,3539"
10168,"2291,2916,1290,8593,10027,331,6982,4636,8675,9061,6243,6960,8689,3735,5630,3539,6924,6610,9962,4833,2199,8405,8981,4853,851,10712,11488,3870,5264,2380"
10178,"1290,10663,4929,13101,6243,3697,7120,13309,11775,11992,7578,5573,10648,12497,7063,9962,8567,4388,4177,6610,8205,1779,10138,4101,4798,2880,10137,3315,3107,1244"
10186,"4101,2140,4865,7856,11384,6311,10963,1287,85,1977,5442,12368,6752,3539,7637,1726,5782,1220,278,6591,3112,5066,5182,769,11476,4853,9733,1243,11058,7543"
10190,"1290,7120,10663,789,2140,4929,5819,4798,4576,12497,5135,8205,10137,9306,2916,4083,4387,13355,296,4036,1556,9072,11298,7643,6243,10581,3982,8614,4602,10451"
10194,"5135,1290,5303,8472,2291,6971,4413,544,789,6243,12680,11288,6576,13150,6919,7817,9733,9580,9962,9987,6038,8271,12699,2218,2916,2357,10644,11357,2850,9405"
10196,"10663,5135,7120,726,6412,11289,5819,9881,7707,2870,4004,2020,10670,9668,1578,3659,1910,8277,13101,3950,12857,4576,3982,385,13001,13291,10716,13231,12869,11719"
10215,"4974,4101,1478,11517,8421,1796,10663,8277,13367,2058,8135,13257,4947,10596,530,4079,13101,7431,1133,2391,10607,8179,4359,8254,3112,10581,5238,13056,10895,10326"
10218,"12704,5025,254,12404,8254,7519,6283,7867,12738,10798,4525,1197,6505,13388,4576,3085,3766,11435,6326,12157,9867,13262,1996,2143,7112,9671,7437,12875,3799,7392"
10251,"8452,6166,11336,2343,3247,3429,2218,2789,2903,13346,8399,7611,5696,5966,7856,4865,9937,4163,2890,4101,1287,3054,8300,5857,3308,8161,282,5303,13253,6437"
10252,"10326,6270,2238,6166,10094,5060,6220,2265,4798,10462,6665,2490,12681,1180,5403,2990,1912,6283,4262,3770,10341,9518,11422,2786,3111,8858,4322,132,1286,3591"
10262,"4798,11289,1634,12665,12869,11455,820,9455,7138,6482,6270,3766,5487,3796,9437,273,1978,4127,10127,1779,9009,8530,6283,6326,4679,12603,3147,5124,8704,1286"
10266,"5199,3766,7374,9072,4101,8041,965,2812,11766,2327,6918,9971,10841,4229,11786,1414,1783,4315,11705,8923,4725,1899,4646,10119,10566,8288,1765,38,10187,5721"
10271,"5303,8421,7120,4413,7736,1394,5966,1223,10798,10201,1776,3054,286,8254,13381,10000,3060,9730,11171,4726,7990,2344,2616,7375,10160,11299,5099,4267,9726,4925"
10277,"2140,10326,2916,5210,9369,6926,4413,4853,4315,9971,4007,7856,12040,2580,3823,3088,3296,6089,8904,2550,209,296,3501,10792,10431,5281,10027,12857,3735,5550"
10282,"6971,2218,8235,9405,8161,13101,4277,1426,4036,13346,2291,1640,13296,2343,6220,7983,8472,9866,1290,13114,4413,12689,8359,11338,4165,10644,646,1378,11262,4525"
10286,"9799,2380,2885,8590,12030,8254,8703,9938,2882,554,9668,8606,12271,8575,1132,12104,3764,13182,2459,2062,3853,8561,769,12832,1529,9489,90,2448,4464,3387"
10305,"2218,2140,5199,10255,8630,3670,11149,228,1656,10391,2748,12837,7715,6383,7302,5413,3523,2291,10434,3656,12030,3344,7609,10988,4723,5501,4413,81,8053,4892"
10309,"13101,851,10326,5999,8205,3870,4974,10340,12104,11117,7197,10589,10241,5036,1634,9580,89,5672,3934,12680,5573,2199,1400,12448,6811,760,5476,13432,6899,6312"
10335,"2140,789,5135,9880,7120,12606,13214,2218,9668,10241,10663,5199,12857,10429,1977,3089,4851,4482,1634,9848,9072,11997,9962,11384,11566,2931,8635,11143,12703,5292"
10340,"6971,1290,5303,4277,789,5135,8590,10663,4576,7745,9671,9938,7120,7138,10326,1996,8421,10340,11824,1776,8235,331,7197,13296,5999,13026,10607,12875,5663,4466"
10375,"6971,2220,10594,7138,8221,5124,9799,5532,4610,1996,6280,7090,3377,12414,609,5199,8115,1662,3031,2489,5371,9118,6107,1746,7758,2218,5182,5646,6662,1041"
10388,"789,5135,5303,7723,2291,9799,6418,9362,10241,2808,13309,8472,228,5660,13097,12305,10550,89,621,4698,851,773,11540,1747,2140,9775,7064,2114,3870,10027"
10397,"9799,9072,4430,3060,1299,9098,9771,4568,12869,11289,11569,1977,4307,4946,7518,4297,9223,12857,4263,134,12133,10002,1788,8561,7886,714,8277,10437,2248,9637"
10402,"8421,3138,2220,4101,12030,9909,1426,1912,3308,7856,6971,12492,10895,6128,2013,7417,2110,7369,8409,7930,9685,6899,6270,7983,1803,1968,6060,1287,1514,11960"
10407,"2291,789,1290,5135,3323,1378,2514,9295,7503,9937,4998,4865,4929,7242,9703,544,2548,10122,4927,13214,5884,9132,10835,4492,5066,83,4145,5272,5843,12473"
10408,"2916,11540,4117,1400,6531,5966,3154,8421,2525,8483,5875,2789,286,9714,7,3562,7029,12421,3071,7616,1298,10462,9411,2237,6588,7304,5026,10866,7005,10568"
10416,"5819,10566,12665,7171,1084,4798,870,2212,8999,9164,9515,4199,209,3341,8053,5091,9567,6220,4315,6016,8126,11282,2914,6103,3509,12555,10835,1408,6089,2984"
10448,"1290,9962,4929,10663,789,8567,8421,5303,4387,6243,519,12497,8235,2670,5135,11540,9295,7120,12990,9799,10648,9837,8922,2220,12026,3766,6562,5835,4576,3737"
10454,"8922,11651,11106,2567,8274,2220,1286,7715,8126,10340,5142,4199,13431,1100,10561,4539,1912,11569,10895,2842,4163,5019,5555,2927,1696,8221,5279,7071,12903,2789"
10499,"1290,10663,2140,5135,6243,789,7120,4929,2291,5810,13214,6220,1556,10758,2916,8413,2970,7498,4851,1977,2199,10693,9671,5149,393,6515,10451,9799,477,11540"
10503,"6220,1290,11384,11540,8421,1912,4576,8703,4184,1220,12497,4167,9504,6270,1812,3947,6314,5142,12995,2763,13121,5914,9744,4929,2110,9361,2899,8110,8792,2645"
10504,"9962,5135,10663,789,6243,1290,2220,5303,2199,3697,851,9580,9942,11751,4277,2648,1197,544,7197,6220,12704,10737,7471,2774,4974,5964,5790,6107,12859,1776"
10508,"789,9799,9072,1290,5135,13024,1255,4414,10394,7916,10607,5318,5324,11923,5422,9231,9729,1747,3982,10067,8153,8718,13357,8123,6056,3600,9865,9755,7833,11566"
10514,"9668,11751,4101,4525,11325,7637,1022,3766,5124,1132,1408,7471,10336,13229,5676,2169,353,7392,5780,5819,10326,7758,11502,3950,9992,6985,9496,12758,8442,9209"
10526,"6220,789,8413,5008,11276,2736,4698,851,3967,9338,9046,2990,12987,10194,9937,167,1419,5573,3295,11004,3577,10058,3886,2038,3071,7848,8879,10769,9865,10756"
10540,"331,2789,5819,6610,12104,176,12665,638,5999,13072,8607,1439,4101,12289,13058,2671,12232,2829,368,237,9811,9032,2685,13240,8288,90,4315,1978,12098,2597"
10542,"1290,4929,10663,6971,2291,7503,6243,2990,6812,1141,7120,8161,11396,3770,7469,10644,1779,1421,9295,9309,8129,2618,2548,3560,3998,2343,10033,8472,12571,12665"
10551,"9799,6971,5303,851,4163,8703,11581,11569,7792,7283,5339,1299,7715,6396,10869,560,5243,1223,4256,7747,6437,12869,3796,8256,10931,9101,12286,9671,10394,3577"
10554,"10663,1290,4798,9405,4929,13101,6445,12497,11869,2808,4101,1779,4865,1210,5124,13134,10113,7745,1421,6339,5144,11992,9682,9172,3745,1977,11775,10716,10566,3770"
10555,"6220,2140,2291,83,7064,9693,3071,10581,6971,6351,9132,13101,12680,13097,5914,9580,8369,8675,12474,11384,1872,89,8215,9124,1847,2391,300,11377,8161,8271"
10556,"789,5303,9962,9799,5135,1977,4101,3766,2850,7184,1863,8478,3112,12869,3862,9101,10607,1987,9729,7723,6590,8235,463,6788,11020,2220,4947,8421,13235,13005"
10562,"6166,10137,3085,851,3591,12680,2489,5573,2419,12497,5675,8733,9880,8703,3050,1244,10674,680,5476,1634,6638,10241,150,1223,2020,12681,1747,9229,3070,5819"
10575,"6220,9799,851,12305,8703,8919,6925,7710,2588,84,2062,2318,6530,7553,150,5303,1018,8707,1977,2885,6022,9443,8561,769,1706,10094,5403,7542,6020,10970"
10576,"10326,5303,6971,9942,6166,6107,1427,5124,5776,12404,3525,7417,7083,1606,12242,2220,4847,2774,4322,2762,3766,8586,2764,7134,8217,7187,1025,7392,11805,10704"
10582,"1290,7120,8590,2218,12497,10663,1977,10451,6243,1165,1588,5008,2514,4664,3055,11384,6194,6971,8320,4777,5911,6035,5696,3230,4973,10963,4387,4413,9937,5782"
10584,"2218,8421,5303,3799,6971,5545,1290,560,5907,4387,2684,6146,4723,8630,8371,13114,3656,11563,6977,9309,9968,10255,2958,5946,3018,6688,2286,10785,10663,13257"
10606,"1290,9295,10137,4929,8421,789,976,4262,296,12497,4387,4798,1912,11117,910,7120,7723,4576,168,5303,10648,7029,11540,11292,5549,11843,84,9744,4602,2831"
10611,"5999,11115,823,11282,5532,10916,8562,10699,12606,70,6982,3870,9115,165,8687,4266,9105,3036,10229,1585,2330,6887,1558,3667,10262,4941,3666,12962,860,256"
10613,"5999,6962,10326,8590,1180,7120,10147,2649,1244,8575,8562,10240,1883,8922,2109,992,1583,5863,5672,8217,13381,1286,7332,12599,5734,6744,2978,13261,3647,5609"
10614,"7120,4413,4277,1290,5999,11088,331,12101,12944,4152,7197,6971,1624,8405,5581,9953,12497,3088,11191,9405,13296,8590,3593,5990,6457,6032,1561,7707,11133,11942"
10623,"6638,2885,331,10429,10137,8561,8085,4798,1829,4332,8499,11538,2789,150,7727,12634,10708,2506,8509,4272,4664,1416,7214,2985,1497,12740,7672,9057,2786,3829"
10647,"8922,12680,6166,1100,5303,9693,6060,6312,7369,5999,13116,10340,6962,8590,1532,9580,12026,3308,3138,1746,2220,9709,10326,1299,2380,11393,442,4965,4278,4865"
10657,"5135,789,4576,7120,1290,2199,5303,4139,9135,5025,8280,12448,2608,10137,9072,13185,5834,12875,11732,13358,9577,12156,6515,6751,6283,2736,13269,12919,1197,5885"
10670,"5573,6166,5303,11194,2237,2567,11230,12497,7026,12632,9651,6001,3071,10462,4169,1290,10076,4430,12399,5279,851,5074,10411,6750,11790,6515,7951,13097,9092,6741"
10679,"3697,2380,7120,6515,3539,9269,6243,13226,2291,9305,1220,12875,11288,6402,7983,7512,6969,2073,7519,12030,8098,6854,4917,9703,11286,12866,7697,7628,12157,337"
10680,"11282,2218,12026,12104,2291,4101,4798,4949,5946,560,13058,10637,934,10530,2632,1681,454,6632,11243,8452,10998,6220,9306,228,851,4391,8421,538,3950,11540"
10699,"4101,11540,2218,2789,9580,5259,5545,4777,3620,454,2567,6280,4924,6287,9942,6787,10195,8472,9886,9049,4262,5573,9957,7558,7,6610,13348,13257,10197,7955"
10715,"220,1996,6982,6787,9470,2291,11843,11784,3295,5866,9178,9664,12867,7894,12665,12459,5090,6516,5532,6812,6924,3437,3871,4111,11115,331,4379,672,10222,165"
10720,"6971,4413,1290,5999,11282,11784,2218,3950,7138,6166,10674,1223,4929,2863,3085,6919,7120,10798,10250,10663,2862,5545,12418,4267,4615,3505,558,4525,12944,1779"
10735,"1290,7120,10663,9671,10916,3620,8205,2916,6243,11024,1400,61,7948,3071,10607,3741,13101,6899,10712,9283,335,5826,10137,5036,11609,5026,4620,3060,2228,8594"
10742,"12026,9405,9098,12869,8235,6576,1662,8478,12928,2910,2571,9756,9587,10422,1299,744,7532,1821,2850,3770,1259,8716,11282,10481,8281,3363,2124,3218,1180,13097"
10744,"5124,9405,8561,1244,11289,4974,3886,345,12857,10389,1779,921,6166,1180,5485,538,12606,5839,6201,2203,2165,11009,11088,9383,6032,13296,10429,8421,3498,9637"
10747,"2140,1286,8161,7024,3770,2343,1220,2748,7611,11871,5199,3106,13024,12816,4315,5557,1659,10937,4250,4181,3184,7121,13133,6892,8035,8505,5670,1421,7983,11160"
10769,"2218,8205,10340,10663,9942,4777,5819,3055,4322,2789,10138,4199,6757,1100,9443,2013,4101,7715,6433,3,4036,8020,8235,8232,7484,2990,5790,2185,6026,10127"
10795,"4101,2506,3532,4798,10841,1977,4035,4266,840,7374,4664,12094,5576,1583,681,11020,1598,4391,5199,11997,10473,1774,1128,8227,5803,11521,3515,8832,2612,1243"
10817,"1290,10663,4929,4798,6243,6220,789,4024,1912,7471,6270,9962,7637,6634,2916,10138,4021,11540,377,2957,8452,12404,7484,11542,5135,9295,8166,6757,1681,1779"
10819,"6971,10663,10336,13114,1996,377,13339,9093,10126,13309,9456,13160,10420,5663,13296,8509,5258,558,9962,5786,6099,5135,8459,10131,601,13023,2631,1732,609,9564"
10828,"6971,5303,9962,5999,7817,8922,8675,12779,8452,2837,1290,2220,8846,6395,1223,2218,2199,2975,2762,11326,12990,10931,2007,6337,6715,8441,1730,354,7392,3159"
10860,"10340,8274,11088,8205,10322,9443,8562,5999,13296,9309,7120,6220,12145,649,9405,5544,6899,823,4199,4740,5783,10308,10124,8607,10222,5090,5019,5570,6906,9684"
10868,"789,10663,1290,7120,5135,2199,5303,6166,4277,6243,4929,10326,5862,13257,10561,13101,851,1811,185,5027,1197,7856,131,6154,6095,395,6060,5071,13259,11517"
10895,"4387,8421,4262,1912,6971,4798,6610,12779,12026,5875,3467,789,3112,9968,5549,2885,4664,9770,11384,1239,3515,3207,1812,2158,3951,5833,7526,4111,6270,6812"
10900,"1290,6971,7120,6243,4929,10663,5135,3697,13101,2916,9962,2380,9942,7637,5545,3539,8675,684,13027,8293,13249,2988,4576,7063,6288,11458,2770,10697,789,10674"
10912,"1220,4413,6971,8590,7578,1726,3539,9962,2899,12680,5008,12497,7120,4664,9046,6220,13381,8402,1241,6243,5573,6280,11384,9866,1194,3515,3697,2988,6515,2218"
10934,"6971,1290,8590,1244,10137,9072,2916,12455,4929,13185,1286,10674,6751,7138,12665,12022,2020,2373,2140,8205,6501,9804,13114,5217,2127,6071,3296,7167,12681,8067"
10947,"2140,12606,8161,2169,9405,12331,1640,12837,2291,6982,8137,3677,6169,13134,6383,5292,5760,2343,10721,10581,7024,1133,7439,6306,4307,4741,13433,6970,7425,244"
10950,"4798,3539,2990,2218,13058,7558,7503,11843,11705,7492,2291,2988,2764,1220,10798,974,5819,1819,9032,6638,10853,10913,8253,6433,2169,4360,9530,1681,1706,3989"
10964,"11384,4387,10651,12668,10608,11115,8828,3340,959,3909,1286,13058,9511,3634,12703,2218,4322,11299,5863,10756,4664,11018,9383,10982,2206,11210,8633,13348,1458,9932"
10965,"6971,1290,10607,7120,13101,8590,10336,5135,1244,11775,9962,4430,9405,12680,10663,9866,12497,1978,8567,5485,4277,12857,2218,13185,12758,7745,220,12665,10463,2391"
10968,"1290,7120,4929,10663,4576,296,11384,12497,2140,6243,8567,8590,2916,2380,789,6220,5303,4602,1912,1400,1244,11117,4277,5966,10607,9454,4413,5369,5573,5135"
10972,"8421,1133,6588,2019,1812,1400,2238,8161,5642,9846,1286,5545,9968,8687,4387,2228,8562,6302,5378,7126,10156,1978,8972,7637,4609,9309,7983,8459,9229,7877"
10975,"2140,7706,9799,10607,7344,12389,335,13214,10147,5135,8278,5148,6652,3875,11024,2591,11374,3666,1977,803,12710,1156,5822,12678,9072,6175,3122,10916,6173,9394"
11028,"11282,7637,11401,2671,1408,1286,10703,11247,1220,6090,918,9881,5143,12860,725,4315,11455,2020,3791,12477,4679,2910,6191,3535,13262,6326,12471,9197,7065,4946"
11030,"5303,11282,9799,13296,12662,9405,4413,9602,792,4053,3055,12875,12857,11288,5151,5339,8452,12331,12985,6413,1255,10271,7090,1916,6176,586,8185,11384,12779,7998"
11044,"10663,5303,1290,9405,5135,13101,7120,13249,6166,8567,2218,9962,6971,11384,3886,10394,792,6576,12104,12474,10245,3697,12611,4929,10336,12331,560,467,6804,5608"
11048,"2140,10663,13101,8922,4929,9962,2380,8053,9668,11626,7120,11143,6960,6141,5142,6899,12733,2559,7063,9282,1821,8318,4544,6641,10336,3565,6280,10840,8654,11377"
11065,"10607,4576,7120,1244,13296,4277,7197,2916,10326,5966,6283,11540,9962,10997,12703,12944,4929,31,5532,9229,13314,1290,4974,11289,11403,11115,5488,3697,785,3525"
11085,"6220,7723,4101,331,3950,9405,2140,8034,13296,2343,4413,5961,7707,12857,954,9127,5124,12757,5959,5787,6191,11282,180,9937,6892,7489,2038,11540,10473,11467"
11088,"1856,12156,3796,6283,9787,9550,1850,4266,13296,5819,8858,1935,12813,10033,2328,1540,11194,12703,9637,957,9470,4162,13294,8810,10825,9668,3591,10914,11115,9192"
11100,"5303,2218,12030,9295,8421,5026,7374,8235,7445,11843,10326,4430,228,168,11704,7063,11941,1262,4035,6943,6505,5497,2548,8344,11187,1841,5570,1163,10391,420"
11102,"1912,6971,7637,6270,4929,8161,2238,4277,6220,1290,2343,7983,6166,9707,6892,1811,1286,1180,12654,1220,1426,969,8972,3947,2490,8298,782,85,6354,9234"
11105,"2140,6515,4576,10326,10607,296,2380,8427,5731,10067,5016,4101,8816,9960,8553,8714,89,9580,9072,4100,2255,9369,8626,10677,379,2214,4028,8343,8981,9081"
11107,"6220,10462,9580,2903,1912,8343,7471,2990,11357,3268,4021,11843,11190,4024,9454,13346,6693,5849,1180,6752,4614,1286,4958,2237,3088,11790,2050,10913,1987,10424"
11109,"1290,4929,10663,9962,6243,7120,12497,8567,2140,2916,789,8235,13114,10648,6812,13177,11357,5610,83,5835,12026,1912,2670,11886,5948,7439,7578,4036,12212,2850"
11120,"1290,789,4929,9962,5135,13101,9580,10648,4387,11540,7590,12990,3950,5913,2957,8235,2199,7120,2916,1779,3697,9132,7832,7971,8567,5862,9234,13309,1278,12474"
11121,"9942,12026,10340,12404,8530,70,1747,1662,3910,11285,10786,5532,6592,5430,5819,9732,3055,8235,4199,7784,9602,3031,6626,10594,10754,2789,2043,11115,9098,4131"
11133,"10663,1634,7471,4323,1779,1249,8651,4798,10033,2199,6166,1361,8605,11109,8021,1421,5545,8691,4931,362,12665,4679,12391,10914,1244,6548,12603,12612,444,9053"
11149,"1598,4277,10326,810,6971,9937,10463,4299,3313,13101,560,12632,11630,331,1244,2885,1686,11693,6007,11464,7069,6141,7745,4967,7994,11939,9818,6527,282,3064"
11152,"4387,4315,8018,5999,1681,3458,12999,2882,6608,13216,168,13058,6962,4946,11021,11705,7485,9341,2377,7672,204,5307,7507,2600,11054,11262,10902,4453,7529,8145"
11160,"10137,9135,5819,2286,4101,6751,3241,13067,12286,997,1287,12335,3415,1065,3012,10063,8300,4045,11626,10841,7113,10835,4576,4914,9072,7770,7662,8695,4363,2419"
11163,"1290,10663,8567,4929,1180,6962,5999,4277,12857,7120,3886,9787,204,6395,10769,9115,8922,6437,9646,1784,12654,4047,6028,8684,11546,13310,4777,10336,13101,9671"
11168,"9799,5303,8703,2885,9786,12220,9937,13118,1478,4898,1746,9732,8759,3815,9627,11923,1579,9489,8707,2260,12010,5555,3960,9865,6991,3568,9438,4183,5137,10638"
11193,"6971,5135,13101,6166,3697,1290,12030,10607,6243,10644,10663,6456,13346,10336,2822,4430,9448,5485,11450,1747,5810,11103,4277,11274,7491,13309,789,6251,2140,4124"
11200,"6971,6166,10674,1856,1598,9668,2218,4614,3281,350,3451,3796,7092,12944,11405,12823,5999,1314,1726,3560,9002,5926,9175,5507,5485,2304,491,1625,10224,11396"
11210,"12026,8922,1290,6962,5303,789,9962,4413,4929,11215,66,1100,1299,3737,10097,10147,1875,3055,8421,9786,8399,11393,10481,8567,11800,4387,2320,6025,10725,5718"
11215,"2140,12665,4929,8505,7120,1290,8053,10792,4576,7578,4213,11902,11791,10322,1554,3697,6892,2379,4782,12664,3764,9646,5926,3061,9072,2291,8021,2988,3696,11969"
11219,"12497,4413,9938,10663,7120,4036,2916,1132,13314,2957,7784,4798,11282,7197,8707,13296,11812,2395,4322,4219,1244,7305,11869,7053,2994,6811,7000,2451,8459,7745"
11243,"2199,9877,8562,1180,331,13024,6804,8593,12401,3811,4277,11751,8281,1631,11064,3323,12599,6111,6962,335,3840,10507,11088,12894,6928,638,10326,244,808,10846"
11253,"10326,10039,4413,1996,11282,10916,4946,4798,5999,7707,7138,8929,12340,12040,860,791,5497,7972,7392,12404,3031,7452,6373,4461,1294,8445,8657,10868,8446,11010"
11261,"10663,1290,789,7120,2140,6243,4929,1400,10712,13296,8922,12497,10322,9671,89,8567,11884,9488,1328,9405,13191,3032,2957,1851,11088,8505,5142,6418,2916,2321"
11280,"1290,7120,2140,10326,12497,296,1977,10607,4576,4929,10663,2957,4277,7745,8446,789,7344,5135,4174,3458,6097,854,4036,6126,769,9848,402,8205,13270,9938"
11285,"11282,5999,3870,11190,7010,10326,12784,12606,784,7708,3251,11751,12404,12474,6962,9485,13196,726,10462,13347,10262,2199,5497,11229,3877,4988,851,12817,2869,4039"
11309,"4388,4798,458,9449,2559,1747,12869,6391,2722,7404,5422,3487,2149,4299,6412,9155,6028,4698,12090,13143,1085,2829,1255,6925,1210,6625,12806,8616,10434,12761"
11312,"6971,1287,6610,1290,13346,491,5999,1084,2916,12082,8632,9834,10124,4101,8452,5016,3085,9580,786,12051,6141,6697,5915,11630,6494,2855,3247,3799,7928,8514"
11314,"5303,789,3620,9799,8421,8235,10340,10916,7558,8703,1776,6134,7590,6022,4499,12990,331,5135,7197,851,2885,2771,1400,12858,8586,13309,968,823,3,9942"
11325,"1290,10663,7120,2916,4929,6971,4036,296,2343,8161,6293,3487,10835,810,10687,9448,8205,1244,2291,7662,4851,5135,5303,12274,11474,3293,1589,4163,1556,1073"
11327,"609,10791,9306,8472,4413,7623,5022,544,1319,10644,4767,4262,1153,5881,4036,12497,2291,13114,3028,7529,6608,5507,1724,7745,11282,7364,5288,5199,11120,10386"
11359,"1634,2238,12167,820,6665,9938,10340,5757,5538,11117,6819,680,12448,5381,6588,2885,1187,5642,1870,10241,8590,8778,9668,10607,8928,9560,12294,560,718,889"
11366,"13296,4101,8562,1598,1977,11521,6031,3115,12622,6788,4321,10840,1244,8333,5124,12120,4043,11282,1634,2038,9971,6968,12944,11295,9637,4189,2370,5610,4726,11000"
11368,"5303,6220,789,6971,3515,5124,12995,9405,7723,9744,1912,4698,6418,12757,4262,12694,4277,5532,10739,9962,1634,8359,4413,9549,11384,7489,921,13104,7707,10778"
11371,"6971,5303,6166,11784,9799,4525,4789,609,12050,10608,11475,5552,3103,12928,1662,1695,11405,11236,2364,11344,2286,6354,11749,1747,11984,7092,275,6388,152,7389"
11376,"10326,345,8820,9938,5292,5524,4452,5199,6665,8561,1996,9604,9580,5532,11282,5124,132,4101,10735,7712,11311,8923,4798,12665,6270,4947,5549,5999,559,2671"
11377,"1634,286,1856,7417,9072,31,12757,9637,10889,1746,10241,6060,10778,4965,7733,6319,11939,2808,128,9730,1132,11171,9990,1394,9229,962,11726,12716,12967,2365"
11383,"12474,11772,11384,8593,8161,2645,7637,13355,3355,1776,12497,13160,517,7417,5964,4387,4053,1010,4223,1679,9,4626,7757,8399,8567,9744,9229,9942,6418,447"
11416,"1290,789,7120,10663,13309,5135,9072,5303,6243,5142,4111,2140,6146,1467,8399,10241,11528,7558,1938,10725,8922,2218,4929,2293,7109,10322,6515,2291,8165,5233"
11444,"5135,789,2140,5199,5422,2199,9511,1290,7120,594,12990,11517,6412,11222,5822,9245,11997,519,9234,4145,9880,1271,4576,3697,6751,10607,2228,2985,1803,9115"
11445,"4798,4101,7417,3799,10581,1220,1526,9729,7808,9098,84,1747,4946,5538,9339,4692,1255,10137,12403,2789,11336,31,6925,1725,5819,5597,2489,8421,8616,12294"
11448,"5303,4101,331,8421,6610,7856,10326,31,9968,6357,8371,4277,9729,1746,3438,2238,11540,5966,1514,11171,544,9700,7175,3172,3766,9465,6107,8355,5715,11292"
11469,"8922,10566,9484,1696,8288,12665,13191,1634,11822,2910,9699,3344,5199,6383,1868,8821,2862,12555,7914,5422,11282,11774,1583,10153,5999,9456,7391,8274,1100,7138"
11487,"2218,7120,4929,6243,10663,2916,5573,5135,9962,789,2291,6515,11298,10336,5819,2988,9072,5214,8567,10674,8053,12497,4413,12201,8505,11775,1554,6159,10389,10074"
11492,"13296,4413,9962,7120,11784,1290,10336,4525,9866,10241,220,6209,9188,11088,11775,5353,6892,854,12070,110,9369,7655,10488,1996,5199,823,4267,5866,11475,3487"
11503,"1977,11384,4664,9164,2990,2670,13367,2789,11363,848,8865,4262,1478,11569,6294,4111,1686,2874,10999,4043,10982,6770,7867,7864,3040,13258,7290,7994,6271,5558"
11504,"1290,5135,4576,3697,6243,10663,10607,10138,4101,2140,2218,9962,9295,12758,4798,4929,12030,10429,2228,9746,13309,4664,7120,10530,519,12943,13101,6773,6971,6646"
11515,"9799,3697,12990,83,6243,7578,6515,5135,4414,10394,2899,1225,12474,9865,2834,789,4499,8922,7594,8123,882,3264,11923,11312,4272,166,12389,8258,4642,7653"
11547,"1634,8922,9971,8413,4101,2808,820,5647,12757,3198,4688,6260,2499,2220,5610,3909,479,240,8235,2164,5359,8483,3274,886,9744,783,9799,11956,8035,11413"
11552,"345,5199,8098,10712,3950,12665,9668,7832,3112,11784,12070,6926,11843,12030,4266,840,11705,7558,11282,10389,10798,5239,1408,5721,1845,12341,13050,4317,6159,220"
11567,"2218,10340,13101,4036,8205,4777,877,12758,11775,5999,1100,4865,7784,2789,2808,621,3478,6312,12497,313,10241,6061,5819,11890,10244,2989,10858,1230,8126,4953"
11581,"820,10607,9799,3909,11227,12806,5381,3321,6302,7103,12251,8321,8505,7971,11289,8922,5422,3978,12463,3767,11246,5091,10362,7001,9690,266,12389,11969,7020,7374"
11589,"1290,7120,10663,2218,4929,6243,2291,12497,9295,13309,5135,789,3697,4777,2140,4798,2916,4664,2988,1887,5810,8567,6787,12758,4540,7503,11797,4413,1556,642"
11591,"5135,789,10607,9962,10326,6220,8922,9799,12030,4576,3697,83,5303,9405,6418,4929,12990,12118,12857,769,2058,7734,4277,4947,8635,12606,6456,10663,1466,12559"
11595,"5303,9799,12404,3870,5555,7784,7676,8685,8828,7256,6166,385,10340,7707,8335,11115,13280,877,1634,9340,11291,11403,4052,6026,5672,6061,5685,11364,6370,12992"
11604,"1290,7120,9799,789,4929,5135,10663,9786,9684,12030,6962,3218,1841,12745,3625,4685,2380,8759,2885,11626,12321,12366,6563,9980,11393,5884,8452,13381,8919,12738"
11608,"6971,5135,4929,9962,4576,5303,10326,1290,3697,7120,1244,10674,6243,13101,4277,12990,2916,10607,6283,13346,6220,11626,9448,10506,5999,6589,12729,6515,1448,12606"
11627,"789,6971,5135,9799,8445,2728,12665,13004,4273,5022,5854,9438,505,1100,4361,1356,3796,3815,10687,12291,5819,544,2118,9126,2217,5422,10126,13289,2299,8691"
11646,"1220,5303,9602,11282,6191,152,6354,6220,1180,7723,5549,12026,10568,9729,10072,1912,12928,2038,8606,6489,11475,6670,499,6925,13235,4457,13365,12363,6971,4054"
11647,"2140,10326,10916,9668,2769,8562,7715,8205,12665,1634,8590,4163,5292,6588,1532,860,1286,2957,6283,11508,7024,13024,7138,4602,7515,9580,12775,8040,1558,10546"
11675,"2140,5199,1598,11775,521,8562,6971,12021,1421,3443,10473,8367,2499,13101,6141,11740,5844,4177,7439,6788,1755,719,94,4704,2218,7457,5302,7715,7655,10507"
11676,"12497,1598,4322,2218,4973,1100,2506,1437,2882,13024,10340,1952,244,10712,10978,7374,12837,12665,3235,5629,13433,2444,1947,1978,4035,2990,2185,4332,538,3687"
11696,"5999,8452,1180,12026,8161,638,6529,2882,2990,6962,7672,9602,538,1299,7290,204,168,5137,4054,9348,10692,523,13245,1977,8421,12723,5821,6246,1598,11282"
11700,"2199,11540,9942,10507,11806,851,2220,4111,3443,11292,1427,357,11115,10869,5751,8586,12404,5483,1654,3779,2286,8452,7558,3539,848,13348,802,969,4221,11341"
11722,"2218,12026,13101,8922,8235,789,2392,6971,4777,5914,7503,10097,4598,2548,2514,4199,4036,3031,1100,12497,11377,1912,13346,9405,10835,9110,266,5165,8126,5019"
11754,"1290,7120,5135,9799,10322,10663,12662,12030,10437,4576,12133,9072,12278,6971,789,3779,13238,1378,11384,7707,5421,5810,11588,4756,1872,12186,2899,11723,9866,12423"
11757,"2218,5303,331,4811,8922,4725,1558,3950,5124,3866,12857,10473,3241,2536,3886,1281,1871,7707,9800,11540,8335,10841,2164,3006,12714,6962,12630,3196,13058,7374"
11767,"789,9799,6971,5303,9962,8235,9580,3833,4436,12026,7723,6243,4163,11491,12680,6515,2990,2140,5135,4679,9081,10338,6089,2264,8472,4389,9441,6418,3115,5497"
11773,"4007,5610,6982,228,11528,345,9522,5608,4297,8561,4053,3296,2218,10721,11282,12104,10507,1634,13155,6971,1439,10684,7894,4949,10434,4223,6437,11088,121,3401"
11777,"11384,3870,12474,13058,4117,4111,6962,12857,1180,2015,851,168,789,13191,8759,10262,1495,3251,11143,5884,12672,2199,4840,2453,2089,3239,13196,10684,1664,560"
11778,"1634,9730,8590,714,4413,11918,13381,4053,5303,13257,4229,9072,4101,4756,6107,1766,13358,479,9229,5549,13362,11289,3854,2220,8254,785,5046,9223,4689,4459"
11788,"5303,5135,789,9799,1634,12404,9942,9962,6811,6166,11364,4816,10340,6846,8472,7287,2114,12504,6220,544,4052,13309,6746,2774,1750,4285,7531,9684,2260,3870"
11790,"7120,3697,1290,4929,5135,4576,9962,6243,789,6971,10336,12497,11775,10663,13309,31,7578,7955,1576,10163,10361,12061,11992,10607,296,220,188,5303,11384,9085"
11811,"1290,7120,4929,789,9962,5135,10663,9799,12497,6971,3697,2380,5303,9295,13309,10674,296,4576,11298,8567,6515,4777,13185,1244,3796,2916,6003,4162,8707,3091"
11837,"2140,1634,789,10264,8505,2199,12606,13027,3878,7063,12665,2916,2379,3296,8718,11716,2380,7637,9473,7289,7666,13171,8520,9804,7898,7829,1453,13022,841,3461"
11859,"6971,5135,789,1996,8472,3453,8589,10737,9126,1746,825,646,9866,7878,10644,2238,1100,5467,1378,10607,6963,9417,7506,10346,10834,4576,10340,1408,9398,4673"
11865,"1290,2291,2199,13101,4929,10663,851,5946,2808,4101,3071,11619,3111,13310,7567,8355,8161,4224,2870,9164,331,350,6919,11396,7909,2370,12813,3998,3962,10674"
11867,"1290,10663,4929,789,2220,7063,9295,9837,2140,7471,411,4229,7343,6326,274,11884,7439,6725,11381,5938,6243,9962,10562,2038,8342,1583,10393,4387,6474,11568"
11871,"5303,789,1634,6971,10663,9405,2567,362,4974,7063,924,5135,12809,3207,5090,8472,9962,2058,12995,12026,530,13101,2885,7299,4153,4111,11784,7529,6032,10661"
11879,"10663,7120,6243,8567,9962,2916,789,12497,10648,4387,2140,4576,2380,8235,8421,296,5573,1912,1400,1466,8355,11540,13101,5835,8021,9837,5135,3171,89,4777"
11880,"5135,789,6243,1228,5810,3539,6166,423,6811,2444,7623,3697,2260,6019,1750,5485,12030,61,12680,3364,9180,6693,4261,13309,8805,11019,2075,12182,9960,11840"
11908,"10663,4929,5573,9962,6283,6166,789,12156,6885,6515,7,6243,5790,5191,13296,11540,2285,11423,2899,2218,12944,11475,4955,4870,10138,10216,530,5306,3766,5025"
11912,"12665,8562,1400,6302,2228,1286,820,8505,11969,8274,6588,9888,8205,5292,345,10607,9405,2547,13114,4741,11651,1017,6444,8483,7802,7063,3840,7001,9693,5914"
11925,"6971,2218,8922,9668,1299,10963,2158,2020,6166,7835,3241,8343,1921,7460,1634,7341,10507,7343,9340,10300,519,11818,11993,2140,2013,10409,11672,6379,7329,13114"
11933,"2218,10241,4413,2931,12497,9201,820,7849,10496,4798,6811,7784,11282,6422,4181,1656,3198,6625,3725,5381,3344,2275,10434,3670,8053,861,4332,10712,2149,11942"
11945,"789,5303,7723,1290,851,6971,454,1223,8048,5135,10241,1065,5282,9729,10434,167,1634,560,4101,10736,12809,12455,2808,12813,736,4345,3415,8472,7492,4822"
11948,"8922,2218,12331,4413,1210,9942,7705,3539,4777,9132,12026,10426,13114,8221,7637,1851,13257,3027,7324,5609,12311,4780,9565,10374,6148,961,11542,2895,837,2286"
11952,"4798,12497,4101,12026,2467,9295,4448,4929,1779,9190,1769,9306,1514,11104,11203,844,3488,6610,11775,11992,11289,4777,7856,4387,6107,5837,13115,9580,8421,4173"
11957,"789,5875,9799,6322,13296,9837,85,823,11475,7308,9470,11528,1662,7637,6982,2220,9178,9962,152,517,4551,4065,10262,5467,4604,8627,10733,5976,2740,12030"
11959,"12497,5819,4798,4777,5422,4315,4391,1290,5298,2140,5610,4199,1210,10663,8022,12240,2767,6638,10451,1085,1583,9306,9072,12116,3246,9405,11106,4929,9490,2506"
11967,"10326,1244,2140,10137,10674,6578,296,4430,5485,9369,2870,6858,10770,10607,5199,997,1779,3816,12897,3641,2916,11993,8053,9423,8300,9651,6152,12028,11775,11230"
11969,"9799,6971,8318,3833,4266,10963,9587,9347,10067,2158,7653,564,2670,2688,2020,3112,11569,2343,9668,1841,3214,6311,11100,4306,11893,5875,6090,7518,10106,10808"
11970,"2140,8922,10434,10663,5422,7547,13114,4448,4777,244,9306,9515,9405,7715,8342,5610,11751,13101,1277,5387,2808,589,4935,10464,1210,12529,7590,13315,11775,11900"
11975,"10663,1290,4929,6220,10322,4798,5135,9072,2916,10897,6326,7120,789,11918,2469,9231,11289,1766,1218,12404,6846,4576,714,3766,10451,247,4816,4413,1286,11508"
11995,"1290,9837,1912,789,13296,6220,9962,4576,7833,5875,1044,7839,4083,7383,4551,12758,11915,4613,5489,9866,2841,5620,4595,11026,4929,7978,1863,5573,12122,1636"
12002,"1290,5303,6610,13309,7120,8421,4974,3055,331,10607,6243,10663,1776,10429,2312,8254,544,5135,6625,2912,3875,9962,12389,13235,9007,9746,7817,10217,3697,13170"
12022,"6971,5303,1634,491,10736,5549,12455,11292,6166,3085,9580,6283,3173,10082,1397,9564,12990,3515,217,6191,6697,7653,4360,2238,383,9363,4525,11956,477,9867"
12032,"6971,3088,5999,12665,7138,5485,10462,2218,3296,1437,1598,5926,5938,13322,5920,11282,5497,8567,2748,12698,7389,2618,1554,3070,12152,8053,13112,350,2928,2862"
12036,"8922,5135,9866,12030,1378,10336,2218,8235,9962,10963,12531,7120,9799,2158,10147,2343,8590,789,7856,3143,7590,12990,1323,4811,13309,6573,11084,7184,9347,10837"
12066,"9942,3071,6588,4602,6220,4167,3539,85,12421,1872,10916,9846,11384,10326,8483,2343,13346,13073,5426,185,8562,7637,11772,1790,4604,9693,3524,11827,3229,2299"
12077,"5819,4798,646,2395,7053,4262,8452,5966,1912,1769,1977,4413,7606,2799,4036,2903,1085,11403,7364,12225,10581,5524,3624,8865,10629,13346,1067,452,12700,2990"
12078,"5999,11405,2062,4277,4315,6971,8828,6166,7213,8454,11749,7687,6962,680,331,1286,13112,1281,12932,4717,12632,10507,11113,10982,6137,4163,12408,6141,1200,12550"
12084,"12665,7138,7471,11106,13024,9098,5102,2671,1554,10546,965,237,12662,2862,9671,12678,708,11968,5485,12725,3060,2736,8445,12518,1180,7010,1697,13296,9072,10187"
12089,"4929,7063,789,7558,10663,11540,12030,4387,13310,8922,12369,7637,1400,1558,2228,1542,7830,3306,3539,111,5545,9693,4206,8916,13097,7898,274,1923,12571,2083"
12106,"6971,5303,8922,331,11630,6610,3515,5025,2286,4229,8288,13324,8124,11405,6395,10147,12632,10736,3313,11984,38,5806,8217,5131,6494,4329,12990,4221,2774,12104"
12107,"789,5303,8472,4413,2218,12026,11843,5135,6971,3515,11994,3922,454,2291,12104,9580,4101,8359,10712,10674,6089,5969,544,2519,2071,4877,5881,5022,2762,1437"
12111,"6971,5819,8090,6667,10336,8359,12104,11770,11891,3515,145,6638,12435,95,4266,9668,2188,11638,3055,2384,7065,2343,12331,2152,5966,6391,11931,9017,8230,4664"
12131,"6971,5303,12857,2140,2218,331,4101,275,8810,228,2238,4679,6166,5199,7679,4430,9771,5060,1812,7439,149,4904,8192,2850,9968,7562,443,4947,6011,2357"
12139,"6971,2238,11784,2291,3562,12030,1776,7462,6322,851,5545,4101,1223,9005,717,12294,1747,3055,11119,1713,5403,8235,9049,823,6861,7983,9957,2885,13235,1996"
12141,"1290,6971,4277,1244,7120,2286,8254,4929,8567,2644,2916,7383,331,5303,11784,6610,296,10997,12028,6433,6020,7167,10137,11775,10663,1180,3070,4177,93,13309"
12144,"1290,7120,5135,10663,4929,12497,6243,4413,8567,2218,9866,11298,9306,13309,4777,10648,3697,8922,10712,12026,7817,2140,3550,1241,12637,3989,12474,3515,3950,9072"
12150,"1634,9799,8590,8421,5303,5555,2108,8254,2380,8699,6220,1244,4413,9398,714,13362,9880,9361,9779,1299,9804,4946,12525,11604,11927,1776,2124,13306,11299,4539"
12151,"1290,7120,4929,10663,6243,9962,8567,2916,12497,4277,1244,5303,10648,1776,4974,12990,5135,789,4576,6610,12793,296,8590,11117,331,10137,8714,10607,4413,13381"
12162,"2140,9668,7120,12857,2218,6588,13101,2957,8035,10663,6962,12811,2020,2238,4163,9234,5915,6194,8590,13370,6166,1558,355,8653,5859,7024,6576,4315,9671,6719"
12170,"4277,12030,789,4929,6220,9671,8562,2380,1290,7471,9837,8575,3539,7120,1409,522,10326,2885,6270,9328,4947,11748,4111,13367,10663,12081,124,7734,12559,11840"
12182,"6220,12606,7064,7578,9693,5999,13346,12030,7489,3565,3950,10916,7590,6280,8922,1323,1640,8235,8127,4037,7878,7707,337,1776,8161,811,6166,9132,12990,8483"
12185,"10326,13101,10137,2199,1244,6166,10607,8562,2238,350,5573,1558,1764,6638,4097,10341,2784,6115,2957,6874,8205,10389,10792,12541,997,4184,2808,1400,10674,1779"
12191,"1290,6610,9962,4929,7120,8235,10648,5573,12026,4266,5008,6395,4262,9164,3532,4914,4664,6971,4576,3206,2238,5966,7175,9866,1006,5915,9580,10137,4277,1912"
12197,"6220,2218,9962,13296,3112,1220,12026,4366,2185,12426,10480,2899,4256,10138,9602,12308,3631,12869,12030,9739,789,1426,1478,6971,10429,2403,10154,12094,517,5987"
12204,"10326,6515,7010,4915,9877,12599,5199,2380,11024,11609,7392,11968,9948,6962,1583,4117,4075,4853,3870,1256,1180,2140,2459,12016,7894,2793,445,9460,860,11282"
12229,"5819,10326,12665,1769,2140,11939,11609,452,61,296,4576,2228,4028,9382,646,11726,13004,8205,6578,7537,2883,5799,1977,3012,1305,1356,3458,4430,7635,6756"
12231,"7374,820,13362,8561,12665,5060,766,8590,715,8673,1747,3292,3764,9799,13358,10434,3770,237,680,1634,5073,10739,6205,9223,9540,4741,3235,11367,2238,3606"
12234,"4387,10336,7120,4929,3515,9962,13249,2158,13309,7637,681,2218,4583,7751,3766,627,4664,13114,10300,4200,12430,567,7304,5199,6402,558,5931,12458,2286,4177"
12238,"8590,13101,2238,8205,6166,12680,10241,7590,10607,10463,1978,8302,820,7715,6060,9067,1400,11726,4465,7369,6971,2789,9937,6809,13328,10326,7197,6610,5885,2391"
12242,"6971,2218,2291,13101,10389,11784,9405,6166,4101,1996,2391,5303,4047,10496,8616,9733,6919,5866,10429,9831,10241,5981,3871,8048,2149,5272,7752,6445,13211,1291"
12260,"10434,5999,10566,1779,12665,2218,8421,5819,1978,3532,2870,6433,4315,9115,9409,4448,4731,7138,840,6041,1868,2958,891,12104,13134,10340,1933,5946,1084,4777"
12262,"6971,9799,1634,6220,9942,12757,7637,4411,11939,457,8271,2929,2771,12601,8252,962,4265,8703,10231,1746,268,7462,7892,11384,4675,68,7064,1220,1726,1872"
12281,"1290,6971,4929,9962,2916,7120,10663,11626,6243,13309,5303,3697,5135,6220,6166,8567,13101,9454,1244,12944,1269,8922,11630,5573,9405,9101,7063,6456,3515,4576"
12289,"1290,10663,4929,7120,2916,4315,10644,12497,8053,5135,7063,5999,10566,2140,8567,9306,12758,5104,3088,10530,8205,296,4576,2380,13098,13101,4036,4753,10336,8653"
12306,"4101,2218,12665,12758,4322,2990,4798,2140,9306,9496,9771,3910,5819,4430,3012,1556,10674,7955,11121,9511,12497,12414,1683,12369,2420,3372,1977,5959,7157,4921"
12326,"5135,2218,9799,12030,5497,2360,4921,220,8053,12758,10336,10712,3115,423,7138,6515,5303,8445,11884,1651,9771,2140,9511,11044,5413,12665,12703,11520,8758,7731"
12337,"1290,2199,12632,8205,13185,1244,6166,5071,4225,6751,3722,6071,6141,2492,10663,6388,2499,3313,10076,10137,1286,3791,10507,8521,2625,2413,8355,364,7329,61"
12355,"2218,5303,4101,1996,10241,5413,4413,10255,228,5907,8421,7558,11924,9443,10082,4127,13257,7264,11784,2220,789,8472,6971,8371,13385,6306,12914,4723,4924,5065"
12371,"8421,4413,12497,10663,9938,9405,12026,2969,12030,9604,345,12133,13374,11289,4798,4387,4828,8254,7964,11795,10918,7480,1776,769,5124,12561,8590,10437,9750,5927"
12372,"9962,789,5135,6971,5303,13309,8922,9866,10336,9937,8402,6960,11403,9799,2218,976,11024,837,3515,12855,8235,4161,10097,5468,1378,11921,4664,3989,7817,12330"
12373,"1220,10568,2976,9881,6638,9587,13110,1904,4266,8708,3068,9098,4963,11528,243,6971,13235,11289,9794,6050,12869,9931,8832,2344,1595,6166,2203,3800,13067,2670"
12390,"4929,7120,10663,6243,2916,12497,8567,2380,4413,4387,11088,10712,9072,10648,789,11969,6962,2140,8593,2291,2671,7331,62,8649,3419,4841,296,9744,6811,9124"
12405,"7120,5999,7707,6962,9799,2957,6843,1100,1408,10999,3717,4576,8336,4387,9612,9668,4966,7578,11102,11495,1726,8205,12321,7130,7374,4482,13297,12497,3788,2822"
12407,"9962,12497,9799,2140,789,4929,2380,11289,5135,1132,1244,10663,785,6515,5573,6283,6942,11298,11282,10213,3697,4679,4413,6243,9072,8590,7849,2712,10607,11751"
12408,"4101,2140,7723,8421,9938,1977,1856,2343,1558,128,1500,4519,5760,2169,2453,3643,11020,7710,576,9646,3112,11143,6369,559,769,3356,9733,7832,11467,2063"
12419,"1634,12030,13138,785,2885,11282,8699,8254,8700,2380,9504,4734,8421,10834,5532,1408,7968,10869,9781,1298,10735,7463,2767,9319,10786,5642,949,9867,7283,4805"
12423,"1290,4929,7120,13235,6610,12497,4798,1012,10663,2670,7867,4974,13367,12738,8254,1942,3154,2203,3992,7486,12425,464,12745,1909,1302,293,3055,2767,8656,665"
12426,"5999,2789,331,10340,10916,8402,2882,1390,1776,4811,8205,6302,10336,11024,7590,7197,992,1017,1978,13072,2449,9560,8466,7672,6588,11515,5587,10787,8167,1529"
12452,"331,8714,8590,5303,560,7157,9938,1021,3290,2380,12668,10326,8217,3356,13201,2157,7027,2882,844,13394,9886,2140,12341,12104,11020,9860,2158,9875,5549,9490"
12480,"2140,4101,7856,9886,9971,9580,5835,5999,3447,10566,3778,2199,8922,10963,3744,3432,3514,10147,4163,8021,2007,7391,6586,8041,9515,1719,5610,9998,7971,4388"
12530,"851,2199,4101,2220,10241,5999,5303,6166,1314,4256,6330,6312,2736,13257,12758,8668,3799,10869,13101,1524,1427,12441,2789,9580,7369,9496,7197,5476,10704,8590"
12546,"1290,7120,789,9962,5303,10663,5135,6971,4929,4413,2218,6243,8567,1996,11282,2862,4777,9799,13296,12026,4277,3515,12497,1590,3055,2286,11784,3787,11495,5022"
12556,"1290,10663,7120,4163,10607,4576,12665,7707,9971,7578,13101,5999,2957,8590,7197,6260,8413,8053,5229,9662,11902,9810,2337,13096,8607,3088,9771,2736,9671,1977"
12573,"2140,10326,2916,4929,491,6515,2380,9580,1320,9454,2799,4413,8427,7637,3247,1927,4576,9635,8343,4602,8021,296,615,4028,5731,2537,3512,8525,9072,11114"
12592,"5999,3122,708,7715,11871,304,12835,10000,5819,4315,1299,9668,3060,7024,7706,962,2769,6962,11452,330,4163,8505,6638,6032,4464,1582,8053,5555,8590,2599"
12596,"6971,13101,2291,9983,5485,10663,2870,10982,2199,4620,7517,12030,9671,8018,3352,12152,12329,5999,12665,92,12700,5819,12857,8146,5932,12906,12140,2602,12277,2247"
12599,"9295,12030,4640,10345,7503,5411,4798,9170,11935,11775,5810,5433,2990,4002,9957,3341,4646,4664,703,2555,11993,2789,5485,6697,10097,209,4170,12758,8667,12711"
12615,"9937,1082,3909,8205,3737,9799,5303,11227,6892,5835,4865,13346,3162,4499,9942,10729,9627,3247,12359,11394,642,8703,8590,1746,8708,8911,1100,12788,11458,9073"
12618,"9962,789,7578,5135,3697,5313,7010,1100,7471,9866,313,10336,10755,5422,12665,11566,6333,2380,11789,8922,11314,9837,4693,7327,8402,6625,12190,7404,7712,12990"
12624,"8421,13362,2140,4679,8247,7471,725,12990,2220,3791,5319,411,5635,7832,5549,4229,4377,12817,7489,7348,10233,12480,12013,5292,9650,12757,11126,9504,11282,5676"
12638,"1290,2218,2140,7120,10663,4777,4413,5610,9405,331,8567,7817,6971,6437,8922,13296,7532,9866,5867,4053,12331,2207,8434,2965,12497,2758,5907,244,3106,8235"
12641,"5303,2671,7637,1290,1104,10834,11215,6971,6437,11789,7712,11749,9405,3947,10644,353,3103,12928,8794,6220,6354,9837,7723,9648,9707,6735,8486,3218,4623,345"
12644,"10607,1598,9799,3909,8235,6418,2990,11289,6618,12394,4798,13005,2140,5422,9962,8815,4576,12525,716,3641,1769,3862,3766,1244,4036,2185,12497,2957,3982,4063"
12649,"5303,1290,7867,2140,7120,2218,9799,1977,1556,7679,1244,6112,10137,11384,3115,3591,168,12703,6900,976,12857,7157,12946,3228,296,4625,1996,6638,9423,2588"
12654,"12497,4413,4929,2380,11289,8590,9405,6220,1220,11298,7120,12622,9306,9490,1747,2734,9101,12104,1726,4354,10140,9918,7142,3446,10437,6382,3115,5250,2489,8254"
12658,"9668,11289,1634,9799,4436,2020,12869,150,1788,5137,12857,9072,12806,6962,9881,7189,5422,1540,8277,13411,385,11508,9282,6638,8035,3659,7058,4093,3957,10059"
12659,"7120,10663,4929,6243,12497,2916,8567,5135,6971,789,2140,9962,1244,5303,3697,10607,4277,13185,13309,11384,2218,8590,13101,8205,3781,2483,11196,1400,10137,810"
12666,"2140,4929,7120,1290,769,10663,12030,7856,3770,296,2380,8421,1796,4790,13211,4654,6311,1906,9115,4947,9938,3888,10648,8845,4101,1629,3214,7839,3925,6719"
12669,"6971,560,9799,7637,12030,11540,11326,2885,5339,10758,1556,9942,9101,2260,477,821,5149,8703,4101,277,851,8452,2993,12765,7558,10776,150,7498,7005,393"
12674,"5303,789,7120,1290,4262,10340,4277,9799,5135,12497,6925,9859,2990,10326,8714,5022,10259,7306,6271,7867,168,7745,11630,10474,4576,13182,10791,11292,6107,12385"
12688,"5999,6971,2218,2140,8205,9668,3717,8590,95,12665,7024,7138,5292,12725,1996,2270,10674,3085,11871,6283,11295,12418,4695,5199,5420,5119,1634,2238,7032,8161"
12694,"8922,5303,9405,2567,3515,8699,1634,1662,12928,1696,5532,1821,2862,8851,4946,237,12225,3766,499,11285,10546,10725,1259,9349,5525,10568,3218,12566,8235,7529"
12709,"6971,7637,5545,2291,3770,4315,825,3401,8459,10434,6733,3244,8165,7462,2238,94,5199,4223,10684,9831,4007,8747,11726,217,1104,8134,5022,8884,2617,2748"
12712,"6971,8235,8922,6026,4777,1912,5557,9003,8111,3308,9503,2220,7637,8221,5545,2140,6641,1821,5142,1640,2842,1319,13114,13097,12903,2643,11198,6194,12030,10138"
12722,"6610,4387,7590,8421,13114,1378,10473,8922,9132,3539,1210,9942,1220,2020,9229,10581,8808,12990,6920,3238,8593,1985,9061,2916,8072,1017,3241,9613,4101,8590"
12728,"1598,1704,8452,12703,9511,1228,11115,10138,10111,7908,1769,4798,3706,7731,5532,8657,1156,13314,2060,13191,4228,12738,10102,1576,6433,2806,1328,12030,7172,6508"
12732,"1634,7637,2020,9668,1408,5545,7895,5999,2265,5482,11282,11325,5532,7462,11540,12404,11774,6326,1860,5339,10703,4679,6962,13350,11839,1286,9504,85,863,6166"
12736,"6971,3770,4315,3241,13114,6892,5545,1634,13280,5926,10746,2379,4725,1286,12681,9175,7280,2744,10434,10566,3296,9484,10785,7743,6461,3950,11667,3978,94,12463"
12738,"1634,12757,7064,2670,3870,8703,5303,5642,9799,12104,12493,68,12858,2771,3812,7063,7964,12990,12988,5779,7462,12026,2265,8951,7784,9628,10231,4693,12181,2559"
12741,"789,9580,6270,2885,6243,11843,4798,12030,2786,10712,12606,4273,11540,12026,2437,12665,860,6474,2370,3577,7471,1779,4332,9671,12740,773,7937,4929,11422,1634"
12756,"445,3616,390,7289,10326,4970,7471,12535,11444,2547,8718,646,784,823,3341,1085,3103,4525,6264,2037,10844,10445,2379,8466,10546,7149,8957,8399,1544,7304"
12764,"12497,4387,4277,7712,7637,140,5008,9744,1912,1286,7578,1290,2499,12156,12944,2353,1440,7892,8413,7725,5027,4127,11809,6270,4322,10120,6591,9181,2712,3045"
12768,"6971,2140,1427,8459,5339,228,9668,2220,275,850,519,2218,2834,12757,11540,5631,9937,10127,12990,9799,2211,12857,13110,4101,2467,3833,4679,7462,8833,741"
12773,"10326,2199,5999,8590,331,8562,12680,1598,5303,13101,6166,6445,4465,4101,364,5635,7266,5723,12668,4277,2007,10674,10088,1978,11321,6107,12665,3085,12368,4430"
12789,"1287,2291,152,7676,286,789,737,4970,1634,13346,335,12348,3293,11784,5966,6020,12198,2453,9132,12606,3451,6982,2379,256,7289,3870,1543,4614,12813,9484"
12790,"7120,8205,4387,3909,8590,331,10340,5999,1100,5835,4576,12497,2246,3578,1290,992,7590,6312,1153,4036,7971,8136,4277,8241,7578,4315,8765,6026,13048,786"
12801,"4101,12869,11289,1747,4798,1220,3055,1634,5124,12026,11282,714,2149,4413,12497,11521,8022,10140,10429,3829,1421,8472,6318,11540,9405,10670,8760,9721,464,785"
12804,"1290,10663,4929,789,12497,10607,5135,6243,9962,8567,2916,1244,4277,4413,4576,1912,296,3950,13309,10336,10648,5573,3766,13026,286,6032,12944,12943,11088,7197"
12833,"5303,9799,1558,12668,11705,6962,2318,9115,8561,9646,12321,4685,8703,12071,8005,7027,96,9627,1957,5240,7707,12990,2771,12776,4563,7436,5570,12197,2377,1299"
12846,"10835,3871,4272,8708,1286,11024,12303,8421,13347,6729,10097,759,9932,3767,2512,10792,7214,882,12478,4387,2339,10993,10574,2880,10137,6960,9439,7788,3772,735"
12855,"5999,331,2218,10326,9668,10473,8590,12727,820,12835,1244,3990,7120,4413,12811,11088,6638,9938,6166,6874,11625,2030,7374,4277,3770,10607,2238,2304,6112,1390"
12860,"7120,6971,5303,4277,6270,6166,11475,13381,9455,6150,1290,4262,11292,9635,11796,8674,9286,9438,7109,6354,587,3791,1811,6610,9962,7580,5875,6494,275,6319"
12874,"4798,2774,3766,5338,4947,1662,11751,4101,111,12030,331,544,8159,11282,10151,7392,7637,1841,11683,8021,12842,7856,11786,7379,345,12121,8608,9295,2231,2661"
12875,"2916,8922,6982,4007,3770,13114,13314,10644,1180,1210,2958,6971,4315,4946,4168,7666,10585,5610,10684,4877,4264,3616,8161,8421,12711,8456,9356,4036,2340,8071"
12877,"6962,12026,4798,12987,13240,3055,11128,297,3937,3986,5835,2990,8922,696,12497,9515,4101,12104,9771,3230,10547,12418,6089,11243,2837,6610,4698,13413,1100,5610"
12883,"1290,7120,4929,4576,789,10663,8235,8205,2916,10137,8593,8359,13355,10581,2483,13314,6971,4602,4036,2340,9942,9744,11540,1776,4626,6634,3909,4387,12359,3632"
12890,"2218,9962,7120,789,331,4413,5135,1290,5999,9405,3950,4101,2140,10663,11088,12497,13101,9866,8922,6280,9306,10712,4777,10241,7802,12857,7971,2291,2290,621"
12919,"6220,1912,13296,8359,12606,5819,9602,6638,7250,9443,145,10708,2343,2295,8707,6020,4602,560,5875,12156,8227,4740,2152,5803,12331,4167,5839,1556,3070,5989"
12927,"1634,7312,445,851,12665,1085,11969,5608,2547,3870,3809,254,10077,6360,1527,2379,12055,726,12996,1664,13190,3447,226,4969,1788,2736,820,8206,3179,6283"
12955,"10326,12525,6166,11282,2218,6283,851,2654,1244,2591,1606,2060,4602,11160,11217,4768,7302,11508,2448,6217,9557,6141,2304,8191,9144,6875,12725,3031,8035,13258"
12956,"6971,11289,1408,1747,6271,385,6712,1220,9455,13375,10126,6270,2591,1579,3688,3766,5303,4553,4267,1987,5727,6445,8530,9101,4063,10429,12414,4443,13346,5966"
12958,"10326,9580,1400,4798,2228,2748,2957,4387,11651,8205,1286,1444,13314,168,3638,9078,10202,4184,3942,4743,5367,7685,525,6818,8126,2395,2199,10777,4322,6825"
12965,"2140,6971,10326,6166,3766,2957,3554,7856,998,10607,1180,3241,5540,7723,11539,10434,3950,3774,5676,9289,6892,10084,7383,12857,12112,9938,6814,117,3088,12630"
12970,"1290,6243,2916,789,2220,2483,10663,7637,9960,7120,6971,11843,7063,6128,9799,9072,8593,4929,3697,6288,7001,2140,4789,10850,12985,7029,3904,6264,10322,83"
12996,"5303,10663,1290,9962,7120,9405,12497,331,8567,10607,2567,4974,10340,7529,8699,1244,7453,5931,8922,1987,10456,12404,5135,9162,7613,8851,1364,2359,7197,785"
13000,"1290,7120,8922,4277,2916,9962,4929,11809,10147,3749,6962,2483,3737,8567,9564,2108,296,3909,4161,10240,4387,6971,9799,12550,1726,3805,6427,3484,7888,10336"
13017,"4798,5135,789,6220,7471,13309,2314,1100,5367,544,10202,4927,6548,2199,2530,10122,11884,2478,5091,3934,4974,8608,12003,10363,4813,12232,1681,7891,2606,2869"
13019,"10326,1985,4101,3238,5762,4352,9942,2199,13284,6107,2007,8562,9580,1891,6901,2220,12788,2764,9515,9937,6515,1427,7590,5999,11824,305,240,354,7207,1598"
13021,"2140,5135,2199,1290,4387,3697,12990,7637,12474,11384,789,8525,1847,4973,8593,7462,10792,4576,89,9937,4499,7578,2228,8343,4216,9256,8675,10498,354,12808"
13022,"1290,10663,4929,13101,2291,2199,732,8161,2916,851,9405,2808,10530,4101,2058,8567,11784,322,560,13310,6928,1210,9309,9132,7924,7270,10425,7299,7816,5545"
13063,"9962,2218,1985,3697,5135,9405,12990,3778,12026,13101,9987,8958,8922,4974,4053,12474,7590,9882,6422,4413,9937,12857,9308,3165,6625,1776,11918,6576,2291,2211"
13075,"1290,5303,7120,9962,4929,6166,6243,4277,8405,11384,10663,5999,4163,9799,6220,331,5608,12990,8567,12622,9937,332,9639,2380,12875,7578,9646,6962,10003,7707"
13076,"10663,7120,5135,13101,1290,2218,9771,12497,6638,2291,7715,12913,9306,6243,12632,8248,4929,9405,8616,4777,11298,385,851,5155,2895,4921,5233,6804,4955,177"
13101,"1290,10663,789,1996,7120,3779,5199,13058,6787,4851,4111,13296,6112,9880,2784,8509,3089,1556,4796,12912,4560,6412,10420,6322,11305,2731,2029,5948,12767,13022"
13105,"5303,6971,331,5610,8922,2567,11495,8288,13381,11405,11097,332,12757,13257,8562,4229,9853,5999,2151,176,4570,4447,12990,4258,5275,1244,6788,85,8337,5190"
13115,"1290,4101,411,10389,6529,8053,10656,153,7723,9303,10388,10151,1021,5537,364,11884,2990,6971,576,5835,4623,3292,10547,1726,9101,9205,5249,10453,7489,11464"
13117,"331,6610,4664,5573,1290,2789,3697,11464,9258,2990,12072,4101,13101,11243,13401,4685,8714,9983,10963,7994,8124,10651,12497,9937,6051,1978,4117,9081,7837,6638"
13121,"1290,7120,2916,4929,10663,296,4387,10607,13114,12497,6243,4576,3697,1244,10336,7662,9072,8567,10648,3781,9456,10362,12476,11775,10143,4028,10473,11752,7063,10137"
13123,"789,9962,12030,5135,13309,12026,3950,11540,3055,6243,8922,4798,4777,8421,9295,10097,10895,2218,9942,1100,2220,2990,6563,5837,3737,11992,837,4312,1779,12869"
13125,"6166,789,5303,1912,9962,8922,7489,6220,4277,6270,6395,7637,4613,9968,9837,1856,2453,6476,4614,12156,1180,11540,1875,7471,12606,4469,4976,8161,9707,6878"
13147,"2238,7637,5199,11713,12404,12663,7983,10127,9755,1408,1286,4322,1421,10473,8459,6166,8687,9540,350,4941,3909,10326,7867,6283,382,9668,217,7337,4664,9192"
13151,"1290,7120,4929,10663,4576,10607,2140,5135,2380,2916,7707,6243,11357,10648,12497,5835,9971,9646,6515,11508,6283,9962,5422,4101,9612,5573,2808,8413,12811,8497"
13153,"2218,4101,2969,2110,2548,2143,9693,6573,1062,13211,9750,1996,228,8472,8630,5239,10916,6220,5747,840,8923,544,8716,12250,5918,1220,3770,7503,12702,638"
13176,"10792,10137,4315,5999,12517,8623,3535,4659,5926,1700,8575,6638,1286,3029,8911,12104,12665,12321,7725,6962,11902,5835,992,3122,3489,7334,9414,782,291,4199"
13180,"1634,13306,11566,735,789,3788,9997,3796,11626,2808,8551,11604,7280,5810,13279,6213,1856,3620,6022,6874,7706,4613,6205,5647,10661,1299,3737,7743,8738,4576"
13192,"6971,789,2291,2140,5142,5135,2218,10241,8402,6280,7623,4293,4413,7678,3533,8627,1554,11726,5057,10336,3308,9668,9979,10712,8053,2130,9962,9450,12321,7802"
13194,"1085,2789,12463,9771,4430,976,13355,11022,2748,3064,10684,3149,12700,11012,898,7304,7005,9155,6588,5819,1638,5975,10982,3770,13280,8335,2337,4170,5302,11726"
13195,"1290,7120,6515,2380,3491,9295,2291,2218,2140,2850,8452,6670,5199,11357,2555,2339,4101,11784,8472,4664,3781,11181,9948,10837,10389,4929,10524,6493,9733,10404"
13198,"6971,7706,9799,4602,2541,6141,6013,9880,2380,9804,11791,854,6589,10656,282,3853,9072,13426,335,9069,9369,9810,9038,13182,7715,9105,10737,10589,4653,5881"
13231,"5135,789,2218,11775,6971,3950,9962,13309,12990,5913,12943,10241,12939,9340,9295,4035,10661,5711,10648,12435,8359,8509,558,8421,1290,1556,10326,10607,10434,519"
13234,"7120,1290,4929,2218,2916,5573,4576,9886,10607,331,6243,6588,1244,8590,12476,4101,10473,296,1400,10663,2140,9528,6522,8605,5608,6115,6515,8290,2020,10674"
13240,"10663,4929,7120,789,8567,6243,9962,8421,12497,5135,10648,10607,1400,3697,12990,2885,5303,13309,2784,10336,296,5573,11143,11775,4277,3886,1779,13101,4613,10661"
13273,"2916,10663,10607,4216,6887,6141,4163,5075,3293,5557,1851,4602,11712,7197,10137,13261,11580,11106,12787,6751,3805,5033,3428,5966,2460,13296,6809,2339,493,5819"
13276,"1290,4929,6243,5135,10663,7120,2199,789,7063,2140,9295,5303,3697,8084,3263,10644,6166,7856,2291,5810,2916,11786,4684,2264,7329,1659,851,3737,9945,9960"
13283,"1290,789,7120,10663,4929,5135,6243,6220,2380,12030,9962,4777,13027,13309,2885,4083,11298,5810,7715,9671,11626,9837,8567,5214,8205,83,717,12004,12497,11799"
13297,"1290,4929,6243,10663,9962,7120,2218,6971,2380,6220,12030,13101,5135,6515,3539,5573,5214,3697,2762,9671,8590,8567,11993,8675,3054,789,4266,10674,11396,2990"
13301,"5303,1290,9799,4576,7679,3982,331,5135,5060,2990,789,7026,12675,976,9755,10137,9771,12833,5935,5422,3796,9135,10607,8681,8060,10033,1069,8993,3816,11619"
13303,"4262,976,1286,13230,10736,10574,3515,4816,12404,5549,4229,10462,4946,1320,1269,11991,10834,8718,4129,9454,6332,8792,1918,3749,12399,11837,11766,10209,6693,9352"
13321,"1290,7120,789,6243,4929,8235,1400,2916,5303,11540,9580,10326,286,11994,3171,1521,493,9938,544,296,1634,11235,9081,2885,7558,12026,10648,5672,4387,5432"
13330,"7120,1290,5999,9671,6962,13191,4117,3870,10608,10663,6243,10712,7256,12474,897,12133,11994,11384,6210,4161,3965,1180,1466,11190,11403,8731,1938,12026,4111,2427"
13338,"2140,10326,12990,5422,9998,8922,2380,11077,9115,12480,12757,13315,579,8031,1891,3255,4100,3434,10963,12509,1856,10865,10434,12104,10841,9369,4947,2703,9807,1583"
13380,"4798,1914,2670,11282,11463,5532,7010,9932,3292,11289,12738,1583,710,4615,6326,4679,9799,9650,7006,5156,5549,12822,2038,7332,3829,11381,6081,12058,5307,9557"
13389,"2218,5199,11784,6433,12070,111,2370,10326,2618,4800,1996,638,11705,10217,10389,2762,8606,823,11786,8472,2661,6990,10841,12799,13323,5946,8452,5239,6529,6354"
13390,"12738,7312,10895,5570,1934,1197,4025,13257,7122,2663,11292,7283,9942,12098,11010,851,6860,1689,865,6530,7176,8394,9980,4388,5017,1893,8919,10561,5834,3162"
13391,"789,6960,4111,12474,1290,10916,9937,12379,10484,12030,8235,12990,83,5019,5303,6054,3620,13432,13309,8483,11384,1754,3295,9837,976,11024,8258,8493,10993,12855"
13401,"2916,4798,9382,2140,6243,1769,2555,1700,12026,11609,10663,1583,10137,9580,2291,12497,804,4024,10712,7528,3032,10451,11357,11673,6960,3352,2672,2970,11099,10432"
13403,"1290,6962,1286,3787,4315,8161,6638,560,9671,2882,8018,1912,5482,4929,2885,848,1558,7725,12681,10137,5197,5819,4915,3703,11021,5629,9489,3532,3070,782"
13407,"6751,13024,12030,1286,12525,13138,1883,3670,13261,10507,4250,9455,4414,9063,275,12903,2220,6007,13329,6326,9098,9231,6236,3622,13155,6809,8562,9781,10887,4466"
13413,"8421,1299,6220,11884,519,9662,1977,12030,10459,7489,11020,6027,1576,7471,4655,9101,4839,9170,9685,10233,6326,12869,10255,13279,8054,8274,10278,5647,5413,11814"
13414,"1290,2291,823,165,8708,976,4484,5884,9295,7471,2339,1233,784,2044,11528,296,4998,13118,8587,7312,11348,5135,8404,8957,6982,119,4286,153,3697,7563"
13446,"1290,4929,10663,7120,8567,9295,8636,2339,8161,1779,1912,10462,4229,6034,10097,642,10,789,4387,7404,10835,3487,4272,1365,8305,1717,8525,8940,593,7285"
13472,"10326,5199,2140,1977,8854,3666,4286,165,3770,10873,473,10841,3816,11969,4101,10021,4892,1156,5303,12867,2149,4970,2379,4297,5723,1634,10088,13428,9511,7379"
13488,"9799,2789,1747,2842,6061,6625,12758,5810,1597,13220,9504,6026,3453,785,3154,4673,6322,10731,9098,4161,2443,12662,4604,9319,12404,7079,4693,9795,12896,3083"
13502,"6971,2140,2218,10916,7723,10241,8590,9038,2567,1262,13296,6209,3620,9019,3296,10195,4413,4035,2164,8630,11085,8053,2108,5026,7138,10993,6588,5610,3372,228"
13507,"1290,7120,6971,4929,789,11384,2140,2218,8567,5135,5303,6243,2291,12497,3106,9937,11088,10663,2988,296,83,13249,7759,4789,9405,12705,9962,10644,9602,8724"
13512,"9799,5422,9072,9971,4413,8991,11656,7374,8922,9938,4315,3909,1899,1100,5148,12857,6316,331,6926,769,10963,10362,3766,5721,5474,2140,5318,2882,8413,7856"
13543,"789,6971,5303,5135,5976,13346,1082,7120,9937,4277,12030,10000,48,13309,7623,871,7558,6243,8235,11994,4865,1104,9300,11450,335,12070,8359,12857,6220,10027"
13572,"6971,6283,10674,9668,6166,2020,3085,4602,11508,7707,5999,2140,6240,12733,2736,5819,11871,1429,5476,13269,5731,1836,12775,8335,6141,11626,2238,12681,4721,1790"
13595,"2140,4929,2916,7063,2020,11651,13114,1883,83,529,4216,6907,11673,4573,89,7176,11229,10787,8835,573,11874,2670,10862,8071,2339,3032,12026,12405,4642,3562"
13599,"6166,6971,2199,8161,1659,851,1286,9693,5545,2020,1116,6366,4147,2291,2748,7512,5761,7329,11258,4181,8718,217,3791,2373,9945,11547,9281,1997,12606,6548"
13608,"1290,10663,7120,6243,2916,4929,12497,9962,5135,10607,8567,6971,1244,13309,10336,2218,9072,3697,12944,789,2140,3781,4413,11298,8053,9405,5303,13185,7063,296"
13609,"3770,12606,5124,10756,12837,12857,5532,13296,9880,1704,1337,8562,12707,5485,6166,4800,7522,6451,4802,5677,3115,13024,228,5199,9671,11784,6418,10708,748,6708"
13630,"1290,7120,5135,4576,4929,2291,5025,2218,3539,11784,8452,10663,6515,2286,165,1681,12875,2762,11384,2916,278,10530,12668,9306,5386,8714,1845,10683,10017,12752"
13635,"4413,8707,7856,2380,10147,10326,11751,4448,9938,851,1132,11103,12086,4277,10551,12331,8254,9306,1579,6555,8452,282,5303,2242,7392,2140,9144,3799,7715,11393"
13645,"5135,1290,2291,4929,789,6243,1556,6846,1747,4798,544,12497,10429,1779,8022,7679,6412,3697,7120,10663,7076,6220,622,218,11289,4219,4910,4147,12334,4913"
13673,"5964,1776,4798,7637,9170,7471,5339,1985,6892,4679,7983,1613,5433,2220,2670,13160,8483,11540,4640,11772,10866,7462,12788,7590,7207,9580,1220,5545,9592,3915"
13683,"789,5135,9962,9115,12321,3950,8675,5272,4735,3323,4101,2291,12869,10434,12606,10566,9306,10224,4777,2910,7027,5999,6652,454,9614,12776,3214,11255,11521,5239"
13702,"6971,2218,9405,13101,5610,6166,12857,2140,8421,2559,8483,4413,10684,275,741,4053,7439,6422,11992,13114,13404,8922,3656,4640,10976,12474,3990,8628,5735,13214"
13716,"10674,1634,8562,8590,10473,3770,7120,7024,1421,1337,6751,2499,4101,12944,1598,2910,5442,2380,5199,2238,5140,4929,5422,1978,355,13370,9072,11871,8413,4189"
13724,"11384,2199,12156,11292,9880,5549,811,254,851,5303,12455,7348,11326,6107,10163,12280,11723,5149,4602,31,10326,12990,12875,3799,7283,1197,4412,5214,12541,11660"
13746,"5303,6971,6545,976,6610,11775,13309,4430,1223,4924,31,12463,3467,7111,228,6470,7632,220,9541,8335,13384,8371,13110,11299,1746,8561,6456,11171,2540,7723"
13752,"331,4315,10644,2559,6137,10684,6610,6971,9340,13114,12463,12747,9771,10834,4430,1180,5361,13216,8402,2789,1254,7256,10524,13170,13184,11443,2882,1213,381,8217"
13756,"6971,4315,12133,6965,3296,3539,345,9578,9405,3950,12373,2291,12115,12747,7623,7995,7558,5135,5057,11647,13186,1228,12030,3427,5581,11379,3350,12561,12809,3990"
13763,"7120,1290,4929,10663,789,2916,2343,6243,8235,296,1912,286,823,6220,4216,10607,8139,1133,493,7829,83,5976,13027,6887,4199,1634,649,7159,2152,773"
13774,"2140,6971,9799,4163,4216,3668,2220,9597,2541,8525,3037,6525,4602,7706,13339,10835,479,11651,11374,3247,9564,796,6118,9093,4499,969,6322,3875,1303,5174"
13776,"1290,10663,4929,4413,789,2140,2169,8707,2916,7707,7637,4798,13296,11282,7833,1851,12606,12404,12738,7120,9306,2044,4053,6028,4781,12108,1875,8984,377,742"
13786,"9962,789,13309,6243,7120,10607,4664,11775,3697,5135,2218,13101,8922,10389,12496,3420,9866,8235,3478,2370,10240,10027,2905,7623,12478,10473,11024,11543,5573,2392"
13788,"6220,12026,9962,12606,5999,11540,1776,11282,8421,8562,8161,9880,6899,12990,4974,2910,2007,11357,2506,13296,7989,1598,785,9671,3295,1912,621,4679,4929,7283"
13791,"9799,12857,5835,7707,12665,7439,9771,4262,5543,1439,9648,1597,4163,10629,10946,1570,8810,4679,7542,4186,4745,1100,11004,6962,12509,2670,3319,13278,11246,3937"
13810,"6243,2916,1290,5135,7120,12497,3697,9072,6811,8505,12474,89,11298,8593,296,10712,2353,10792,8215,11403,10607,12133,8703,6965,4929,7001,10027,3870,12680,9454"
13811,"2291,8922,825,5016,2380,2808,2910,89,2916,8981,6280,13191,8041,5557,8675,4101,5055,9580,3071,1516,2736,9450,309,10222,8021,10345,4786,8520,5762,2091"
13820,"2218,4387,11540,10255,8421,4322,1588,11764,5930,9295,8525,11992,4640,12538,6524,3737,4035,12474,519,11935,13410,1286,3725,10704,1182,7403,7526,2220,3372,1973"
13826,"1634,10607,8590,789,2238,6302,4163,12167,820,6444,1244,1400,6166,7515,10663,2020,8728,12681,7120,4985,3441,11289,3591,1180,718,286,7467,782,4216,2140"
13840,"2199,1286,6166,8161,4465,3539,6270,8562,6150,1948,1779,6971,10382,3507,4127,217,560,6122,7903,4147,8590,4622,275,1659,12156,9942,2518,7652,10685,4445"
13841,"6270,7471,5124,10187,132,2591,10827,3766,6201,11898,6402,7460,1426,10925,7417,4323,4947,10201,1779,5727,11814,10596,2648,9053,10052,5199,2080,9938,6596,6925"
13852,"9580,8235,12030,12026,8922,9048,4153,3035,1631,6243,851,418,7590,11289,7003,5264,6107,10326,7172,12977,3055,12097,10068,12680,2058,11120,12779,602,2559,11717"
13858,"10326,9880,5303,12813,12990,12606,7198,11384,8421,5676,3737,3138,7978,1695,6549,1132,13138,959,998,2237,350,8820,2158,12681,2199,10646,4679,7417,2675,3766"
13865,"4929,6220,10663,8421,1912,11289,7120,6270,1779,1290,1180,3766,9405,6402,921,2784,1863,13101,8274,10596,8567,4974,13291,1478,4277,10647,7503,3950,10911,798"
13871,"1290,8235,10663,4929,12026,8567,1776,3055,11357,4413,9962,6610,5999,11540,7590,12497,6971,10648,3532,8590,9405,2218,9886,2916,4777,4387,2670,6243,7718,785"
13877,"2916,4413,2218,4798,13114,2140,1883,5631,9072,1286,13314,10322,121,9383,1443,7130,1862,7591,7176,8525,7304,12842,10021,12738,6321,5199,11730,11229,2639,10318"
13905,"1290,4929,7120,10663,789,8567,4576,296,10648,2916,5142,6243,9962,9837,2140,12497,8399,3107,1912,8205,5135,11117,12212,10607,11357,12705,11904,665,7312,2670"
13924,"7120,4929,10663,6243,789,2916,9962,8567,5135,10648,296,12497,4576,4277,1779,331,13309,10644,8714,13114,7817,593,10607,5573,10336,13185,8421,10712,8355,4974"
13929,"5999,10566,4387,4262,6709,9580,8205,2265,5476,6220,9087,6626,10340,9867,3934,8255,2485,8702,10735,5307,3950,11292,5913,6610,8278,4938,12665,1430,6270,2019"
13935,"1290,789,10663,2140,4929,7120,5135,6243,9072,11298,9306,1779,4413,5199,10712,7138,2916,13214,9848,11282,6634,10791,2218,4568,11997,9962,13415,12497,8053,13026"
13952,"2291,4798,4101,335,1220,5819,4664,1210,4621,10530,8504,9450,2764,5386,10648,5298,10122,4391,2916,996,1769,8177,11551,7824,2643,4177,11166,10138,10389,12722"
13953,"6270,789,11992,10462,6166,13289,7637,3147,8953,11690,9503,13309,10078,13097,6461,8342,7560,7063,5487,7417,5302,12260,9110,5027,273,9259,1263,3766,10895,826"
13962,"1290,10663,9072,12497,2916,1286,4387,10322,7120,12632,8110,6668,7112,9231,7138,12404,5808,1085,4315,8505,11021,12343,10232,8567,4929,7063,10462,11812,7439,7835"
13965,"1290,6971,4929,10663,1912,12497,6220,8205,2916,4101,5545,11357,5819,8472,10124,3088,8235,9405,8567,3532,2567,11540,12026,1640,2218,6280,4777,13101,2990,2262"
13966,"6971,5999,11289,12680,7707,10039,3772,12665,1286,3031,9580,10835,13346,11956,7653,10163,1726,2736,8922,4688,3909,6843,783,873,8136,9814,564,12181,5736,5137"
13974,"6971,1180,9937,8235,8922,4946,5303,12474,8997,11659,12680,7590,12985,12779,12702,6784,3689,897,3539,12220,1378,803,10067,987,782,8650,4111,1409,10567,9799"
13982,"1290,7120,10663,4929,12497,10607,4576,6243,10137,2916,8205,4277,296,8590,8235,13101,10326,331,8554,2808,1244,2340,3458,8593,11775,1400,820,7971,7197,2332"
13983,"1290,7120,10663,12497,9405,13101,4777,9771,6971,4921,8065,2218,5760,5819,3020,4413,2140,1742,8567,11726,3624,3122,2291,3219,9594,6097,11213,6383,5608,5590"
13987,"5999,1286,9671,10916,8562,61,9881,2957,1700,2518,10835,11272,7071,6220,11357,6971,5114,7010,3061,8161,12665,259,10506,3966,5265,9668,1532,3268,4860,649"
13988,"2218,10124,5999,1598,5545,11396,5907,2089,5946,331,8161,2567,4387,3882,10222,2199,4221,7027,8695,8562,4495,13249,4575,6801,11234,8524,10566,320,4949,4035"
13991,"2140,331,10674,1598,8235,12757,8590,10473,8161,12990,1978,2238,10607,3770,4904,7578,953,9133,2228,11969,2550,1640,8623,6490,4101,4741,11529,1634,2499,1337"
13995,"5303,331,6610,10834,544,7492,910,8561,7723,12104,4101,11054,2684,11117,8421,5331,13170,976,7864,31,6918,167,6919,4947,228,2691,4430,2214,499,3643"
13998,"1290,10663,7120,4929,11357,1996,6610,2916,1012,3488,2332,9684,4024,10581,1383,11289,2180,12309,4798,6326,6397,1135,544,7431,13381,2340,9132,2665,10648,3597"
14021,"6971,12757,7856,11384,11299,1726,2140,11121,1598,10963,3281,7489,9627,9937,1640,2324,12668,7063,1049,1746,4101,5124,3737,12480,2158,10529,5961,9425,12321,5292"
14028,"10663,2291,13101,1290,4929,7578,6243,4698,3697,4388,9405,89,4857,9962,5422,10697,2808,8483,634,10550,8675,4101,8778,9221,269,5264,1634,7637,6576,4072"
14042,"3295,5999,4388,9443,2218,2220,8922,11775,12757,9962,11109,11581,741,10241,8045,3799,8316,1230,5610,6330,8053,8167,8483,1776,3915,10553,10,4025,12744,6960"
14049,"12030,7637,6220,6264,4525,4798,4413,1662,9693,12404,12606,5545,1220,8472,70,7712,345,12571,5532,353,4273,544,7392,9942,10326,3706,2103,7484,6270,3539"
14060,"2218,8421,9295,2916,11488,7063,9746,4927,519,2524,9340,3478,2013,4177,3737,10124,4798,1287,9132,2880,6433,10758,4437,2512,13410,2114,4097,4181,5239,10462"
14061,"6971,8590,9455,1244,5999,8562,1776,8421,10127,2218,538,8254,2238,10429,6166,7377,5303,7955,11784,759,13138,820,6407,220,8798,1868,3039,7515,3085,12725"
14067,"1634,12382,8699,9799,11528,5875,4613,7553,9320,13309,2881,5338,10834,7637,3886,789,3515,5467,8561,12566,189,11282,4798,10708,12404,6729,5124,11843,4229,2774"
14079,"1290,7120,789,10663,9962,10336,6243,8567,9866,12474,4929,6878,6576,12321,3717,1362,1554,9865,10481,8759,9792,3122,11213,1180,7381,2988,6166,4777,8731,12855"
14089,"5303,8235,9962,10326,12990,789,5875,11843,4576,8421,4499,11357,9295,3515,10067,12375,9799,7029,2018,576,9755,3695,2255,7653,136,1239,12359,1133,47,8772"
14097,"5303,9799,5532,6982,10039,4974,2469,7529,12456,11504,3234,280,2318,12665,34,1407,9118,8699,3577,8922,391,8579,2279,6045,2606,13381,6853,11120,13257,8254"
14105,"1977,4798,4101,10326,9580,3112,9733,12857,9886,2169,12385,5386,2990,5422,6926,10581,1769,4576,4853,8413,12250,1100,2850,2140,11020,3214,11908,769,9306,6515"
14147,"1290,10663,2916,8421,4929,7120,1400,296,1244,6243,8567,8235,10326,1776,4117,8520,2670,9309,10607,7197,2682,10648,2957,4974,593,13261,331,5399,823,2339"
14155,"9580,5999,9962,10326,3717,2218,12990,5292,2199,1100,11775,7971,4974,1863,2019,2007,331,6107,4101,820,12232,530,2957,4924,13257,13406,2309,9886,9746,13101"
14168,"331,8235,5999,8421,10644,11288,9684,5303,8716,10340,3875,544,7529,335,11907,48,769,10794,1100,8254,1084,12858,2013,13211,6610,3218,4877,11281,3306,1323"
14170,"6220,9580,8205,2228,11190,5135,5573,5913,13436,1305,2265,5819,7673,6270,7635,10819,3268,9668,12665,7590,660,89,4083,61,4576,5025,7637,2199,4293,9693"
14173,"2140,5135,9962,7120,4576,9799,5303,10326,789,13023,2916,10607,3909,5731,12990,1290,11495,6971,9072,5199,11540,13114,9886,12857,4482,811,10362,10850,2218,331"
14174,"1290,12497,11384,6243,9295,4277,9733,11540,4929,8567,11843,9744,2169,5532,5964,6896,672,13296,9937,7120,8593,9962,5149,12663,2990,3091,12281,228,331,9046"
14196,"2140,4163,2957,4679,9668,12857,8040,8651,10663,7715,7159,4698,8810,12529,7899,13101,8834,12665,9496,1788,10127,1100,1719,8035,10429,7471,7054,2784,12806,5482"
14197,"2140,7120,11384,1290,9072,789,6515,5631,2218,4413,1287,5135,4929,2158,2392,11111,3737,11107,3515,5199,6589,2065,1239,3276,8525,2233,7637,12331,9454,10758"
14202,"4929,10663,7120,6243,9962,8567,12497,8235,10648,8421,4777,1779,4576,296,5135,1912,4387,6812,83,4083,13309,12026,9866,2391,4111,7503,12813,4664,7948,12990"
14204,"9962,789,9799,11282,3515,5135,9072,8922,10840,12404,13027,4413,3507,9602,6209,2910,10420,11837,10340,13024,13296,12663,9343,11285,11508,6952,13026,10127,10758,9866"
14215,"1290,10663,2140,789,5135,2199,7120,2291,13101,851,8567,7715,131,2895,9306,3239,8521,5485,6166,5590,10241,3071,8614,8399,11103,7745,9380,7924,7898,3613"
14242,"789,9962,1290,6243,10663,5135,13309,8922,12026,4929,12497,4387,2218,8567,13101,7590,12990,7063,12474,9721,12869,3697,3662,83,8421,8675,4777,7817,7120,10840"
14244,"4101,331,3909,4387,3230,7637,5386,89,13191,11115,5312,6733,5216,6051,184,1856,5422,6472,6610,9060,11325,5025,10324,5696,5999,641,10098,9664,3717,2265"
14249,"5999,8254,6610,4277,4974,8575,2103,11463,10644,9823,2380,12990,7590,10147,544,12680,331,3717,13116,5040,4124,12104,10977,10326,696,10994,8271,3934,4004,2019"
14250,"12026,560,6971,11384,5303,4436,10721,11243,5608,8191,822,411,2654,1948,851,3115,10523,6822,10946,2951,9136,12779,12209,8486,792,13258,12710,10059,8817,4297"
14256,"10326,5303,5999,1558,10340,2957,9886,4163,9484,6538,10476,8714,8452,5524,10077,7368,8520,11495,5060,1634,2882,168,1400,12811,5497,5728,10308,12986,12541,11710"
14258,"10326,5250,13367,10126,5124,10778,8912,3149,2559,5549,7290,1598,5314,6103,9164,5351,5292,11415,6107,1977,3281,1133,7025,1813,8562,10141,10512,3672,1576,3726"
14280,"12497,7120,1290,6243,2990,9405,345,4413,4929,5524,11994,8472,12026,13101,10752,7955,5303,10712,4341,7063,4101,10389,6529,11717,2916,4475,9580,10459,2000,10663"
14318,"10663,4929,7120,9962,8567,789,6243,5135,12497,9405,4277,6576,12990,4777,13101,10644,2140,7718,331,8590,8161,3886,8593,4413,1180,13026,5008,7817,1776,10422"
14325,"2199,10566,6326,1421,3766,4323,4929,4758,1863,9580,9437,8342,2571,1779,10663,6548,11455,4229,4387,5913,6107,3697,7471,6270,9286,5411,8815,313,9962,660"
14328,"6971,2218,6220,4413,9405,11088,5135,789,10336,2988,8053,6280,1554,13249,9962,7063,13027,13101,9668,8590,10322,5999,12030,3593,3590,12497,10663,2567,7138,1502"
14329,"1290,4929,7120,4576,789,4387,12497,10663,9962,6243,5135,10648,296,5573,8567,6220,12990,11298,4664,10607,8590,11357,4083,12359,5835,265,1466,12094,83,4199"
14344,"789,5135,9799,5303,2220,12758,12030,1746,851,10704,13042,5905,8700,1937,13309,9306,1065,10710,2260,6591,5027,10551,12632,13185,10720,1223,6515,12668,7026,13086"
14366,"1290,10663,7120,4929,12497,8567,6243,4413,13101,8590,7578,2218,8161,6220,7063,177,8053,2916,5555,4777,12705,2567,4630,8922,8205,7024,1640,5019,11884,2290"
14421,"1290,7120,4929,10663,4576,11384,6326,9918,4387,10322,1977,4083,2469,2286,9341,8499,2799,2767,8320,12654,8406,12069,12497,5834,11298,61,3787,6589,8480,5911"
14430,"4798,5292,4101,10079,10434,9170,1719,623,9515,655,11289,13302,2212,8054,12435,13050,13270,8661,7632,1700,4332,4782,1994,11841,1935,7420,9652,10304,6276,12361"
14435,"4798,10326,4974,5199,2916,8421,2291,2684,8254,31,10607,4101,5823,2812,11784,10841,8504,823,4177,6767,9943,6572,6982,7114,10897,2411,11919,4413,8923,11878"
14472,"1290,789,5135,9962,4277,4576,6243,4929,7120,9799,6220,10663,10648,7471,1269,7707,2648,1408,9837,4262,11288,1912,3982,5964,13160,8255,9859,12404,6926,6270"
14501,"789,9962,1290,6220,6971,9880,12026,6166,851,3206,10646,5135,9002,7927,5008,454,5406,4262,4083,13027,4614,12446,3308,3515,2439,12322,2608,8510,6,6243"
14509,"1290,12662,10663,9962,6243,1554,5610,5835,7578,1545,12869,5008,4377,8250,10933,2837,1377,8675,2086,9504,12779,332,1123,3037,5339,1062,11282,7471,191,2899"
14516,"1290,10663,2916,2218,6971,8567,4777,4929,2291,13101,7120,6243,5545,11775,8161,3799,851,13309,7375,5214,8205,2770,12129,3487,3054,7280,3063,6433,3613,601"
14521,"9937,1921,5999,2380,9962,9809,1598,6312,8402,8376,1100,10076,4664,10056,3660,1696,8567,3875,12622,2443,9948,8922,7687,8342,10336,11800,10424,6590,2103,3326"
14553,"1290,7120,4929,5135,9962,10663,2380,789,4576,5303,331,6243,8567,10644,6971,4777,4277,7817,12030,13101,6220,3697,2990,5999,6515,2286,11775,5573,8452,9866"
14561,"1290,7120,12497,4929,6243,10663,4664,4413,4387,9962,4576,8567,2916,12133,4798,3340,5573,10336,8590,2555,567,4777,5127,3829,10648,12825,6326,3862,12256,7142"
14562,"1290,4111,1996,6322,5610,9671,6982,13296,6924,9877,5008,6787,280,11784,2199,7817,9274,9866,11143,2338,6960,5629,8804,6128,10840,13251,6209,11609,5630,9926"
14567,"789,13309,8922,5008,4414,3796,5810,9799,5135,6385,10840,9072,1851,12869,8413,4109,773,1378,7624,12030,6371,4564,5686,4197,6461,4777,8604,9866,6960,4127"
14575,"12857,789,5135,4482,2653,2969,228,9534,6625,9560,4201,5381,12985,2506,12276,9038,10429,7948,303,5543,10644,5914,1803,519,2332,9649,4616,3770,6418,7673"
14581,"4798,2340,5545,9155,6982,1779,9945,12281,7114,13123,5090,8554,9271,4147,11775,2606,4127,8161,5673,12382,10741,362,10539,4974,9515,12757,5235,1421,11109,5495"
14627,"8421,4798,4929,9295,4101,6220,3766,10138,519,4387,1290,3737,1912,12094,3829,8525,9909,12658,7063,6326,9729,1243,249,11775,2758,3532,13419,1863,1598,2841"
14634,"6971,9937,10792,3772,12455,2108,11384,10835,8703,1576,11956,12517,1286,8562,10097,9361,11230,13039,4111,10163,6220,1299,11299,6420,6558,3134,3620,10919,9516,6502"
14651,"8590,6166,7578,11384,9937,12990,6589,2020,11405,1726,1659,7706,6456,5555,1244,3480,3570,3703,8034,6141,3697,3450,10982,6502,2834,5684,7343,6220,6133,992"
14659,"1290,10663,8567,789,12497,2885,4929,9405,4413,11282,6003,8421,12026,8703,851,4388,560,13309,12129,6452,8707,10441,9962,1223,7485,4437,1875,6028,4299,377"
14670,"2218,12758,12030,11024,9098,10336,9072,8402,6811,8141,1223,3060,5810,1851,10834,11844,12305,9866,869,8037,414,10000,4430,237,10241,8922,12662,2285,2444,12133"
14684,"11282,7707,4602,5819,12331,3799,9886,4413,2485,5610,5999,13114,2218,377,9846,12544,6588,1429,11515,7203,1210,7591,3355,2789,3474,12761,8757,11133,3047,2194"
14691,"5303,2453,851,789,2895,6515,9865,4047,6719,2038,9733,256,6576,3314,8035,6925,2850,9799,5272,395,3071,7710,1395,9411,11844,12813,7723,6545,1977,6134"
14695,"5303,2916,1290,9942,4277,10027,331,3172,5650,544,8593,12404,3055,9684,5135,4877,7197,6260,9799,3384,10340,7599,5976,11843,8922,10000,7120,4161,9564,6982"
14705,"2916,1400,5199,345,12073,296,3088,2024,1877,3401,1200,910,11115,3149,13296,13114,12747,4811,12030,5124,3766,6004,558,13058,4002,377,8869,7460,8678,7063"
14711,"2140,6515,8452,2218,2380,2275,7856,3247,699,3342,2448,1103,2841,5249,5338,2815,1022,1841,4213,6166,7471,9652,8053,11814,9280,3799,12535,4547,9295,2970"
14723,"9072,10340,1634,5422,789,8413,5905,3,1746,8707,12311,3770,1065,12632,7374,4817,6019,6461,9171,843,2010,10889,10205,2808,9980,6591,3678,4315,8658,8879"
14739,"10663,2218,1290,4929,8421,13114,2916,10566,1700,4798,6038,519,1779,12026,83,4413,9295,9132,4036,6548,10138,2339,5012,13347,2756,8567,11918,10311,9507,11841"
14740,"789,10326,5303,13309,5676,286,10027,6395,10841,1923,5025,11775,12716,1287,10473,31,7558,12496,7832,4101,5338,9350,13268,5353,6043,4258,10607,7084,3317,976"
14743,"8421,4798,8575,1076,6220,9295,3055,11843,2478,7471,4387,8703,12788,12497,4664,5964,6962,7503,1180,12030,2103,1390,7081,8159,7176,9032,2885,11361,9903,500"
14747,"2140,8922,6971,8562,12990,8053,10326,2218,9937,2769,9369,2380,8343,11740,1323,3247,7024,7063,13027,3184,10835,5999,12531,3596,12180,8235,6589,6529,7655,1583"
14748,"5303,6971,8452,5999,13346,9937,8359,11630,786,9942,10340,6166,331,8217,12104,12680,10474,5426,13253,976,4277,3799,2286,12875,10326,2789,354,12668,851,2762"
14764,"5303,6220,1634,789,5135,4387,13249,2199,13257,10340,7550,12875,4617,11384,5326,10895,12071,4713,4393,9942,385,5177,9684,11292,2608,10322,13432,6770,844,9779"
14771,"1290,9799,5303,10137,2670,3055,1996,851,7867,8703,6715,6243,2700,3085,1730,1012,1223,8509,10946,7120,11292,12746,254,10999,11018,10271,5135,12662,1776,2784"
14780,"10462,4798,9729,9098,9295,4679,6418,5279,11540,3766,10244,8981,12026,8421,2645,1180,789,10340,11282,9744,10277,5573,11619,5675,3895,5124,11455,4805,8153,1701"
14784,"7120,4277,4576,4929,10607,12497,6270,1290,1912,6220,4664,5573,4798,2412,11289,2392,10897,8826,12120,12944,789,6665,5819,296,174,1286,1244,8177,4028,8033"
14785,"5303,10607,331,1987,9799,1244,1634,3218,2567,8810,7436,3115,8235,4482,85,5532,10970,5515,5455,1662,9691,2207,153,2822,6846,11077,9319,7300,11115,8034"
14798,"6220,12026,11282,5292,12458,13269,10566,2910,12331,1700,8343,8997,11020,9880,8054,9937,8278,5750,7987,1101,12094,1653,12576,6742,9115,4741,6612,13076,9739,12104"
14801,"9580,6220,8343,2199,789,11943,2291,5187,8948,3539,12680,1985,2238,5573,544,5135,2227,2523,4387,10462,12665,1882,10522,7210,3085,4139,9085,2502,3238,11417"
14803,"7120,4929,3697,12990,9962,4272,10336,7063,4613,7637,350,5135,8342,11143,1290,12098,3340,12435,10240,1173,4387,7800,10661,10855,10151,1240,3487,9668,13350,1376"
14821,"5999,11282,2218,5199,11357,9668,1408,1662,13191,2571,6962,5532,111,10712,965,10566,9511,9664,1821,8890,10793,8402,7562,4379,13310,11705,7341,70,1316,11774"
14832,"1290,10663,9962,6243,7120,4929,789,2916,10607,2140,10648,4576,9580,11357,785,5731,11508,11289,13101,3697,9306,8235,9671,4101,12857,811,13160,7462,6091,838"
14833,"2218,2199,8922,789,9962,7558,13191,5999,9668,10712,7392,5135,12990,11751,8221,6290,12474,3870,7832,5025,6467,4323,1532,1429,3323,4206,13310,5292,6395,10326"
14853,"2140,5135,2218,6971,13214,8505,10607,10916,2916,4568,8321,12606,9484,5821,4904,2882,10322,5026,6371,11357,3115,10526,7344,10903,8235,7575,10340,12871,8372,11120"
14854,"4798,8707,2169,12738,12352,1197,7471,1704,4388,5675,6220,12156,11884,1856,851,7176,8723,674,7114,4929,7833,12743,13306,13134,3832,8881,9381,5738,552,10825"
14856,"1290,7120,10663,2916,5573,6243,11626,8567,4437,11024,5135,12030,789,10614,5075,6515,7736,3541,8922,12399,2380,851,12474,5863,8714,9326,9667,10081,6751,3620"
14858,"331,12757,4388,1397,9515,2212,589,3542,10551,782,1598,10137,10434,6169,4448,3679,10340,12104,4798,9744,5422,6610,8280,5835,9262,6989,1384,9540,7725,9983"
14864,"6220,1558,7707,11384,2140,10326,10792,6612,9516,9668,7489,5999,4163,1977,7243,5303,8343,2588,12857,12480,9719,117,491,10506,3834,5782,4338,8300,12680,10163"
14867,"6166,5303,1856,1996,11475,12199,12725,11393,12036,2740,11194,8759,8516,918,13439,744,9865,152,5353,4725,4457,9098,8288,2863,11215,11844,4925,237,382,6395"
14880,"6166,8421,8922,1299,1286,1532,6270,12026,4679,2957,4163,1912,12681,5265,5137,9455,8221,13431,2968,4963,10916,3018,7499,526,4811,6502,12474,11351,11289,3923"
14890,"12030,6971,8703,8421,9405,10982,2885,8708,10391,11993,12474,5194,4909,6456,9361,8252,2559,7304,7250,11384,3689,11299,4946,1299,10684,9477,2645,6558,7517,12702"
14892,"6220,6971,7063,10434,9134,12606,223,7711,11282,8343,9693,12104,12665,10041,11357,3225,13150,5135,345,6418,4513,7088,5338,3088,10134,2383,83,6548,909,10408"
14899,"6971,11384,12793,4602,5303,9942,6982,1776,8359,851,9450,7104,8452,8486,5149,1290,2291,13296,1085,1452,12875,9846,11364,7197,1073,10920,3799,2885,8045,6020"
14904,"1290,7120,10663,4929,2916,5303,296,10137,10999,7867,4576,254,12912,1012,1681,910,3779,1085,13185,13359,11117,11292,12201,2684,9643,7312,4008,12738,6919,6538"
14906,"789,12030,8235,5681,9405,2885,13309,5976,12026,9732,837,8707,5303,9110,10000,3002,4777,8922,2527,4976,4277,7459,3055,8731,2616,10663,1104,1180,8716,4817"
14909,"6166,5303,10094,85,3833,2062,11475,12522,7005,1856,6971,2903,6614,9937,2220,1116,6354,10076,13022,3443,8828,9668,6541,6087,7092,877,2715,991,75,10869"
14929,"10326,9515,6926,1985,9295,8421,1779,4798,9369,9825,5997,4941,11775,7983,1978,770,7175,1220,4519,6610,6877,1244,1912,1243,6089,13152,589,10534,7455,607"
14931,"1290,6971,7120,10663,5135,2140,9962,10336,8567,6243,13185,4929,9072,1244,2916,13309,3697,12497,5199,789,10997,11298,10608,9843,13114,275,8653,9810,558,10607"
14938,"7578,11651,4163,1286,8590,6319,2220,9937,7637,9392,2140,2062,4216,6045,9799,515,7010,1321,8575,9859,5020,1305,7197,5555,12068,6698,3811,7332,8893,2499"
14955,"4413,12404,12662,11282,3799,2916,4277,9938,3766,10530,7197,1290,132,10663,12807,769,12738,1250,12599,3291,7181,377,5964,3276,4946,11142,2045,11117,9269,4970"
14961,"10326,8413,1397,1100,7471,4798,6351,5264,544,9854,6264,2530,10551,12157,3534,12833,11843,589,3458,6169,2990,2728,4865,4273,3962,11780,11751,2212,2007,9580"
14969,"7120,1290,10340,2380,851,335,5135,5672,13432,7197,5008,8689,7706,9234,823,10663,9859,10607,3293,7473,4576,2885,9684,6541,4277,10737,3759,12286,12793,1741"
14970,"2218,7120,8922,11024,331,8590,5135,6515,2380,5303,9962,5863,5573,13257,6420,5672,8077,1978,1017,8496,1691,3697,5999,448,10712,11637,8325,4846,968,7197"
14977,"6971,11784,8472,3950,3515,10778,9405,11282,7623,8281,345,1220,2058,10791,8135,5199,1662,7955,789,10140,609,11084,8606,7824,9979,10434,2370,9038,3822,1489"
14991,"13101,2199,10507,5999,10530,7135,11265,5485,3882,4228,7063,9668,2058,11384,9450,2020,11784,5761,3070,6688,9434,3475,2121,3442,1578,3137,6589,12668,2291,13310"
14993,"1290,10663,12030,6962,2916,12738,8421,7120,7532,13381,6325,8355,4315,8452,4053,1062,9671,331,8235,13374,4929,5545,3539,111,1662,6876,4346,905,3230,13211"
15009,"2140,1290,789,10663,6971,5135,10326,10607,7745,10068,13182,9799,10340,1255,2220,4216,11374,6418,2108,9962,6960,12525,9038,4163,8590,7453,4552,6925,6236,7715"
15014,"1290,7120,4929,331,5303,2286,11405,4576,8714,5135,2380,6971,8898,4277,13185,7027,8993,296,9306,10259,2218,8681,10670,10644,8452,12091,5160,4777,3114,12703"
15028,"7120,10663,5135,6243,12497,2218,13101,10336,8053,4929,9962,8205,11298,12758,13309,2380,1100,8567,789,6312,2140,5019,5497,13048,1554,8402,5999,11884,4753,3697"
15029,"1290,10663,2218,4929,4413,12497,6243,9405,8567,12030,10674,11993,7120,2380,6899,11775,8562,2916,1244,2091,12606,5545,2140,5810,13296,11088,2542,3054,8235,10222"
15030,"1290,10663,4929,4101,5135,7120,9962,4798,2916,2286,31,6610,789,12056,10586,6751,12884,10670,1747,3992,825,12440,5025,3114,1489,12632,11517,7287,1421,9119"
15033,"345,12665,2265,8922,9580,5292,11246,3127,12119,6843,2761,783,12232,8483,2700,5471,1326,10326,4147,5098,13300,10053,2559,7982,3251,6383,11843,9085,9954,5750"
15052,"6971,9962,5303,1598,9937,2218,12990,12680,8590,1100,9866,5507,9942,1978,8402,1378,10674,9809,3909,10340,9799,10105,4865,5135,9002,2185,4576,6420,11956,11775"
15062,"2140,1290,8562,7578,12990,9937,7063,4387,4929,3697,11384,8567,2199,12757,13296,8161,11651,6418,2506,13027,2885,7661,2380,4176,6567,2220,10993,4763,7637,9650"
15074,"1290,2140,7120,10663,7707,4602,9306,89,4576,10998,10674,4101,8205,4163,5303,10936,8733,12680,5731,2489,789,4733,3114,3799,3085,11726,11117,5135,9405,11723"
15081,"6971,6982,8699,12104,5549,6437,12665,8562,362,11651,782,331,12793,7546,4741,11282,6032,8840,908,2103,9937,7015,2105,6260,6322,280,2929,6020,9156,7463"
15082,"1290,5303,8235,789,2343,4929,8421,7120,1912,9295,5976,6220,769,7503,4865,2885,4277,5914,1478,153,12606,12723,422,11540,1520,621,3998,4036,11384,12030"
15097,"10607,5199,1244,11115,2140,7679,11289,2591,9470,9799,2916,1427,10326,13296,3697,5497,11363,9746,4679,2957,8687,8035,8810,3352,577,12861,12663,8520,785,4117"
15098,"789,1100,8413,5135,8922,8235,7120,5422,773,12497,9693,420,177,4777,7503,8593,11992,13101,5914,11884,12571,9865,3859,331,9405,7988,10663,6804,5747,9888"
15107,"4413,12497,12030,789,6220,9405,8590,8254,2885,5303,4173,9918,7745,9943,7634,8421,10437,9685,9938,2645,7138,9072,12301,2636,1746,7856,11299,10614,7480,9083"
15113,"1290,4576,5135,5999,2380,12875,9511,10674,12680,11357,11520,10792,12665,9671,6515,331,2199,7027,5573,7044,6796,6220,12668,8714,10916,3545,12990,11396,2988,8675"
15120,"7489,6971,8425,9962,9937,2837,8922,8106,8483,9557,10963,3958,9046,185,1985,11004,12711,8850,1819,7637,6122,8902,12788,503,6096,11649,282,12757,7578,10547"
15121,"6971,2140,12990,11384,6892,6166,7723,11723,1543,8590,607,3138,13211,2238,10607,1323,12857,1244,8034,7983,10326,11818,5635,3519,9369,5623,9668,13133,6697,7160"
15122,"1290,789,7120,5135,6971,9962,10336,13346,9866,2291,4576,6243,2988,13309,5623,1258,8402,7817,2071,7707,5303,5008,10663,6220,1938,4277,13027,5272,10000,1554"
15141,"1290,789,5135,6243,13309,10663,9962,2916,5573,4387,478,6751,9295,4576,2218,10462,8922,12497,4929,7120,4139,11775,3766,8567,1978,1079,2220,4322,8126,4846"
15143,"2670,3737,8421,8703,6610,9799,293,13235,1679,5964,959,1776,5303,11540,13367,12990,12026,2885,6166,9786,7807,1302,118,789,1730,4929,4414,9717,7080,1478"
15148,"6971,10663,4413,2916,9962,1290,2218,4929,789,2291,7120,6243,12606,12944,13296,6166,8707,10240,11784,12156,10674,13309,10840,8616,9832,1779,5819,8628,286,10126"
15164,"1290,2199,10663,2218,5214,10792,12408,2411,5260,10765,4437,2140,8053,2869,13347,6401,11535,9295,5999,4387,7715,2764,630,5663,2964,10758,11004,2582,12261,7788"
15165,"6515,1290,4798,3539,2990,2199,8452,2762,4117,2291,6243,851,12331,3071,1769,696,1210,8445,4853,8619,1524,12324,1401,6897,11751,9295,4537,1501,2555,9267"
15175,"2140,1290,7120,4101,10663,7856,2220,6515,4576,1287,4929,7417,11384,3697,12636,13257,4216,10607,85,2199,6128,6166,8302,3524,8525,1412,3188,11719,5676,11517"
15186,"10663,4929,2380,13101,2140,5135,9668,4101,10336,4955,6515,8205,8590,2218,9646,1290,12733,5999,3812,5520,6899,9306,10687,5907,3966,6280,6052,10589,10648,6312"
15189,"7120,1290,4576,10607,4929,7707,5135,3678,10663,2140,6283,9528,3766,3982,11732,2233,5573,12967,5731,10241,10841,9072,7243,7833,10137,6141,3196,8498,3411,12359"
15200,"5303,11384,331,4277,9962,9799,8590,4576,9061,8593,4053,2140,4947,5610,8714,10607,4974,12757,11299,7120,13122,11169,9866,4413,9115,11824,9937,508,6515,2397"
15204,"4387,10340,1100,1290,12208,8205,10566,5054,89,7163,6496,6116,12474,3240,2488,3458,1017,11190,12442,13257,5312,12359,1305,4865,3578,7590,5309,593,3923,4743"
15205,"8922,1100,8235,12680,10340,10566,2958,4277,12665,9684,2340,10746,1912,8161,9456,953,6626,1224,4168,10546,10153,140,10753,5422,9564,3717,1084,9356,5769,391"
15217,"6971,7707,9668,1856,11384,1558,6280,6166,2218,8221,4497,7775,12857,5124,6962,11467,1726,2343,8548,2740,8454,10936,4725,13097,128,11723,2863,11194,10591,1543"
15240,"6243,10663,12497,12030,3737,4929,12474,9048,851,1290,5999,5260,2562,2916,762,2957,8703,7063,1299,2854,2380,8567,2670,7043,4147,8590,9516,5810,4373,10830"
15248,"837,2218,4413,9937,10326,9962,11282,4974,9405,12331,3515,6811,5338,12104,8897,10524,9602,10340,10240,331,8235,12727,10473,8359,8871,5961,760,7083,7632,5303"
15253,"1290,7120,6243,4929,10663,2916,8567,789,8590,5135,1244,12497,4277,296,2199,4387,9937,2380,8714,13101,5629,4576,5303,12680,10137,6057,9962,3539,12710,10507"
15256,"13432,4177,8124,11651,4685,4798,8699,8119,4387,8288,6260,6610,5607,5549,2404,8021,1911,2567,7546,331,681,1987,2789,1439,3238,11389,5131,6342,1177,1889"
15260,"1634,820,12665,4147,479,4053,5119,9945,10137,2910,8257,2312,9161,3110,5926,6081,7020,4990,11109,9455,714,4679,6011,5482,5610,5264,5235,7573,5090,1421"
15265,"1290,5135,10663,9880,789,10336,13185,12758,12857,5543,3750,13404,9633,7120,11126,10607,5307,3853,1150,6625,3978,8702,4854,11848,4728,4430,9638,6445,11044,2461"
15274,"1290,12497,4929,6243,10663,7120,4413,2140,10674,9072,9405,789,2916,1779,3928,6971,7063,2373,8590,10712,177,8053,11298,2499,5914,13114,8733,10729,2391,2392"
15275,"1290,10663,789,4387,5135,4576,3539,12030,12497,8421,4798,12474,89,7120,2228,9935,12085,11540,9888,8018,10426,10437,9580,3569,5731,2969,11936,9771,9886,3950"
15282,"6971,2140,1747,10581,5914,7304,12463,10550,12476,6892,5631,4482,1556,7503,4036,68,1812,2343,2850,11814,9405,8667,6038,10201,13114,9487,990,3770,8708,2449"
15294,"1290,12497,4387,4777,4929,7120,1912,4036,5610,8567,6591,12757,7994,7532,6437,10663,5127,331,5835,7988,550,7425,11884,1933,12654,7439,2506,9866,4798,9258"
15304,"6220,7120,789,4413,1977,1239,11384,4798,3340,4387,3112,3515,4627,1996,2169,6864,12331,1912,4277,11621,9848,12156,10596,4915,2514,11282,7776,6402,10389,12776"
15330,"11357,4798,11282,11289,785,6326,3507,2910,8421,4024,3112,6610,12026,3488,3532,3036,11837,3577,12341,3671,6757,7203,13114,2670,9557,2870,9886,5258,5615,4266"
15331,"10916,2199,11569,13101,8925,12030,4256,12118,2360,1299,1516,530,1928,423,708,9662,12665,4597,4620,2997,3447,726,9693,10790,6220,6816,8607,5573,3060,11067"
15332,"1290,4929,12497,10663,4798,7120,2218,6243,1556,2916,789,2291,5135,2140,11540,4101,5959,4413,9306,9309,10389,2990,1977,1779,9295,7862,5149,9405,10137,4273"
15339,"6971,4101,13101,6445,2058,10963,8810,11464,6529,9164,13005,8452,5304,11289,4163,9101,12632,12097,10033,7391,6879,1977,522,1755,9971,5854,8034,10566,8922,11569"
15387,"1290,4929,9962,789,6243,2916,10663,3697,5135,7637,3904,4613,11143,2291,7120,10462,4111,12813,1583,11079,9473,11384,6960,10262,7498,10758,11568,40,12990,2199"
15391,"9799,789,9865,851,9962,9937,8703,3412,12606,2648,4974,4181,10661,5135,10920,48,634,867,8806,2199,10027,7197,13309,7800,6811,10326,10264,1945,3314,713"
15396,"1290,789,7120,4929,10663,9962,6243,5135,2140,10674,12497,4576,11298,9072,7578,8590,8567,6971,7024,12703,12944,1779,10607,12156,4083,8505,11732,13027,12094,9732"
15397,"6971,5303,2220,4277,9942,8590,1996,11475,7197,11292,12456,992,9613,6610,3842,4329,11581,5999,11288,11784,12875,1776,7578,3306,6325,4153,10895,7369,13339,5666"
15421,"2218,6515,4413,8452,11282,9695,13024,10674,6622,4525,2910,1746,7707,12104,8271,12331,9046,121,5999,8822,4780,5609,2071,8402,10786,12058,11490,6947,3085,12909"
15427,"2140,6971,5135,2916,8472,7157,10663,11357,789,10607,5303,12858,5199,8235,6243,11293,5731,4904,9306,3115,1400,10326,2238,7462,2526,10672,13114,13296,9580,10077"
15434,"7637,6166,851,2238,7417,560,7983,4101,4929,9410,9229,892,12156,12793,6311,10137,3539,2020,5403,1641,493,4602,12378,5746,793,1811,10381,1679,1220,8161"
15441,"1290,789,5135,9962,7120,10663,5303,7817,2218,6529,6971,9405,9866,13101,2140,9733,7623,12779,331,6243,8675,8281,4413,12030,2000,12026,12497,6445,3548,10122"
15444,"5008,6220,331,3539,2990,8413,11540,4101,1220,12788,4322,4277,3770,5573,8405,2238,10019,1598,3950,5386,8014,4664,10473,11383,5025,914,7128,9715,8253,6968"
15457,"5532,10326,9580,11115,9957,7172,3292,7392,12157,2007,10989,4679,13272,5964,6825,7462,2555,7895,12977,5999,2670,614,1200,1703,7807,1328,12681,510,12813,13159"
15466,"6971,6899,6515,6220,1776,6660,7723,12026,4602,12421,12104,2211,4963,1664,12705,1773,83,3247,11288,7814,1789,8472,436,10054,3279,5338,8421,2140,6166,8399"
15475,"5135,12990,2199,789,2140,9962,8343,3697,1634,615,83,2020,12858,11384,9650,6243,13249,11417,8724,9880,4990,4573,7462,2537,11969,10500,1547,10235,11190,4929"
15483,"7120,1290,789,9072,10241,3,1634,10663,12497,5135,2140,10322,2260,4101,1449,5810,4413,1416,7331,3960,2220,7201,5658,5835,4756,12634,3817,9449,8413,7264"
15487,"8562,1286,1634,7264,3799,10201,9942,2715,5723,9877,4741,1532,12227,2524,2218,9099,853,7121,8421,5907,9387,11187,12668,6272,10197,10895,7368,10222,10124,851"
15500,"4798,1290,12497,10663,789,4101,13134,1977,4929,12026,9306,2140,2169,12844,1779,621,10255,5413,2385,1556,2885,10581,2767,9295,7850,2850,7312,11884,2155,9848"
15511,"1290,7120,10663,4929,789,11384,8567,12156,9962,5135,6243,4111,12990,3703,4576,5834,8590,3697,2608,9880,12559,2885,11143,9787,626,1371,7348,6751,10322,11626"
15515,"8922,10322,8699,6971,6962,6322,7071,6982,269,10787,2816,2305,7775,11902,1662,1726,11405,3713,7637,7705,85,13288,992,10918,6325,1222,1168,3932,12665,8904"
15519,"2218,13296,5303,12857,10607,228,8483,3524,9968,4974,4774,1025,4366,13144,7839,1427,3135,5762,9746,2789,331,4002,530,3886,6468,3948,1916,7745,3352,1816"
15534,"4698,12497,5573,6166,4525,789,12665,2671,9405,9771,678,2489,1956,5545,10213,11530,13150,8472,4965,1747,9693,12578,13097,353,9246,9252,5532,2761,1978,3804"
15545,"4387,8421,12990,4229,11272,5999,11102,5292,5907,4988,9286,6395,3875,3769,12368,10783,9261,6138,4947,8562,8213,8342,9203,827,13257,5203,12817,411,5874,1074"
15553,"1290,12497,4929,7120,6220,4413,6243,789,10663,2218,8922,6971,4777,12680,8567,7707,11298,13101,9405,8205,9693,13027,5142,12474,8018,5819,1286,5810,6811,1912"
15556,"7120,4929,3340,5135,1290,12703,2916,5199,10663,1244,9668,4576,10240,6243,9962,1238,1634,296,10420,10607,3805,7063,12435,10326,6751,4277,2985,3015,10148,3641"
15564,"6971,8590,2140,12680,2657,2499,5555,6243,897,275,10507,8096,12497,11384,2732,9960,5116,3873,12952,8235,4497,12026,10918,7063,4189,5549,8221,11850,12575,2220"
15567,"1290,7120,5135,4413,9072,12497,2916,2218,6971,8205,4929,10835,11298,2140,10674,12943,714,789,4576,10137,4266,12004,5819,6874,2419,9306,11626,9799,8590,8022"
15582,"1290,2916,2218,1244,5999,2957,5545,10326,6243,10663,1598,8452,8567,13296,10124,8562,2990,3088,7383,10585,10462,5497,8161,4929,32,10473,362,7063,12404,8894"
15585,"789,5135,823,13309,12912,9799,10420,7458,10241,1996,8509,4816,6625,12787,5519,254,3340,367,7826,12305,1556,5258,7306,5303,12309,2931,1864,5467,3303,7558"
15587,"6220,4929,5135,12030,6243,3697,4387,8922,11298,12990,9962,3737,12474,83,7088,2837,3539,9799,2670,10963,8421,11540,2380,9516,11843,8904,2158,7856,11923,4373"
15589,"1776,4101,10326,31,8254,8590,1747,9229,9880,12990,6610,2238,811,8561,4521,6107,2670,9580,5723,12104,7197,8421,11723,3050,12757,9307,6861,11643,5712,8703"
15590,"11289,12857,9886,2218,11282,331,11540,5199,1408,4101,10140,13296,9668,8035,10385,2058,6971,3766,5124,345,1916,7157,9938,7368,8418,5740,2390,5239,2732,1877"
15595,"12606,3577,12665,11843,10916,8561,4147,8929,11528,6960,9880,7327,3890,811,7471,11282,2199,3507,9732,173,13383,1350,3251,4461,6516,6418,10708,9177,10819,8703"
15611,"6243,5135,8567,12497,2916,4277,1244,9962,789,4576,1779,296,10648,2380,3697,11298,4777,8205,10607,5573,1466,6919,8590,7383,810,10389,7762,10336,9306,2286"
15613,"7120,1290,6971,5303,5135,8590,4277,6166,10336,10607,10663,1244,12680,10644,331,4929,11288,9799,7383,11405,10147,5999,2218,8254,12811,8716,13152,6243,11495,2380"
15632,"6971,5199,12857,5819,3401,4315,11289,9668,4430,6665,2080,10078,8561,558,11415,2549,4946,10982,2165,6201,609,5932,3428,12414,2536,8792,12036,8704,9017,10234"
15633,"10663,6971,2916,1290,11289,6243,7983,10530,10326,1244,13296,13160,5199,4798,4024,7157,2870,4277,8538,6326,609,4929,7197,11767,11282,3352,1163,811,1927,2847"
15639,"1290,6610,13309,3055,2789,5819,10834,2286,5075,12104,13253,12632,331,4685,7770,6260,8452,6137,802,4036,4664,6026,5253,9684,786,1085,8124,1070,9449,10063"
15648,"5545,10663,8922,13257,4258,9962,9942,6243,2220,11040,12030,6166,13191,5022,4111,4308,12026,5025,6971,8330,9470,1223,9178,11540,12336,8235,1960,9048,6319,10128"
15652,"5303,6971,9799,9937,1634,8590,12990,6220,5135,10792,8405,7578,9962,10835,9340,8703,6166,3984,1750,6874,4001,4097,10132,13334,10487,11956,5541,10661,803,1082"
15683,"4798,7471,4101,9170,4576,4679,9580,11566,9295,9592,10648,1169,4083,6728,4162,6326,4818,1613,5948,9338,10137,5381,6625,8718,12844,7404,9362,6601,3829,3672"
15688,"4602,4101,12757,2140,11939,8205,4388,9496,12098,11673,13257,2789,89,4332,9844,12785,8280,6302,6834,4163,2401,10977,10843,5201,802,4509,5834,5819,10057,3317"
15703,"789,6971,2238,11784,12522,9450,1634,9880,9668,5822,13210,11726,1187,1996,3111,9831,3955,3808,10094,9818,4262,2883,5022,3591,1856,1408,5476,10733,12167,10340"
15708,"9668,9938,6962,11540,2218,4101,5999,11282,2140,6515,7707,6588,331,4413,8452,12811,13439,1563,11393,583,1502,2990,1570,5482,4322,9886,4551,12857,12725,3766"
15714,"12497,10663,10326,2957,4413,9405,2140,1400,11992,7063,8707,12030,7856,4929,8235,1883,10976,9938,11165,8922,2885,2218,9758,8567,1132,11869,8593,10455,12606,9986"
15719,"5999,8235,2218,2916,8922,331,7578,4413,5532,9962,13296,12944,8053,6289,6280,12418,2223,9699,345,11282,10793,5722,1421,1913,13307,3184,11809,5698,9971,5961"
15727,"10326,5532,1891,4277,2380,2220,8562,1100,10213,4028,860,10407,5642,4947,12484,4576,5397,9504,9962,85,5875,331,7580,9799,6107,6792,1598,1305,1689,9275"
15728,"8421,10039,2218,8561,9295,5303,8929,11918,2762,3491,5610,12668,6796,12341,10637,10255,463,538,5549,7864,11384,7015,7792,10758,6697,11299,2377,747,4640,6924"
15735,"1290,10663,4929,6971,6243,9962,2916,12026,4024,8567,11357,11282,8674,7120,11288,10918,5545,5174,7484,779,8421,12858,5135,5258,3511,6322,83,5761,789,5421"
15736,"12026,2218,2559,2670,4413,2789,9405,8235,3055,10963,4053,8421,8452,1700,3247,4791,8161,1959,1661,5610,8441,3122,11336,12268,6383,3016,4036,10049,1640,3735"
15739,"5303,1598,331,1634,6971,4277,8562,8590,10326,5999,1244,6788,2567,8333,3207,1987,7435,3873,12363,6292,3596,5292,4575,7063,5098,4258,9853,10240,4101,8485"
15742,"5303,6971,12030,2220,8707,4413,10663,9938,6166,1776,7197,3799,6306,12606,6832,5124,13296,1073,851,5555,879,8452,133,5545,2645,8703,9398,1875,4690,9443"
15764,"6971,2218,4101,2916,11784,8235,2058,2789,12030,6433,8421,11115,13101,2391,4266,732,9405,11712,3060,5545,11643,2291,995,12115,10429,2559,5966,9065,1006,5239"
15773,"4777,12758,4127,1421,2931,5008,12665,6978,11884,4388,2728,8922,924,9638,2559,2704,3127,7715,1598,825,861,10594,2292,11997,8453,11992,10464,6641,4846,3341"
15774,"5303,789,6166,1290,5810,1634,9729,13097,7120,7417,851,10663,6461,4690,3054,10201,4596,2808,5135,8616,395,1197,4970,8223,1747,10197,10934,12636,8921,7676"
15786,"6971,8590,4576,10326,7578,2140,7653,2238,12990,286,9755,2847,3420,9072,9580,296,10398,1286,7001,2744,7029,217,8724,6570,10674,1090,6243,1369,2558,1111"
15789,"1634,4436,4101,2264,4388,2808,493,2670,2312,851,10661,4162,7964,9799,10428,11282,12286,1583,16,3679,7458,4448,5236,4266,10326,9190,8866,4679,2885,150"
15796,"3770,9937,1256,331,12016,11464,1180,11960,12389,8978,4135,1213,11390,9865,11786,4323,1411,5647,4817,5422,3106,239,9910,709,3711,12499,3429,11488,10079,12311"
15800,"1290,9295,7120,4277,4576,2220,4387,8525,12497,5135,9942,11384,6243,3737,2218,4798,4322,12743,4664,5303,3909,4413,6971,11326,1556,10758,6757,2764,5149,5631"
15802,"10326,10607,4576,5303,1244,1133,296,789,4974,13257,4929,12375,2392,1345,3293,6858,820,950,976,10581,1987,10097,4097,9380,568,12128,11993,9858,530,11790"
15812,"2140,9799,11282,9072,6971,12694,3870,12026,10712,5532,5219,2910,6982,5610,4053,5140,8271,811,6726,1305,4413,7020,12663,13378,1570,12665,9069,11342,5482,11969"
15815,"9937,1598,10326,10462,976,6220,1556,7867,1606,4322,3228,6270,3046,11992,9317,11055,12960,5149,11190,8525,1478,4147,10745,4974,11229,11384,1286,5558,12476,1162"
15828,"11282,5199,4101,2169,4615,1725,4519,1287,5887,6982,10566,5124,3525,5610,4946,7808,13076,1543,11488,2060,5351,8896,2038,7364,6657,8041,8695,11521,12539,1421"
15831,"7120,4413,3515,1290,4929,789,9962,4028,9072,5135,4576,12497,286,1634,2916,1220,3854,2392,8590,6952,10322,10607,10546,13381,6281,5036,11403,8472,5557,12985"
15840,"4929,2916,4798,124,3539,1290,8421,7637,296,1664,11528,851,12606,7979,12813,2885,11381,10816,1090,2020,3488,674,2237,6220,823,238,1169,5535,12030,8238"
15845,"789,5135,6220,9962,1634,83,10340,7063,4974,12665,5090,10394,5935,4153,2786,5544,924,98,7578,5303,2149,4285,10663,8938,6418,2291,2380,13027,1290,9942"
15847,"5303,6971,9799,5532,12030,7063,8235,4568,8703,8452,11282,70,2862,848,519,12385,12026,12312,11120,3070,12225,11115,8734,5497,11941,345,8922,6418,7736,2058"
15856,"6220,789,4167,1082,83,9072,11611,12030,1746,8707,12995,11020,8703,1977,4413,2645,5810,11384,7243,3737,2899,5303,9392,12497,7222,10327,11814,5565,1813,11299"
15861,"7120,1290,10663,4929,13101,4387,10336,2957,4811,6243,4576,5999,1400,4865,6141,1558,8205,6641,7503,2916,2392,414,13346,2218,7558,3230,3717,13203,8922,6962"
15862,"1290,789,5135,9962,7120,9799,4277,7817,5303,11384,9866,9880,5663,6243,10758,7197,2885,4974,12990,7745,9732,12637,11004,5629,8590,12156,7111,8561,12497,4111"
15871,"1290,4387,4929,7637,11540,3539,3230,8922,6971,4101,8235,6610,9886,4777,7242,4576,2916,1210,9942,13101,13311,11542,5507,6148,7590,9132,4024,3909,7120,2291"
15872,"1180,6220,4387,4865,6971,2536,3909,1408,1220,8922,1286,1863,782,789,8650,1912,1100,3737,4315,382,5066,6083,2571,1299,6270,3766,3950,734,522,871"
15883,"2218,5303,5135,789,1290,331,4777,7120,13101,11540,2808,621,4101,10340,8235,1478,2357,10674,12811,8472,9799,3950,228,8413,851,10429,6515,6874,6576,3055"
15886,"5999,8562,1558,1598,1634,11871,4717,2220,11097,4865,2218,1281,9668,3909,10916,7611,12465,964,13306,8413,10340,8241,12668,7456,71,1532,12898,1314,2806,3247"
15888,"5999,10663,4277,11289,6962,9405,4698,6608,2957,7707,3055,353,4413,5532,6843,10778,8922,1100,345,10875,9758,6878,7869,9637,2007,9938,9776,11282,11532,4675"
15898,"1290,7120,5008,6243,3055,9962,10663,4664,12497,7578,9937,4277,1912,2764,3967,9449,2990,2565,4777,4929,5434,8425,3482,12793,12788,6322,2885,5302,1686,4655"
15919,"6971,10674,5135,4576,381,2238,3085,6420,6515,11939,11495,8520,8472,4846,10173,383,4591,5022,4525,2916,12185,9072,4968,10729,2228,3909,684,2246,3772,7653"
15922,"1290,10663,7120,8922,8567,4929,5999,6243,4277,2916,13114,8342,4387,12497,2753,12923,3643,7529,8731,12418,5135,9866,9456,377,10844,11921,5532,2957,296,1180"
15931,"2380,8590,5999,13101,1598,331,732,7706,11357,3115,6874,7344,10963,11252,5537,385,2140,2789,4163,8053,2552,10507,8122,7456,8217,7148,8562,1244,7971,2989"
15941,"6971,7120,5303,2885,2238,11726,7960,5446,12925,11784,3012,9733,1400,6854,5756,75,12030,9668,10863,7558,3779,8058,3591,9880,9938,296,1116,3624,5711,2140"
15943,"5999,4315,4163,6962,2140,3799,5819,11282,2957,10585,3088,8161,2748,9771,9828,10434,2218,8040,10566,10,7725,589,11664,10340,7611,3744,4036,8399,2831,2882"
15956,"6971,13101,10835,13114,3656,1286,8628,11881,10138,11377,12774,8922,3135,385,6571,5819,8126,2089,6133,2756,11617,9132,3125,1429,10132,6524,3526,8386,7304,11289"
15958,"2380,7063,5497,5135,8205,11357,2218,8053,4229,5907,8505,1634,785,2140,2147,714,5835,2567,1597,12361,5999,10745,13270,7863,10649,7679,9962,4846,2443,4782"
15960,"8421,10340,8235,331,3562,2882,10787,9309,13431,13114,9602,9405,11180,9634,11960,9115,8590,9684,8922,8798,6809,8254,2958,13104,6744,11651,4199,6649,5174,4777"
15973,"2214,5573,4430,7374,2789,296,9771,452,12463,13297,6220,12665,3947,11367,2822,12476,5074,10607,12601,4576,11794,3319,12186,1022,9983,11605,8252,9252,2228,5367"
15977,"1290,789,7120,5135,10663,4576,4929,6243,10607,331,4277,8235,5303,12497,5422,13309,4139,1100,3982,544,5008,8018,11330,2180,9234,2990,8413,9799,7916,6971"
15994,"6971,789,9072,9866,7948,8590,9799,4925,10916,363,2140,4029,7723,1378,5303,8492,12990,11299,286,3060,6558,2108,2899,11818,10963,10808,2918,10002,8104,11918"
15995,"13346,6971,10326,6270,12680,8452,2591,6166,11569,5303,2762,9507,4021,7613,4163,4602,9580,11928,7928,4597,3721,1269,423,10835,8205,5497,6304,3031,462,5573"
15996,"3770,2343,5819,2291,1210,2292,3341,773,799,5760,12529,6451,11726,3089,6383,6638,9405,6804,708,7715,8037,5557,6391,9515,7503,5325,1113,9593,12030,8781"
15999,"10326,4277,5135,7745,789,7120,10607,5303,4865,4576,2218,10000,1977,1197,13346,11103,3641,10841,12736,5782,10340,7839,12030,4413,1598,4774,11082,1704,2140,10280"
16060,"1290,2140,2218,4929,5999,11357,6243,7120,2916,379,6971,12026,9886,9580,8053,4387,8835,4996,12752,411,2291,10663,9668,3247,11384,11272,11282,10712,491,5610"
16069,"789,9962,5573,3950,8922,5135,3697,12474,12990,11540,7590,10336,4387,6625,6220,3886,6243,9744,4717,2899,7673,3620,11202,7800,5381,13309,5621,9170,7693,5373"
16076,"8421,8235,4101,2140,331,2343,7374,12757,3770,1361,1662,10326,10473,283,4924,12435,1323,1400,7063,8562,12990,9309,3596,11357,8492,519,3875,796,10402,5961"
16085,"4798,13309,5338,2916,4315,6548,11361,5647,7063,7637,10063,8608,9567,5018,10027,345,3103,10202,10464,7891,1614,10428,12382,1769,5819,37,2264,2291,2774,10434"
16089,"9962,7637,3515,11651,10132,13309,11289,9101,2260,1241,12730,9937,4967,8922,11630,2789,3817,9483,802,12331,1945,6610,11361,11251,7189,4387,3055,9449,12575,8124"
16097,"4413,6220,5303,12026,1220,9405,2286,9918,10735,12456,12875,9942,6971,8590,13381,8254,6610,7438,1062,4387,12668,11299,12779,5812,5931,609,433,4101,11812,11384"
16112,"11282,4413,4101,1290,1287,9101,322,3487,1912,13296,6020,8034,8161,1220,2038,5966,8707,10751,9410,8387,10663,6667,7293,6529,6925,4929,10970,7785,3992,7824"
16116,"6107,9962,11289,6610,6971,8530,4262,5507,11403,6271,5913,1305,12026,13114,9164,609,6626,10326,844,3578,7590,2467,10843,12680,5642,5476,7526,4063,2019,8590"
16137,"1290,5303,789,4929,7120,6610,6220,8472,4576,9580,5135,3539,4101,9867,1746,1084,9350,5573,8254,6115,6563,5837,13381,851,544,11292,2291,5025,3515,5849"
16150,"2380,789,5135,12030,6220,7120,9799,10607,8235,83,2140,8590,3697,12497,4576,1598,7374,773,2885,7063,4929,6418,1290,3115,2124,10674,6243,3620,5422,8392"
16174,"8922,5573,9937,2789,2218,2478,6220,4688,11775,1598,11992,3524,9515,4865,13101,2957,9170,8525,10138,7404,12788,5835,309,7578,1985,11732,4717,7547,685,9746"
16176,"1100,8235,4413,10340,8205,8707,2401,1598,12026,1579,12497,2218,177,5961,4777,3565,1746,1640,11604,8472,3106,5609,4865,3220,12680,10240,1273,3031,8999,621"
16210,"1290,10663,6971,4929,7120,2218,6243,5135,9962,2291,4387,13249,9405,12779,8567,3697,8675,13101,7578,4139,10792,10810,11384,12611,2988,6220,13309,1210,7576,10163"
16212,"8922,10663,8235,8483,13309,4388,6243,4216,6960,2559,7063,4163,9430,11992,13101,8053,5142,773,2957,2916,8123,1400,8986,2808,9629,634,8302,4109,8684,4371"
16230,"4929,2140,2343,10326,2169,7120,8707,10674,7731,8575,5386,170,1726,6116,9637,12529,1133,6169,2681,7024,769,11114,11295,8413,7160,2173,11003,13320,7578,10843"
16245,"7120,1290,4929,10326,5999,2380,5135,9962,11282,10336,4277,2140,6899,9668,1244,854,8254,5532,296,10648,10122,10712,10644,12497,1242,11190,789,4413,3789,10589"
16293,"789,12030,6220,4798,2291,10138,4973,4413,10597,4083,4322,10000,13314,5149,8177,8954,8227,12787,9942,5008,13296,6433,4626,10916,1851,5135,2295,1556,3539,10498"
16299,"1290,4929,7120,12497,6243,10663,2916,4101,4413,296,4576,8235,9580,2140,8205,1977,10674,7243,1912,11298,2392,5914,2990,1769,5715,10648,11540,5898,5966,9072"
16300,"7120,4277,4413,5303,9962,6220,1290,5135,13296,10336,3515,789,769,12331,10000,4267,6971,2380,2343,11892,9943,10607,10147,4613,9405,9607,7707,8707,854,954"
16303,"5303,789,6166,13101,6220,1478,5135,13249,9865,11422,8256,7503,4620,10389,9438,2291,4111,4623,8433,4955,8607,8651,6243,2648,6270,851,2118,7234,12606,9707"
16305,"1290,8421,7723,10137,4101,9744,9729,331,2916,2684,3770,499,13211,6610,8355,910,31,2808,8553,11969,6753,3062,2082,3990,2164,5610,11540,3139,2238,1337"
16314,"4976,12813,11496,789,5875,3539,12702,10326,1856,10156,4947,9787,12030,4117,11998,168,12070,11311,6329,6395,7492,1615,1180,6588,12379,5760,4111,6270,6489,9550"
16328,"1290,6971,4387,2140,4576,4315,8421,9369,3539,7590,2916,13309,1378,5258,9454,1220,12788,8590,7120,6892,10648,9866,7029,9234,296,7637,7856,3737,9613,11180"
16340,"1290,12497,9799,4798,3909,5422,4387,9295,2332,3488,7462,1327,3198,3737,4413,5135,4036,3868,7120,12085,714,330,903,8475,3090,4173,3829,3106,6128,7759"
16351,"2140,1290,2291,2916,4929,1583,10792,5610,9072,9733,2373,11609,5199,2020,6243,5630,7680,4853,11282,2380,4213,4513,12990,12471,411,2240,12922,10712,1814,11480"
16363,"8452,2530,7637,544,12404,6971,4416,5819,6846,4734,12331,11288,12535,9606,11115,4024,11282,6949,12632,8691,10063,6548,13086,10998,1408,12121,9799,12104,3103,11789"
16376,"1290,7120,10663,4929,2380,6243,789,5135,12738,851,11751,1132,1490,6060,6515,11393,6962,10147,5810,13171,1197,9980,3697,7312,5905,769,4965,7856,438,5672"
16387,"7120,4929,1634,8205,12757,8922,8590,9405,4777,12181,10322,6501,10674,11171,5819,4576,2567,9684,286,6598,8235,10124,12944,5303,2205,1429,13257,9003,8347,11939"
16395,"4413,789,9072,2380,2140,10326,9580,5135,9938,844,11508,9144,6326,4576,10551,7120,11393,1514,9306,10614,9799,6107,3488,4101,1863,11298,438,1579,12775,12525"
16414,"2140,8922,3770,8505,7707,5810,8392,5142,1299,4614,9881,7743,9072,9175,13024,1337,8378,204,10546,4109,6205,9059,12813,10462,13280,4315,8635,3296,3263,1180"
16416,"1290,4413,6220,4101,2140,2218,2291,9410,4798,9443,1556,1239,9295,4929,11282,12497,2295,5926,3379,4083,9880,11191,2169,8707,8205,11540,3372,4626,1912,621"
16418,"9942,6971,5135,9962,789,5303,12404,3285,4336,4602,10340,7296,11288,823,969,9837,4816,10067,3625,3695,5483,10017,6746,3373,165,6846,1044,10275,2648,5971"
16471,"2199,335,851,10326,6899,2380,3992,9877,7032,11143,4101,4308,7471,2220,13306,1132,10895,3706,6728,11311,9286,6107,9580,7197,9078,7312,12098,2885,10869,5477"
16489,"4929,1290,3088,4798,3766,7471,5573,2140,9175,5142,1888,1912,85,12497,9504,4482,6474,4229,411,2285,8021,1856,13110,7109,2841,5670,7833,6812,2689,7707"
16497,"10326,5303,4947,7063,6166,1634,3171,6243,3766,3737,6549,7198,1132,11306,4387,8254,3697,5098,1244,9580,12030,2237,5999,2457,7856,5449,8703,9485,4277,4929"
16509,"1290,4929,6243,7120,2380,4576,296,6515,12497,9580,11357,11843,5573,10963,4664,11298,8590,2903,2990,8235,9799,61,6818,12788,8410,564,547,5016,13297,10648"
16510,"789,1290,5135,9962,6243,6220,9799,83,6971,4576,13309,5303,2291,9038,12497,7120,7462,2916,9295,4929,7759,1082,544,11403,9308,7063,8271,6003,223,11326"
16521,"5303,1634,11292,12104,9087,9580,8335,5999,12665,1746,462,2771,11115,8452,10340,9942,1429,13324,4506,11282,5860,11357,6608,1439,11288,2265,5131,11956,6982,10039"
16524,"1290,10663,11357,4929,848,4387,9942,7120,331,13314,8452,8714,12385,3055,4384,3625,1383,2916,12999,2361,2670,2990,593,6715,7368,4036,12092,5303,10999,13398"
16582,"1290,10663,8567,8922,2140,4929,11106,4777,4540,12030,7715,13296,3246,9295,10138,12578,6960,377,9369,3411,2882,13114,3641,3081,7547,2958,12331,8678,778,7745"
16592,"8590,3539,9693,6220,12680,2218,13101,1220,7024,6166,8922,9668,10963,1532,1286,12030,6588,5442,337,278,2185,9405,12401,8018,6804,8343,6962,3214,5999,10088"
16604,"1290,7120,4929,10663,8235,2916,331,4101,9962,4413,4777,10648,789,544,12026,9295,8421,13259,12497,2380,837,8829,4914,6610,6243,13257,10794,8593,10473,12331"
16605,"10326,10607,220,10997,4430,5199,7867,1972,1996,820,4529,6684,8561,12665,6708,8793,5532,31,455,8820,3643,6545,10615,7254,6943,12070,12857,10389,5922,8167"
16617,"4947,3524,13381,1202,638,2360,3778,6515,5734,1022,5474,10902,8794,12016,4117,4330,2218,9752,12223,11807,5847,4004,12423,11486,10378,12456,4974,6312,11532,8038"
16622,"12404,1286,1220,1634,5819,4659,11282,2291,13280,6932,8019,5557,11133,12608,2671,7289,6283,1996,992,5700,9942,7883,12816,12504,12944,3871,8896,6191,12740,4615"
16624,"2789,8402,2218,6022,11651,2927,6220,1220,11891,4322,12104,9580,10079,9668,10281,12665,11415,9019,4253,3817,8626,3198,6693,5433,11789,11930,11569,11766,6529,11019"
16628,"10326,6220,6270,10341,7745,8562,7914,7515,4322,10581,5358,5823,4277,816,8177,2218,3748,12689,4366,11261,5302,11993,10916,13073,1996,3672,10201,3138,4465,5292"
16633,"1290,4929,4387,7120,1210,4277,6243,2916,10846,8567,13261,7637,6270,2573,13114,2957,7484,4631,1779,5862,8018,140,1286,593,7590,6751,4798,10456,7267,8126"
16646,"4101,2291,6220,3071,3539,89,6351,7462,2380,1220,10057,1872,12793,13097,5135,10530,11517,6515,6846,10067,300,4224,9942,8201,7531,12019,10500,9450,4576,165"
16651,"4101,2140,11282,8452,9580,10687,10127,4602,10523,12026,4648,2218,12775,6445,5199,8040,4321,1977,9846,11357,5659,9668,12331,12304,12473,5482,7824,9848,10389,9382"
16654,"1290,7120,10607,6243,1244,4576,296,4929,331,9799,10137,3909,8122,8590,3697,2214,11902,10999,2140,11463,12303,8067,6255,7374,2380,710,6081,5537,8355,9810"
16673,"4798,11540,7637,9383,9942,2260,7417,2789,7553,9295,11728,1945,11992,4167,11361,5647,1769,37,10710,12019,3737,2114,10462,4180,11675,12404,1478,5149,12,11488"
16675,"8922,6166,4614,1821,9693,1634,11171,3950,4506,9667,10546,13324,8483,2344,286,2327,5545,11491,5353,7637,3515,5303,3470,42,10793,7016,1022,1429,5944,11800"
16677,"6971,2140,5303,13257,9942,83,1746,2220,8525,6166,1634,5526,9799,8235,13097,10529,6281,8493,9003,197,8344,4100,6952,5071,1378,7653,9937,5555,10067,8590"
16679,"1290,9962,6971,4929,789,6243,5135,13309,8922,13027,4387,2218,8235,3697,10663,7063,2916,13101,9340,10132,5913,12990,83,9937,8567,7526,331,10648,7484,6220"
16686,"6971,2218,8922,6243,7063,13101,1400,13309,8567,345,4387,10507,8731,5545,5485,3697,12497,12133,10336,11818,4806,275,4640,1554,923,2602,11088,10464,7266,11651"
16695,"10663,6971,8235,9405,12858,1290,2885,5545,331,12026,2506,10429,10140,5914,8472,6322,2291,11784,12398,7964,9604,4072,9340,3562,10787,2013,9638,4777,1662,3136"
16704,"4101,8421,8235,2140,13296,1634,11282,5532,12757,1361,9938,2808,331,10326,7964,1662,8834,6418,12026,8562,6318,12606,6899,1323,2343,9604,3562,8483,11143,3770"
16709,"1290,10663,7120,4929,6243,9072,789,10712,2140,9306,8567,9962,12497,5135,2218,6576,6515,11298,6962,7138,714,12026,12474,7835,11282,897,6326,2100,1899,11508"
16773,"8421,10663,1290,1180,5303,12837,9405,4970,9938,13211,10530,1426,10326,6919,12606,769,8161,11117,2645,12689,1812,12809,4947,9671,9309,133,7140,8855,6328,11485"
16774,"1290,6220,4602,2380,2537,6982,2291,4413,6118,3507,2140,7706,2865,12567,10130,2958,3496,8699,11406,256,5520,496,9148,9602,1725,12331,2469,11039,3922,1872"
16797,"11282,6166,8399,1286,3799,6038,10566,3950,10241,2489,7707,9620,2265,1634,1918,6039,5999,1430,8153,12167,3766,3618,5675,13429,12474,11828,6415,5012,4946,2184"
16803,"1290,10137,4798,12497,789,12373,13309,11660,9073,5008,976,5149,2764,2108,3725,10792,11326,2483,8413,11793,1588,10202,4184,9295,1576,6128,4139,7114,2149,997"
16804,"2218,4101,1996,4798,10326,6107,8421,9886,1977,6901,4576,10916,5149,2199,4974,9580,9750,9746,3112,12776,4924,11540,3295,1588,10581,12875,12223,1427,1239,844"
16806,"6971,3950,789,5135,4413,2218,13114,6220,12606,3296,7878,10746,1017,6520,13284,10241,6892,6626,5057,607,1305,13026,7972,10607,465,2140,2549,8266,12694,10434"
16810,"1290,7120,789,12497,2218,4929,6243,5135,12758,9295,9072,4083,10663,5573,4387,296,2140,2916,6790,10241,11088,4798,9511,11298,10791,2228,5026,6538,8567,5104"
16836,"6971,789,6166,9962,2220,12026,2158,3018,10840,560,1429,7526,11384,275,10241,7645,7832,7489,8221,3202,7637,7079,3515,811,7715,11282,1759,12606,9880,12114"
16844,"5303,4576,6220,4101,7120,6351,4865,1100,1987,5135,331,13257,13097,2990,262,4929,3233,8452,1478,7592,13346,6846,13096,278,9985,3766,1977,2018,539,420"
16861,"1290,7120,2885,10663,2286,10463,7745,13309,12632,4299,6971,1085,5303,13185,13104,6026,11479,12497,6437,2567,2395,11638,8699,6322,6809,12072,4177,4777,12021,10336"
16875,"1290,6971,2218,331,9733,2916,4101,13114,11784,2291,2140,5199,4053,2684,12341,5303,4413,5610,228,6919,7723,4007,8421,10663,6610,8472,11723,13296,2238,8371"
16936,"6220,1220,3697,7308,12477,11566,382,152,165,11953,1408,13306,11784,12030,1629,5591,12606,3461,85,10017,4525,1872,8201,7411,9216,10429,7578,3061,4838,220"
16946,"2140,6971,12030,10326,5135,2916,13114,3697,10663,7120,789,8235,9962,4413,7484,7637,9372,1378,12331,11913,7063,4929,8590,632,8593,7590,9866,13309,83,8071"
16965,"4277,12757,2343,3487,6892,7983,4740,1912,2238,12990,10147,11784,7024,8359,11770,8562,8161,1160,13296,7637,11180,7578,6020,8034,2292,3770,11295,782,1244,9133"
16987,"1290,4929,7120,9962,4101,2140,10674,2380,2850,9733,2291,8472,2091,152,11784,10424,9367,13141,7723,8794,220,10663,1287,2125,6670,12990,13097,4162,3696,3389"
16988,"6971,331,4499,1100,10067,10340,9937,8922,2837,9799,7987,2343,9115,4865,2185,6926,12681,1558,1225,10963,6962,11495,690,4904,5532,1598,1933,7180,8413,2109"
16989,"10663,1290,6971,7120,4929,2140,2916,8235,2220,5545,6280,2957,11097,5470,12021,8483,2852,2343,1408,12440,13296,601,7462,11845,4152,9938,11532,3230,10336,1776"
17007,"331,1290,2140,5199,9938,11282,8421,5532,3088,9156,8567,12663,1244,2957,1361,10663,275,910,7120,10336,5999,4679,7879,4929,12408,7439,3886,4277,345,1200"
17016,"1290,4387,11384,6515,13257,7120,32,12423,4277,13381,12738,2916,9942,5666,811,12281,4413,10954,4576,5174,3842,11772,6243,9744,2218,13314,7197,5818,9470,577"
17030,"9799,1290,5303,10607,296,5135,10326,8879,4998,5827,1400,1328,4286,4399,2885,7172,769,10027,1704,10159,4974,331,10855,3086,5367,7120,5570,7473,3816,1385"
17034,"6971,2218,6220,5999,12026,5545,2291,2990,13310,11282,12779,8472,11357,9348,9962,5022,9284,5946,4877,331,7135,3910,13101,12665,5877,1538,5507,5303,609,11281"
17054,"6166,6515,11384,303,11723,12146,12990,1543,9580,9229,2468,3778,9668,11969,12336,6395,11463,2373,13257,5999,10324,10241,8947,11486,7948,3238,3717,5635,8590,5608"
17056,"10326,6166,4277,1811,8562,2199,85,4865,5071,2392,9448,2299,2380,61,2769,4576,4216,8106,12729,6270,1025,8510,12484,6054,8277,13346,12559,7120,1455,3071"
17084,"1290,789,4929,5135,6243,10326,10663,2199,851,9580,5025,7120,4224,11751,544,3697,3539,2380,2916,12704,7637,4798,12541,8981,3067,10648,1634,4684,1132,7895"
17098,"1421,4229,9729,1856,2220,12757,11775,8342,7639,12459,5700,12098,5124,6196,3871,13268,1996,8159,9455,2091,4053,3575,5887,8295,8922,4264,5610,2365,5235,13306"
17102,"789,5135,4798,2140,10607,7471,2199,1255,13160,7937,4552,89,12096,4576,4602,3697,10819,2786,10663,6418,5381,6625,4204,6601,4926,254,1945,682,11142,9256"
17109,"6971,6220,3539,9693,12030,10326,3507,8562,12606,12680,1305,1017,7878,5507,8235,1378,12651,10674,8530,4465,12093,7983,9942,2343,5312,1286,2185,1872,5386,8590"
17112,"6971,2220,6166,7329,8472,1746,275,9867,10674,2140,8084,5135,491,4789,2238,13138,2916,11292,9398,8452,8525,9036,1634,13185,12051,1841,10326,1287,12621,7287"
17119,"6971,1290,5303,4277,4413,10326,11784,8254,5681,2238,8472,7723,11775,8590,2644,9398,2218,13309,7120,2391,31,8421,8235,6433,7856,12021,5966,1244,7983,7625"
17124,"6971,2343,2140,2218,12070,4266,12606,8235,7983,1779,13296,110,7175,3487,11784,7120,1244,3002,4929,1711,11282,2862,8873,2591,5239,8318,13368,9668,8716,11770"
17141,"5819,1085,12286,8452,12632,2789,4263,7113,5821,8174,3849,12665,1513,5221,1560,5374,7908,2771,4127,13301,9511,237,12184,10849,10464,5939,9771,4563,9550,2324"
17160,"9072,789,5135,7707,1750,10322,9971,3296,3515,5422,1899,5819,7120,4413,5318,8505,2010,1851,2469,3950,7769,7712,9799,4315,7832,7115,8922,1429,555,4576"
17179,"1290,7120,10663,789,4929,5135,9962,4387,4277,10340,4576,331,6243,8567,8205,6220,12497,8590,10648,8406,9866,5303,6026,1912,11117,1007,9671,5006,1100,12654"
17189,"2559,1220,345,1747,1022,10963,10079,3778,2489,7983,5250,9567,4069,5116,3770,8483,4430,8062,3352,2337,13371,12463,5073,3292,9686,6422,11733,9170,3319,3274"
17191,"6971,9962,3515,11289,4266,2631,12156,3886,3070,9799,4111,12869,1695,13296,3577,5008,10840,7747,10997,11363,4627,9637,1269,12414,4065,10336,11511,3796,6726,4452"
17194,"1290,7120,10663,4262,12497,11215,9733,12632,6971,12738,377,4152,2903,4967,4277,2908,2169,85,1912,11749,1992,6982,12745,3103,12767,4469,13238,12785,10608,2277"
17195,"3539,4199,1286,3770,8177,9942,9693,6213,8510,6433,8562,382,7503,4564,7257,649,4614,8530,1006,6202,3147,4941,2548,13022,10489,174,3242,8244,5557,3489"
17200,"5303,13309,12497,2789,2885,3055,2218,1478,4437,9295,11992,10097,12030,10202,1614,1290,4036,11691,7784,2395,789,2990,1085,8703,7305,4777,11890,485,11292,1241"
17212,"3766,5303,1290,10663,3321,4927,11766,9746,2218,8077,4929,4229,2571,307,5135,7120,7503,7867,2916,12309,4353,11488,726,13130,2900,4798,247,3781,11102,7487"
17218,"1290,6971,2916,6638,6243,4929,1286,7120,2020,2218,5135,1223,2291,9340,4266,3340,3539,10148,4272,9072,10137,5123,6112,8156,6003,558,383,10674,7167,7679"
17232,"1290,10663,4929,8421,8567,8161,5545,2916,1779,9295,8355,2218,6971,8235,3487,2343,6243,9309,6812,4101,3998,8441,1287,1074,2965,4117,2411,6919,6252,4053"
17242,"6166,5999,1244,4277,6971,8562,3591,8161,9671,1180,11784,5303,8567,12606,9880,9937,1290,3039,9405,5552,350,7383,12424,12837,13296,12707,11088,4047,1258,5537"
17255,"331,5422,9799,1100,83,10322,10787,8590,7121,773,8593,2885,12389,3,13024,8622,4900,1378,420,7578,10607,4176,5313,11651,5135,2786,1634,6450,4499,9942"
17262,"11540,4929,4679,2670,8421,10699,918,3154,1169,9646,3992,1180,6610,10568,4613,1936,5306,10648,11282,11800,5236,8810,13235,4117,1400,910,2437,11115,5838,9756"
17275,"10663,7120,2218,2343,10792,1543,10147,2291,601,13101,12309,9132,6971,3725,6371,2487,2514,12108,9448,6402,9331,7497,1220,13211,9405,12335,4198,8759,10684,2338"
17276,"1290,789,7120,12497,2140,9799,6243,5135,10712,5835,3620,11843,11540,9962,2885,4929,13309,8653,4777,2353,12435,11939,8413,5142,8235,6638,9550,9744,7956,7381"
17278,"2218,5999,5819,6166,7707,4615,6962,5429,6638,11282,12606,8723,7364,2343,4698,2169,6220,11000,9668,9766,3336,1064,3950,9637,1662,4777,5961,678,2291,9906"
17283,"1290,789,2140,9962,12990,9866,7120,2220,7578,5135,8235,13027,12788,2185,9837,8590,4576,12030,5008,11540,3697,2380,6243,9063,4277,9937,4499,10916,10663,8562"
17284,"4101,4413,2218,6220,9306,1220,11784,9410,2291,3950,10124,11997,9918,9425,7027,4615,9880,560,3377,2169,5025,6527,11384,5406,12757,13284,1239,9207,8144,10683"
17295,"12665,789,10340,1634,8922,1017,4525,3950,3515,10241,6811,4413,2327,13027,4846,6971,8505,2444,3,6209,3704,7138,10674,9072,11088,9962,13429,6283,279,11282"
17298,"4929,6220,6326,4798,1912,10663,9101,12404,8699,11282,11289,588,7637,3577,1286,11651,10049,1700,12856,7176,10600,12278,649,7259,6474,6846,4273,4199,11568,322"
17319,"10326,6166,9962,10607,9668,1863,1244,13306,5303,1634,10869,1478,2380,13296,7298,2185,6515,11751,9580,13005,6283,2238,4321,6925,12606,4277,1589,9050,2114,8981"
17320,"11282,331,5999,5532,5124,13296,5339,345,6971,6982,2671,5545,362,3879,2774,4053,4007,7894,3487,12599,638,244,6687,4877,544,12747,5482,10756,12104,12857"
17325,"2140,5999,2218,8161,8562,8590,2957,5610,4101,1640,8205,3230,13101,12465,7856,7024,6843,3671,11869,2798,1317,9115,7578,9906,244,5609,12529,12418,3246,7672"
17330,"9937,1286,10240,1180,6220,3147,1883,4199,10835,10097,7063,10462,3106,13309,9567,803,350,782,9343,5155,9602,1634,8284,6246,7845,5495,2392,4613,9295,4097"
17334,"4929,1634,4387,7637,2916,11540,2020,7895,1400,6220,11282,9580,5545,7645,11888,7004,1286,8421,10798,5025,11117,2237,4413,2675,3870,707,5731,12167,1927,11435"
17346,"2218,2291,5135,2916,12404,4503,4413,9942,544,8472,4798,5199,5239,13114,1220,3781,6757,9295,8114,7526,1525,7004,11488,2286,2238,4975,4322,6746,8459,6332"
17352,"4266,6971,9164,1912,6220,3532,12414,5819,1598,4101,12026,13296,5959,2654,2518,4648,4602,11540,4929,3667,5455,11000,10835,3910,12104,350,5558,9507,1365,11569"
17353,"1290,2140,7120,4277,4576,6971,13296,1598,1912,1281,5966,10326,4664,11384,9733,5965,3909,11196,3538,13346,4865,9835,1258,5470,2483,2990,7833,5210,2343,6097"
17396,"12665,10607,8053,1987,331,7120,11024,10841,11396,2379,13310,2984,10389,13127,2199,11901,10566,4286,6175,9164,6367,8097,4097,6249,5199,5633,5497,5589,11543,2270"
17408,"13101,8590,5819,7120,10674,6638,1742,2789,9405,1582,4101,11784,12758,9328,4921,773,457,2218,9668,8205,1529,11726,12871,6129,12665,3428,10607,11643,4955,7197"
17414,"789,5303,6971,5135,9880,3643,7138,5467,11384,10241,7745,2293,10022,5124,4307,4111,68,7723,13134,3281,11723,9943,3296,6558,10466,10163,13186,3506,8449,11020"
17422,"6971,5303,5135,10340,3950,5999,6220,2218,9962,10589,9405,789,331,8472,13346,4101,6280,9484,11288,3799,8547,12104,9684,13101,5819,4413,9443,10753,9398,8359"
17424,"7637,12757,4387,7064,12331,4388,6467,9942,4798,1872,11789,6401,517,9132,11528,1239,6982,7898,12474,10441,6960,5610,10741,7776,8165,9362,1171,9383,4223,2220"
17427,"1290,4929,10663,6243,7120,789,2140,12497,9072,3697,9962,8567,5135,2380,9799,6515,11923,10674,296,11480,6576,4053,8196,8886,2353,2847,11298,7916,10137,6169"
17432,"10326,6971,8562,7983,6646,11993,8161,12651,12030,11688,11690,3770,13114,2916,12689,1328,4838,8254,12606,4622,2332,1286,3998,8235,13007,2391,1141,8593,1244,10644"
17434,"1634,4111,4324,2265,5303,13043,3026,11143,11969,1439,8483,12858,1400,13097,12379,9624,6322,10262,13432,2165,11403,9134,362,12990,9963,8335,12767,6982,3870,4216"
17439,"9580,4101,1634,10566,6107,5999,10326,8205,5351,11508,9867,10241,2238,6751,11097,13101,9668,6283,2808,10672,7832,6204,10674,6240,6732,5731,2391,4695,5269,9484"
17442,"1290,7120,4387,4929,5573,6610,6243,4664,11384,4111,3539,9937,6270,13249,13101,10389,9888,12497,13381,11648,8590,2518,61,3040,1521,1180,11486,7580,12779,6489"
17449,"11609,2140,8922,6960,5610,4967,6924,9937,6180,4833,13433,1495,11243,8140,6515,1959,5493,4117,11099,3251,12575,2559,11673,9637,1583,10717,8986,10439,8469,1049"
17472,"1290,789,10663,4929,6243,7120,5135,12869,12497,11289,1299,11540,4083,6326,9580,4262,1634,6220,2784,5573,11298,9072,8703,7826,7645,6790,9231,1779,10776,8792"
17509,"10607,3428,9983,12665,8703,8505,708,11289,8421,1400,1090,12030,1634,957,9,820,3770,6665,3620,12463,1200,10434,11794,9405,3044,12529,3122,9632,345,13309"
17522,"9937,12990,2380,4101,12757,331,5835,5020,4685,6220,5573,6515,5303,6166,12575,9580,6060,7856,6115,11630,576,10547,3171,1634,615,12104,8997,12680,11464,10194"
17527,"2218,12758,12104,5573,1978,2789,8402,4430,10755,12476,2228,13101,5433,11651,12329,2291,5104,5893,9998,452,7814,1230,9983,5338,10434,309,5298,2211,10921,4256"
17535,"1290,10663,4929,12497,7120,8567,13101,6243,1779,8590,1244,8205,5573,2916,4777,10137,1978,4798,478,9309,12055,9405,11298,2870,2957,11289,5932,9909,5441,6576"
17540,"10000,6962,7639,3770,1558,2062,9668,1996,11390,7558,5999,8828,4865,1856,5199,3909,11871,5756,13022,3109,672,10127,10340,8460,2343,12925,335,8804,10240,12563"
17541,"1290,2218,5135,12857,6515,4413,5303,5272,5999,9733,3323,9962,1220,544,3950,2291,6919,331,10524,769,6719,7383,4277,6395,6166,12811,10378,4615,10848,1899"
17551,"1290,7120,10663,4576,6243,12497,4929,789,5135,10607,5573,2916,8567,4083,5810,9962,6220,4387,4413,12313,8413,9744,5835,4973,9504,8981,3706,2574,703,7374"
17564,"5303,6971,9799,2140,2218,9962,5497,12145,4499,8343,11384,11357,5608,8666,11495,7578,10322,3165,11918,11475,13296,11651,8525,1891,5875,8235,7653,8505,2031,10529"
17565,"1290,7120,4929,6243,10663,5135,2916,3697,296,10607,5303,7256,12809,8716,7503,6154,1515,3364,3321,4387,1213,8593,1180,726,11079,10427,4916,13226,11690,7529"
17581,"4413,12497,2916,1290,7120,4798,9072,4315,11282,10663,10712,10791,6243,13314,4929,7053,10614,6811,5199,6016,9938,7063,1132,2587,11302,12404,5898,2748,843,1883"
17596,"8562,4277,7578,11384,6220,10326,12156,4387,6401,13296,2786,2199,4929,8161,11834,9650,10163,6270,6589,5292,12665,6402,3088,1286,9846,11190,1912,12408,10131,3046"
17601,"789,4929,1290,12497,7120,7637,2885,4387,8608,6220,7063,296,1132,4413,3737,1400,7712,6270,12842,8953,7856,5803,2169,5142,2587,11384,1912,12030,915,843"
17611,"12606,6166,560,2291,1836,10914,1747,9410,6220,11784,8161,1085,3591,7474,11506,5403,13296,3071,5545,11304,2619,2169,457,12837,851,9817,1850,5723,6150,6270"
17612,"6971,5303,8421,6220,9799,48,2885,11384,8703,11994,2648,10891,9668,538,519,8359,11669,850,1408,1082,2015,11292,13289,8724,2969,2670,11281,8090,11018,10529"
17620,"4163,12665,5819,2957,1888,1299,6270,8413,708,1956,7715,9771,8018,2343,9496,8205,9693,10033,1286,6947,11871,5939,12578,6383,4479,2083,12903,8274,1532,9260"
17627,"1290,7120,10663,4929,2916,5135,6243,4753,7817,8053,4315,2380,1681,1576,13309,7063,5999,13348,8675,11626,2291,4387,11884,10648,296,9373,4036,7135,12497,8205"
17634,"12026,2218,9962,4777,12497,1290,6515,4929,11229,6243,12474,8402,2291,454,8567,10663,4021,11243,12308,6962,10848,13101,10547,8452,10712,1821,8535,9695,2555,3230"
17649,"12944,9744,5999,7232,5926,1576,3950,1200,11775,11088,6971,10792,31,2214,3990,8405,5581,10102,8085,12665,8413,2988,220,4035,10993,3088,11843,11170,6910,1281"
17654,"8421,12990,13347,9746,789,735,3697,3737,11566,11381,7460,4312,6593,4111,4613,1180,7788,10758,4323,3411,4927,7503,12813,9997,1290,9880,5135,11143,10527,5411"
17659,"2218,4798,4118,2291,681,11726,2767,13097,4101,3770,10566,6588,3560,1210,404,4455,2643,5819,9693,5025,5312,1220,13114,8954,7356,4366,278,1978,2883,6150"
17666,"1290,11282,5532,10663,4929,10326,2140,7063,10530,4413,12363,7529,10644,11120,7138,7229,1583,789,362,2916,4827,12606,3171,9405,12599,11609,6418,10844,12665,13134"
17674,"10326,8254,5999,8922,12030,2380,1516,4413,13346,7063,2559,11775,1783,9405,837,3766,4865,1598,6433,7529,2822,8575,10778,4277,11869,13116,9162,5855,3950,10147"
17684,"1290,7120,4929,331,6243,5303,10663,3697,10607,2916,2291,6787,11396,10644,6395,4111,4576,8355,1244,1180,2199,12990,9937,13249,5090,10411,7503,350,296,7650"
17708,"8235,9580,12026,5303,1100,5999,11357,13346,2808,7847,4101,1634,8472,11540,6351,10340,71,4163,10195,13101,3115,3565,988,11930,8035,1299,9862,4136,3247,2789"
17709,"2140,12663,13296,9072,6971,2499,9799,1634,11713,10326,8459,10473,7637,7647,12897,5199,4028,6490,484,12694,9254,2483,4789,10813,2238,6319,13024,5700,6418,5965"
17741,"1290,7120,4929,10663,6243,9962,7578,12990,3230,12497,12788,6962,10648,2380,4387,8590,5420,2140,8593,7024,8675,13413,4101,8567,9637,7637,3697,11202,337,6896"
17752,"10326,2140,1133,9755,7120,9635,5262,6107,4929,8425,1244,7029,3443,2746,61,4996,2847,118,10843,6522,9465,13073,3317,2238,8318,886,6515,296,7653,5558"
17765,"2218,6220,12606,6971,1220,1286,4413,6166,7707,3112,4326,7835,811,2899,11384,12857,11814,8266,4525,11632,12477,3950,1996,13296,7645,110,11282,9436,13214,9751"
17770,"1290,7120,6962,2339,7762,6610,13381,851,6137,12738,4929,1012,10902,5538,4272,4117,3489,3029,5863,9936,10798,1085,10137,4387,9442,3055,4843,2362,7463,8771"
17814,"6220,4413,5549,2108,9454,2220,9295,1220,2380,11282,9942,19,12030,11918,5168,8421,9105,3737,1487,7181,8981,11352,11299,7088,9101,3247,4115,6971,8699,12564"
17818,"2218,3539,5025,2291,12030,2228,13348,5557,8402,6280,1502,12752,5819,4525,12758,6854,5545,1228,6641,1524,1024,4118,7636,11726,11088,2555,10464,4387,4322,6588"
17822,"1290,10663,8567,8922,789,9962,5135,5303,6243,7120,12030,8421,6962,3886,12474,1223,9295,4777,4717,12662,630,13309,6028,12497,10758,4929,3699,7547,4053,5610"
17826,"1290,789,7120,4929,5135,9962,6243,10663,2916,9799,296,13309,9295,7063,83,2885,5875,9837,8567,661,4387,1400,6971,3697,10648,11843,11479,10322,2917,11384"
17827,"5303,6971,976,10835,11630,11569,3515,8335,2789,10039,3573,2218,1427,9799,4602,3982,6726,2762,10132,6925,12104,4816,11292,11617,702,1429,9438,10713,462,7269"
17840,"5303,6971,5135,2218,789,2286,544,13249,6166,2019,8472,1746,11288,5022,10336,331,4525,5545,4052,4430,10834,11784,13216,9085,1223,5946,5931,3950,220,9866"
17843,"1634,1290,10736,2567,9799,11630,6220,9506,11405,3515,12944,331,7723,3085,2380,5549,6283,1244,10137,7770,8405,12104,10124,12919,8905,12286,11299,5168,6971,9072"
17864,"10326,4277,1244,4947,2140,4229,8342,11786,10336,10841,12990,1598,10088,10607,766,5497,3766,11024,11775,12128,331,12484,8343,6205,2928,1978,12923,5999,11921,10755"
17871,"1290,4929,10663,2670,13101,12497,6243,8567,7063,519,9937,11992,4388,11935,1400,12353,12026,2020,547,10311,2559,5142,4679,12474,1803,8421,9258,11462,2506,3697"
17881,"6971,5303,4111,9962,789,9799,11475,5135,13309,6610,969,12990,6166,11344,152,2199,11292,11288,6107,1427,7546,3293,8405,8806,9438,3515,2238,9101,4262,11384"
17928,"1290,10663,7120,1776,10916,2916,4602,8205,4161,9671,1889,823,7197,10607,11357,8235,13339,6505,61,1996,9428,5470,11515,9757,9550,3620,10648,8012,4576,11626"
17931,"789,6971,976,7723,5135,13309,2140,167,9295,9733,3296,4798,6545,1556,3012,2108,9072,13420,4430,3613,7643,7489,6096,8587,7833,3467,3643,11721,997,8826"
17933,"2218,6971,2140,10326,9668,5303,12807,4413,11282,1427,11103,1841,12331,11415,11142,13284,7131,10241,12857,13278,117,11935,12758,8442,282,760,753,8452,2841,6953"
17953,"6220,1408,1912,9398,11282,13296,4262,7723,3088,3950,11475,871,5999,7489,11281,6020,6270,13312,13244,4277,11581,3380,1250,7178,8820,6892,5303,1996,8359,5681"
17970,"10326,6971,12990,6610,256,12793,7590,5999,6107,1776,10737,2007,8981,9580,7160,9880,2199,9308,4277,3238,5881,1985,9564,8702,8170,8964,737,1084,4643,12455"
17977,"1290,10663,4929,789,1779,6243,2291,5545,8567,7120,8161,7503,2340,4117,10055,6270,8731,1367,1218,4387,4008,8716,12497,11701,10160,6804,12026,2019,11862,1601"
17982,"1290,9962,10663,7120,6971,6243,12497,4929,4777,7817,8567,4413,4083,7723,2218,11298,1255,12758,9072,13027,10648,5379,12779,1779,5573,8632,2291,9733,12026,1938"
17995,"9799,9470,4482,6418,2140,7707,9962,5810,13296,1704,5135,13306,789,12404,2220,13097,12857,4756,10663,5555,964,85,1747,9468,9785,8221,7815,152,13220,4216"
18002,"7637,11843,7712,789,5353,9470,6264,420,5875,3099,3,1634,12634,12382,8413,85,1416,274,4525,8505,4101,5700,12665,12435,4199,286,2671,438,2228,5422"
18006,"10326,10835,1286,10462,11651,4915,8177,12730,3515,8119,3242,11488,2065,976,1269,11617,5549,12299,4798,4751,11637,9017,5018,11569,1950,12,10097,7015,1744,6960"
18023,"2140,10663,7471,13296,7439,12767,11884,11282,6418,7578,9662,3088,7059,6401,12665,12662,8699,11951,10187,12691,3032,8274,1912,411,10393,209,6045,9624,12391,1769"
18024,"4929,1290,2140,8235,2343,2339,8922,9983,7404,5558,4199,10663,6034,8483,1779,1365,8810,3977,13214,4163,5422,5935,1719,1133,842,7916,3246,13305,13114,224"
18047,"11540,9962,2020,5913,7637,12990,959,6243,3737,9668,7590,3697,3535,12026,8922,1169,3950,3717,1634,11776,9572,4591,4929,9721,8318,12950,2905,4387,3532,11511"
18050,"4929,10663,1779,13101,4798,2058,1244,3697,350,2199,4679,12606,12165,2020,5558,9273,6919,6243,2339,6831,13402,7172,9245,5847,6034,2370,7054,1210,8691,11464"
18078,"10326,2380,3697,4277,3539,4798,3033,7637,2140,4853,5507,4827,5591,4576,5313,7983,5386,9733,1891,12615,5312,8819,2587,3036,1315,3507,1220,1872,2332,10067"
18086,"6166,2218,5303,275,10663,8421,7474,6576,7856,4679,6971,9295,2238,560,2784,12932,1478,1776,3188,6556,11977,9938,6007,6919,851,9007,4117,10326,3799,6424"
18093,"5135,13309,789,2380,9962,2291,4101,823,544,9799,12382,331,3697,5303,12331,8472,12104,11288,5338,10340,837,8359,10794,7120,2885,9295,9942,2774,3055,3817"
18115,"2140,10674,9557,2380,2220,3308,12775,8063,1598,3420,1531,11604,3031,9580,4101,491,2662,11508,1787,10843,2218,3737,1863,1441,10547,10963,8763,1287,8510,3426"
18122,"6971,1290,789,6220,11384,9962,2038,7759,11282,13249,9880,4036,1239,7439,4789,12321,7489,590,411,5205,6652,6999,6184,7680,5135,7678,8842,9408,12658,7817"
18124,"2916,6243,2380,7120,851,2291,335,9671,10137,3620,5381,1290,3697,8205,10792,10712,12517,61,6250,9911,2066,296,5367,5672,5810,12793,10823,2845,9461,10697"
18127,"10663,1290,7120,5135,10607,9962,4929,6243,789,4277,13101,10336,11775,13309,4576,1244,3766,4974,2199,10429,7197,10326,2218,2916,10841,9746,13436,1197,9909,1421"
18133,"8562,1286,7063,4387,8161,9693,6326,632,6270,6150,2392,9392,13219,10581,3539,4513,6812,7425,4929,7257,5799,1133,5270,12665,8205,9888,1912,13302,9382,9404"
18148,"10326,5303,2380,8590,10674,6107,6283,4101,2769,8562,5907,8254,6515,11784,9072,10752,11020,5065,491,2140,6464,3842,10082,8043,4029,12799,4413,12368,5721,12606"
18155,"13296,4266,7120,6638,3591,184,11609,6971,4627,16,4615,2169,11304,4915,3515,11384,5482,5608,568,6112,3070,12665,10997,6900,4277,2165,12606,11723,12703,2631"
18158,"1290,4929,10663,10137,5307,6864,4387,6326,11289,12665,7120,2670,16,8810,7138,5086,8421,12201,3488,11021,6201,11240,1542,11020,2665,296,3829,4043,7835,4633"
18166,"7637,1100,1912,5422,5642,10462,11713,2212,484,12663,11282,2220,7471,864,4163,11651,10340,3947,3462,12404,1286,11058,796,7171,4199,4703,5482,10127,5102,4679"
18167,"6751,2199,1287,6610,8355,13257,11775,6395,6213,3313,2036,9998,4345,8342,1421,8936,1856,10076,4229,11619,12750,7401,3443,1087,3451,9644,10674,13185,5869,13127"
18169,"10326,1290,8590,1244,6243,7120,4929,296,2140,11471,7344,2218,10963,168,2391,1598,8714,11688,12703,2957,2916,7236,1455,3641,4430,1156,12028,13101,10607,13214"
18175,"1290,7120,789,4929,10663,2291,11384,6243,4413,3539,12030,5135,9962,1938,4777,4277,7817,8593,454,12331,9405,5303,2988,9866,9733,1378,3989,4576,11994,11843"
18178,"2218,13101,7063,9405,2567,11775,4413,10241,12497,10224,5303,11630,3478,12757,6166,8361,3873,4101,1598,8922,5907,4258,9962,8707,12995,13257,10240,13434,8590,5658"
18214,"7063,10326,8235,4929,6243,8562,7578,12497,8593,10663,12202,10661,177,9405,1400,1134,7120,4413,11843,9303,6899,1640,11088,3706,3697,4181,2585,7197,12757,5251"
18217,"5135,2140,6971,789,2291,5810,7120,10663,9072,9668,8653,83,11282,8472,5819,11508,7706,3966,11298,4436,5142,13027,12945,3308,9799,2218,4266,1290,2260,2380"
18226,"1290,5135,7120,2291,9962,789,6243,4929,2218,6092,2988,8675,2916,10663,438,10712,11705,13191,4615,12321,13249,3015,165,4576,13310,10224,3336,7817,2770,9002"
18229,"1290,7120,5135,4277,3799,5008,12758,8170,6625,2428,6811,3697,10336,7383,11890,3354,11955,2478,851,6141,12793,3065,4646,1007,4437,2774,504,8253,9962,5272"
18236,"9962,6971,3697,6243,1290,8590,13309,5135,10663,7578,5303,10607,12497,13101,12990,1244,7120,12779,10336,7855,11126,789,11289,7546,9799,4436,7156,6610,2969,7817"
18240,"5303,9799,9580,4277,6220,7707,3766,6351,9962,5715,2318,5524,6925,6107,12779,5135,4101,13346,9408,1478,1100,4576,11357,5966,1863,11475,9532,4262,1977,1746"
18262,"4974,2199,13257,2220,9877,11775,1197,1691,9295,8656,2149,6928,5099,10841,10326,12098,10628,11488,8295,4258,4833,228,6128,9383,6330,11143,10241,8562,11919,6515"
18266,"1290,789,5135,2218,10241,12758,9668,10663,5810,228,6194,3115,6515,5199,2233,11450,5057,5590,7723,10607,10674,9733,9799,11997,6141,11143,5555,11726,9880,9306"
18272,"10607,10674,7120,8590,1978,4576,1856,1598,4725,3770,10088,1421,8413,2612,6570,6638,1448,382,9818,10841,7355,9591,6874,11642,4664,331,11463,2499,12427,8673"
18292,"1290,4929,7120,12497,789,2916,7063,1634,10240,6243,1583,9072,4199,10712,3015,5497,10663,4413,8205,2380,12026,10224,12091,12201,10835,931,11707,5415,11604,10674"
18299,"1290,7120,2218,331,11396,4664,10389,638,2988,4646,1987,1554,12994,1194,4387,10841,12476,8405,8562,363,2404,10424,10122,2990,11088,6787,2567,3491,9866,8590"
18321,"789,10462,5135,6220,6243,4798,2291,5810,5485,13097,6418,7063,3560,11190,5573,12665,1634,5142,9580,8635,9693,4786,1769,10626,1290,6811,2990,1328,6686,7820"
18338,"11289,6270,1286,10326,4798,132,3766,6166,9968,1779,12207,2020,1766,4929,7867,6220,10596,2238,4277,1220,2767,5060,9229,5137,1244,8243,8896,2847,2644,6709"
18339,"1290,7120,10607,4277,3697,4576,9733,331,6515,9962,10336,9866,4929,31,4664,6610,1244,11463,6591,10644,296,13238,6708,12497,10997,220,1972,89,11775,9823"
18341,"5303,6971,331,8343,12857,11384,9085,5135,2065,4387,4947,2140,976,5931,4262,8525,9380,5635,10933,6395,1919,6588,278,6240,13097,8335,2158,13249,4589,11495"
18355,"2910,13296,8483,8235,8027,11282,11289,6982,4266,6956,8530,4024,13110,12421,1872,6608,4602,9846,10138,6322,3577,2670,9507,11357,9148,1912,1133,3165,777,2972"
18364,"8421,1912,9295,9729,5303,9602,2218,4199,8235,12026,1290,10097,11299,4036,454,3206,4865,3910,11540,7455,10277,2990,10568,11843,6433,7867,2350,10340,576,6220"
18368,"1290,6243,7120,4576,5135,10663,11384,9671,10326,9880,2199,3697,2916,789,4973,4929,13346,1466,61,11143,10916,4277,8593,4083,1704,12793,9448,4216,9668,6220"
18393,"789,9072,5135,13309,10607,1290,9962,10137,9295,6515,976,10674,4576,12389,5303,2540,740,2847,5676,5573,3697,3773,7723,2242,6545,3415,296,11626,1744,8196"
18409,"1290,10663,7120,6243,12497,2218,8505,12665,5810,11884,11298,8053,2748,12611,9511,7138,3697,9771,2555,2291,2916,2228,9028,10712,6159,12758,5819,5485,8098,4921"
18434,"1634,6220,12404,5303,4413,9799,11540,12457,8981,9214,5168,13314,10340,362,5549,851,7157,3870,7498,4946,8699,10758,6310,3687,4877,6283,8703,8792,11568,11406"
18440,"6971,4101,12757,2218,1287,4413,8421,11299,12990,1220,3950,5433,7317,10473,8492,4387,11935,1239,2158,10124,12877,2022,5127,4789,11310,3770,583,7856,3596,3737"
18446,"1290,10663,7120,5135,6971,8590,13185,7745,10063,12505,385,714,12525,6751,7662,2469,10137,6853,1156,4576,8525,4437,2332,12030,4723,8960,5303,2870,6562,9726"
18467,"1290,789,6220,12665,6243,5135,13309,6270,13067,3539,4139,9580,9234,7120,12030,6326,10663,3306,11298,5573,9417,8674,4614,1885,9328,9867,8792,7138,4315,8668"
18475,"7120,1290,5135,6971,4576,5819,789,2916,10607,13309,8472,10674,3340,331,12944,286,1408,4929,6541,6243,1634,3012,296,11405,2238,11626,6638,10094,5303,11939"
18487,"2218,8254,5999,10644,10326,5199,609,2199,4322,11784,12689,1978,3722,2882,10541,13138,323,12875,8590,2691,2602,9340,1427,544,12104,8205,538,6164,7867,2985"
18489,"12665,8590,1286,6032,10137,2748,9449,7515,3235,6638,820,3606,6811,9072,11637,8703,9655,11651,5549,8156,3085,5344,1659,7903,150,8177,4147,1430,1151,10496"
18499,"4101,7417,11726,7558,10561,5075,12098,4164,2789,3815,2848,6141,8586,10326,8759,4184,1400,6302,6854,12787,5149,11673,2112,2062,851,5673,4117,9452,1478,3725"
18505,"789,9962,5135,6220,8922,4929,10663,13101,4576,1100,12869,8235,4101,13097,12680,2380,9580,5573,5303,4206,9693,11357,8675,7578,5422,10963,12990,12531,9405,13310"
18525,"6971,5303,7064,2670,6688,7462,12104,1085,2885,1682,10126,1511,2530,8359,11384,519,1664,11326,10835,8045,9799,6216,8514,12723,7476,2858,560,1556,6288,1233"
18530,"8235,331,12030,5999,8421,12026,6971,2882,7590,544,3055,9405,6529,12747,2969,8716,11282,5630,12133,4877,7426,7532,10644,11281,869,1100,7017,11054,6610,9866"
18539,"2140,8235,12026,6243,12857,11357,789,9962,4499,12474,9799,9580,83,5135,10663,7195,2185,2957,9671,9886,89,6576,11540,2670,12308,10506,7590,4163,7462,1100"
18546,"7120,1290,10336,12404,2286,4277,2218,4413,7637,8452,13388,4929,4525,11215,12331,5875,9470,5819,10663,5303,5557,1938,2762,5135,2071,6922,12932,10226,8407,2343"
18579,"2957,10326,5999,4277,1598,2990,11869,1244,7000,12385,8452,8894,2007,13245,11540,7054,12703,8562,275,7928,11048,6007,6292,12026,10999,1977,7888,848,13101,2784"
18585,"6971,7590,8922,12455,11299,519,13116,1746,803,4430,7369,3241,7043,10561,523,3689,3621,8217,760,303,10684,7717,8421,9998,2082,5549,12474,1223,12463,2842"
18595,"9962,5135,6971,1290,10663,6610,4101,789,5008,13309,9866,6128,11784,3697,2220,4413,1223,12869,7856,13259,31,7817,7369,9101,5284,1489,869,9733,1255,7120"
18648,"1912,7637,11282,10462,4929,13296,4024,8875,3088,9837,864,4602,5830,3268,10546,5875,1408,6048,5241,11126,12404,4480,863,11651,5819,2547,7010,10420,6322,2339"
18679,"10674,8562,8590,6166,12455,6971,2380,10381,10463,8161,3842,10137,1244,12757,11871,8686,4521,1598,12793,3085,1281,4625,6892,12156,9229,4602,5214,9741,11171,4277"
18683,"12026,2218,12837,10663,6166,4278,13257,3188,11517,9110,12809,8567,5012,560,3363,3018,9880,13138,13114,1779,8521,3548,6919,13101,1854,11384,11243,12474,12592,7133"
18687,"1290,789,8421,2291,3950,7558,2916,4101,7723,10758,717,2684,9484,2238,6971,11969,13309,2140,11540,13211,4877,8165,9005,5135,544,16,8359,3770,12294,6209"
18718,"1290,7120,4929,10663,6243,12497,6638,2380,851,6811,4880,7637,2020,6166,3697,4955,8567,6220,2291,10887,3759,560,467,1887,9281,260,7762,6515,1659,11298"
18741,"12104,5303,331,6971,11630,5999,2567,5532,5549,8359,11405,2109,5545,10834,12632,8240,4575,1289,6437,1671,6655,1439,9664,6354,1634,1437,4007,11984,2929,3515"
18760,"1290,2218,9295,12497,6243,7120,4322,2957,11775,1779,5999,593,2071,3055,3641,4413,4929,1244,10674,7207,12185,5069,4777,8567,8410,13026,1598,2275,6293,9455"
18771,"1290,4929,10663,7120,12497,6243,8567,789,1400,1779,12026,8235,296,7063,1244,2885,4387,9405,4117,6776,8421,13101,3171,10143,10648,10712,5969,9295,2969,7955"
18787,"1290,7120,2218,10663,4387,12331,2916,9132,13381,1210,335,9942,8829,8504,8593,4929,4413,3323,6982,2089,10288,9061,9877,2107,1681,13249,3502,1062,12026,7816"
18788,"7462,11282,5339,9799,2020,7637,12104,12793,10057,4658,5964,9668,1200,9434,12857,7707,5482,785,8405,5559,90,1408,2140,5143,7725,12622,5877,2038,9256,992"
18789,"1290,5999,11384,6971,4387,2990,5573,12575,12104,2377,3545,10792,3539,13348,2218,13058,10816,3752,6638,11723,4111,1223,1228,2518,10637,9348,12779,4315,7135,9664"
18798,"8235,6971,4101,10963,8590,1220,13101,7983,2238,12389,10607,7856,2343,9405,8034,1640,10067,11289,9101,10326,13152,6220,8421,10550,2559,13370,8254,8285,3770,331"
18800,"10326,5199,1996,1977,12368,1156,11390,6529,11770,2218,8421,9115,335,1558,799,170,10000,2089,9877,5999,6920,10205,11545,638,12335,6673,2338,1180,8135,11099"
18805,"1634,2020,4613,3070,11528,8703,10736,350,1299,1883,5926,1180,11299,12813,179,3424,4946,3570,2453,322,10798,304,5492,10780,3296,8699,4421,3737,12129,12681"
18806,"10663,4929,7120,6243,789,4576,4798,296,12030,12497,3697,12335,10607,9295,10451,10437,4083,1977,10389,4664,10137,10581,9733,9267,2180,3992,11298,1779,10138,10897"
18812,"4387,1912,6220,1286,8421,7637,6660,782,5142,11885,11651,4199,8399,9937,8274,11648,12017,8126,10124,8161,6020,10986,12101,7595,7591,12757,6270,4958,2306,3947"
18818,"11651,9962,8922,4101,1241,13043,10840,2789,8021,5338,5000,7637,12512,12026,7063,11251,2567,11540,2220,4901,4830,8483,7005,5642,9259,11992,1634,42,3515,10248"
18830,"6971,6220,12837,9880,3507,11299,3292,7489,3461,12104,7035,6839,3545,4946,9410,1653,2349,7704,5279,8761,4621,4278,4263,10765,1430,4256,12665,7343,5946,12705"
18835,"8235,9295,8421,10326,9073,168,1100,4184,2218,7538,1588,9942,5782,10581,6357,3016,3106,2548,7243,10063,7029,1579,3,7368,8525,420,1286,1977,1729,11651"
18839,"6220,9942,1286,3539,1220,4387,6971,11299,10124,11384,1062,1659,3574,10154,9315,12875,4322,9454,5174,2861,8343,3507,4090,7637,3687,217,2344,10529,8320,7330"
18851,"789,2530,544,1681,4798,2291,697,13309,4036,5135,976,8608,377,4021,2314,10027,3934,5976,4621,1084,12331,7471,13058,2118,2648,4998,2478,5055,11519,1210"
18854,"8590,7120,10663,10607,1634,7197,9799,9504,5135,12497,785,4482,6899,5381,714,5555,2380,9560,9668,12869,9880,7948,3829,12662,9532,820,4576,4539,1776,6032"
18864,"1290,7120,2199,10326,7867,10389,5199,4277,4798,10663,11384,4664,1244,9880,11190,4117,7285,6402,1977,6243,12993,4387,10298,4974,3491,4929,3789,12156,8820,1796"
18865,"6166,10434,1634,1747,3886,5545,9340,12665,350,2567,10462,6283,4698,10741,7038,2789,6811,11919,10241,243,4285,1414,3064,11455,9005,5060,861,1249,13110,976"
18874,"1290,4929,9295,1220,6220,4413,7010,7006,8886,265,11886,9369,4860,3106,9072,5997,11918,10792,3539,13152,7983,9602,6243,5313,6926,11298,3491,1814,2916,5333"
18875,"2140,12030,4602,13296,1851,1085,3071,1664,10998,1881,110,7312,10262,5026,4101,8452,9049,8399,2291,9411,133,851,823,5149,3799,9003,11502,11611,1789,7079"
18879,"7120,1290,4929,12497,10663,9799,4413,5135,10322,1977,4482,10336,9405,5422,769,10607,4576,9072,9962,8274,789,12857,12869,11298,3960,6300,4664,8567,2140,7100"
18882,"5545,5303,5999,5532,7197,851,6166,11540,3404,1634,12404,6730,10241,362,12704,11751,10340,5022,3799,11630,825,10889,4717,2114,5828,9078,1084,8520,3870,6811"
18895,"2140,10663,4929,1290,7120,9306,9405,131,10326,8161,11282,12055,13296,2291,11969,13101,13433,2169,2502,11539,8040,1634,10473,1244,9484,1711,3591,2379,13114,10367"
18903,"1290,10663,5135,6243,7120,6971,789,2140,4929,2916,10336,12497,1244,8567,9962,10999,5199,10607,3697,12703,5485,10791,3722,6538,13185,11298,6004,296,13309,12857"
18913,"4929,5999,2020,1779,10792,8161,1169,2916,12606,11282,13347,4615,3737,10798,5545,6131,8567,6034,7328,2411,3950,13290,5307,12990,3440,5913,5926,4388,434,1328"
18934,"6971,2218,4101,6220,11384,12758,12990,9880,1426,7338,12668,2567,12705,1803,2158,6899,4337,10529,9668,5931,11121,11602,11784,1287,12643,5433,10154,3338,2664,4256"
18935,"6971,796,10663,8053,12535,1868,4388,4791,2443,7401,1755,2559,2789,2140,5693,2862,6029,9101,275,7955,8235,3443,7964,12643,2220,10126,1254,8653,2670,8492"
18981,"5303,331,7120,10607,5135,2140,9799,10336,9668,8342,9340,10507,8922,1634,719,6319,4811,5199,7184,11719,9081,11495,1244,11024,3434,13101,5915,4482,275,6515"
18985,"1378,2340,4977,4387,789,8593,12474,1210,5187,13216,1290,10561,10581,10317,5933,9110,6610,9732,1588,10663,7590,12750,622,6576,12834,1420,4843,9865,4822,8922"
18987,"7120,6243,5135,9962,12497,8567,4576,2916,5303,13309,10648,10607,296,3992,4277,11540,11143,9837,13046,4613,1466,4111,7833,5810,3067,4777,11626,1197,1244,12278"
18990,"2380,5135,9306,6280,9668,12758,3115,12030,8653,2291,10589,6194,1640,4413,9303,5881,8626,10241,11997,6515,9038,8053,3308,83,6899,335,12331,89,854,1841"
18996,"10607,6243,9962,1634,820,3697,10663,7120,9799,4332,6418,4929,4436,5422,4786,5381,10840,13409,11920,12049,6932,6112,4323,2506,9449,1583,8318,12869,10668,10148"
19010,"2218,4413,5303,11088,6638,8505,8421,9383,5608,2899,11009,1449,13249,66,1634,5698,5907,345,6220,10151,6237,11528,7513,5018,9072,1789,6166,12606,11116,8817"
19016,"9799,7707,6962,8759,12030,12401,10000,10340,5696,2071,11384,9942,8402,6220,12331,2830,12758,9937,4161,837,8723,5800,10589,9866,11515,2185,3359,9508,6026,8037"
19018,"9942,3909,1746,9799,1747,1220,9937,4865,10067,10326,3095,6271,837,5964,7417,31,218,5613,9064,10474,11300,3534,11115,5685,2559,10035,9383,493,1579,11086"
19029,"1634,4929,1244,362,9229,13138,5545,1912,6709,12363,11888,2799,12854,4990,6230,6788,6370,5552,9455,5481,6397,5532,312,11667,7867,574,5303,889,1287,3809"
19060,"2343,8421,8161,13211,6166,3770,12606,7637,6892,8483,8399,5747,3487,9751,2178,1779,4236,10593,5545,9409,3990,11539,5540,11869,3950,13114,12860,8881,9220,11969"
19069,"1290,789,10607,5135,9962,10663,7120,4929,3950,10648,5318,825,8922,286,2327,1634,10850,4613,2091,4576,3341,5731,5422,3696,2808,9484,3766,5557,12967,905"
19084,"1290,6971,7120,331,5135,9962,9733,2291,5303,11784,4101,4277,2286,7817,4789,2499,5199,2916,6128,9340,12636,5280,2149,11729,2218,2764,6610,11441,1609,2483"
19086,"10663,1290,2218,8452,12026,4929,12497,4777,8161,9771,8567,5907,4465,1779,11229,12201,9306,12632,13257,4921,2555,1513,11322,11560,10712,5374,5202,7138,3670,4117"
19105,"4163,6962,6270,1100,12688,8919,682,1912,8406,12681,4743,4587,10326,2062,7715,9859,6078,1101,9938,7987,6526,6925,5769,3290,8966,7489,10340,5102,5137,782"
19110,"11384,1400,12474,8593,6243,1290,4929,2140,13101,2957,3697,10326,7120,11772,8590,10916,8205,9937,1776,12990,11370,10663,3230,11207,6302,2916,8986,1305,12336,4216"
19135,"7063,1634,9580,2916,4798,6401,3706,7471,2199,10326,7578,1928,1286,9945,5545,4153,9392,4147,2220,3391,6505,2265,6264,1927,3766,12665,12404,9052,10649,9161"
19144,"4101,2670,9799,2789,2038,11282,6982,9101,11289,6610,13235,9098,8810,5538,6300,5951,10057,12230,7553,1012,1239,1427,6667,6322,11789,4053,3779,5610,11770,1996"
19154,"851,9671,5303,10326,2199,6166,12875,7197,5999,12404,9651,6811,12030,11719,853,1180,3404,5863,1025,2774,6283,791,3060,7473,2360,3333,5573,10403,10526,5426"
19168,"1290,789,7120,6243,10663,5135,2218,6166,10241,11384,12497,2291,9880,851,13101,4293,8567,12474,12857,621,6625,167,11088,12705,3468,228,7645,4083,7805,9668"
19173,"1290,10663,7120,4929,4576,6243,10607,5573,2140,5135,12497,13101,4083,789,1007,8567,8205,3524,2589,2380,7221,3697,4865,1863,2957,12758,1197,7948,11396,2199"
19187,"1290,7120,10663,4929,6243,2291,4101,2916,1287,9733,2038,12286,152,11441,6515,5199,4436,4789,6081,9962,11784,2140,3992,5761,5574,1583,7135,7498,5847,12675"
19216,"2910,2199,1779,9881,6243,3251,8161,10462,2291,4021,2518,9942,1950,7207,12042,2339,10835,11548,3539,1286,12026,2695,8402,1331,1304,4024,7010,3772,12474,11229"
19227,"5999,2291,10340,10434,851,12606,12104,6220,5819,10566,13300,8707,8723,9855,12321,8161,1537,8205,5229,1084,4037,6383,7064,2830,9115,2379,505,1328,5452,5946"
19231,"9550,6515,10594,12156,2033,1996,10663,9962,1776,12738,7120,4413,4974,10674,9637,2910,9098,4777,11842,1290,9787,4017,3266,12026,6420,5386,10353,11247,9757,13257"
19234,"4101,4798,4117,6610,7120,7955,13348,12026,4929,5819,1769,10663,12056,2555,3261,5875,11464,2990,8437,10389,2883,8232,5362,3340,681,10146,11176,4266,6515,3992"
19255,"4101,6610,6220,8421,7369,11299,9613,2220,11602,9115,1746,12757,13138,5538,4777,5008,10735,11171,4256,8406,12104,8201,9931,2645,6437,6742,12761,12026,10154,8761"
19258,"4277,7120,789,8593,1290,1556,2149,1996,5976,10741,9732,7776,13214,2,10792,2044,3487,2478,6028,9953,2985,9463,4974,9155,5663,3046,12529,5135,12855,10993"
19266,"4798,10663,2218,4413,2870,2957,133,10138,13134,11357,9886,10581,8221,3766,6326,7203,11869,7,12385,9965,7707,5818,1014,1977,9306,1851,12026,3112,6608,8452"
19296,"789,6971,1290,5135,12030,10663,9962,5303,6243,13309,8472,2218,3539,8235,13027,7723,4608,2158,9866,4929,1378,83,10599,6146,7484,9234,8716,7120,5239,10758"
19297,"12497,11282,4929,1912,3088,10663,5545,4413,4798,13296,4315,1328,5926,9405,891,5532,3487,4695,8567,1634,9306,12055,2957,9938,2916,5999,2885,2748,5819,13314"
19308,"10663,1100,11357,12665,10712,9671,2140,5497,7138,5999,4971,1290,8977,7010,8235,2332,6962,2957,1996,10134,6243,860,1868,2309,2882,5532,2969,8810,7439,9126"
19323,"6971,5303,2218,11384,7120,5135,8590,7856,4413,12668,6220,1290,9425,12331,6589,9405,12030,560,12875,11784,8405,7817,789,331,6306,13249,2140,4789,11975,8359"
19346,"1290,10663,4929,7120,9962,2916,6243,6971,13101,4576,10607,7578,8590,3697,8205,5135,10648,13309,12990,10132,11626,6204,8567,1244,8525,7063,2220,8302,2151,13257"
19347,"10663,7120,5135,6243,9962,4929,6971,789,4576,10607,3697,10389,7817,2916,4277,12030,10648,1244,13309,8567,9733,13101,13296,1977,5485,10758,8590,10997,12857,9101"
19360,"1290,7120,5303,331,4277,1400,976,1244,8567,10137,10607,8302,296,12129,8196,7856,10841,10463,6638,4917,11732,1180,10663,10770,8993,11024,3450,12895,6007,1691"
19364,"6220,1286,6270,8525,2218,10600,11540,10138,12646,10462,2869,2199,7715,8421,6973,10255,4437,3715,1700,6326,4139,5144,11977,2784,10155,11992,9528,7368,4387,9518"
19378,"2218,4777,12758,1598,11121,5835,3308,4101,4664,4322,5433,9866,6591,3909,8525,7994,1803,9729,2728,519,13201,6026,5008,3788,4571,9295,4025,11310,13336,2653"
19379,"1290,789,5135,9962,4929,10663,7120,6971,13101,6243,10336,12497,2140,6220,9306,11298,5485,6166,3697,12857,5573,2291,2218,8567,13296,9405,10389,9652,7138,6790"
19380,"12665,7637,783,2771,4265,9799,6971,12104,11789,10434,4675,10063,8505,217,6090,11716,1747,4398,2774,5229,7892,1750,13300,10508,268,7462,12601,381,1832,2770"
19381,"2916,3697,8922,8505,8302,9910,6811,8520,11651,2327,9593,5018,345,12535,10663,10455,11878,10027,6243,3432,9072,8021,10464,12254,2774,11227,4056,5979,12515,11165"
19384,"6971,6166,12665,1747,9983,2238,10434,2020,8505,5060,10394,6283,3064,5339,2199,12857,2930,7219,9257,10785,2615,1255,708,7770,3428,9668,13269,8561,217,3791"
19385,"5135,9962,1290,6971,789,2291,9942,10663,7120,6243,8922,8675,13101,13309,3697,5019,6220,13027,7287,5008,7529,4777,2988,7817,3539,8018,5036,6774,8402,10852"
19388,"2140,10663,13114,2343,3643,10581,9369,7120,9463,9456,7655,2133,10326,1122,10466,10916,5610,9484,8922,9831,10566,7024,1290,9132,5470,789,7497,5199,4029,5238"
19406,"4101,4798,2291,2916,2218,5819,13348,9580,7,2580,6899,10229,4413,1220,4391,2964,2789,11282,1681,13084,31,13058,5433,10913,12085,12282,7709,13025,8205,6280"
19408,"2140,1290,10648,4929,12990,10147,2380,12757,2916,7120,4388,10792,9971,296,1128,1583,2670,11282,10970,9612,2020,12389,4935,2035,5835,4377,3025,9430,9447,6989"
19415,"3060,6379,6751,5863,4974,1996,13347,7112,6767,1223,11637,2199,5999,9511,2218,882,11024,9161,2411,785,9436,714,5734,2377,2870,4993,12489,6853,13190,6823"
19417,"2199,3697,5433,4798,7015,5823,10597,6527,11919,9450,31,4974,12990,9229,12793,10326,3519,4461,5025,1539,12223,1606,7973,11775,2228,10222,12704,4200,976,13358"
19434,"3909,1996,7120,5199,9799,4576,2483,5422,9859,6326,4262,2499,2140,1408,11774,521,11567,4215,3578,9971,331,4914,10322,2731,4482,6128,9329,9214,11079,12833"
19441,"11282,4798,4315,7715,1579,851,3766,12404,2218,2286,560,6433,2870,4322,5124,8018,9144,9306,3396,3799,10340,4695,6007,13345,6553,7000,879,5819,13172,8307"
19461,"6971,7715,8922,4315,6220,13309,2769,12331,3296,7637,9089,10434,3122,10792,13027,2905,7024,8505,1883,1700,7484,11282,11651,12611,6811,11720,1180,9575,11891,12606"
19474,"12421,2789,9942,2518,1776,5573,1912,10124,3620,4199,11949,8205,3562,4322,8708,9937,5966,10379,11772,8649,864,717,3322,4963,5265,11540,10835,8359,8177,4664"
19477,"6971,12026,4777,1779,1579,8472,3308,8135,5165,12809,13101,6925,8235,6391,10566,9164,1084,6590,9110,2905,11084,7715,2391,13138,3122,1135,2529,7930,4045,2559"
19484,"1290,4929,9295,8421,4101,6220,3539,4387,4083,5066,8845,7856,1803,4654,2140,1287,13245,13201,3229,4664,3230,10963,12654,2990,2885,10551,7120,12788,10870,5959"
19502,"4798,1286,3055,7867,6326,2361,10162,8703,11292,2990,12493,11691,4429,851,1008,10137,464,8421,4387,12092,11021,10217,6266,364,150,1223,3539,4939,12278,11843"
19503,"4413,11384,5303,10326,3515,2169,5782,11805,5549,11299,10581,1320,2940,12672,10039,6571,4576,3501,4946,3281,4970,11111,10954,10474,5966,11183,1543,11403,7452,7745"
19512,"1290,789,7120,6243,10663,4929,5303,12497,851,2916,7498,2885,13309,9295,8235,5135,8472,12026,13055,4777,4008,12030,454,5810,5022,13046,11235,7331,9072,11862"
19515,"5199,4798,6751,638,2870,8562,10507,111,9098,2199,1877,10584,8929,8043,10464,11488,11619,1210,3060,6181,4098,9144,1337,5719,2218,12781,2089,1957,8937,3796"
19518,"1996,11282,8452,7707,12404,5532,13296,6926,5199,2169,4101,6283,9846,1281,11871,6260,5999,5646,905,11115,4675,6357,6982,3525,2588,8035,353,8413,1408,10140"
19530,"2140,10674,5608,5573,2815,3050,6089,2951,411,11304,8590,1598,4035,5116,1334,3088,2373,11624,5497,3091,1972,12622,12497,8605,8505,1497,12694,9686,3372,1244"
19559,"1290,5135,6971,789,4576,5303,10663,4929,6166,10674,7120,13101,3697,2199,6243,2238,4622,8858,4101,12522,6115,8205,2019,5913,4139,190,5573,12503,9962,3173"
19576,"2169,9733,4413,2140,1977,11384,8413,9730,2038,8707,10656,4053,9303,11433,13238,6982,1726,9549,7100,12108,11170,11597,11749,2149,11942,1049,438,11843,12423,4898"
19586,"6971,7120,331,4777,1378,10644,5422,9115,4865,11198,5696,1100,8018,943,2140,9818,5507,9866,6591,7532,2343,3539,2286,1319,1978,2643,1933,6148,1210,8235"
19594,"5303,5999,9799,4161,2071,1776,7784,3162,3870,6962,1746,12198,7707,992,7990,13131,1082,8759,7256,9942,3909,1841,10000,2218,7676,760,3877,6964,7558,13346"
19605,"6971,8235,2218,8922,5999,5303,4387,8421,8161,9937,7063,1290,12474,10792,6220,3737,9861,2089,9942,7088,7507,8441,12990,8567,8343,11384,12680,519,8271,3247"
19618,"5545,8922,8161,9693,6220,8483,11540,8562,12757,6280,953,4698,5939,7578,3295,7707,5999,6956,5670,7637,2218,13296,2265,5610,13110,3372,5926,11191,11871,5486"
19620,"1290,10663,7120,2291,4929,2218,9295,6243,4036,3487,6433,11931,1287,13350,672,1764,12563,350,4315,8088,8452,2916,3323,2060,2990,335,12590,6795,784,5763"
19623,"4101,1634,1747,9405,13097,1766,6220,9132,1220,11953,6846,4366,4756,3911,6422,5651,6712,10596,2624,3112,10273,7862,11517,10581,1306,6098,4798,10201,12592,13257"
19628,"11282,10326,8343,12663,3909,5199,3766,1583,4387,9485,544,13114,5586,12833,1832,4798,4440,12404,5091,12509,1446,5399,10119,3424,2201,4875,8352,7800,11381,10476"
19631,"7120,10663,4929,5135,9962,6243,789,2916,4576,5303,4277,8567,7197,10607,2286,3697,1244,10644,11405,9684,12793,5931,2380,1634,13027,13381,2608,5177,12503,3293"
19642,"4798,2916,11403,7256,5964,5481,12767,6611,820,4170,2670,13320,1681,31,5948,11012,11190,1400,11099,9353,9580,13238,10866,13160,1133,390,13134,9229,6624,1776"
19644,"6971,2238,12665,6166,5819,3085,11726,9671,6270,7715,9553,11784,3507,7983,2736,10389,2140,6150,8968,4602,11286,3609,9374,1435,1687,957,4465,4090,8616,2291"
19648,"2140,2218,8525,9072,13257,13114,6515,4101,10473,2467,13336,4929,10132,4229,9190,5835,3426,10106,12497,8763,7076,8590,12973,9799,9459,10330,4924,3434,1548,7184"
19665,"7120,8590,12680,4413,296,10674,9072,5303,4576,12497,8922,10607,8235,11171,331,4028,7243,8714,9405,12727,3704,3515,5573,6638,1558,1017,5969,4929,10336,2380"
19683,"1290,10663,4798,789,12497,6243,4929,6270,11992,11775,7471,1421,4387,9888,2340,7675,12373,5545,3697,12090,1210,11884,9456,3753,31,3341,4127,11388,13151,7315"
19684,"1290,2140,10663,6243,7120,2916,9799,851,8828,7998,5810,2291,9671,12793,6962,3071,10693,4973,4216,7462,4163,7956,8708,2020,5135,2535,12404,13024,7474,8165"
19693,"5135,4576,2220,6326,3737,10758,9557,5731,10704,2158,11540,3766,9306,3862,11326,11384,714,1320,4101,2065,5675,5280,11508,2834,6283,10437,12743,1847,5631,9880"
19696,"7120,1290,12497,5999,8567,6962,4929,1912,12026,4387,8590,8205,10336,10712,2218,4777,12418,3308,12474,8402,3717,10148,6046,4448,6420,5123,3002,4626,8161,2427"
19707,"8922,13114,8235,10663,5545,4929,2916,8483,2910,12026,8605,10674,7705,13257,10473,2896,9968,13101,8221,1821,7328,8161,6304,8562,4101,6576,434,8257,4777,6823"
19715,"1085,4798,1210,9155,10809,4609,9382,7715,7303,2506,1933,7606,7417,3606,3951,5325,13160,1430,2885,3401,10846,7637,140,1089,4616,7517,13243,9983,12090,13355"
19716,"1290,4929,6220,7120,6243,13309,2885,83,13027,9405,1912,12026,9837,10840,8235,4777,6270,3992,5681,5976,8922,1478,837,1955,12220,773,6960,5544,13376,8567"
19729,"1290,7120,4929,10663,5303,8590,8567,8421,4387,6243,4277,789,5999,11384,8235,12990,12474,6962,5135,12497,1776,1521,604,4499,296,11994,11357,7195,11117,1466"
19734,"2218,6971,12606,6220,13249,7645,5303,6166,2291,9880,7133,2211,789,243,6402,8635,11190,2015,8161,5135,5292,11828,12705,11364,7805,13214,4293,642,10241,2019"
19758,"1290,7120,5303,789,5135,9962,331,4929,4277,4576,3909,3875,4865,544,8898,10340,6971,6261,4914,1863,8714,10644,11495,2286,9295,7723,9799,9729,8022,9866"
19764,"1290,789,7120,10663,4929,9962,8567,10336,10481,6719,10607,2380,3122,9405,9637,7715,8897,1299,9098,9646,4777,6576,5451,530,6515,10546,5573,8922,1244,12869"
19773,"1290,4929,789,6243,2140,5135,9962,8567,11298,6971,2916,296,10674,13309,8675,8053,7119,12497,10137,2380,2988,7138,3697,12496,10224,10389,10792,10074,269,13101"
19778,"10663,2140,1290,11384,12030,7120,2885,5135,6220,10437,1977,10322,789,337,1812,2469,9799,10294,4576,5339,7462,3051,6194,3779,1426,4756,7059,4787,13121,2665"
19780,"6971,2140,13296,1244,5199,6812,796,7439,2914,2862,13114,1598,5610,8235,3487,12363,12946,6643,7955,11363,5532,11109,8562,12643,7691,12276,1052,1999,4036,1583"
19784,"1100,1290,7120,4865,12497,8235,9799,331,2140,1598,10340,10644,4817,4036,9295,6962,6097,8707,5144,10551,10663,4940,6293,5422,7163,4277,3909,4971,4777,5303"
19786,"4798,4101,2169,9580,4679,851,84,3483,11282,12629,11540,6515,12738,9854,256,6107,6283,8180,477,6011,10893,1725,8718,4180,2970,58,7637,11751,7362,4016"
19793,"1290,4929,6243,7120,6326,4664,10663,7471,4798,6220,12497,9295,11298,1912,2555,2990,6693,1977,10389,296,61,4576,11181,4083,8661,1769,10648,5830,7867,13279"
19798,"9799,11282,8922,1634,11751,12990,3870,5303,12030,9962,8699,3577,2380,6396,11528,7800,789,12566,7283,4039,7341,4679,8043,5467,3886,2319,5697,5168,5124,8869"
19808,"1290,7120,10663,4929,5135,789,12497,2140,2916,6243,9072,5422,9306,4798,10712,11298,2291,8472,2218,10644,10322,296,5199,3781,177,4387,6038,4576,10607,420"
19812,"1290,10663,7120,6243,12497,6220,789,12030,5135,8567,12474,12662,12705,10394,3055,7715,9799,5810,6971,12857,10336,11923,4929,6391,2885,5013,8590,13309,13214,13118"
19821,"789,4798,1290,9295,9072,4413,823,5819,84,11969,6787,3,4199,8227,2291,13022,1706,5700,10340,2218,1996,5353,10137,7710,2350,4101,976,4540,3741,9443"
19830,"10326,10607,5135,10336,10241,10778,5999,3950,2822,3697,5025,31,10589,9668,2916,2238,13101,6166,11775,8254,5731,5470,3138,38,7383,12490,2140,13114,7382,11784"
19843,"6971,9962,1634,1244,5999,10778,12990,11295,10607,3717,10674,6166,4266,434,4277,3570,11289,9340,10670,537,11495,7160,10147,6878,12099,2238,9804,2631,3796,2379"
19867,"5303,2218,5545,4413,2286,974,8472,8452,3766,8421,9968,4798,6433,6919,3055,9405,11292,12404,2203,12030,6971,12914,11540,3068,3992,6040,12842,111,11691,1223"
19889,"1290,789,12990,9962,2885,4929,3886,5135,7120,3697,9837,331,1400,4111,6243,5485,6971,12156,5303,13309,8567,11088,1328,10663,11143,8916,13296,7063,11818,8562"
19893,"9799,5303,10607,9438,11024,6818,2789,3573,11569,7706,9865,4163,4371,568,9737,1772,462,9792,13432,8806,12050,875,3064,10567,3314,11333,9684,12464,572,4286"
19898,"1634,3870,13097,11282,12813,12026,5532,6418,189,1662,6166,10191,12606,70,1350,2701,2453,345,12973,11843,11190,1544,4614,12663,4805,11960,10786,10262,10055,9412"
19902,"1290,789,5135,2140,10663,7120,6243,9962,2291,5810,4929,2218,6515,2380,6220,13027,8675,83,5590,3697,6627,9799,10687,12606,3323,9724,10818,2988,11597,4413"
19905,"4387,8221,1286,4798,9072,2218,13362,9938,1532,7243,8421,7439,840,9886,1254,3832,7835,11227,10999,4413,13400,6962,5506,11289,10581,1888,1558,12889,7203,11021"
19910,"5303,5135,9799,9295,1290,10663,6919,851,5124,275,9007,2242,2218,3525,2774,10758,8043,2114,1223,10285,9383,6243,6166,5199,3697,5590,7392,6928,3142,7498"
19929,"789,1290,7120,5135,9799,12030,4576,9962,11626,4929,2899,6243,6326,2220,5303,10663,1378,12278,735,9328,11566,5079,8083,8235,9786,3375,3443,9550,2630,882"
19932,"1290,10663,9295,6243,7120,12497,2218,4437,8567,6625,10137,7867,4664,10462,5950,7215,1597,4376,5835,7302,11102,114,9810,4025,2140,7029,8336,4117,463,2741"
19952,"789,9962,10340,331,6220,9799,1290,4387,4576,2140,8235,7120,10132,12497,8359,5135,1598,8525,13309,4176,5303,3909,4277,12757,13027,4199,9744,12359,4552,7578"
19956,"789,12497,1290,9072,5135,9799,7120,4798,13309,10663,6960,5647,5810,4554,12787,2775,976,9962,6108,2777,1977,11170,12305,10241,5387,10607,3411,10069,10791,10078"
19987,"6220,8421,4101,3950,12030,10648,4929,9580,9170,4798,6899,8483,13098,209,4818,9693,3107,6548,5338,13101,3554,1216,4613,1614,7471,10913,9662,2880,2916,7797"
20008,"4101,2343,6166,2020,2140,13101,3241,4865,2238,2808,3240,6141,7839,3770,2957,10566,7474,2643,9466,117,12353,10013,5819,4941,10674,12775,11274,12096,6588,493"
20018,"5303,331,789,12030,6220,8235,3539,12680,8472,9580,5135,10551,12497,1100,10340,3055,11540,1397,8018,8413,6351,4101,6529,1609,600,10633,544,7723,13245,9878"
20019,"1220,9937,2559,2916,11282,6220,3213,11289,8421,3737,1216,8284,1985,4798,4413,12990,9744,9939,265,5773,9567,10648,5018,3950,3294,2880,12597,4015,9962,7637"
20020,"9962,5135,789,3697,13309,11626,3515,8922,10607,9799,6811,179,976,12990,11024,2380,665,11630,5303,8632,7800,10889,10336,3870,4576,7083,8217,31,8958,12793"
20023,"6971,8590,4576,8012,5135,3507,1017,7590,2361,5120,11508,5615,5036,6505,1378,11626,10614,8254,9942,12680,12665,3306,3539,1996,11288,1658,7653,1006,11146,11187"
20031,"5303,6971,6220,9799,9101,7578,8703,9405,12944,10163,11170,2108,1478,2318,6166,8483,4153,13346,11475,9937,4285,3293,1082,7489,7546,12512,2105,11384,8405,6530"
20039,"11843,12026,8421,9295,12030,11651,3055,2969,345,538,11229,11282,12281,4974,5549,4413,12663,10918,11697,7010,11918,8254,10655,10049,5964,4798,6005,1585,4153,3033"
20040,"1290,4929,10663,11775,9962,4798,6610,11540,5545,5913,4101,1912,5476,1287,1779,4262,13138,8567,5235,2007,7833,12156,1244,6395,8437,1863,4613,4777,8342,3327"
20041,"10326,4101,5303,6166,6107,2199,13257,9580,2220,1634,2808,5124,7301,300,1478,6283,11540,10869,5238,10704,1427,7134,4323,6134,6515,12522,5676,11824,5319,3188"
20045,"789,12030,6220,2885,5570,12606,11843,5976,13310,5303,672,382,11705,3443,111,7471,7489,5875,4945,11691,4655,3172,13055,12571,12590,11170,2764,6182,8442,10393"
20056,"789,6395,4111,4262,1290,9962,3643,5303,12813,976,9831,8922,11384,9085,12379,4387,12681,7723,167,12262,11969,11117,12990,1180,377,11772,9856,7284,9968,11723"
20069,"1290,7120,4929,10663,12497,6243,2916,8567,4413,4387,1912,296,10712,7835,7053,4117,1779,11298,2392,12946,9072,4626,7867,8205,7243,2427,3781,6962,13381,1603"
20074,"3292,4946,523,1701,1598,9237,9890,1180,6753,3545,2909,5537,9423,10424,9937,11299,11375,473,6529,1299,12681,5549,6874,10983,5073,1583,4832,8926,8553,7786"
20083,"10326,1286,254,4602,10916,3238,2199,6107,820,8254,9229,5549,7207,1606,6659,7867,6283,11292,8,13284,2675,13073,2227,823,10382,4974,10496,10010,9580,3690"
20085,"8421,5303,5549,2567,4511,5573,5835,4575,7814,11935,4437,9455,583,6697,5808,9729,6166,3085,2789,2420,1132,4640,3173,8637,11250,10736,9627,9098,8590,10755"
20086,"1290,6971,7120,4929,10663,789,9962,6243,2140,4277,1912,8567,8235,13296,13027,5303,12497,9837,5135,1244,11384,6589,7453,12779,296,11405,12363,12385,4576,12654"
20089,"1290,10663,4929,9962,11357,6243,2140,789,7120,9580,5835,8567,12497,11282,8021,5610,2916,9665,4798,10648,2831,4996,6899,8161,4101,2910,7020,2808,8835,11969"
20101,"2140,5135,1634,2916,9668,1244,9880,10607,10326,10663,4929,6283,13296,5966,110,4576,5731,6535,6370,4482,11626,10499,811,4266,7157,2799,5631,11384,10262,3570"
20104,"4929,1290,7120,2343,4101,13101,10663,8707,2808,296,6220,621,10648,8205,1977,2140,10138,4576,4388,11693,10581,10326,4083,7856,773,4645,1598,4777,13360,3542"
20112,"4387,11384,8922,1286,13249,12474,6220,6147,8421,2158,12458,2899,12990,13269,12071,4584,10792,2666,2218,8580,10322,6853,4263,8525,10300,8221,4741,11923,1458,10741"
20115,"1290,789,10663,12497,13309,10389,4777,12869,7369,12026,5008,9405,4598,13101,470,2389,3020,621,13245,11844,8668,7120,4111,7715,7850,2784,10547,1347,3412,1779"
20133,"789,5135,4798,6220,3766,3112,12606,9693,9968,12026,4947,12813,2218,13097,4929,12030,7392,9284,12118,7138,2157,7679,7524,2370,8343,10437,544,9580,11357,8890"
20136,"5135,10607,2140,10326,4576,9380,10241,12758,6515,789,2380,5303,3697,8475,7197,4028,2149,2199,1136,1747,331,5762,8981,10088,11780,7169,2238,4552,3333,5573"
20138,"3643,8421,9295,2218,2684,10916,3950,4798,6960,10434,463,11775,8727,5091,167,1230,976,7723,12758,1453,4738,1720,6915,11282,10039,6943,10360,1176,8844,1597"
20162,"5199,3770,4906,335,1583,5576,2905,10900,11390,4177,823,799,2384,638,4583,6960,1803,3002,4199,12962,2316,6828,10434,7343,2506,7788,11770,7715,2512,6673"
20176,"789,2291,5545,9693,1290,7637,11540,13097,4929,8472,6548,8399,1634,1084,8161,9580,7895,8884,678,10663,10566,6846,9484,5229,12665,7487,2502,10998,8858,2379"
20200,"7120,10712,2916,2140,6515,2555,9072,5672,1290,12497,6243,7053,13261,89,5532,12663,1583,12909,5036,8731,4413,4150,823,5374,12026,3562,6982,2882,3091,10786"
20222,"1290,10663,7120,4929,6243,13309,2916,2339,5819,5135,9438,7214,4272,12201,3411,12389,10137,13432,11289,13101,1700,385,9449,10389,8505,7715,4633,10322,1085,16"
20251,"6220,2380,4698,10340,1747,1634,10786,12497,4777,11604,8274,3565,7715,9171,13233,1735,10895,9118,3308,8493,4014,8205,2645,8707,1640,9241,9405,83,12026,6581"
20256,"1290,2916,12030,296,11020,9072,8421,3488,10712,11843,2140,10916,10137,10326,168,9671,12455,4286,8254,2537,11609,10903,10792,6243,7142,6577,4413,8590,7575,12606"
20264,"4929,4101,9580,6270,10663,1779,6220,9968,2238,1912,7471,9693,789,11540,8205,7832,5573,11667,6243,2689,2019,8472,4525,1918,8525,2299,5790,12788,9234,9755"
20280,"6220,1634,8562,12606,1912,3207,13306,7471,8274,1598,9880,6270,12156,11190,6812,350,2786,1779,6418,4929,8378,59,12094,6626,11521,4798,7063,9118,12665,8161"
20286,"6971,12030,2916,2291,6243,11784,5810,3060,2124,6670,5239,8716,9671,1259,5135,8472,10524,9328,12133,10663,10464,8922,5485,1316,3539,10670,9736,2000,3150,13370"
20323,"5199,2218,11282,4413,4798,1996,1156,9846,2916,4615,4915,8402,1977,3491,10997,121,10039,184,1583,12946,7130,3647,10494,13350,12476,10300,1163,3340,4170,4800"
20324,"1290,4266,12813,11540,5532,9671,1244,5303,12606,4568,4929,3070,4974,12212,8567,10584,811,5999,6112,5026,3591,8714,1598,4326,8562,6418,4989,9511,12026,454"
20336,"5303,331,2218,13257,5999,4330,12026,8810,6924,8421,6962,8607,3902,1996,5601,275,71,4101,12792,6011,295,1100,6395,12418,8061,11678,9865,2494,2338,4117"
20339,"9962,5999,12990,2218,2380,8562,1290,5573,5135,8922,8567,6220,3697,7578,2199,8675,13101,10674,11088,10124,12606,2291,3950,6283,13249,5214,5545,1634,10222,8053"
20344,"1290,7120,2140,10663,13296,789,7138,8636,11902,9470,12665,10322,9799,11004,13024,6982,9671,7817,8567,1222,5135,220,2862,12691,7336,4545,9837,6275,280,8445"
20356,"1290,4929,12497,7120,5573,4777,4387,8567,13101,6220,4664,8590,3230,2789,12788,10963,9258,10663,3055,7027,5835,4576,5999,7837,3532,10359,4101,840,331,8229"
20360,"2199,8562,1598,10326,5292,6107,2736,9580,5999,3717,6874,10792,5351,7652,12990,8590,1286,10566,9692,11775,10674,11956,9359,4714,7391,1532,1110,11463,9515,1634"
20362,"1290,2199,9962,789,10663,2218,4973,2788,7343,4387,8567,1554,12474,2140,10462,4832,3323,6243,9063,1784,5008,7383,1180,13024,9866,3464,9256,8170,6576,7945"
20376,"1180,9340,11079,4229,11488,10835,5031,1583,11637,5773,9449,11289,992,3909,6610,9932,2668,6925,6397,9859,4323,479,385,2227,5137,8746,976,5307,7214,673"
20381,"6220,2212,12665,1576,10913,11843,1408,7471,6016,4655,7489,5102,12104,9580,8608,5819,4858,12480,870,6022,2530,3088,1726,4315,6752,8024,13062,7731,7290,1021"
20394,"10663,7120,4929,6243,9962,2916,8567,10607,3697,13296,1244,2140,1554,10336,13309,3491,10648,9866,6971,12497,6322,810,5485,13114,6576,2339,10030,6812,296,789"
20397,"1290,7120,4929,6220,6971,296,789,3070,9454,6243,1912,10663,12705,2380,12497,6016,3703,6020,2855,8205,11298,4315,4576,13426,4413,1082,9880,4083,13346,3308"
20407,"1290,9799,9295,9729,13138,6515,13235,8043,9098,331,12286,9936,5859,2312,11488,10376,12813,6081,11619,1583,7723,1065,12710,5303,10137,4654,9602,5574,4362,6729"
20413,"9799,5303,8590,5497,3909,13115,7184,10240,4229,10835,1598,6213,9455,10661,9627,8922,3749,6420,6205,11495,7374,8898,7639,10340,10132,2108,5098,12525,7962,1883"
20433,"2140,6971,2218,7120,4322,5008,11726,4777,10674,9668,11871,5800,6194,8413,2185,13024,1996,13296,1281,4101,1598,943,376,720,3230,6280,12263,2238,5696,3054"
20448,"4387,5999,11282,6220,2218,1876,9937,11384,10154,9942,13249,5964,9256,10,6962,3799,8402,12662,7766,7707,8359,8343,1681,7637,12104,320,1062,5143,12157,12331"
20492,"789,12606,11843,2291,6220,9962,12813,6243,3870,4614,3539,383,10027,9693,11969,841,851,2654,1369,6577,9178,8731,454,1376,3515,2988,11282,8948,8938,12455"
20505,"10663,1290,1426,9638,10201,8421,9880,5823,8554,13114,4177,2653,7302,12877,703,12837,3748,7945,7215,7299,11337,11993,2218,4723,6971,10277,10241,6625,4832,12787"
20512,"5303,789,12813,2453,6971,12606,9799,9602,4183,11170,11299,4947,6166,11923,11528,5240,1372,12424,8271,585,167,12363,7489,11420,13344,11843,7411,7723,815,12600"
20514,"5303,9799,8590,5532,12665,10326,1017,13182,1100,11843,7712,5814,4277,10712,12680,5672,6045,8254,8235,5570,2246,1934,3220,6032,11281,1305,9859,10778,860,12727"
20533,"13101,2380,2199,2808,3697,3071,13127,7172,6367,1400,13254,4101,13310,8922,6515,1116,6166,1923,8562,732,7547,12898,9878,8392,10607,13097,10677,4206,3514,2228"
20543,"4101,3539,331,6220,11540,6971,8452,2990,13097,5545,2291,6351,5025,12019,2286,6280,13101,732,7135,2218,9942,9886,9937,8472,9818,5946,3913,5442,6051,11487"
20546,"4101,10326,2789,8421,1427,331,6610,7856,3188,3524,12476,12668,13101,2238,1790,3238,5723,11055,6424,5545,10463,3799,4640,7266,4632,354,8254,13220,2143,9496"
20557,"789,2218,1290,5135,9962,7120,10663,4929,13249,13310,10322,10389,13309,6420,6243,5907,3515,6960,7817,11626,3789,3662,2988,7138,5019,9174,6853,83,6146,10916"
20558,"1290,6971,10663,4929,7120,8567,13101,2218,8452,6243,8161,5999,5303,434,9405,6166,1244,2140,8355,2262,4777,732,8235,8590,2916,3115,12026,6962,7762,454"
20561,"1290,4929,7120,10663,1912,6243,6220,12497,8205,789,10648,6971,1681,1779,2019,2885,9707,6270,296,11288,4277,2291,220,7471,4101,12705,621,9837,4036,153"
20566,"8053,5999,3029,5199,4315,1286,1532,1700,8590,9668,6326,12665,7374,11651,1077,3532,9692,638,5228,8041,1053,13084,3978,527,8907,10137,8637,7290,8274,2404"
20573,"1290,10663,6243,4929,789,3697,7120,11884,1554,9837,6220,5810,12497,5135,9962,5142,12030,4083,12705,3032,8567,2140,7637,12662,13297,2916,7059,4798,6096,83"
20623,"976,12104,5318,6220,84,11630,6260,10998,2962,7762,6160,1085,12948,10340,7694,89,3799,873,10462,2327,8822,4829,3233,2547,238,8343,9897,7706,1444,12201"
20627,"1290,10663,12497,2140,7120,4413,4929,8205,10674,6971,4777,12665,7578,9962,5545,5126,9306,2218,1902,8567,1640,2380,3266,8590,4525,5470,11884,1978,6363,12253"
20643,"1290,10663,7120,4929,6243,5135,12497,9962,8567,2916,13101,4974,2218,8205,3697,4576,10648,10336,10466,2874,6625,4006,7867,9746,1776,1244,12912,1779,3340,6770"
20645,"1290,6971,4929,10663,7120,789,4777,1779,1912,13101,6243,2291,6166,5819,5558,8161,12497,2218,2990,10389,12026,8567,4008,8472,454,6638,3591,2784,4620,434"
20652,"6971,5303,6220,2218,6166,1290,1220,4413,12779,3737,1779,11384,3085,4315,560,10792,12213,2644,6638,6445,11664,9036,12549,11292,7695,2863,4277,3505,3950,1971"
20654,"1290,7120,10663,2140,2916,6243,9799,5135,12497,296,8590,10322,4929,1400,10607,8238,9769,4216,3697,11417,3453,4482,6302,5174,2483,7462,8459,3722,9072,7059"
20667,"2218,2140,10963,1299,9668,4101,8421,519,3532,7374,9511,6638,8053,840,5413,10079,8235,4201,8392,2670,12869,4263,13110,11020,4109,5959,4904,3372,8912,7192"
20670,"1133,1912,8161,2343,7304,13257,7289,8421,9286,10201,9455,8257,3871,10714,9968,13381,6640,4267,8562,6757,11993,4929,2339,2344,8298,11623,10546,1044,8897,11160"
20671,"5303,9580,5999,1299,11569,12681,6166,10326,4262,4430,3717,1746,817,4685,9098,9799,2670,8169,11824,10754,2007,12680,6610,789,9938,1567,11281,7306,12198,1730"
20676,"1290,9799,7120,789,11384,6243,2140,9671,4973,1996,10322,5135,6326,11843,12404,12985,5242,5036,280,9962,13296,10758,811,12662,7462,8238,11949,4482,1851,10437"
20694,"8421,7590,10916,12030,8590,869,9750,5381,2140,12858,9592,5258,3764,3620,1796,12389,7462,12474,10614,3138,8626,6333,13302,7948,1323,6610,9580,8514,13160,386"
20709,"1290,10663,789,9962,4388,4798,6960,3577,4929,8421,2199,2314,7855,3488,11521,10648,11884,10441,4974,6220,6864,7817,13134,10931,13309,8561,3829,5307,1779,12382"
20716,"8452,11282,2140,6515,10835,7706,5299,2218,2762,10744,11508,12775,4734,1548,9213,3426,5353,10067,9834,4532,12082,4266,10285,2910,6926,4602,1344,3483,2591,4703"
20739,"1290,7120,2140,5135,789,9072,5303,8590,2380,4929,5835,7856,12389,9799,1659,6243,3764,2890,6166,6515,10663,6991,4576,6209,9184,12990,3897,8622,7369,3574"
20763,"1290,789,10663,9962,6243,13309,9449,6971,851,2291,9865,3055,9799,8616,1223,9786,8280,6322,6576,8123,4388,275,4127,7064,9536,1542,7826,11161,4414,3986"
20779,"1290,10663,7120,5135,789,9962,4929,6243,6625,4777,12497,12026,4974,12389,9295,13309,7817,3488,6610,665,4798,2339,2218,2969,2314,3875,10648,714,7236,83"
20781,"2218,6971,4387,8922,3909,7063,1286,2903,1726,3281,8136,2927,7361,7109,10116,5835,992,8402,11956,5722,1372,11766,3159,9942,2344,7329,4462,2151,1314,8590"
20790,"4798,11289,8922,519,3766,2559,12463,2339,13375,10087,623,2704,10336,10566,1769,4229,2789,4664,2203,10097,9567,6574,4430,8815,9983,7404,8060,1030,7203,9503"
20792,"8452,5999,10835,12201,10039,168,1156,5303,2218,784,10063,12104,1841,4315,71,6164,445,7672,4969,3493,10391,3825,2748,8271,2895,6915,2958,10159,3938,9652"
20797,"6971,7120,4576,8235,1290,286,8922,789,1576,11171,13309,2343,3515,7317,9866,31,12435,4199,3909,8205,4929,5819,4101,1912,6610,10648,3458,4413,1378,10674"
20811,"2218,2140,8922,6971,1378,2343,9072,13114,12474,9369,10963,10481,8590,2392,8599,10916,11993,9576,11814,6588,363,6054,2158,7304,4811,9866,10808,7948,8343,11384"
20821,"10663,1290,6971,8567,6243,4929,4163,2957,1244,2916,1180,9405,3412,8590,6095,6166,11289,13101,8161,2784,1776,2273,8235,11667,1299,8421,9487,13431,8616,11690"
20830,"1290,7120,9962,5135,2218,789,6243,4929,5303,6971,10663,4413,9295,13296,10429,2988,9799,13309,11088,10336,2140,7817,1556,5249,4277,13214,10000,220,9979,10389"
20861,"5819,10336,7120,4664,3909,4199,12758,8402,12435,2822,5422,11024,4315,7374,1856,1978,12665,6591,11314,4846,13004,61,2536,475,11939,313,10546,3717,13297,4464"
20878,"2762,10326,8452,2218,12606,2199,1437,7392,11282,5999,4877,2519,10526,6622,6971,851,5497,3687,6915,8630,4915,12030,5303,12104,11853,7758,6089,1631,12331,6220"
20891,"12030,6971,5135,6280,7707,6220,2380,8413,5810,2140,9799,4413,9328,12668,2220,7120,5214,4576,10674,1726,10437,2185,7489,2218,9942,8452,10294,6250,12263,7578"
20895,"10663,7120,5303,5135,12030,2380,4267,9405,1634,9684,7428,7197,5870,5065,11288,4929,9328,10895,10687,2058,4419,177,1589,5570,11784,6264,13259,10429,1478,13101"
20901,"7120,1290,10663,1779,4929,12497,4798,2169,12703,10336,2218,2140,10712,4277,2957,11775,12946,6243,5199,11298,12156,5932,9306,10389,8711,2746,6634,10137,3641,9044"
20908,"1634,5545,6166,825,6283,9081,5731,12404,11540,9580,2114,6370,9668,4262,10462,7287,9504,9492,2675,6472,10124,11455,11194,10689,5573,12150,911,4595,4614,3535"
20928,"4664,1576,2903,8124,85,5573,2555,11884,6243,3697,2990,108,5116,7005,11651,13288,11126,1439,8699,6837,9888,8021,11605,3539,12665,4511,4111,6670,11568,1554"
20945,"6971,8235,5999,8590,6280,9799,2140,1996,1776,796,8452,4161,12026,4610,9938,9496,5303,3977,12668,9947,4453,3910,10594,11495,2789,2491,13346,1100,18,8750"
20971,"2218,4798,13114,10507,331,5545,2291,12747,11774,5610,228,5199,10644,13314,11619,10494,13280,13216,10464,1156,1210,4391,8038,2089,4440,4053,9522,3395,7439,8076"
20979,"1220,4965,6270,5313,2736,4525,9580,173,680,278,12067,7010,1100,5573,8277,8475,10735,11505,10755,5386,12680,4332,8186,5878,11247,12664,6267,3947,9560,2380"
20982,"5135,5303,9962,789,10336,7120,12758,1290,9668,4576,9799,3766,4482,10607,1863,7723,12990,4229,9627,6625,9866,5808,1242,3909,6061,11121,11024,5931,8898,8815"
20991,"5999,10326,8483,2957,2199,9671,13296,12665,3135,7832,8562,345,9580,11581,2580,5199,1868,1427,2007,11265,7471,9409,9484,741,6892,1764,9886,6926,3990,7558"
20998,"2218,6971,8421,8922,8235,5999,12474,7590,11935,3230,12336,2140,13114,13257,13101,228,519,13336,5747,2019,13211,12026,5835,9580,10963,7064,2653,1776,10543,7856"
21006,"6971,2218,10389,6638,7138,9668,12857,11088,4664,12070,4201,10891,558,10336,10148,4254,3340,7818,2015,3682,6159,5199,8724,9633,10127,12152,12013,7120,1554,10712"
21018,"1290,7120,5303,789,10834,13309,8606,823,220,4623,9116,9684,3103,13381,3515,11088,3992,6354,9438,11984,6020,2671,9449,5135,3927,6563,1938,5875,4664,7519"
21028,"1290,3909,3717,9937,4492,9837,6487,167,12990,6892,12208,5835,4688,12212,4865,976,7404,5703,11463,3875,11904,2488,3923,13297,11190,5999,9838,9237,7800,435"
21041,"13101,10663,1779,2199,2391,1478,8940,4098,4622,6166,12809,1367,7503,3188,4465,9110,5558,13257,364,2340,385,8161,9448,7369,1383,6107,8694,6816,6610,12792"
21042,"12389,9101,6391,9438,4101,2514,8940,6925,10063,10147,385,5031,2238,2339,5854,5325,11289,10137,1811,3443,7770,5924,9703,7579,9786,458,8616,12816,2771,1579"
21064,"1290,4929,7120,10663,9962,6243,4576,10607,3697,8567,2916,5573,11626,4777,12990,5913,1466,11775,4266,8916,2218,10138,8922,13027,12943,2380,11143,10336,13309,9667"
21075,"9799,12857,2789,6971,11569,3833,6926,4163,10963,2591,10079,11289,6456,10067,2837,3352,6018,10358,8703,2530,2185,10447,9496,10187,5303,1022,12463,12104,5137,10326"
21078,"6971,6166,789,2291,13101,12606,9405,5135,1779,6445,6846,350,3089,13309,1747,13027,10663,1233,9170,4021,5144,10550,6270,4979,9855,11450,13346,1556,8884,5692"
21081,"3539,1286,2218,6220,1220,1588,5025,1978,10473,9135,2286,4110,4322,9942,331,4798,2643,2762,1744,10124,12207,1241,5819,5573,4199,10824,6638,3440,8119,9528"
21084,"6220,9937,1220,2291,12389,11384,11969,12104,7763,3515,5000,8948,6660,789,10848,11243,10589,6515,66,10415,7948,8997,4134,5338,3213,13249,9412,11789,11528,9636"
21089,"1290,6971,4929,8235,11775,6610,4777,10137,1598,8472,2916,2291,9164,8161,454,12026,1779,2391,1291,1912,10674,3055,8355,5008,1701,11911,3532,5545,12497,1006"
21112,"9799,4946,7707,1634,11405,5555,3909,496,822,11299,10340,10983,8699,9439,6205,10476,1439,12662,7374,1726,1500,10736,8738,523,7706,9504,10731,10507,11250,473"
21126,"10663,1290,7120,5303,5135,789,9405,11784,8472,2218,13101,331,6919,7138,6576,4413,10389,8302,10712,10217,2291,1665,12764,4101,13309,9771,7752,1996,6971,10607"
21129,"9799,331,2990,1100,3909,8413,8235,4199,9295,4664,4499,4865,7692,214,438,11705,12788,5875,11843,5066,382,11297,7619,7120,7044,8083,9077,5318,10275,5835"
21130,"2140,2218,8205,4101,9580,10566,2291,9515,2107,6588,5283,9372,7590,2228,5819,9998,1978,12752,10508,13436,2199,1700,1502,12104,6089,1287,5799,5999,4448,8053"
21137,"789,7120,5135,1290,5303,9072,4576,2988,7948,10674,12321,6420,13344,5457,6461,1378,9511,4725,12665,12580,3148,9799,10729,12813,8271,8489,4623,6243,10712,6965"
21149,"9962,789,9799,1290,4277,4929,10663,10840,7120,4688,3982,5135,13296,11289,6418,8707,12761,4974,7833,10843,2712,12156,11511,9549,9836,7707,3424,2775,9329,1429"
21152,"1290,4929,6243,2916,10663,9580,5999,2199,2291,11298,851,5025,3085,8293,9671,11717,13067,8053,3539,10816,7392,2380,11609,12541,3029,10648,9306,2264,2729,1779"
21177,"1290,789,7120,10663,5303,9962,4929,12497,8567,4413,8421,2140,5610,13257,4387,9744,331,5135,11540,5835,10322,5907,11143,7723,10993,6243,8235,4576,2218,8714"
21191,"7120,10663,6243,6326,2916,6751,3060,10137,4929,4576,3461,12944,9671,10670,6032,5199,2736,8590,3966,12069,3340,9511,8907,11902,12703,4376,11955,8053,2380,9995"
21200,"4974,12026,851,13123,7867,5303,13191,11843,12308,11422,7784,11190,9236,12493,4183,7820,6769,3992,8937,10191,3793,4798,5022,3832,9064,12837,9732,10908,4742,11243"
21204,"789,4111,4387,9937,9164,2199,12990,9888,519,6960,3539,10566,13310,3672,7594,3138,5228,11384,3448,9110,2506,7063,7763,11198,7567,5142,1533,7546,1026,1418"
21221,"1290,7120,8590,12497,4413,4929,10663,8205,4576,8567,4387,1776,8421,2391,11384,13381,8049,13257,7948,11772,9072,13114,3743,11097,5731,7243,12680,2916,10241,3230"
21228,"10326,2916,11919,6751,12129,2199,11775,10663,7063,10241,8554,478,10473,1606,1244,1400,10137,5545,3317,13314,3799,592,2808,1598,8399,8161,12455,5235,8205,8421"
21249,"4798,1779,6638,10137,12026,5819,12497,5932,11775,4664,2555,5558,4777,12189,976,4448,10389,11415,931,378,9360,10754,2746,2419,7025,13245,2529,7458,13138,10547"
21256,"1290,9962,4929,7120,10663,789,8235,4277,10648,6220,4777,5135,4266,13101,12026,1100,6719,5999,2380,4576,9646,7431,6610,10340,1863,13370,11540,3950,9115,4101"
21261,"4413,9306,4101,4798,5135,789,4576,7120,12943,9962,1634,11997,13314,11521,8657,10663,844,2916,31,11282,3950,5731,4929,12497,6220,3515,12249,2291,8707,506"
21279,"12990,4387,1290,4413,9962,5835,2140,12757,5610,10792,10648,9744,13362,12359,11282,7590,12509,11969,6220,9072,12104,6612,13284,7987,9115,3488,9830,8359,4499,10726"
21282,"1290,10663,2916,7120,6243,296,3697,8567,3088,2957,4576,7063,12497,10138,4083,4387,10648,4798,1328,5135,1681,7637,13101,2228,4174,11298,89,2140,2291,5819"
21305,"1290,10663,4929,2916,7120,6243,8205,8567,3722,12497,7063,8355,1400,4387,1244,10137,5545,10999,13185,8590,5999,732,1968,13101,2020,1860,5559,5611,1634,10693"
21307,"1290,789,4929,10663,6243,5135,7120,9295,5303,3737,1779,2199,4387,3067,8567,13309,12497,11862,4576,12813,8421,11540,5149,626,6338,11775,13046,10097,10484,1542"
21315,"1290,2140,2916,6971,7120,5303,10663,5135,296,5199,789,4101,10607,9962,6688,331,8714,13114,8235,7063,4929,13309,2483,7723,1345,8520,9960,4413,11693,4576"
21342,"7120,10663,6243,12497,8567,8590,4929,10336,789,9671,5008,1244,5573,7197,13101,10712,5485,2380,9962,3697,4777,13185,5672,1554,12680,5135,11088,5629,4277,5999"
21347,"1290,2218,4929,7120,8235,13114,4387,331,5999,3909,9962,4277,5545,8567,2916,11775,10644,9853,8922,8402,12497,2822,1978,2957,2343,10336,7487,3230,8343,12418"
21357,"12606,11020,1634,12026,11282,9382,12294,9580,10712,10326,11720,2384,6326,3840,707,2116,3507,13134,7927,1286,9880,9115,6864,5012,3112,560,9419,10916,8421,931"
21358,"2140,9799,4163,4262,11143,4996,13005,1945,85,4436,6418,2062,4967,8446,7309,379,6141,9470,9668,12168,9274,6097,11736,3277,1356,4940,4688,12193,13004,789"
21368,"9295,8421,10326,1400,168,11843,9937,10916,7063,8703,12474,5149,12939,3620,10027,6243,6960,12723,8399,519,3737,713,3833,3251,10484,851,10462,12681,5349,6824"
21372,"1290,10663,6243,7120,5135,2916,4929,789,9671,2291,5810,8472,9580,851,12404,11357,6283,12541,296,2264,7331,10027,1542,10674,2437,10607,9771,11717,8505,5849"
21373,"5135,2140,10663,9962,4576,1290,789,10607,12990,3909,3697,6243,10326,8593,4865,4929,5651,4216,7578,4973,2199,8343,9505,4323,4145,11714,2332,5381,5422,9580"
21383,"4929,7120,10663,6243,789,5135,6220,12497,9962,4777,12030,1912,2990,2916,8235,10648,11298,11357,4199,11540,5810,4083,8018,6326,3787,2291,2571,3055,4439,12278"
21393,"8254,2380,12497,10326,4430,11299,296,7856,11183,6858,8590,5549,1841,375,10547,12399,4413,5074,10081,1536,6515,179,7745,2698,5338,1560,8714,12832,12282,11121"
21415,"1290,789,5135,2140,8235,12030,8421,9295,7120,12474,11540,11143,7723,4929,10484,3620,83,6243,10916,9799,6562,1412,4576,10607,168,331,3506,3741,519,6960"
21421,"1290,4929,789,10663,6243,7120,8235,12026,12497,10648,1912,1779,13309,2885,2916,286,2435,1521,8567,11998,4008,5969,10712,910,9580,4798,576,296,5589,1400"
21433,"1290,2218,642,4777,10663,13185,12758,9534,11299,1223,12705,12474,4083,2608,11121,1803,8567,6625,3545,4514,6562,303,8145,3785,2491,167,2463,1475,4973,11278"
21449,"1290,4413,12497,12026,11282,4929,9962,8707,2380,8567,6243,10547,851,2169,3055,12622,8981,621,10663,6220,12086,1779,1912,5537,8575,4698,3677,5549,4448,2555"
21483,"1290,7120,789,2140,4929,9799,2885,4387,4499,9866,9837,5422,9234,4664,2380,7637,6060,12990,13027,8407,6591,331,8235,9937,2788,5313,1225,8406,9962,1378"
21488,"1290,789,5135,7120,9962,6243,5303,4576,4387,9799,9866,11405,6971,9072,10336,13309,1554,4929,9837,10663,8336,3909,8567,2928,10607,4028,13185,9960,12497,2140"
21518,"1210,2058,4098,2559,4388,6982,2895,13101,7898,6879,1156,2199,1957,12809,8922,9132,10464,11822,638,10566,1654,12792,11517,10507,6593,8691,2089,385,7909,13310"
21528,"6220,789,7578,12869,11566,7471,6270,8679,9880,5135,2108,6243,4153,7489,12779,12665,364,12995,6652,8590,9761,11278,12094,4273,9685,12278,8572,1779,9417,3631"
21536,"4798,9295,11843,4387,5433,4229,7015,7637,13110,510,517,11528,8159,12738,6982,623,11282,10300,11299,9729,7574,10098,1673,12575,5875,1085,11730,9320,12842,11488"
21585,"1290,10663,4929,7120,6243,5135,2199,1779,8567,2140,789,1244,13101,3697,2020,2019,2784,7285,560,12497,6166,6034,7474,11298,12353,9306,296,10648,9880,7353"
21598,"9668,11282,10778,2218,7802,7327,6280,760,9580,8402,10326,5999,2559,10594,4413,6899,2489,1821,8323,3031,5016,5881,12026,8492,6971,4793,1220,6281,8318,11411"
21602,"6971,5199,8492,3909,4482,11289,11282,6652,220,13110,13114,4924,9799,10429,10346,8842,7545,8459,8167,10608,3875,12341,1996,2332,8365,8318,9038,3628,12857,820"
21604,"789,6220,4798,851,2291,2885,13309,12382,12606,7637,7471,3992,9362,4388,1747,10434,4621,5946,4698,9170,3542,2199,8707,3898,11521,3950,3295,11884,3915,4101"
21626,"10340,5610,7707,5008,1726,1286,2910,6962,8240,13252,12101,6626,4322,13019,3909,11133,6971,8922,12181,11413,12761,4387,11871,953,2489,10741,7725,9681,5609,11956"
21636,"1290,6971,7120,5303,2218,11384,8590,8567,9962,4576,5135,9866,12497,6243,13381,7817,13101,10336,4387,10663,331,13185,11775,5468,10463,12476,9937,2988,12336,8402"
21649,"9962,7120,5303,13309,4929,6220,9866,6243,4576,9799,9837,7723,12497,3697,10607,7817,2988,13249,3515,6625,13027,10663,12990,4277,11384,10644,6971,12779,4947,12344"
21650,"1290,5303,12779,6610,8714,13185,331,1746,11357,227,7864,11299,4576,2990,4101,12026,364,10104,9295,13150,569,9164,2286,7817,7867,9918,10720,2397,1514,8190"
21655,"9962,1290,12990,4929,6220,8421,10607,5573,5303,8922,6243,789,7578,1244,4277,1634,8235,1863,2942,1409,8567,240,10663,1180,10326,3554,3238,10603,4576,12564"
21662,"2218,1290,7120,1287,1220,9295,2140,1543,2514,2343,2291,12473,2916,3491,9733,4036,4929,13384,5199,7175,7983,12738,8098,10147,8312,12476,3781,4213,759,8553"
21681,"1290,4798,8421,9295,10663,6243,2411,13114,1779,4929,11886,7029,5887,10137,3737,10138,13309,5199,6751,5258,6005,727,9746,6971,6960,6757,11289,4879,2483,11125"
21686,"4101,331,10712,3488,2882,13314,6982,7964,2116,9115,9938,7120,7462,296,2140,2985,544,6318,6638,13270,5199,4332,2771,8798,6256,5422,1200,8188,8031,3877"
21699,"12030,10663,6243,6220,12944,12602,8421,1290,12869,13309,1928,3060,3055,5008,5573,2899,3697,13101,1223,5810,2905,9671,10429,5214,8012,5034,5265,7302,6181,13072"
21702,"11289,6137,8590,9938,10561,11651,11227,4315,12133,10834,6060,1286,8221,414,12680,293,9771,8674,12188,4946,6962,4563,8436,2561,12804,4387,1254,680,897,10614"
21709,"1286,12738,12423,10792,3539,12069,9382,4315,11384,4198,8454,6402,4518,4563,11018,9348,11703,12776,3568,1814,8320,7118,1156,4858,1977,1726,3965,11486,12668,851"
21718,"6971,7120,5135,8590,7064,11288,4576,337,789,8235,4929,11626,1429,2020,11495,2343,6413,12680,95,7590,9830,11742,4499,7832,11286,2771,2996,4506,6280,10589"
21719,"6971,7590,2140,12858,13101,3697,10663,8514,2916,8590,5135,8459,9372,1200,12990,3044,5258,519,2020,8520,4750,4643,968,869,7064,2291,10434,12104,2211,11784"
21724,"1290,7120,10663,4929,10137,296,1244,5307,6175,10147,6719,2380,7762,8590,12286,10607,8714,6751,8681,5303,3488,2248,7119,11153,6506,9135,6081,6515,3982,9324"
21741,"9942,12788,7637,4322,9937,3238,6220,7590,1220,3539,6610,13284,4664,8177,2709,13073,11651,11180,617,1017,6060,1872,9414,12401,5353,4134,13072,5511,4387,2212"
21746,"2140,12030,9511,331,7063,10530,9957,8041,1290,7172,2380,5935,10004,12184,5301,9605,7374,10434,519,5339,10644,5135,6493,4467,3998,12668,2580,6567,1328,12898"
21751,"8922,8342,6437,13257,3434,10566,2218,9998,10507,12632,11443,4717,1420,1921,13176,2952,9865,12066,7715,13114,8727,2199,5938,12311,4229,2293,12474,5610,1597,2793"
21754,"1290,789,7120,4929,6220,4576,5135,5620,10663,12030,3807,9550,4387,2140,9668,10916,5835,8421,4083,3620,2228,13121,4174,11540,3950,12788,1558,2957,2343,11278"
21768,"10326,13101,13257,2019,1478,6166,9942,4465,12757,6107,3812,6608,8530,2265,1836,5999,5292,8161,6302,1427,10540,5538,3188,5545,2559,8940,12336,8894,7819,1919"
21775,"6220,789,11282,9602,3515,9962,7637,12331,1220,2038,13296,8359,4413,954,4613,10568,9837,9799,12606,2152,10970,2291,7723,11528,823,7553,13198,6028,6982,5875"
21781,"5303,2774,6166,1634,2380,4413,331,2286,9799,8452,9867,12030,5135,3766,12632,9101,9036,6325,10869,851,5534,10245,3622,8254,13292,6351,1747,12928,9405,1220"
21789,"1290,9962,4929,8567,11282,7120,12026,4413,785,2916,12497,8922,13296,4974,4388,4777,11289,2910,13114,6243,4798,1776,9306,12049,5610,2670,5306,12761,12662,7341"
21795,"1290,9962,4664,12276,12622,7578,8402,9937,12497,5008,5999,7120,10424,12857,5532,6243,10608,11403,7787,8988,4277,9046,7254,8820,12193,5573,1180,1598,8497,7309"
21812,"7120,1290,2140,9072,8590,4413,7138,2218,4929,12497,1977,5199,840,10712,10663,2882,9918,11298,9306,7745,12094,10389,4565,6638,5413,9309,11997,8409,6665,5907"
21814,"5303,9799,789,13309,3721,13118,11024,6097,976,2108,1750,1819,11844,4163,8922,10097,5497,3833,8619,10336,5875,8445,4161,2575,1972,5249,4623,9438,12168,871"
21820,"8445,8718,9580,11393,8452,851,5303,7401,789,12030,6515,10360,4161,12584,13346,1022,10931,2837,9865,10868,9942,6090,11930,12404,11491,7077,9606,7392,5135,5810"
21827,"4929,789,6220,2916,1290,544,10663,10607,83,8235,2291,10644,2339,10550,11690,1180,5422,5914,1084,9684,3672,5144,1547,1634,9567,5135,7431,10995,1786,10581"
21838,"1290,789,11540,6243,4387,5135,4929,2218,9962,10663,9295,10758,3539,12030,8421,4413,3737,11143,2990,8567,2916,5303,5964,851,7004,2220,6220,2199,5999,4877"
21855,"4101,6610,5545,7637,331,7983,8235,2238,4798,3055,10913,2789,8355,12757,31,2337,7955,11540,1400,6892,9632,10556,3947,6733,4664,2916,7462,5113,176,3230"
21881,"8421,8922,5999,2218,6181,7736,8392,1299,3620,8235,7341,11282,519,6729,9667,4717,11800,13347,2124,3662,313,7063,7374,12939,2013,10661,71,11488,3321,2275"
21884,"1290,5303,6971,10663,4277,12990,8421,331,5545,9455,6610,2220,4387,8567,7369,782,275,8161,9156,8342,10741,2608,1008,1776,11405,4025,13307,10302,4929,12757"
21889,"1290,7120,10663,4929,789,6243,12497,2916,5135,9962,8567,4413,10607,9072,4777,5810,10648,296,11540,8707,6811,1244,1851,6515,6638,11298,5379,2140,10137,5859"
21896,"1290,789,5135,2140,10663,7120,6243,4929,2380,9962,5303,2220,12030,4413,9799,7723,6971,5810,6515,2916,8084,8707,9837,13027,9072,742,615,5965,13097,10758"
21902,"8922,8421,9115,4388,519,13315,3950,844,1957,6593,12990,5609,13310,3532,7898,3805,5124,4101,10434,6982,111,10566,6960,12757,12899,8342,10931,11775,3577,12184"
21916,"7120,1290,278,6270,6326,3967,9060,4664,9733,10663,6445,2990,8054,1996,4633,4798,9438,2671,12069,3422,10389,11799,6249,4929,3560,12489,6150,756,10259,2301"
21927,"1290,2218,7138,4929,10389,8567,12497,789,10712,6159,6638,12026,12779,1978,7817,12201,5946,4798,12665,6395,9306,1223,8561,12104,7711,2155,11282,9083,7818,6055"
21938,"2140,8235,8421,1100,6971,9938,4865,2013,2220,3037,9799,10340,1290,13245,7856,10963,4202,4163,12220,10422,3875,8525,5782,11476,6529,5066,9909,5182,4250,3308"
21948,"1996,4101,1220,6665,11289,1239,8459,5258,10127,2440,7578,137,331,4332,6128,8509,8772,10429,10322,8163,11180,8590,2786,2238,9866,6209,4664,1378,5473,8584"
21952,"2916,2020,4315,296,10607,1634,1400,8505,1200,6302,238,5422,7971,6160,2822,2600,8321,529,2172,7462,4416,345,11289,2771,4373,2957,3428,6260,10362,2228"
21954,"1290,10663,4929,9962,4413,2218,7120,9295,12026,12030,8441,9942,2220,995,6243,8567,6401,12497,6758,8421,11384,4927,6757,12177,7063,4032,7531,10787,4053,5397"
21955,"12026,9937,11384,5303,9799,9295,3247,2140,5590,228,12723,9022,7243,642,153,759,7439,1103,10835,4745,11935,12672,4569,6046,12474,6119,66,8049,7784,6960"
21978,"8421,5610,10566,8161,2218,9998,1287,2089,4519,10835,590,519,3532,12939,176,4963,2343,4906,2914,4387,12026,11128,2559,1700,9555,4791,9272,12677,4036,4315"
21983,"4413,1290,9962,12030,6971,8452,9454,9046,5135,2380,6220,9942,12331,7817,837,3515,6628,11183,12738,9809,456,7637,7392,3491,2940,9695,2762,13388,5214,5549"
22004,"789,2199,10644,9155,4387,8342,10462,8579,11921,13309,1210,8731,3697,7800,2340,7063,10663,6646,7594,9888,5135,10846,10844,233,2985,593,5884,11690,6795,12090"
22007,"2140,5999,2380,1726,244,5610,8922,8562,3290,5532,1598,4448,2220,491,8053,523,8342,2036,4229,11476,11512,7138,2681,12368,4048,2862,3671,8590,4250,12418"
22014,"5303,2218,6220,6166,5999,3799,560,66,10566,10340,11630,7027,2962,8905,8343,3342,934,5946,6688,11786,117,3950,11103,9115,12104,223,10255,9278,7424,9520"
22020,"1290,7120,10663,2140,6971,1977,10389,5199,296,8053,2343,12335,4929,5760,13296,2218,7138,2769,3060,2758,8421,4266,10336,921,9089,6926,6382,363,4413,5663"
22052,"6971,5303,6515,1290,331,7723,3539,3071,6395,5629,6209,8405,9834,9937,6166,5573,9962,2540,8148,10674,2990,10217,2199,2238,3085,4362,8562,8981,2762,6610"
22056,"1290,4387,789,5303,7120,6243,5573,9962,2220,11540,13309,2199,3697,331,4576,13432,4139,12497,11292,5135,11651,7844,7580,839,8590,11992,7063,8668,7546,4111"
22064,"789,9962,10326,4413,5135,4277,9799,8235,8707,5303,11843,12606,7120,10661,3515,6960,3172,2169,10648,296,13309,10070,10240,12331,12637,8593,5969,10301,5976,8922"
22072,"1220,1634,1286,2020,9580,5999,7707,6220,6166,6971,8590,10506,8343,12680,9886,9693,2899,11540,8161,3535,8035,11969,9942,12181,3047,2910,7983,811,2525,987"
22074,"9962,789,10326,11282,4413,2140,4953,10547,12394,3031,4946,10791,6089,11411,4430,7623,10078,7723,12857,12497,897,12026,12680,491,5485,3766,6590,9072,179,3969"
22102,"10326,331,4387,12990,9937,8562,9942,85,3238,9846,7637,4499,8343,7580,5875,12359,3909,6220,10506,8027,1017,10308,3947,4028,8687,6115,2387,12421,3268,9000"
22110,"1290,7120,2140,10663,6243,5135,2291,2916,789,9671,11298,61,8505,11732,9072,2199,3071,4576,10137,12665,8205,7285,5810,11791,10674,296,10792,3609,3456,2353"
22111,"3697,2291,6971,7637,9962,5964,1220,4621,1747,11723,11789,9733,2152,4521,8794,5866,6982,5705,8642,9046,1946,11784,12030,8486,11403,837,6322,2517,7462,7104"
22119,"2218,8452,6515,9695,13138,5338,9520,1544,7133,6329,10110,7304,1085,6166,2339,3948,12837,2291,1344,4963,3241,13114,8463,9948,10473,10836,646,11149,5038,1525"
22125,"10663,1290,2218,2140,2916,13101,2020,6638,4315,2291,8567,1634,5545,304,10241,4929,12129,2748,1475,1400,12707,9306,12497,11919,11088,12373,5199,8224,350,1328"
22150,"1290,10663,11282,4929,9799,8567,7120,6243,12026,2916,12212,10758,12813,9072,560,789,1180,1583,851,2670,8421,6576,9295,12973,5135,12106,7498,4436,5859,10377"
22151,"1290,10663,7120,4929,5303,6243,5135,789,4101,1589,8235,13257,9580,10869,2916,8472,9962,2808,1400,6515,1244,9455,8421,851,7955,6919,11994,1590,5570,4439"
22154,"6971,6166,1747,3127,8703,5339,4430,12463,8995,345,4640,4147,217,4679,12030,9170,1022,9655,7077,9252,12260,9983,2789,9743,12977,8393,5776,5073,13110,2834"
22213,"7120,1290,789,9962,4929,5135,6243,11540,10663,6962,4613,11143,3950,5303,2899,11088,8405,3515,3323,4802,2988,9668,1634,3704,9637,7707,12497,8119,10336,9646"
22256,"1290,7120,4277,5135,10663,2916,6243,331,10607,544,7197,4576,6971,1200,5532,13314,12497,10644,12703,609,4722,1408,10326,296,3697,5828,1681,1328,10336,13406"
22258,"1290,8421,5999,4101,9938,331,4277,3950,4929,6610,769,10798,9115,1912,8993,910,11117,3877,576,1500,7723,4452,8359,11540,12198,5160,2958,4413,8254,7856"
22265,"6962,1634,4387,1856,11956,11194,3535,1299,9744,8922,873,1100,10300,11405,301,4717,2567,7726,7707,10736,5137,3937,2265,4742,237,9736,10056,11021,11540,9455"
22279,"5819,3103,8968,7637,1747,11726,8616,9449,12632,6925,8674,2395,10094,4101,10834,9087,2238,5905,1634,8399,31,10063,8919,9438,2010,786,2260,12535,7542,9147"
22280,"5303,10326,2218,646,12070,1841,8977,760,823,3985,3789,580,10076,13424,8460,4361,12837,12030,10687,12026,11393,7392,11288,8644,9286,4585,8716,8472,4947,2019"
22283,"1290,10663,2140,7120,6243,4929,12497,2218,220,2291,6812,2850,2555,13296,9295,6515,11843,5374,8567,9733,3266,9309,1295,11088,6899,11886,1554,12837,12030,13190"
22286,"1290,4929,10663,4101,7120,331,8421,11540,8355,8235,4277,8562,7955,4798,9309,1654,1244,1400,12385,7901,9968,9853,3992,10137,1912,2990,11775,3532,4043,1598"
22288,"10663,1290,8421,1779,4929,7120,4798,2916,8254,4413,2411,4974,2332,8098,10429,1394,13347,5932,12606,9943,11918,10160,10596,10897,10201,9309,2870,11784,10581,5823"
22321,"6971,6166,10756,275,3091,3697,1948,560,973,3491,12663,6708,9348,7522,11384,2555,3292,1871,9295,7006,13110,9178,10997,8794,4310,5124,10608,12837,12606,9809"
22336,"12757,8235,6280,10124,2789,5545,2220,8359,4777,2567,10340,2842,999,4611,6026,1640,4602,8134,9372,13296,12104,11377,8472,11630,1287,8441,10132,13281,13336,10835"
22344,"9942,10835,10326,8177,6107,2220,13073,2764,13346,2199,8510,9577,10737,1588,3443,2108,2299,5299,4865,4322,5599,4847,1598,503,6352,11160,1141,10017,5881,9286"
22353,"789,1290,5135,3539,4576,1803,9295,2199,4664,9937,11384,6329,12787,4286,12030,9880,10326,9380,5843,10484,9529,3071,185,3467,9842,9024,3697,364,6897,4134"
22356,"4929,6243,789,5135,12497,9962,2916,4576,11298,3697,10648,13101,296,8205,13309,4777,10336,2380,1466,2291,5573,3781,61,1244,11626,10607,4277,13185,5019,1912"
22387,"1290,10663,331,4929,2218,7120,8235,8421,12026,11357,9405,5303,544,4117,3998,6962,4777,12309,13101,10245,6608,9886,4387,995,519,1383,1919,6433,8855,9132"
22427,"4929,1290,6220,9580,8205,5999,10326,8161,2380,1700,11357,12680,8562,1598,9693,6899,8590,3539,12026,12541,3171,2882,12689,6338,4090,9671,13101,732,11927,6326"
22428,"1290,5135,7120,10663,6243,9962,2885,12030,9234,9438,5875,4929,5303,11998,9837,3992,4111,9799,661,8445,3539,1938,4608,9328,4576,4623,11235,8700,682,6220"
22449,"1290,1244,5485,6971,6243,1598,2370,2990,13101,10326,4281,6445,3992,11521,10663,12497,2380,11784,6590,12539,8043,11775,10607,9619,11450,362,10389,9733,2555,7723"
22452,"11282,9668,6283,5199,4101,2970,5999,5482,6276,3115,8035,150,851,12104,8452,2140,11751,1788,12331,8405,10625,1427,4915,6719,8180,10326,13350,2588,6515,4615"
22460,"2140,6515,10326,85,1244,7637,5966,12738,3697,296,577,10381,2343,12757,4602,2380,7197,12156,4377,720,6311,7901,1400,8605,7900,8562,3438,11143,12767,4521"
22467,"1290,7120,789,12497,2140,9072,4929,9799,12663,196,89,6515,12207,10462,1305,9962,13024,6418,976,5422,6069,2353,10607,4028,1133,1972,5313,11969,6243,10679"
22480,"5303,6971,5819,2789,10835,11630,11292,10097,1269,10132,2286,13346,2361,12035,7269,5573,976,11626,4262,2567,8485,3573,462,9360,786,10063,3313,8205,8124,2131"
22481,"2140,8922,10336,12474,9799,9405,8302,4053,9962,89,11246,9866,789,11530,6322,8627,5555,4056,3699,10684,4698,6633,11789,13238,5610,13116,4163,8483,10481,12578"
22484,"1290,10663,7120,4929,6243,12497,1244,6971,789,8205,10607,1912,5135,9962,8235,8567,2273,2916,4153,7515,13101,1779,3591,13346,4602,296,11288,5966,6097,3055"
22489,"1290,6971,5999,2218,10663,2291,9962,8675,7817,11282,8922,8402,8567,12097,1726,9733,2910,12418,9002,1784,8452,7364,10678,434,5623,12611,1554,13191,11386,7678"
22502,"1290,7120,4929,10663,789,6243,12497,4576,5573,6220,4083,11384,10389,5135,8567,6338,13101,12995,7948,11396,12705,4387,2092,2608,9880,12776,6787,2988,2736,3829"
22510,"10326,8562,8421,8254,12990,6610,3238,1776,4947,8590,1891,3875,9604,10916,2238,13138,11960,4974,8820,5303,11023,9877,8277,5549,1358,949,12081,4277,143,1244"
22511,"10147,10002,1299,7120,1077,3060,9684,7706,10546,8922,4267,10670,7579,11794,9438,12680,5854,6471,9881,9771,1700,7624,11766,4199,6637,1100,385,5999,11626,13101"
22514,"8235,8421,6971,4101,519,12026,9164,1378,10581,4387,6610,4914,3112,3998,13114,11960,9132,10529,11198,5303,7526,11299,83,7994,2391,6513,3695,4609,6524,969"
22520,"12813,6971,5303,11384,6166,11784,9880,13138,12837,6395,9671,12945,12990,12668,9178,300,12026,12606,4278,303,12030,4947,9511,6329,2199,3437,12308,12875,5240,7717"
22546,"9799,789,12404,4482,10340,13296,10462,10607,484,9938,2885,5422,5199,7305,6925,5303,6418,823,9438,1005,10834,12385,2777,13309,7005,13120,455,8765,7639,6905"
22551,"6971,5557,11784,5966,1662,8235,992,8452,2863,12928,6280,4413,13296,12944,4007,3055,905,11871,4053,7639,8798,3054,5545,11282,11336,5646,2583,1724,353,1996"
22582,"1290,10663,4929,12497,7120,9909,7471,2140,2916,2671,8608,10644,6243,1779,4413,4315,10393,10530,8399,8567,1426,7829,1132,10441,2587,7637,13112,6264,6270,7312"
22595,"5303,6166,4277,6220,12606,2238,1180,1244,8703,3770,3591,9938,7723,6971,2885,5124,10094,6032,1912,5482,11667,12383,331,9744,680,316,6925,9405,12944,10326"
22597,"1290,4929,10137,4798,11540,1912,8922,11809,4387,3737,9744,9699,1598,5819,11775,2957,316,3950,1286,3088,7063,12497,1269,6534,2916,13058,4043,12181,12208,4277"
22605,"6971,228,11935,2218,9303,7063,9038,12026,8134,11282,3822,3127,9937,519,6960,5433,11789,4611,9979,12104,2140,1640,9809,4998,999,5105,6978,760,11262,4467"
22618,"2238,6610,7983,7175,9455,3875,4535,10067,4101,11713,7692,13267,9854,6169,2803,12230,4059,11180,7551,3947,6423,5325,3238,12789,6591,9755,13073,10407,10837,9825"
22641,"5135,5303,789,10663,9799,6971,12030,1290,9684,5810,11330,6351,4576,2665,3779,13097,2469,12561,9794,4865,12309,8256,9662,1634,5647,10302,10394,4822,3380,8018"
22645,"9799,2380,8590,7578,1747,10674,3697,3565,6971,2140,7120,10394,3266,4777,13024,4303,337,1483,12030,10687,10125,10226,1726,4273,7953,5810,12869,2220,3143,2185"
22660,"8922,1286,9072,7707,1750,4163,10736,1269,9516,8505,1439,3296,8096,2993,6022,2353,9699,873,8110,3704,3088,5819,1429,286,1299,13429,6220,12944,6668,11491"
22666,"1290,7120,2218,331,5303,10607,10137,4576,13101,9746,1244,8421,2990,6243,11540,2916,10963,5573,12730,11626,6515,2789,296,4646,1433,6971,4101,9295,8590,10378"
22674,"7120,4929,6243,9962,789,5135,8567,13101,12497,3697,5573,2916,4277,1779,4576,9405,10648,7578,13309,11298,6220,12869,8590,1244,10336,10607,4139,11289,5008,1466"
22678,"6971,6220,7471,6166,6892,4525,13110,13296,350,6956,2591,12606,5926,7983,7519,2841,8299,11871,12860,1220,3061,9443,90,9170,3088,1928,2050,11475,5486,12157"
22697,"1290,2916,6971,2140,6243,811,4929,8421,12455,9960,2373,1634,8590,8869,10758,10661,4513,11143,8053,2847,296,11020,12990,5549,1400,2483,411,8724,6688,7029"
22698,"1290,12030,8922,12662,10663,5008,6243,6962,4387,3055,12404,2957,5545,11540,4717,11845,3364,5557,2789,848,1254,12497,2732,1704,6322,4315,2990,6462,8146,11890"
22705,"1996,4101,3909,5199,4798,9580,7802,825,5819,11871,8413,13320,8657,2736,12669,11774,8205,2489,9971,184,13284,7673,1153,5351,1977,5799,8733,521,12249,3458"
22710,"10663,1290,4929,1244,5031,7120,6243,3697,6081,2916,4277,810,6288,11115,4024,12440,275,7901,1811,5261,1704,9799,8875,85,3962,7608,12632,9448,3606,2339"
22714,"1290,789,4929,7120,5135,4576,296,6971,8567,11775,7063,10663,2916,11626,13309,9962,12497,12943,10674,2392,6243,3070,4777,3641,454,4083,8594,13185,4613,7317"
22715,"1290,6243,9072,789,2140,2916,6515,12680,7120,6576,8590,5135,10137,10674,9799,9962,2847,4414,8632,10607,9960,10622,740,7770,8714,2380,897,3085,2264,13152"
22720,"6971,1290,12665,2140,8161,1244,9405,8567,5608,13296,2218,2862,5497,10674,3644,11468,3115,7578,5485,8505,5926,12606,9810,1349,6910,9970,10678,5303,4698,2584"
22734,"2218,1220,9668,6166,2789,9580,1747,6280,2440,5239,791,1273,4413,385,8472,4321,11766,5555,3055,9942,5722,8035,2449,5269,2344,11187,6312,1022,4322,2260"
22735,"8922,10326,2220,8288,11651,2769,1532,7471,4323,11223,8445,1100,9286,5264,37,2519,9409,3306,9846,12404,10947,3540,5353,10516,13073,1427,11475,4707,682,1868"
22736,"9865,8922,1100,6269,11751,4163,7471,6097,9515,8445,8413,12565,331,3045,4865,11844,3866,8618,9758,13257,4479,8658,10213,1856,1795,9356,6166,8478,3655,5303"
22747,"6971,5610,4053,2218,6892,5495,2140,11191,13110,11969,5926,11871,7707,12857,5608,121,7998,4007,4625,10792,11282,12543,926,13413,228,4745,4326,7020,345,4949"
22748,"1290,7120,12030,6243,2380,2885,8590,5303,5570,4929,4286,11994,5135,6220,789,1977,10712,1819,4341,48,296,364,851,7063,12497,3379,10326,10134,12561,2585"
22759,"1290,11384,7120,4576,296,9799,2670,2841,10608,9454,4929,4482,12477,3088,7867,9317,2799,13297,3697,3406,10322,6770,7059,7707,12767,13359,8561,9932,2834,9504"
22761,"8235,8590,9405,3122,12680,8575,1299,8922,6971,2343,3990,12835,13413,10963,6489,1558,8421,12727,3060,2559,1077,177,8483,345,6962,331,2124,2616,8562,11770"
22774,"2916,2291,823,4413,7609,7120,5819,3,7662,9515,3770,2218,9072,2661,6371,10137,10326,8472,2327,420,2411,12070,5721,9309,11195,1996,4798,8325,2812,6433"
22783,"1290,4929,789,2140,10607,1180,3643,10663,11969,296,2199,2453,5485,12990,12813,1169,9888,9463,6790,9369,4111,1210,4286,1554,8567,11190,3828,1243,3697,6795"
22830,"10326,2916,3737,2199,6107,7856,8254,851,2020,5280,5723,10792,375,10147,12749,10425,2391,1543,1218,315,8984,10704,1156,12455,13273,11111,6166,254,12250,4970"
22831,"7120,4929,789,10663,4277,12497,4576,11384,6243,11540,773,8235,331,296,9937,8593,1977,5135,4101,13355,13245,9600,4664,2990,9385,5959,621,4777,5803,5914"
22846,"782,8575,10326,6610,5351,1634,8562,2165,6925,13367,12603,5292,6032,1180,2238,10778,8277,2769,12740,2559,9970,5756,8530,820,1244,9110,12681,10214,921,7855"
22850,"8922,2910,2559,6576,6982,9405,4698,5610,1210,4388,12869,9998,4053,9115,9157,1420,11591,7020,3122,12026,8810,3886,12268,1633,9565,2038,2895,9865,11470,933"
22883,"9962,6283,2218,2291,10835,6515,5700,2654,9002,8268,10674,6166,10124,5573,9178,3515,6956,13281,4615,2106,9942,1634,5790,3317,12944,6115,10412,4706,9765,9836"
22887,"13101,10663,4101,8205,8590,6899,1640,2218,6302,11377,9405,6971,6204,9668,7715,8351,11261,4695,6589,732,6194,6524,12021,2440,773,2140,6641,7024,6588,7802"
22893,"6971,10326,5999,4602,9580,4322,9671,8205,1598,3085,5482,8562,8452,13350,2238,5532,10124,4277,8359,4877,10506,6283,9348,6089,8161,12875,2990,11994,11688,2007"
22905,"4929,4387,10663,8161,6326,1290,1286,4827,1603,9309,8562,1634,274,2157,8421,1927,6220,1532,1659,2140,132,3840,438,6348,3106,10124,404,611,4735,5651"
22923,"1290,10663,7120,5135,789,2343,10000,4929,13211,3770,769,3950,10429,12334,2140,10113,601,7839,4865,8635,157,10147,9909,4413,10607,10489,9995,3240,1776,10593"
22956,"6971,8235,8922,1286,3306,1299,3620,992,6022,7558,9786,4199,12004,2630,12030,6213,1634,12435,11818,8505,1883,7736,11843,7845,6420,1885,8703,10160,9455,8534"
22964,"8452,4024,9087,12738,12404,4101,8201,1996,1012,13381,7637,6971,2291,13324,1220,12471,3790,10825,6326,1062,3787,2671,13407,1424,5061,9410,6757,6354,12230,6805"
22972,"5135,9799,9962,12404,12030,9942,789,5303,3055,4413,2885,837,544,2260,12663,6811,7553,11403,1864,13309,12331,7637,3697,70,6846,3515,10126,6746,4454,11949"
22985,"9799,8922,9072,2140,9962,789,12663,1972,3909,6878,1225,8235,1851,6515,9866,196,10622,5422,1305,7707,2183,4414,9470,1378,8413,12806,9046,6418,9690,8123"
23011,"5819,5008,13072,4777,12758,8922,6385,13309,10674,11939,3295,8373,12578,2228,5214,1836,4127,6420,10594,10138,3071,10406,5191,309,3697,8642,6322,6971,1851,9470"
23027,"8235,5999,12026,331,9799,8421,2670,5835,4101,12104,10963,6971,11357,11282,796,11843,5532,3055,11281,13374,519,7964,7590,12990,8590,12723,1397,5537,7462,538"
23036,"8235,1100,4865,2990,8413,11540,9580,5128,331,5835,8478,5066,1397,9729,2808,5264,1598,4345,2499,8510,589,9937,12208,4508,2251,1084,8116,8922,8200,6097"
23038,"1290,9962,6243,4929,789,5135,10663,4387,12497,7120,7063,12026,13309,3697,2916,13249,6220,8567,12779,7759,11298,5018,2518,1700,3698,11692,3412,11949,3055,4024"
23046,"10326,11384,789,6971,1305,5303,9668,6166,9799,12990,9937,5135,9880,11403,9962,11190,8343,8820,12857,10778,12359,959,4262,12167,5621,1812,13284,8359,2648,2019"
23051,"2291,2149,2218,9733,7817,2764,5999,10378,1156,7120,1290,2770,5135,5272,8675,6604,1421,9002,2199,1996,331,335,5734,9511,6457,11786,1496,6774,10756,10670"
23057,"6971,8922,6166,2158,7653,8106,8562,8590,1726,12578,12990,7489,1891,1695,10674,6482,1429,10778,12531,2769,9668,9347,4497,6456,4109,3796,5238,4065,2631,11146"
23062,"6971,1634,10326,789,4153,1180,3002,13309,9405,803,8590,7049,8716,12547,820,12985,5681,4181,8254,2769,10995,3412,3138,8554,10661,8575,8421,418,634,6925"
23069,"1290,789,5135,4929,6220,10663,7120,5025,9962,2199,4798,12758,5573,3539,12030,3950,4576,9306,3766,11775,6243,10755,4083,9365,1988,4224,1779,13309,1524,8620"
23078,"7120,1290,2140,11384,4929,9937,3697,5972,8986,2343,13101,296,4277,7578,260,12529,7637,12691,9303,10336,12352,5976,10792,789,2321,11921,7030,2885,1242,3064"
23113,"10663,4929,2670,7120,5999,7964,1290,1408,8318,6962,4388,3805,4695,11717,4024,6667,10147,4996,11581,9305,12230,11289,4101,12738,8810,1012,11452,11357,5307,2553"
23121,"1290,6971,9962,4929,789,8922,13309,2916,7120,7590,2905,10648,13114,11626,10336,8632,8567,10147,3515,286,4109,9072,6960,2529,179,3950,394,8731,10835,12455"
23123,"1290,8421,10663,4929,6220,4798,7471,12026,9580,11884,5573,6899,1912,10916,8567,10441,1779,5907,12497,4602,1700,1664,6005,5213,10648,6659,8608,12357,8668,2670"
23136,"5819,6220,3539,6971,3950,5008,3296,12665,2762,12944,6283,2291,8413,10434,2990,5946,10674,4315,383,13067,11558,2870,4139,2075,8225,3796,11508,10736,7044,8452"
23138,"1290,7120,10663,12497,6971,8486,2440,5555,6020,4664,5142,4036,7094,13426,2903,9438,6032,13309,6925,5808,3960,9937,1912,13283,11931,6628,9707,6322,2541,5033"
23140,"2218,6515,3115,12497,6638,5608,9668,13101,8053,4921,3697,7120,6818,5573,9511,7679,8505,411,9771,2140,11367,2789,1400,10021,2555,12361,6676,9379,2815,4101"
23170,"12665,6220,7471,5573,3071,6418,9937,5110,5485,8684,2506,8161,4698,2736,10058,8575,12705,3591,7578,851,10816,1912,10462,1554,11190,6270,4293,3560,3127,12906"
23173,"8590,12990,7590,2020,12104,10663,2380,10434,13114,9115,10147,10566,4315,13101,5999,7027,6359,3799,3950,6610,11784,2140,3019,5135,13152,3296,8922,10932,1978,6688"
23179,"2218,9668,5999,1532,4101,11272,7,10127,4322,2344,9948,1856,1787,3875,11871,5143,5199,6920,1517,1904,9580,11160,10798,4924,8318,4718,13336,4221,11917,10124"
23196,"6220,8590,9799,7578,2140,7706,1977,6971,13214,9937,3697,4664,12389,9101,1220,10415,13409,5135,2380,10451,6382,83,11141,8177,12622,3480,11891,9303,10442,773"
23199,"5303,6971,5135,9799,544,10340,1996,789,9794,2571,1378,7154,5467,331,3875,1746,11495,6712,11288,12449,4865,10529,4052,12334,3380,8418,4215,9613,9684,7529"
23216,"6971,5303,6166,2158,9295,2762,7835,3737,5668,2847,7029,2108,8371,5549,8421,3505,727,6005,3833,9968,4947,275,2582,1286,7138,3391,12813,12981,11721,839"
23226,"1290,4929,2916,8421,5303,6395,9295,12990,8922,9962,13290,296,8567,377,12813,4613,5338,13114,3737,8330,10648,4947,7642,770,3643,789,10027,2089,4387,12940"
23233,"6971,4277,5303,2220,8590,7856,1726,6854,4387,11384,3737,3539,1408,275,10326,2769,2764,5420,12081,6166,3703,12779,12030,2582,12368,3306,12990,11818,7489,8820"
23253,"5610,8922,6982,8421,12757,8483,6322,2293,4388,8530,4111,12268,6099,2910,6610,11221,8562,4127,8757,128,2338,1836,8221,11413,953,9044,10153,7776,9886,3577"
23281,"1290,8590,12497,8421,6243,10663,12026,13101,3670,2467,11540,4437,7120,11775,851,8567,5573,2199,11764,4387,4101,869,1223,4929,10241,4777,560,4413,2524,1959"
