user_id,item_id
12,"10326,4277,2140,8421,2218,9072,851,6220,12990,5025,5303,4974,811,1978,11000,1017,9938,5485,717,11843,6433,9340,13296,7197,11969,10039,6971,10916,4679,9455"
14,"7637,2020,10332,6166,4205,11733,4698,9668,13228,12663,5149,4101,9937,6971,8981,2847,9799,7344,7713,5342,5133,12030,5549,1290,5966,9954,1487,2140,9564,11292"
17,"13111,6952,10221,8540,5027,13383,5105,6060,6150,10441,4256,2770,1810,3844,3652,3960,5760,8911,10352,1101,9482,1516,10974,10107,6425,9375,5776,1521,1796,4609"
21,"2218,6220,4277,6971,8421,2140,4798,811,10326,9580,5485,13296,9072,10916,8562,717,11000,5999,12990,1017,2380,12404,9341,12857,9938,3766,11384,12793,992,6326"
44,"4576,10607,11298,1290,5135,11024,4036,4664,7120,83,9732,8714,1779,1851,12903,6610,11775,10674,10137,8475,10648,10389,789,9962,12995,12869,2957,9730,8650,3570"
55,"6220,2218,6971,5303,13296,2140,8562,5545,10326,220,1598,9942,4413,3950,3055,7707,8421,13310,4798,3870,275,7063,12990,4277,13110,11384,89,7558,8018,8590"
56,"6971,8922,5303,8235,5999,12026,1290,8590,10835,2789,4798,6220,2140,2343,3055,7578,3950,2218,8562,13296,2990,5199,9799,3909,12757,7120,8421,4947,5532,7138"
58,"4679,8421,4277,2140,5303,2218,10326,9580,11000,6971,10916,7063,12990,11843,851,9234,7197,717,6220,13296,331,837,11282,1776,8161,2158,9340,4974,9072,4798"
59,"6220,2140,13296,2218,3870,5545,8562,5303,6971,10326,12990,8590,275,4277,8421,4798,7063,9942,7707,12404,9072,11384,544,13110,7138,5386,12665,1598,3950,11969"
79,"6971,2140,8562,2218,5999,3055,5303,10326,7063,8590,12990,6220,13296,4798,5532,2343,220,11384,8922,3950,4332,4117,10916,12793,11000,9455,12026,8421,10835,8235"
81,"7120,1290,8590,6220,2789,2140,10326,8922,89,2218,13296,3950,9799,6971,8421,8205,10124,9072,1598,4929,5303,1244,9449,7024,8235,4413,9942,4430,2990,6962"
85,"2285,4414,1254,2216,7725,5304,8454,2218,7792,11615,5495,3870,9365,12470,12842,9942,8188,8607,3428,11326,7917,2727,7558,434,8028,58,782,9226,7840,9325"
92,"10607,4576,11298,5135,11024,6610,10389,4024,789,1290,4664,11775,9962,1851,10137,10648,296,13370,8714,12903,2989,7120,1779,9730,5672,544,12869,4036,83,3070"
97,"2218,6971,8235,6220,2140,3950,3055,5303,8590,8562,8922,7723,10326,9799,13296,4413,4798,3870,8421,10835,220,1598,5545,5999,3340,6418,2990,11540,12990,4602"
100,"12404,8421,811,9072,7197,4798,2218,6433,646,5999,13257,2140,9340,6971,13346,4277,5303,220,9341,7232,12385,11384,10608,11000,7802,275,2990,1996,2411,12857"
112,"2285,9903,12470,10206,5495,9341,3314,1323,8607,11969,11001,2135,2290,8885,1383,12249,808,11010,13431,9519,1017,6023,8779,3275,1915,10736,2791,9794,4051,9495"
122,"851,331,4277,2140,10326,1776,4798,12990,11843,9580,1180,6971,11282,4974,5303,8161,10916,7833,837,10138,9072,8590,12385,7197,5025,6515,12857,6326,12875,811"
133,"6060,1101,5760,4641,4256,2975,5105,9375,5249,4569,5027,6082,2268,13111,4713,13383,9817,9516,10974,2769,3464,12470,8540,6952,6402,6659,6425,3960,11771,10441"
141,"9564,10429,1290,7706,6220,589,5149,3487,7707,5976,7723,13296,8302,6971,1863,9083,1487,9799,7637,8981,7120,2327,4413,4250,11615,6697,5962,1983,9689,11117"
144,"1558,4216,4163,2957,10674,8342,3722,4688,1851,10102,8629,8810,420,2095,8057,8650,1290,4218,778,83,12615,9732,6034,7971,5532,5866,8714,12808,544,11020"
149,"3464,2709,4216,247,2769,10102,2920,6201,7679,420,10685,12094,10674,83,9854,4163,12096,10687,12615,1851,11771,1213,1558,13431,9732,2957,6011,3314,5105,6659"
153,"2343,1210,9693,6220,9341,2218,4277,9072,1978,717,8421,6638,3950,3428,9455,5199,9340,1017,11000,10039,13296,10326,5532,5303,5545,810,6971,8279,1478,2537"
166,"10732,162,4935,11546,7496,10974,173,10739,4198,5137,1636,8257,6640,7517,9644,2026,2936,7220,7721,5504,5901,7047,2263,2299,6150,12054,612,7982,4465,4619"
220,"2789,6220,6971,2218,5999,5303,8235,8421,4798,3055,2140,4277,220,2343,6326,4117,10326,13296,2567,6638,1978,8922,9072,3992,8562,4602,2380,12990,10835,9580"
231,"2789,4117,5495,3950,6220,9449,2218,12470,2905,2343,4388,4266,796,10835,11751,4602,11010,5502,5532,7723,2771,11282,5999,11000,9455,5545,7867,5199,479,8221"
262,"6971,1290,5135,7120,3697,8608,9295,12497,9671,4388,8922,2571,1400,12030,3539,8482,7553,4688,5532,6846,8862,1977,6026,8342,10326,9132,9799,10466,4184,9405"
274,"6220,2218,6971,13296,8562,5199,12026,5485,10835,275,1220,2343,2380,4414,5999,2140,9942,5545,3055,12680,13310,544,9693,11969,7063,3870,4277,13375,7707,89"
277,"6971,6220,5303,8235,8922,1290,12680,13296,12026,9799,2140,2218,3055,2343,10835,2789,8590,2380,9937,8562,89,4698,4277,5199,6962,2238,12858,6418,3909,7120"
281,"4163,2957,4216,1558,10674,1290,83,8342,1851,10102,420,4688,9960,13024,9732,9295,5142,7120,8475,9671,8650,5135,10607,12615,3722,11020,3570,6811,8629,10464"
291,"9938,2218,10326,7835,1017,10658,7802,2789,11000,9942,992,4688,36,1182,2140,11784,9072,6418,652,7253,5485,9675,3416,2158,9178,1598,2905,4216,11467,11540"
300,"6220,2218,7707,13296,4277,2140,9341,1210,13110,2380,8421,5303,3428,6971,9072,11969,1978,5485,9942,544,13310,12665,4798,9600,3870,275,12404,8562,6433,1017"
310,"2140,2905,8421,4798,2218,3950,10916,4679,811,11000,12857,7063,12793,1017,6326,13249,5303,220,9341,12990,10326,11384,11843,3035,5025,6433,9309,3992,6220,13310"
332,"8590,3950,2140,10326,6220,2789,9799,13296,8922,1290,2218,4413,8421,8235,1598,8205,6971,7120,5303,89,4430,7707,5545,9449,7024,9942,2990,10124,11540,11843"
344,"10326,2140,6971,8421,5303,4798,851,12990,4277,9072,8590,331,5999,2218,10916,12857,11384,9580,6433,5025,811,275,11843,1912,6751,1017,5485,1776,11540,8161"
359,"1290,7120,10663,6243,4929,296,2916,10607,789,4036,4576,1244,8567,1779,12497,2784,9962,3697,89,8302,5135,7758,11992,11117,5142,6610,13309,4387,6220,10648"
380,"5532,4117,5495,5999,3950,12470,2343,2218,8279,5199,9072,1978,8505,13112,3055,646,9455,11000,5866,10835,11406,10326,4118,6220,3340,3577,8562,6834,11969,4853"
386,"6220,3870,13296,13110,9942,8421,4414,2218,12990,4277,11751,4798,3950,9455,5502,9341,13310,11969,7723,6141,2140,3428,11010,2789,10326,8562,11843,4007,7707,1210"
426,"8235,6220,3950,5199,10835,931,2218,3870,4413,5545,3992,2343,2903,8562,5524,13346,3799,13296,1598,5999,220,89,11289,7024,3428,2789,3055,4199,8413,8333"
436,"6220,6971,13296,4277,2380,2140,13310,7063,4679,12680,5545,12026,8421,560,8562,4798,4865,275,9937,10916,5485,2238,9580,12990,7707,9799,11384,12757,9072,789"
453,"5524,64,5545,4602,4256,8293,3799,5875,3950,8235,3509,3870,3992,11931,3428,9365,6402,8333,12029,7024,10431,13110,9942,10537,11029,12550,1432,11800,10224,2164"
461,"7120,789,4929,9962,13309,10663,12497,10336,3697,6243,2916,9866,296,13101,8567,4777,1400,6971,4387,6811,1244,1977,12030,10712,7817,5573,10147,10607,9837,3323"
464,"1017,9341,12859,2290,3314,6023,12156,350,5155,10154,5714,11001,2285,4765,11969,808,77,2897,9258,769,992,811,12249,7729,2135,2394,1323,6433,8361,6849"
473,"2975,2299,4644,4465,808,7729,215,10732,9917,989,8885,2026,8361,7332,5248,10206,9903,3774,5996,13110,9258,2897,8257,6150,11449,2436,1017,7689,7922,6487"
481,"4277,6220,9072,11969,1290,10326,992,13296,8590,8421,1017,6971,9938,2218,5303,2140,5545,1210,1978,4664,2343,7707,789,9341,10674,5485,12665,9942,12404,9340"
490,"5545,11969,2218,6220,13110,1017,9942,9341,1978,544,3428,350,7707,13310,4277,13306,9072,6433,1210,992,13296,811,12665,11010,8188,9938,652,10326,9178,8071"
494,"6220,2218,8235,6971,8562,2343,13296,5303,2140,9799,10835,8590,3950,11540,4413,7707,7983,5532,89,5999,9072,3055,1290,3870,5199,5545,7723,4430,10326,2380"
497,"5135,1290,789,11298,9962,10389,4664,7120,544,4576,6610,10607,2989,11024,10336,13431,1779,10137,10674,12903,11775,13370,9866,9732,4890,12096,10648,8475,3427,13309"
510,"5545,11969,13110,12470,3428,1210,2343,6220,9942,13306,8188,64,13112,9341,3799,13375,2290,1383,7729,1978,5495,12085,8885,9455,1323,2218,5996,534,3509,2135"
511,"851,10326,331,2140,1180,8421,11282,1996,12156,8161,4798,9309,9473,12990,7833,1776,10608,5214,6971,9580,1634,6899,12857,6141,6751,11843,6515,1223,5999,10916"
512,"13431,2989,9732,12096,3238,11298,10206,3464,7279,1851,3222,12995,11024,83,4024,2709,10389,4545,10607,7864,8185,7679,11532,10137,290,7262,8589,11728,2769,9730"
524,"4216,83,4163,2957,1851,1558,420,11020,9732,10102,9960,10674,10687,13024,12615,5467,3570,8475,4688,2709,6960,8650,13431,11298,7679,3722,12808,8284,11938,5135"
525,"1210,13112,9341,11455,4277,943,5199,3428,12470,12085,9455,8421,761,9072,2290,9693,7197,2218,811,11969,5495,10063,2285,6300,1978,11010,1426,11001,4974,9846"
545,"8421,331,1180,8161,4277,9580,1776,2140,10326,4798,11282,7833,10916,4974,11843,12990,12857,6971,5303,1912,1996,6128,7197,345,6515,837,5025,10594,10138,9309"
560,"8421,6220,10326,1210,1978,350,12990,7197,9072,2140,4798,4679,1017,992,11969,5303,13296,851,331,1328,717,10916,4974,5545,9938,11843,2218,4453,9580,11455"
564,"9341,4277,2218,1210,544,8421,769,11010,11455,11969,943,12404,10326,717,992,6220,811,3766,5485,9072,2285,1017,1826,9340,4974,10568,9938,851,2140,2394"
566,"7707,5545,2218,6220,3870,9942,5495,13110,1323,2327,11615,7792,13296,8188,5485,4414,9365,12842,5502,8454,2140,8607,3428,8681,7087,9729,6925,12470,12606,5386"
568,"6220,1978,9341,3428,4277,11969,1017,5545,9942,1210,13110,5199,9455,2218,8421,4798,10835,13296,11010,12990,6433,2343,11751,11000,9226,8279,11455,3950,13306,9600"
570,"5976,12723,589,1156,2140,8235,13296,7707,2327,2218,7619,8590,7383,9748,10429,7706,9083,5545,3542,1863,12606,6220,6971,9564,1983,5303,13377,5819,9570,6697"
573,"7197,4277,4492,9234,10916,4025,4679,4694,3112,4755,8421,3781,11384,12404,811,717,11969,331,3902,2411,12990,9455,4798,275,4974,12085,8819,3428,217,13375"
594,"2218,9341,6220,11751,6433,2789,11969,10326,5485,2140,1017,1598,7558,220,11010,9072,6418,9942,3428,3870,8562,9455,3340,8421,4798,3055,13110,13310,5545,3950"
601,"6220,2140,5545,13296,10326,2218,8562,544,9942,8590,11969,3870,12990,8421,7707,6971,9072,12606,5485,7558,4277,5495,811,13110,5303,1323,275,2343,1978,4414"
605,"5999,4053,4117,11357,1408,785,1788,3055,9504,2571,4798,11572,6971,11726,220,7578,13058,3950,3340,10916,1996,1700,7547,4459,2822,11712,10778,8562,6092,10835"
641,"2343,6220,2218,9693,5199,4277,3950,13296,9455,1210,11969,10835,9942,1978,3870,3799,3428,8421,9072,796,8562,6971,10063,4798,5532,13110,8279,2140,2537,9341"
650,"6220,5545,9942,3428,4277,2218,13110,1978,13296,11969,2140,8421,5485,7707,1210,4414,811,9455,9072,4798,10326,544,9341,1598,9178,8562,350,1017,12990,7558"
675,"2218,9942,6220,5545,3870,13296,8188,8607,7723,13110,7707,6433,12470,9072,5495,3428,4608,11969,7558,7802,5485,4946,7792,3509,1598,8562,8454,9800,11540,3871"
677,"9405,1290,3697,7120,789,9962,11117,13309,9671,11088,12030,11651,1977,6811,8302,2885,12497,2784,4387,1750,9646,633,6971,11243,10663,13101,4777,9295,10336,3539"
679,"2140,5303,2218,10326,4277,6220,8421,9072,11384,5485,1634,992,12990,811,12857,8562,4679,6971,13296,9938,7197,7707,717,4798,11000,9309,9580,10916,7835,9340"
683,"6220,11969,9341,2218,5545,3428,1210,13110,9942,1017,11010,13306,1978,9455,9600,2343,4277,9729,6433,652,13296,9072,10326,3870,8421,7558,3950,4602,1598,10661"
687,"8421,10326,12990,9072,851,6220,4798,11969,2140,9341,6433,1978,331,1017,7197,11843,13296,1210,6971,8590,1776,811,10916,1290,11010,9455,717,4974,9938,9580"
705,"7063,5303,2140,4679,4277,2218,9340,11384,12404,6971,275,992,9072,9771,8421,7138,10916,797,10326,9178,1912,5025,811,12990,9306,4798,13296,4877,8590,6220"
708,"1290,7120,10663,296,2916,10607,12497,4576,1244,6243,6610,3697,5135,8590,10389,789,1779,10137,13309,4664,6971,8567,9962,11298,3070,10648,4036,10674,9295,11024"
712,"2140,2218,10326,10608,2380,5303,9799,6971,8022,9454,4413,6515,5485,9771,7063,11540,7707,10506,8452,10792,5025,8562,5819,6433,4321,12758,6166,10241,9072,8590"
715,"2218,7063,4679,11000,8452,220,10326,2169,811,8421,8806,13310,9340,9178,6433,12404,5819,2140,4974,9341,7558,9115,5610,9234,4322,4277,11010,2158,16,9093"
728,"6610,10607,4576,1290,11298,5135,11969,11775,544,11024,13370,10674,789,10389,9962,12869,2989,9732,1851,10648,8714,7120,1779,12903,12096,3570,10137,5672,6591,83"
743,"13112,12470,2343,5545,3799,9942,5495,3428,1978,8188,1323,13306,6220,5199,2903,1210,5866,8279,11969,7707,64,5532,2218,13110,3509,3870,9693,12606,3950,9800"
753,"6220,9729,1210,5545,2218,9341,1478,3428,7723,1383,13110,3870,11010,7707,9455,9942,13296,5199,9600,8188,9226,13306,2343,931,10326,3950,9637,11969,11751,10039"
757,"10326,2140,8421,2218,6971,6433,6220,4798,4277,851,9072,7723,13296,5485,11751,9799,9341,3055,11843,5303,8590,6418,11010,11282,2789,3870,11969,331,1017,811"
768,"3950,6220,2218,3870,3428,3992,8562,8413,220,5545,9942,4602,11622,5610,2140,1978,10835,13346,9365,4798,9729,4414,9455,8235,13110,5199,1598,3340,13296,11326"
797,"13112,4008,1323,12470,8830,7899,5495,6640,5027,64,5532,12397,4602,8885,1151,3340,8505,4118,8853,4117,11449,9817,3799,8450,4416,3509,2343,8279,3992,8156"
813,"7637,8703,4205,12663,2020,4698,2847,5149,10332,13228,9564,6166,7713,9937,7344,5966,8981,5342,5631,5133,9799,12996,6043,1078,11733,9668,6938,6474,1487,589"
832,"2218,7707,5485,9942,6220,544,13296,5545,10674,10102,9072,11969,4664,10429,2140,6610,1290,7792,11298,769,1779,6971,11024,2327,420,8650,8607,10326,3487,789"
833,"3428,5545,13110,6220,13310,12606,7707,9942,4414,1254,9600,3870,4256,1978,13296,2255,3799,3992,1210,8293,64,2218,8562,7900,11800,10205,8188,9365,4277,1225"
844,"5495,10429,1863,5976,12606,7707,12470,8028,11103,2327,7706,9336,2343,5545,13191,8188,3799,11403,8235,6220,3542,2497,3467,12550,12058,779,9179,9786,10023,9570"
858,"8421,4277,331,851,10326,12990,2140,11843,1776,4974,4798,7197,9072,9341,7833,11010,13296,1180,811,350,8590,9580,6971,6433,4229,11282,1210,1290,837,5485"
874,"2218,6220,10326,2140,8421,5303,4413,4277,13296,5485,6971,5545,4798,9072,1598,2789,11000,9799,3950,12990,2380,1017,6433,9942,5025,3870,11843,7707,9580,811"
875,"9942,3428,6220,4277,11969,10326,9072,2218,9341,5485,1017,1978,811,544,8421,1210,9455,13296,2140,13110,992,7197,9938,5545,652,12990,717,9178,12404,7558"
892,"6220,8562,8235,2140,4698,9937,4413,8413,7707,5303,11751,9799,1598,13296,6971,2218,6418,4430,2380,5545,3950,7063,3870,8922,7558,12793,7723,3055,7715,4414"
897,"6220,2218,3950,3992,220,3428,5545,9942,4602,8018,8235,2789,1598,13110,7707,8562,1978,4413,3870,13296,8413,2343,2990,3509,10835,7723,64,5999,11784,13310"
912,"1290,8590,2140,6971,2218,13296,6220,7120,10326,5303,8922,9072,544,9799,9942,7707,7723,5545,89,8235,5485,4413,11969,3870,275,13403,7983,12665,3055,8562"
924,"6220,7707,5545,13296,2218,10429,9942,8590,12606,1863,5976,89,2327,2140,3487,12665,544,7706,7619,1290,589,7792,8235,4576,3870,4430,12723,8562,5303,2343"
926,"6220,7707,5545,2218,9942,13296,13310,10429,12606,13110,7706,2327,7792,3487,3428,3870,7383,5386,8188,4414,1165,779,9600,12058,89,5976,7619,11969,11615,1863"
933,"5545,6220,2218,11969,2343,9942,544,13110,13296,1978,3870,1323,8607,5495,1017,9341,9072,7558,8562,9455,1210,3428,8188,7707,6433,12470,11010,5866,12606,10326"
944,"7723,9799,6220,11751,9729,2218,3888,2789,2380,7707,10082,931,454,3870,11784,1478,1598,5545,4414,13296,8413,8235,4698,8707,4602,9937,11622,10835,2140,6971"
951,"6971,5303,5199,5999,3909,6638,2380,2140,8421,5532,7578,2343,4798,10835,4266,6515,3055,12026,1290,4277,4117,8562,1100,13346,12680,8590,13296,2218,8235,11282"
974,"6220,7707,2218,9942,5545,7792,8188,3870,12606,13296,544,1598,13110,8607,7558,3428,1323,4414,11969,3487,5485,13310,1863,5386,9570,10429,13306,2343,89,8562"
1010,"7383,9306,13214,383,2065,10122,5946,12871,6849,10776,9771,10899,10163,10413,2899,7341,7063,165,12200,11609,3089,4956,8717,2594,6332,3501,9590,5731,12966,11692"
1013,"7024,7289,13191,11403,89,8922,11886,1432,1571,4602,6220,12662,931,11931,8018,10835,1326,6509,4430,6089,3950,12026,7715,2343,12669,8333,12632,3992,8562,5545"
1016,"2218,5545,2140,13296,6220,7707,5303,9072,2380,1978,8421,8562,5819,8590,8235,3870,10326,9942,3950,12606,7558,6971,4430,11969,5386,992,5485,544,1017,4277"
1023,"9937,4698,6220,7707,4413,9799,4430,2380,6971,5545,2140,2218,13296,5303,5149,7723,8235,8981,8562,3088,12680,10835,931,2789,9729,11784,3950,7706,3870,7637"
1035,"6971,5303,2218,13296,6220,8421,4277,2140,5545,1290,5135,8590,7120,12990,789,331,10326,9072,4798,7707,6433,9580,11282,2343,544,9799,275,10608,7063,13309"
1046,"1290,7120,6971,5135,544,8590,10607,12497,10674,789,4929,1558,9295,3697,2343,13309,4576,8342,4163,2957,296,10663,8714,11969,8650,2916,1400,1244,9072,10326"
1051,"6220,7707,5545,9942,13296,13110,2218,12606,10429,12665,89,544,11969,2327,3428,7706,3487,9600,1290,7792,8590,11024,4576,2140,1863,7619,2343,8188,4414,12058"
1057,"5999,851,1408,8421,1788,6971,4798,11572,10916,4117,2789,11357,9504,1776,11726,11282,1996,1912,785,3055,9580,7578,220,5303,6326,2571,4277,8161,12385,2140"
1064,"6971,9799,1290,4101,3697,2140,7120,851,8707,7723,4413,5303,1747,2789,8922,12680,10326,9295,12030,4321,9405,5549,1977,11243,9671,9668,11282,2218,1223,12026"
1080,"6971,5303,1634,2140,11282,7063,9580,1223,8421,2905,4798,976,10608,10326,8161,4332,7578,2218,37,10138,12680,4321,4679,9880,12793,6515,5999,12990,11000,5214"
1089,"9072,10326,6751,1978,5025,2140,2218,8421,5485,652,5532,5866,8590,851,10039,9938,1017,5303,4277,2380,11010,13296,992,9799,544,717,11540,4602,10658,4229"
1090,"2218,7063,9178,9771,2140,7383,5731,12404,10506,13310,10326,2264,811,220,4679,2580,8421,4445,5025,9340,238,3870,8071,12990,4277,6220,9306,5303,11384,275"
1103,"4277,5999,8421,10916,4798,6971,11384,11572,220,7197,5303,1788,811,9340,9072,4679,2218,1912,12857,11000,1996,9580,3950,4117,12404,4865,8562,7138,1978,2343"
1123,"9671,12184,10102,11117,11569,12194,8302,10464,8733,9405,375,2784,13348,2885,6971,10466,7723,3697,5135,12605,8862,5351,3805,4413,1750,4688,11764,1290,11088,633"
1134,"4679,811,1323,4277,8421,8562,9341,10326,350,2140,7197,3781,992,9455,1210,11010,12990,9234,7558,7899,5025,3112,9309,13249,716,10916,3908,4414,717,4229"
1136,"4277,5199,1978,4798,3870,10835,8562,1210,2218,5545,3950,11751,2140,3992,8421,6638,13110,9455,10916,13296,13346,11622,6326,10063,220,3340,9729,4602,5610,4414"
1139,"1863,3487,10429,2327,779,13436,12606,12265,5976,7707,11103,7892,7725,8445,11615,6220,13296,5927,7706,9942,13115,10090,7345,7619,5545,4250,6218,9882,7679,3870"
1154,"6220,13296,2218,9942,544,7707,11969,8590,4277,2140,12665,13110,5303,1290,6971,8562,275,3870,9600,1978,10326,3428,8421,9072,12990,89,12606,12404,2343,7383"
1169,"6220,5545,4277,2218,9942,6971,2140,11969,13110,3870,1290,7707,5303,4414,12665,8421,3428,8590,12990,5485,10835,10326,9729,89,544,4798,8562,1978,1598,2380"
1173,"3487,10429,7707,2327,5976,1863,5545,6220,779,7619,12723,7706,12606,7725,5149,1983,13296,9942,2218,589,12265,10802,11103,11402,11615,7792,2140,5386,5927,9083"
1178,"9341,1017,2218,3428,11969,9942,6433,9178,13110,9072,8071,11001,652,10326,1978,2897,9938,220,769,6220,11010,811,5485,10661,7558,11751,11000,5155,2140,9365"
1190,"8235,6971,5999,2218,8922,5303,2789,12026,3055,9454,2990,2140,8413,7723,9886,220,4413,8018,454,2380,5199,10835,6220,8562,2343,13346,10039,7063,3950,9799"
1205,"7723,6123,5022,2285,11751,5495,7079,4413,9650,9786,2497,3870,4189,12156,9729,11650,434,5502,147,2143,12842,12470,12515,1037,6924,12887,12152,1394,11504,4817"
1217,"83,11298,1851,10607,6610,11024,13431,9732,3539,10137,4576,2989,12869,13370,4664,3570,10581,8910,12096,8714,7494,9295,5135,10648,4024,1779,3222,1290,12995,11020"
1218,"1290,4576,2343,6220,8590,7120,6971,89,10835,5532,9942,13296,8607,11969,2218,4266,544,5866,1863,10607,8922,7983,12606,9295,1244,10137,10429,5199,5495,7707"
1230,"4117,10835,6971,5199,11357,6220,10778,4053,3055,5303,12026,4199,8235,2822,2343,8922,5422,2903,1290,220,2789,2238,7578,785,8562,10529,4413,13296,4798,3950"
1250,"6971,8421,331,851,10326,10608,11282,8608,2140,5303,9072,4277,12990,9580,1634,12156,4798,1776,4388,1180,11843,12404,3766,9340,1223,1996,811,10138,976,12385"
1252,"2218,9072,1978,2343,3950,1017,13296,6220,5545,2140,11000,6433,8562,5532,3509,7802,11384,10326,5866,5303,9178,3870,3428,9942,10039,9938,11969,13346,7707,7835"
1276,"5999,4117,5199,2343,6220,2903,220,10835,4277,2218,3950,3055,5532,9455,1978,9072,9942,8279,4798,10326,8421,8505,8562,11384,810,3428,6971,2140,10063,8018"
1279,"1290,5135,789,9962,7120,9405,13309,3697,6971,8302,9671,10336,2784,1977,11651,12030,10663,11088,1400,4929,13101,12497,9866,6243,6811,8567,2916,633,3539,9295"
1281,"10658,5241,5155,350,12191,1328,6659,1377,12268,716,92,9999,8092,6306,4097,8540,12047,10107,6383,4158,10057,7480,4630,8331,2016,840,10431,12824,7733,2164"
1288,"2218,9341,9072,6433,9178,1017,9340,811,5545,1210,11010,2140,1323,1978,11969,12404,9938,992,8421,7707,10326,652,7802,544,5025,7558,5485,4608,6641,3520"
1305,"1290,10607,5135,7120,4576,296,789,11298,4036,9962,10389,6610,10663,1779,11775,4664,10137,4929,2916,1244,10648,13309,1851,12903,83,3539,3070,3570,13370,3697"
1320,"1978,9072,3950,2140,2218,10326,6220,5303,8421,5999,8562,8590,9938,6433,1017,11384,2343,6971,11540,3055,13296,10039,5532,13346,4798,12857,2580,4277,11000,5485"
1321,"6220,5303,3055,2140,6971,10835,3950,5999,4117,4602,2343,5199,10326,8922,1978,6326,6638,12680,5532,4413,4199,13296,9799,4798,8413,560,8421,1598,4277,1220"
1328,"6220,5545,7707,9942,3487,9600,13296,13110,4414,12606,9729,11969,10429,544,2327,7619,8188,4664,3870,1863,4576,3428,12665,1290,8590,7792,4861,4256,5976,12058"
1343,"8421,851,2140,331,9580,4277,10326,1776,1180,5303,11843,4798,6971,10916,6515,11282,12990,1912,7833,8590,10138,4974,837,2380,12875,1996,12857,2808,9340,345"
1345,"13110,5545,9942,3870,3428,1323,7707,5386,5731,9178,350,1426,7087,6220,4414,12606,7383,11800,13296,9365,12029,1978,4025,811,2218,9826,64,8071,6641,7900"
1374,"1851,4216,4163,2957,9732,10674,1558,11020,10607,13431,4664,11298,4576,12903,11024,7679,9960,420,8650,10102,4688,3570,10137,10389,10687,12096,13024,7971,6610,11918"
1410,"1863,10429,3487,5149,5962,7706,9564,11103,12606,7707,779,2327,4250,9083,1290,12723,8590,6283,8607,9942,11402,9336,2339,12944,8113,7892,9882,5484,2218,9570"
1414,"851,8421,10326,2140,8161,9580,4277,11843,4974,6433,9340,7833,1996,4798,811,1776,12990,9072,1180,6515,10916,5025,6751,2218,331,11282,12385,5303,7197,11000"
1420,"7723,4413,6220,2218,6971,2990,3950,3870,13296,3055,10835,5999,796,5545,4183,3577,1478,3888,9729,2140,11540,9942,9786,4798,220,7707,8562,13110,3799,5303"
1440,"5495,12470,4266,8608,5532,3545,4388,8354,1037,3909,8410,536,3871,2343,6123,9132,12172,12944,9336,10913,6026,8636,5536,6589,7723,3057,7964,9564,7868,1379"
1441,"5545,3487,7707,9942,13110,2327,6220,12606,10429,544,8188,11103,11969,8607,1863,13296,779,7706,2989,7619,2218,12665,3428,7383,4576,11402,275,12775,11024,7792"
1443,"11024,11298,4576,10607,10389,6610,2989,7679,1779,3222,4036,12903,12995,290,4664,10648,3487,9730,9732,13431,4024,8910,11775,8714,11532,1290,9295,3570,83,13370"
1458,"10102,420,10674,4163,4216,2957,83,1558,1851,12096,9732,13431,12615,4688,8650,4664,11298,2709,8475,8714,9960,12869,8810,11938,6610,7679,3570,10389,7971,3222"
1492,"7723,4413,2218,6220,3950,3870,11540,9729,9942,5495,3799,4602,5545,796,11622,12470,2990,7707,10835,13296,89,9799,1598,931,4608,7792,5199,8235,8333,11403"
1496,"8421,851,5303,6971,9580,8161,4798,2380,11282,4277,9072,10326,11843,12857,331,10792,12875,12385,5025,2882,10608,1776,6433,2218,12779,5999,12990,10916,953,1180"
1499,"2285,4256,13112,6659,3428,9942,8188,2135,7227,9800,2281,8830,2299,5155,989,9289,1516,12470,10206,13110,4826,5676,1101,3464,13306,3509,6644,8454,9365,2975"
1504,"1290,10607,10389,7120,6610,10137,296,11298,4664,11024,5135,4929,10663,12903,1779,13370,1851,2989,2916,1244,11775,83,789,8254,4024,10648,4028,3539,10674,3070"
1516,"3464,7679,2769,13111,5105,13431,2920,2975,6659,4256,11771,1101,10685,9516,6011,4713,7047,9732,6201,449,4216,6060,989,5760,3314,10674,1851,6952,9817,12094"
1523,"2140,10326,5303,8421,6971,2218,7063,11384,4277,11000,8562,8590,12990,4679,4798,1912,10916,9340,8161,851,3950,11282,11843,9072,6433,7138,6220,220,9580,8922"
1534,"162,10974,10739,173,10732,12458,5760,7496,7220,10009,4935,7681,1317,4619,8911,10441,11334,5504,2769,11546,2263,5901,6150,7982,4465,390,7721,9482,11802,7325"
1539,"4576,11298,10607,11024,2989,9730,1290,11775,6610,10137,4036,5135,12995,1779,10648,8714,11969,7120,10389,4664,4024,296,2343,6220,12903,2916,13370,89,4028,11918"
1559,"10326,2140,4277,6220,851,8421,9799,5485,2218,6971,2380,1210,9938,9072,13296,5303,544,8590,11969,4664,11010,1017,9580,12858,9341,10039,12990,11843,5025,6418"
1572,"6220,2218,3950,10326,4602,2789,9942,5545,220,2140,9455,652,1598,8421,3428,6326,8018,13296,4277,1978,11010,810,3870,1210,8235,9072,11969,4798,4413,8562"
1573,"11969,2218,9072,9341,12470,544,5485,1210,5495,9846,13112,11010,1323,1684,13306,11001,3908,8607,4277,8421,5545,9763,2411,1017,10326,13296,10674,9942,4664,769"
1601,"6220,1290,6971,13296,8590,9799,544,7707,5303,7120,5545,12665,10674,2218,8922,2140,4413,9083,1863,7619,1220,275,10429,10389,560,5485,4414,7983,7706,9295"
1603,"11622,3950,220,6982,12632,11751,3992,5610,9729,5673,3870,8333,2305,2580,2038,3340,8746,5700,3428,1426,4602,8413,1978,8018,6326,13110,13346,8300,9365,4798"
1604,"1210,11001,1017,9341,11969,13112,1383,652,943,4277,11455,2285,13306,3275,3428,761,2897,811,3416,9455,2290,9942,6220,717,1323,8819,3781,9938,992,13110"
1613,"10389,10607,4576,11298,6610,1290,10137,2989,11024,12903,1851,4664,83,13370,1779,9732,4024,7120,13431,296,10581,10648,11775,3570,12869,9295,10674,12995,3539,9730"
1634,"6220,9942,5545,2218,1978,13296,11969,9072,3428,8421,1426,13110,4277,544,9455,3870,810,3950,2140,8562,11384,1210,10326,12404,13306,811,89,220,4798,2903"
1642,"3950,11622,6982,3340,8235,5999,3055,6326,2910,2789,4623,8413,7578,10913,220,11726,5610,11751,11540,1996,4117,8562,2140,11406,12793,5673,5700,5199,13346,10340"
1643,"4576,10607,11298,4036,11024,10648,2989,6610,11775,1290,9730,1244,1863,1779,5142,579,5127,10137,7590,2066,3570,4664,5135,12995,3487,1972,296,4545,11143,7120"
1654,"2218,6220,9942,13296,5545,3870,2140,5485,9072,11969,10326,6971,8562,544,89,3428,2343,5303,7792,7558,7723,13110,12606,2380,1598,8607,5386,8188,4413,10835"
1657,"13431,2989,7679,10389,11298,9732,4024,3222,11024,2769,12903,12096,6610,10607,1851,3464,10137,290,3570,4576,7279,12995,3238,83,1779,10206,11532,4028,9730,12373"
1674,"2343,11969,6220,5545,5495,4576,12470,9072,13296,2989,1290,544,9693,1210,2218,6971,4277,9341,8590,1978,10835,8421,6433,646,5866,9336,6638,5199,9600,2537"
1702,"5545,6220,2218,13296,2140,7707,8421,3870,3950,5303,8562,6971,12990,10326,13110,9942,7558,13310,4277,12404,9072,5495,6433,8590,11384,275,13346,5386,5819,560"
1719,"4256,6402,1796,7973,12257,6011,6072,8092,9964,449,6659,1377,8540,8868,10352,4399,4100,5018,6815,8178,7763,10078,10442,892,12824,5822,10441,5776,2734,3816"
1725,"6220,2218,2343,8562,7063,4679,4277,6971,13310,9455,5303,13296,220,8018,11969,9072,11000,810,10326,9938,1210,544,12404,4865,2140,6834,9942,1017,11384,9693"
1726,"8452,7063,10506,238,7383,9771,8071,9306,2218,6849,8022,5819,13214,5025,10326,12758,9738,2140,4877,9178,3064,7558,6433,12871,4229,5946,12404,5731,8217,4679"
1728,"13431,10206,9732,10102,83,4216,1851,420,3464,4576,12995,11969,10674,3222,11024,4664,7864,11918,10687,8714,7279,5934,2957,4688,7669,4163,12096,12869,8910,7679"
1735,"8235,7024,8922,3909,2343,10835,1290,5999,6971,89,11403,12026,5875,5532,5199,10778,4117,2903,2220,5422,7578,6529,5524,13191,4053,3055,8302,5573,1326,4387"
1739,"1290,7120,3697,5135,11117,9295,1977,3539,9405,2885,8302,10663,10607,6971,789,12497,9962,4929,2784,6811,13309,296,2916,10581,1750,11651,4036,6243,11992,10648"
1774,"4277,1210,11455,9072,3428,9341,9340,811,7197,1978,2218,10916,12404,810,717,9455,8421,10039,5199,9234,4853,220,5025,11969,7867,5999,2140,3628,4798,6433"
1780,"11001,1323,13112,3416,811,217,652,1017,10658,1978,11969,7197,5155,761,6023,2897,350,2285,13306,992,12470,9341,4974,10107,1210,8724,4277,9800,2770,1684"
1799,"4277,8421,10326,7197,350,12990,220,10916,8819,851,331,9234,4798,11843,811,3950,12857,716,3112,4974,1180,11000,2158,4679,6220,217,5610,2140,1978,4025"
1813,"6220,220,3428,5545,1978,9600,3950,4277,2218,13110,3870,4798,13296,11751,10835,8421,5199,9729,2789,4602,8235,9942,11622,5303,1210,13346,5610,8483,2580,9455"
1834,"2789,3950,2218,5999,6220,5303,6971,4798,4413,220,8421,2140,6326,13346,2380,3055,2990,8221,976,9449,2567,10326,7723,9580,12793,454,8235,4482,5199,8562"
1835,"4117,785,5999,13112,11357,5532,2571,4053,13058,13218,8505,6751,4459,4006,2903,9473,11712,9105,1978,3416,8279,11540,652,7010,3797,5700,2822,9990,10196,7547"
1841,"11298,10607,83,4576,1851,5135,4664,3539,11775,10389,13370,1290,9295,12903,11024,12869,7494,3570,11020,10648,9732,11918,11719,10581,13431,6610,4024,9746,1779,10137"
1863,"3428,11969,13110,6220,9942,5545,2218,13310,9341,1210,9455,13306,2290,64,1383,810,3992,1017,8188,8071,1978,1426,7729,13375,9800,7558,9178,3509,3870,9365"
1878,"12156,6626,2285,8806,11635,8728,2143,36,11504,5177,3428,12152,13315,5022,1383,10736,670,12271,7899,7014,11910,2867,9524,12378,12295,11352,6235,4817,5248,961"
1879,"5999,6971,3055,6638,2789,4117,5199,10835,8421,4798,5303,1100,976,7578,9580,2567,4277,6220,3950,6326,13346,3340,2343,12026,220,4865,5532,6529,3909,8235"
1910,"1290,7120,12497,4387,5573,10663,5135,296,3697,1132,12474,789,4083,9295,2885,10674,10607,9962,1244,2957,8342,4777,6971,13101,6243,4576,12030,2571,6811,4163"
1911,"8421,5303,7707,4798,992,6220,12404,4277,6971,13296,12990,5545,2218,2140,4679,12857,13310,9072,331,7558,275,9341,811,3774,1543,12793,13110,9580,11384,6515"
1919,"6220,4576,9942,1290,13296,544,5545,11969,8590,2343,2218,89,8607,7707,10326,4664,8562,12606,7120,5495,3870,2140,10835,5532,1863,7792,6971,9072,8188,6610"
1925,"4163,4216,2957,1558,1851,3722,83,10674,778,4688,8629,420,9732,8057,2709,10102,11020,12615,8342,8810,8650,10687,12808,12096,13431,7971,9384,11670,4793,7679"
1926,"1290,4576,7120,10607,5135,11298,4664,10663,296,2916,11024,4929,6610,11775,9962,13370,789,10648,4024,5672,11969,1851,1779,2989,4036,10137,10389,12903,12869,12995"
1931,"13111,6060,6150,13383,10221,5027,2436,9482,2770,10732,5105,4465,10974,1516,6952,3652,10107,10754,10707,3938,9258,1810,1101,2975,4029,7982,5760,3464,2268,7689"
1940,"5303,7063,2218,6971,4798,2140,4277,275,11384,13296,8421,6220,10916,12404,12026,9072,220,8562,4679,12990,2380,2499,12857,3055,2007,1912,5999,13310,6515,1978"
1968,"4277,8421,6220,5545,1978,6971,4798,13296,9072,5303,2218,11969,2140,9341,2343,1210,12990,6433,1290,11384,8590,1017,544,12665,10326,5199,9942,10835,9580,3950"
1981,"7558,5025,9072,5485,6742,6220,2343,13296,717,275,2218,5532,4414,12404,11000,12156,544,810,10326,1978,10039,3428,9455,3055,1220,811,992,3870,1478,1017"
1992,"10326,851,2140,6971,9799,8421,331,12990,8590,11282,1776,4277,6418,5303,9580,3766,11843,10608,12680,6433,4798,1223,5025,5485,1180,1017,9072,9341,2218,811"
1998,"13431,9732,7679,3464,11024,12096,3222,7279,3570,11298,1851,83,2989,12903,10389,12995,10674,10607,9730,3238,4024,2709,10206,1779,4216,420,2769,290,11918,10102"
2000,"5135,1290,789,7120,9962,3697,13309,10336,6811,9866,3539,12497,10644,13027,10607,296,7817,6625,9295,11298,4929,11775,10648,4613,1977,10663,3323,4664,3886,10581"
2017,"8421,331,4277,4798,851,9580,12857,1776,8161,1180,5303,7197,12990,1912,10326,6971,11282,11384,11843,1996,4679,8575,7833,4974,6515,12779,811,12385,6326,717"
2036,"12470,13112,4602,3509,5495,7227,8028,8188,6659,931,3799,13306,8015,2218,7792,5545,64,2343,5766,2301,3871,2903,9589,8235,3444,10993,3911,13253,6041,12483"
2044,"2343,5999,2218,5532,4117,3950,220,9072,11384,3055,810,8562,2903,11000,5303,6834,9693,10326,1978,8018,8505,6971,3340,9938,4602,9105,8421,9455,5199,1017"
2047,"10607,4576,1290,4036,1779,11298,6610,10389,10137,4664,8714,7120,12903,5135,296,83,10674,1851,10648,11775,544,7679,9732,789,12995,9730,3570,9960,2957,4024"
2052,"10201,350,7417,9962,1290,789,6306,10704,12339,4152,613,4993,12821,4664,9742,9618,7120,4163,10336,13309,3284,2957,11998,8612,12094,10674,12647,9328,8679,3505"
2055,"6150,5760,4609,8911,4465,10974,10732,10739,1101,13383,989,7721,2299,6425,7325,5249,2263,4935,7982,10441,2975,585,2123,4641,9916,9482,1636,13111,2026,87"
2069,"6220,9942,2343,8607,4576,8188,8293,7792,89,5545,11969,3428,6795,8714,9800,10835,8910,2218,12606,13110,5199,9693,10206,3509,4414,64,2989,13306,4946,11024"
2075,"2343,5999,4117,10835,6220,5199,9693,5532,6834,2903,1978,6971,4277,9072,5866,2218,6638,8279,4199,3950,3055,2822,13296,2537,8562,10063,6795,1210,9455,5303"
2089,"8421,4277,10326,9340,1017,9341,6433,851,12990,9072,2140,11000,811,4679,9938,4974,2218,4798,7063,992,5303,11843,350,5025,11010,1978,11384,717,10916,12857"
2093,"5532,2343,8421,4117,4798,6971,5199,2218,2789,6433,5999,3340,3950,4277,11282,5495,6326,851,3055,10835,6638,10326,2140,9072,11843,12470,6220,9693,1978,11622"
2127,"10326,2140,5025,2218,6433,9072,5485,9341,7063,9340,8161,8421,2380,8590,11000,4277,2670,1017,5303,1978,544,6220,11969,717,5819,13296,12404,5386,811,5731"
2135,"6220,5545,2218,13110,9942,3428,11969,13296,7707,1017,1978,544,9341,7558,13306,12665,13310,9455,9072,2343,3870,3950,8188,8562,1210,3992,992,9600,1598,5485"
2137,"6220,12606,8562,7707,7792,89,3870,5545,8235,1598,13296,4413,1863,10429,11403,4946,2343,10835,11615,5485,7983,3428,4414,2140,2990,3509,8454,3055,2380,13110"
2141,"5545,9942,7707,6220,2218,3428,8188,12606,3487,10429,13110,7792,1863,779,8607,3509,11103,8028,13296,9570,544,7706,11969,7383,89,3870,12473,13310,7725,8071"
2147,"13431,11298,8714,11024,420,10389,12096,12869,9732,1851,12995,2989,8910,4664,83,10674,6610,9960,3222,9730,10102,13370,4576,12903,10607,3998,8650,3570,11938,4163"
2150,"4277,11969,1017,9072,9341,10326,1978,544,6220,5485,2218,1210,992,10658,8421,769,652,350,9942,13306,851,11001,2140,11010,5545,717,3766,10674,13296,6433"
2153,"2218,10326,5485,9072,2140,8421,6971,12156,4277,6220,9341,12990,811,11969,851,6433,4798,7723,13296,9455,9942,3055,10608,3766,544,6751,11010,8562,5999,3870"
2158,"544,1290,4664,10674,9732,4576,10607,12869,6220,6610,4277,11024,9938,9072,1851,7120,12096,1017,10389,9942,7679,1779,12995,3570,12903,13370,8590,83,9960,4028"
2178,"8562,5303,6220,5999,6971,2218,11384,7707,8590,1978,2903,3950,2140,2343,7983,11540,10835,12665,13296,12857,13381,2580,8235,560,4798,4117,13346,5545,8413,1220"
2180,"10974,4609,10732,7721,6150,5760,4465,4935,10739,989,5249,2975,13383,8911,7982,1521,162,4644,2299,10441,11546,6425,2263,3987,2026,9916,1219,4641,585,1317"
2181,"3464,13431,9732,12096,7679,3570,7279,8185,11024,11969,1851,10674,10206,2989,10389,2769,83,9730,2709,12869,12903,3222,10607,290,1779,3238,4028,420,9960,4216"
2193,"7723,9786,12470,796,3950,12379,3340,5495,3799,13110,220,1383,9589,2305,6646,1746,8333,3013,8454,8636,6123,3871,7729,3992,8188,1426,4608,3577,12,6114"
2216,"8421,10326,4277,12990,7197,2140,811,331,4798,1017,11000,10916,9072,4974,717,12857,851,9580,6220,4679,992,1776,11843,2218,11384,5303,5025,9340,1180,5485"
2224,"2343,6220,1978,2218,11969,8018,9072,10835,3055,5545,2903,3950,5199,5532,4277,8279,1210,9693,5999,6971,220,8235,1017,5303,10537,9938,3428,13296,8562,4117"
2231,"2218,5866,8235,2903,6220,13296,5199,4602,10288,9942,89,7707,5524,7900,4414,5532,12606,3870,2411,2140,10835,7983,5485,5109,10063,3428,5545,2064,2343,9072"
2242,"11969,6220,5545,544,2218,9942,4277,13296,4576,13110,1017,9072,2343,1978,9341,11024,2989,4664,7707,1210,8714,8607,9938,10326,811,1323,8590,769,3428,5485"
2243,"4117,5532,5999,5866,4266,5199,3525,10326,6638,13112,2029,1558,6751,2903,9473,10674,2343,10835,785,2140,5128,5485,997,8590,11357,4199,8562,6834,13058,7983"
2247,"4602,89,2343,6220,8235,931,8018,10835,4117,7024,5199,2903,9942,4576,3340,2218,3127,2789,13112,7792,3509,3992,6795,9693,11784,11565,64,11403,6091,8293"
2262,"4576,6610,10389,4664,11024,10607,11298,1290,11969,8254,2989,10137,5672,1779,4024,11918,8714,12903,12869,9730,8910,5135,12995,7120,6220,8167,11775,10648,4036,544"
2271,"2218,5545,13296,11969,544,3428,7707,9942,13110,2343,4277,6971,13310,5485,9600,9072,4414,3870,1210,8188,12665,7558,10326,2140,8562,5386,5303,4576,1017,275"
2284,"2218,13296,2140,6220,6971,5303,5545,7063,7707,7383,8590,9072,3870,10326,7558,5819,8421,2380,6433,8562,544,9799,12990,12404,275,9942,10608,12758,4413,560"
2287,"3950,6220,2218,5545,220,4413,8235,8018,2789,7723,8413,2990,1598,5303,9733,2140,13296,3870,11784,8562,7707,10326,13310,11000,5819,5610,7558,7063,9942,4924"
2291,"2140,10326,6971,4277,5303,8421,2218,6220,9072,4798,8590,12990,11384,10916,13296,8562,851,9340,9580,331,5999,4679,275,1912,12857,1978,811,6433,11843,11000"
2293,"6971,2140,6220,4277,8421,5303,5135,275,10326,13296,331,544,8562,12990,12404,8590,2218,4798,1290,1634,789,4679,5545,811,9962,5485,7120,10916,11969,9580"
2294,"2218,8562,5485,3870,7558,11326,7948,10589,4414,8505,6220,6742,13249,8413,5025,9942,1598,1323,5386,13296,10326,5177,12934,2411,7899,9072,4853,5999,3428,22"
2301,"2218,10326,11969,4277,8421,6220,350,2140,544,11010,9072,13296,4664,5545,9942,1017,9341,8590,12990,5485,7558,1978,716,9455,992,6433,4974,1328,5303,1290"
2310,"2343,9693,6220,1290,6971,2537,5866,5532,6834,9072,10835,1017,11969,13296,12665,2218,4388,5199,5545,544,8608,6795,13274,8922,7723,3909,4576,8734,8590,7120"
2341,"6971,2140,5303,8562,4798,5999,8922,12026,6220,8590,1290,2218,8421,3055,11384,10326,10835,13296,220,3950,4277,8235,7138,7063,1912,2343,2990,5199,7120,12680"
2345,"1851,9732,83,7679,4216,12096,4163,2957,3464,10674,10389,11024,12903,11298,3570,4024,2709,3238,4664,3222,12995,1558,2769,420,7279,2989,10102,1779,12869,10687"
2348,"1290,7120,10607,5135,296,11298,9295,10674,6610,3697,789,10648,4929,3539,10663,9962,2916,10389,11775,4664,4576,1851,1779,13309,10336,1244,12497,6811,10137,3070"
2349,"5999,4117,6971,10326,1290,4277,2140,5532,8421,9072,2343,8590,5303,4798,10835,3055,5199,6220,6834,851,7120,2218,8562,9580,10916,5866,1912,11384,13296,9693"
2350,"6971,4277,5303,6220,2140,13296,331,12990,12404,544,4798,8590,8421,1290,10326,2218,5025,9072,10916,12026,1776,8562,789,7063,9341,12156,5545,12665,3428,5485"
2355,"851,4277,8421,7197,10326,331,10916,1180,4974,1776,2140,9580,12857,1912,4798,1996,12990,11843,811,9489,9473,7833,8161,1634,717,837,9072,5999,11384,9340"
2383,"1978,8421,4277,9072,10326,350,2140,11590,1017,6751,9340,851,3950,1328,4798,1210,5025,992,12857,1912,4974,2218,652,11384,7197,811,11843,10039,4229,6326"
2393,"2291,5946,13214,9306,2149,8402,12871,165,5747,9771,7439,4877,10462,3824,2602,383,2300,4648,1058,5436,12542,6878,3643,9334,7063,4531,8452,37,3769,11692"
2399,"7120,4929,10663,6971,296,2916,12497,6243,789,8567,3697,8590,1400,5135,13309,10607,5303,9962,13101,1244,10336,8922,10389,13296,4576,6220,12030,9295,3070,4777"
2421,"6220,2218,1978,2343,5545,9072,4277,1210,11969,810,13296,9942,3950,3428,10326,8562,9938,2903,13306,544,64,9455,8421,5303,220,11384,1017,89,992,8279"
2435,"13112,3799,9179,121,4416,7024,12470,6593,7227,4602,2343,9908,12550,931,6246,1326,7796,2903,8636,12172,13191,89,8235,6795,5199,8183,3509,12791,782,11403"
2448,"5532,4117,785,2571,10326,1558,5866,8608,9473,4266,8590,5999,4388,10674,6971,11357,8505,6834,5485,2957,6751,13218,2140,2343,1290,544,4216,12944,12156,9799"
2452,"2343,1290,6971,8608,5532,6834,4388,2537,4576,7120,9693,9295,10607,3539,8354,9132,2218,1244,5135,4266,7964,12497,4036,12030,3909,5866,8714,6795,10581,2885"
2464,"7723,2218,6220,3870,9942,4413,5545,13296,3950,10835,5495,9729,7707,5199,2140,3799,11540,2990,12470,796,5485,13110,9799,4946,8562,3577,1478,6971,4608,1598"
2470,"5999,11000,11572,5532,1788,220,11726,8318,9072,1017,4117,3950,12857,2343,3055,717,6834,810,8505,8562,7063,4798,2218,6971,7835,6433,811,9340,8279,6183"
2478,"6971,1290,5999,9799,4117,2789,10835,5303,2343,5532,12026,7120,4413,8590,3909,5422,2567,6220,12680,12579,7578,5199,10778,931,7723,6962,4430,2238,4388,7024"
2506,"3799,13110,6646,220,3950,3428,9455,6220,5545,796,4637,9942,9729,3870,13375,1210,9365,3112,64,5610,5166,9600,4305,3013,4007,7867,7652,4277,6947,1225"
2523,"8235,5875,13191,3950,931,2990,7289,5524,3799,1571,8018,3340,796,89,4602,8333,2343,11403,6246,7723,454,11931,8015,12550,5124,220,9179,6089,12662,9786"
2527,"5573,10322,1290,4387,4929,12474,12030,1132,5675,7120,12497,4083,13101,8478,12559,10663,9646,8567,6243,2885,5973,10317,6846,1977,8994,3697,4777,6811,1475,12220"
2528,"3950,220,8018,2990,9733,13346,10340,10758,2218,13381,11784,5610,3799,8413,3992,2903,2140,8562,8746,4090,7989,2108,11800,3340,3491,3103,5999,8333,5761,13097"
2530,"1978,3428,9341,3950,1017,5199,6220,13110,5545,1210,220,9455,6433,8279,4798,8421,4277,652,2218,1426,6326,11969,9072,3055,3992,9942,5155,810,13306,811"
2533,"2343,6220,3950,10835,796,7723,5532,3799,5199,9942,5545,6971,4117,13296,9693,89,11969,5999,8562,12470,2990,8235,6433,9072,2903,3055,2140,5495,1978,8279"
2540,"3428,6220,5545,2218,1978,3870,3950,13110,9942,64,5731,1210,9729,9455,8018,3992,11800,13310,5610,2305,220,8071,5386,810,9226,1383,13296,4277,13346,3509"
2558,"2218,2343,6220,2903,8562,5199,10835,13296,89,5545,7707,5532,3870,9942,8235,3950,2990,3509,9693,2537,8279,6795,6971,4602,7983,5999,9072,13346,2140,5303"
2559,"449,6011,6659,4256,6402,8540,5822,10078,6082,10352,4399,5105,6815,13111,7763,1101,12257,8092,3464,2541,5760,1796,11297,9964,6072,6952,7862,9375,10107,4621"
2592,"2140,2218,6220,13296,5303,8590,10326,3870,6971,8562,5485,2380,9799,8235,8421,4413,1598,9072,5545,8922,9942,12990,7707,4798,4277,89,1290,5025,9229,4414"
2599,"10326,2218,2140,6220,9072,8421,13296,1017,4277,5485,1978,10039,9938,11000,11969,11010,6433,7558,5303,4679,5025,9341,811,717,652,9942,9455,810,992,1598"
2608,"6220,2343,5545,2218,9942,12606,3870,8562,13296,7707,10835,8607,5495,8188,89,13110,12470,5532,11969,4946,544,4576,5199,7723,8279,2903,3428,1863,9693,2327"
2613,"11298,1851,83,3222,13431,10607,2989,11024,3539,1576,12903,9732,7279,8714,11775,179,12096,7864,10648,11314,4545,10102,290,4024,12995,3570,1270,2709,5135,8475"
2616,"2218,3950,8413,454,8235,9454,2140,5999,7723,1978,6220,4413,10326,2789,13346,1478,8562,5303,2380,10039,3491,7707,9203,1017,5025,9799,11784,9072,2990,2580"
2617,"11969,2285,9341,769,10102,9942,544,11001,5485,350,811,10326,1323,1017,992,11010,4277,2135,12869,1295,9903,8910,2290,9072,7197,8421,4664,10568,8607,5714"
2619,"9729,4414,6220,5545,3870,3428,9942,13110,9600,1598,13310,7792,8454,4256,7707,244,7383,4007,12606,8188,11751,1377,8681,2218,7087,13296,5386,4602,9365,9226"
2622,"10607,11298,4036,1290,10648,1779,11024,9730,4576,3539,7120,3570,8475,5135,83,13024,9960,5142,9732,10674,10464,4664,9295,2989,8714,10102,1851,789,5558,8284"
2629,"1290,10607,4576,7120,5135,296,8714,11020,8650,11298,1851,6971,10581,9295,3539,6610,4688,83,2916,4929,10137,12497,10389,11024,10663,3697,4117,4664,4036,4163"
2648,"1290,4576,10389,6610,7120,296,10137,1779,4036,4664,1851,12903,4929,10663,3539,11775,10648,5135,1244,13370,3070,4024,2989,11918,10581,3427,2916,5672,3570,8714"
2654,"5149,6971,4698,8981,6892,7063,6220,6166,5303,13296,9937,8562,7706,9668,7064,9689,2140,7707,4430,1863,4413,2990,9799,9083,2218,3088,1856,4250,10429,1583"
2668,"10429,3487,5976,589,7619,3542,2327,5927,13377,5962,7706,779,11402,4576,10802,6893,9882,12723,13436,4250,4036,9748,9689,3467,9083,5149,6218,987,9564,9336"
2703,"1017,1978,11969,9341,11000,11001,11010,5155,9903,1210,2897,10661,9455,3428,652,7867,4277,13112,12085,2290,810,6433,5532,3416,13306,10326,11590,2218,350,8279"
2710,"6971,2140,8590,5303,10326,2218,9072,6220,8421,4277,13296,1290,6433,4798,544,12990,8922,8562,11969,275,3055,5545,1978,9938,2343,5025,11384,9340,851,811"
2713,"5532,3340,12470,10913,5495,2218,4117,3871,11540,4602,1598,1323,4266,3950,4853,10326,8562,1996,2019,2038,5199,5999,11784,3577,8853,1661,7867,6326,9455,3870"
2722,"7120,10663,5135,789,296,4929,9962,2916,10607,6243,13309,12497,3697,1244,4576,6971,8567,4036,6610,4664,13101,10336,11298,9866,4387,10648,1779,6220,13370,8254"
2724,"1290,7120,4929,10663,6971,5135,3697,6243,2916,12497,789,13309,8567,9962,296,4387,8590,11117,10336,5573,8922,1977,12030,10607,5303,4777,1244,6811,8302,9866"
2727,"2218,7792,9942,6220,11615,8607,2327,5485,13310,7707,7558,3487,8188,5545,13296,11969,769,12842,10429,5386,13044,779,11806,1165,1983,7383,11103,12265,63,8071"
2755,"4216,4163,2957,13431,1851,1558,2849,420,83,8629,3464,10194,10102,9732,12615,12096,8589,10687,778,4758,4688,8033,3722,2769,7047,5934,1345,4511,4415,4793"
2769,"12470,8188,9942,8607,7227,2343,7792,4576,9800,3509,10206,13112,13306,5545,11969,5495,6220,1323,2989,13110,5766,2218,4602,6795,9519,3428,9336,1355,9179,12842"
2776,"2789,8590,3950,2140,10326,8922,9799,6220,1290,7120,8205,6971,2218,4413,8421,9449,10124,13296,1598,8235,89,5303,2990,9072,4430,11843,4266,12875,7024,9580"
2781,"1290,11117,8302,7120,11992,1977,3697,2784,9295,5142,2286,5135,4387,1750,12021,12497,2885,9284,9405,11088,11569,8284,5573,12030,9671,789,10464,3570,4036,3539"
2782,"1290,7120,5135,9962,789,10663,4929,13309,296,10336,9866,10607,6811,6243,7817,13101,3697,12497,11298,11775,1779,10147,1554,10644,3886,3539,10648,4576,12903,8475"
2789,"2218,5999,9072,5199,6971,6220,4117,2343,13296,13346,5485,5532,8421,5495,10835,2903,5545,4798,1978,5303,12470,3055,6433,11540,6638,3428,5866,6795,9942,4277"
2794,"9341,8421,992,1017,12404,6433,12990,4679,9072,4277,11000,2218,811,5545,9340,2140,4798,7063,717,9178,7558,13310,13296,11010,10326,5819,1210,331,9903,5386"
2804,"6220,5545,9942,2218,13296,7707,89,12606,10429,7706,7792,3870,13110,4414,6971,1863,1598,3487,11969,4413,2327,1290,9600,544,13310,7723,2140,4946,1983,8562"
2819,"6220,2218,6971,5999,9799,2343,4388,6638,4117,5199,8608,4865,4413,5303,10326,9072,5485,1598,10835,4277,11000,1220,8562,3766,13296,3055,1478,4798,717,5866"
2846,"4698,9937,7707,7637,5149,2020,4430,6220,8981,6971,2140,589,3088,5303,7706,13296,8703,9799,5976,5545,9689,7619,9668,2380,6892,1487,8590,10241,7064,1078"
2851,"3487,7792,9942,2327,2218,8607,11402,8188,9570,7725,8028,1863,12723,7707,6220,1983,5545,9203,9564,779,10429,13296,89,6283,4576,9083,5976,11615,4413,8113"
2861,"2343,544,6220,13296,2218,5545,8590,2140,6971,8562,4576,1290,9072,7707,10326,9942,11969,12404,8607,5303,12606,3870,275,5495,5532,89,1978,5866,7558,1863"
2862,"6220,4576,5545,2343,89,7706,10429,3487,11024,2327,1863,9942,12606,8607,7792,13296,2218,7707,5976,10607,9336,1290,4036,12723,6971,11402,1779,1983,5149,11969"
2867,"3314,350,11001,12397,10107,2770,4765,2436,77,1323,10658,5027,12621,2285,3416,1377,5155,6952,7127,8092,10405,5262,10743,3844,1796,4080,8724,11337,1516,2734"
2873,"10835,11572,1290,2916,2343,5199,220,2822,1788,4576,8505,11726,8279,2903,5999,3737,6220,8018,9455,9693,6971,3127,7817,4117,6529,4053,8590,7856,13027,544"
2880,"13296,6220,2218,7707,3870,3487,10429,2327,1863,5976,7619,1983,12606,8607,2140,5495,6971,7706,4414,8590,9799,12723,779,9942,7383,11103,5303,8562,5386,6218"
2881,"9072,10326,5485,2218,2140,811,5532,544,9938,8421,11969,6751,6971,1017,6433,3766,4277,9341,8562,851,5025,5866,10039,1210,2343,6220,9942,5303,10608,5999"
2886,"10658,652,9942,3428,350,4277,11969,5155,11001,2897,1978,6220,13306,1210,5545,9938,11590,13110,1017,2218,9341,3416,9072,10326,11455,11010,6659,4602,716,3992"
2891,"6971,2789,6220,4798,3950,10835,2343,7723,5999,2218,8421,5199,3055,3909,13296,6529,4117,220,5545,2567,5303,4277,11282,3340,9693,6326,12026,12990,1290,1478"
2908,"789,5135,9962,9866,11969,544,4277,350,7817,4679,1554,10607,12404,11024,992,5008,11775,10336,4576,9730,275,5545,4664,10568,716,9340,13309,12306,7063,1290"
2910,"6220,3487,10429,1863,13296,9942,5545,8607,7707,8590,2327,544,1290,11969,2218,4576,12606,7619,3870,5976,9799,8188,6971,13110,12665,7723,2140,12723,9083,7706"
2915,"5999,4117,11540,4053,8562,5495,3055,3950,8505,782,5177,5532,6971,2140,7547,12793,6141,4798,5199,12470,11712,8221,4266,4006,4482,10835,785,2571,220,8608"
2935,"12470,5199,2343,13306,6659,7227,3428,4117,4602,3799,3416,6795,2903,9693,9800,8188,8279,5766,652,1329,5532,2077,1383,3571,9519,4416,9990,3509,4008,9942"
2946,"6220,2218,2343,11969,9942,5545,8188,13296,89,9072,7707,7723,6971,8607,9336,544,7792,5485,1017,1290,5866,4576,10326,4664,13306,12665,2140,5532,9938,9693"
2948,"4576,11298,2989,11024,10607,4036,4664,1779,10137,10648,6220,3487,9730,11775,1290,5672,12995,7590,5135,11918,3222,9732,13370,5545,8714,8607,8910,7120,12903,1972"
2969,"2218,2140,4608,10326,11540,9072,8421,10608,2380,5025,6515,6433,6751,7558,11772,5485,3950,6373,1017,11010,9454,4798,10039,5303,12887,6326,13249,2789,811,10506"
2979,"1851,83,2957,4163,4664,10674,10389,1558,9732,10607,4216,4576,9960,11024,6610,11020,6960,13431,7679,5135,3570,11298,10137,12096,12903,1290,8650,789,8714,12869"
3036,"7120,1290,10663,8590,8922,89,4929,2789,6220,1244,10326,7024,3950,2140,6243,4036,13296,10124,9449,2916,2218,1598,7955,5573,6971,2990,8205,9799,9744,4576"
3050,"2343,6220,5199,13112,4117,9693,1210,10835,8279,9942,1978,3950,9455,11969,6638,3428,6795,4277,5532,6834,1017,5866,9938,2903,10063,13306,2218,3340,652,5999"
3056,"8540,10107,10352,2770,5027,6952,4256,5155,13111,6815,8092,6659,6402,33,11461,6306,381,9453,8270,4029,10221,5105,12257,3314,6060,9516,2436,1796,972,3652"
3061,"4277,7197,8421,10916,9341,717,4974,11000,9234,4679,12990,9072,10326,1017,4798,811,851,12359,1776,11969,9340,11384,3781,9455,217,7867,1978,1210,220,9115"
3066,"6220,2218,13296,6971,7707,5545,9799,7723,9942,2140,8590,7706,8922,4413,11969,12665,5303,1290,12606,6418,544,5485,8235,1598,10326,89,5386,9083,9072,7619"
3069,"2218,1017,9938,992,7835,1978,11000,5303,4277,8421,717,10326,6220,11384,5485,12857,9340,3428,2140,2580,9341,9178,6433,6971,5999,4798,6515,4453,5025,10039"
3094,"8421,4277,851,9341,2140,9072,11843,10326,6433,2218,9580,4798,11010,2380,12990,1210,6971,11282,5303,6326,4974,1776,3766,331,5485,2789,4679,6220,13296,9340"
3106,"4256,6659,5822,8092,8540,1377,10352,9964,12257,7763,5155,1101,840,9817,1796,6060,10078,9375,7797,6011,12507,5105,33,1832,449,8178,4100,6072,10431,2541"
3110,"2218,7383,13296,5545,6220,7707,9942,2140,5386,544,9072,3428,8071,3870,12606,11969,2327,1165,9178,5303,8590,5025,12404,7558,10429,5485,10122,5731,992,13110"
3115,"13112,2343,12470,9693,8279,6834,5199,2903,5532,12085,6795,5495,2537,1210,1978,3799,5866,3428,1323,5999,4199,2822,5109,9942,8188,13306,11969,11572,9455,9072"
3136,"5495,6971,10608,7723,2343,12470,9072,2218,2140,5532,6433,8608,9799,4266,4388,1747,1478,7487,13296,8421,6141,5303,10326,8590,3909,1290,9983,12944,646,6220"
3159,"4256,6402,8092,6659,1377,1948,8540,12029,5155,9375,10352,9817,10431,5822,8028,13110,1328,5545,1987,11590,9964,6060,8188,4097,7797,3428,1432,12507,6952,1796"
3166,"4277,8421,2140,9072,1017,1978,544,12990,13296,9340,4798,6971,5303,5545,6220,275,11969,331,992,11384,12404,2218,811,10326,10916,9341,1210,5025,6433,9938"
3172,"6220,544,2218,10326,2140,8590,13296,1290,2343,6971,5485,11969,89,5866,9942,5303,9072,10674,7707,8562,5545,4576,4664,9938,4277,12858,7983,5532,9799,7120"
3200,"2343,1017,13112,2218,12085,9063,5532,9693,9938,6834,11969,8279,6795,2903,2897,1978,13306,7835,3509,5866,9072,5155,9340,7802,544,3416,1210,3428,10537,8671"
3217,"3428,2305,1978,3950,652,4256,6659,13112,8071,11772,12632,3992,64,1383,8333,3799,13306,5545,1426,3509,3491,13110,9942,12029,9729,7900,4602,802,6041,9226"
3218,"2769,3464,1213,247,5760,9375,6011,2920,5105,11771,6082,6060,2732,4858,10493,10441,6425,11484,9854,1101,3487,4399,516,4641,8775,4856,11547,7862,7047,1521"
3229,"4277,5303,11384,10916,1912,12857,8421,4798,7138,6971,2140,331,275,9340,7197,9072,12404,8161,7063,8590,12779,12990,10326,2169,851,2007,5025,4679,4877,9580"
3230,"6220,9942,2218,3428,13110,5545,13296,13310,7707,11969,2140,544,275,5485,5386,11384,8562,3870,8293,9178,12606,4414,4277,12404,1978,64,5303,12934,5731,7383"
3274,"2140,5303,2291,7063,6971,8161,10326,8421,6515,4798,12990,4877,8452,851,8590,9771,8053,4101,11282,10916,1912,8922,7439,9306,8562,12857,7138,331,2264,10792"
3285,"4277,6220,10326,1978,8421,11969,9942,811,9072,2218,1017,9455,5545,1210,2140,544,7197,9341,2343,9938,3428,13296,6433,3950,4798,12990,9340,992,11384,11000"
3316,"6220,2789,8235,5545,6326,2218,4798,8421,4413,13296,5303,2140,13346,2380,2567,220,6971,3992,7707,4602,2990,931,9729,8562,4430,11784,3317,3870,796,1478"
3319,"8421,4277,4798,851,9580,10916,331,7197,11282,1776,12990,10326,1180,1408,2140,12857,11843,5999,9504,8161,6971,4974,1996,4679,6326,7833,5303,717,1634,837"
3323,"10916,4798,8421,4277,5303,6971,220,5999,12857,1776,331,13346,9580,2140,11282,12026,1912,4679,851,7138,12990,11572,8161,6326,7063,4865,11000,7197,3055,11843"
3346,"10102,4688,420,4163,83,4216,2957,8650,1851,1558,8714,13431,11298,12615,7553,9732,12869,3222,8629,11020,8475,1576,7864,6053,10194,10674,2372,8910,3539,11024"
3354,"2218,6220,5545,6971,11384,4679,5303,13296,8562,7063,2343,11000,544,13310,275,9072,11969,220,4277,7558,811,12404,10326,9455,3870,9942,8421,4576,1017,2140"
3368,"3428,220,3950,4277,7197,1978,6220,1210,9455,4453,11455,2897,717,13346,3112,11384,8421,810,11000,4798,12085,13112,4025,393,64,2580,5999,11590,2789,12857"
3374,"2218,9942,5545,3428,13296,3870,13110,7707,13310,12606,5386,8188,1598,4414,11969,8562,4946,1165,5485,8607,7723,89,7558,3509,63,7792,6641,810,4413,64"
3391,"11969,13112,3428,13306,1210,5155,9942,11001,13110,1323,4277,9800,9455,2290,5166,12470,12085,810,2285,2135,6659,1978,4256,2897,5676,7197,652,6220,11449,5545"
3397,"6220,9942,11969,3428,4277,2218,544,9455,5545,13296,2343,1978,13110,10326,8562,1210,9600,10835,9072,810,5485,12606,7707,4576,89,12665,2140,9341,5199,8279"
3404,"5545,6220,7707,13296,10429,12606,7706,2218,1863,5976,89,3870,8235,7024,8590,779,9942,5524,2327,11403,1983,11615,12723,2990,1156,8562,6971,7892,12665,7383"
3408,"5999,11540,4117,6971,5303,8562,785,10778,11357,8608,9470,7578,1408,2199,2140,4798,12857,8221,6141,12026,5422,12680,1912,8922,2443,2580,1220,12793,4413,5199"
3416,"8608,4388,2343,3909,6971,6529,5532,7964,8354,9693,6834,10835,2537,5999,6026,5199,1290,4117,5866,6638,7578,8274,4266,2822,5303,1100,6964,8590,7120,4576"
3422,"9799,2140,13296,6220,8421,2218,3870,2380,5303,8590,7707,10326,9072,6971,5545,9729,851,1290,5025,1478,4798,8205,11751,2199,12990,6302,4413,11843,5485,4229"
3423,"2789,2218,6220,2343,3992,3950,220,1017,4602,3428,13310,8018,64,3509,13110,6041,9693,13306,89,796,5545,9589,931,6091,11969,8235,10537,9675,5999,11384"
3426,"9799,6971,8235,2218,6220,4413,2140,7723,5532,8922,12680,10835,5303,2343,8590,1220,8562,5866,7983,10326,5485,4117,4602,9098,5999,89,13296,11403,1290,6638"
3436,"6220,13296,5545,2140,5485,2218,9799,9942,8590,4430,7792,6971,12606,2380,7983,544,4602,10429,89,1290,12665,9937,8562,2343,5303,10326,8235,4698,4664,4413"
3448,"10326,12404,9340,8421,811,4277,350,2140,2218,12990,544,992,9341,4679,5025,11010,4974,7558,1017,9072,1210,9178,7197,10608,6433,5386,11000,11969,63,717"
3464,"3950,6220,4602,9729,3799,5545,220,3428,9455,3992,9600,8333,11622,8235,796,13110,8018,9942,931,64,3340,1598,10835,5610,8293,2218,8279,1978,5199,4256"
3472,"11024,4576,11298,10607,9730,2989,8714,6610,10648,1779,4036,12869,13370,3570,10137,4664,12995,11775,10389,11969,10581,1290,12903,3222,6220,13431,9960,7864,4024,5558"
3477,"6220,13296,4277,8421,2140,5545,6971,5303,10326,4798,12990,2380,3870,1598,9942,5485,10916,4679,6433,11843,11969,8562,2789,7558,9455,3950,7063,9729,9341,8590"
3488,"4277,8421,9341,12990,10326,6220,4679,4798,10916,1210,2140,811,9455,11843,11969,7197,331,6433,851,13296,11010,1776,12404,8562,9072,1017,3950,717,1978,11000"
3497,"11751,10326,8421,6751,851,2140,2789,12990,4798,9799,11622,5485,11540,9729,4229,6220,1017,4277,331,6433,1598,6971,6418,4413,6982,11843,13296,11010,8590,2218"
3504,"9564,3487,7725,2327,9336,10429,11103,8607,589,3467,1863,2218,6018,7707,544,7619,5962,5927,8188,5976,7345,6697,13403,779,11402,1983,10674,1491,5545,9083"
3517,"2285,7899,8806,2143,2217,5177,12152,5022,9309,12156,5160,10736,1383,237,961,6513,12793,1323,3345,7197,7558,11326,6023,4765,2038,9178,13352,4456,8779,36"
3538,"8421,5303,2140,6971,8161,851,9580,12875,4798,11282,10792,10326,9072,12857,10608,2380,9340,12990,6433,976,8590,1180,11843,331,7833,5819,2218,5025,1912,2264"
3544,"6220,2218,3870,7723,3950,3428,5545,3799,9942,9729,4413,8333,3509,796,4602,8018,9455,12632,64,454,8235,13110,10835,1598,13296,3491,2990,4946,11622,11800"
3547,"3950,6220,220,8562,2140,11384,2990,5303,13296,2218,8590,4798,3870,5545,1426,9733,6971,9942,7138,3055,8421,89,1978,1746,1290,7063,13346,8235,9072,9455"
3569,"2343,6220,5199,4277,10835,9693,9072,6971,1978,9341,1210,5545,8421,13296,4117,2218,4798,11969,3055,1017,5999,3428,9942,13110,12990,544,5532,5303,6638,9455"
3570,"5241,92,1377,7480,4097,2016,840,12101,9999,12824,6306,8092,1987,7733,5796,2467,478,233,11876,7447,3572,12047,4158,3481,6714,1623,7973,8149,350,4054"
3575,"2218,11969,9072,544,9178,9942,3428,992,6220,4277,12404,13296,9341,350,1017,10326,5545,5485,1978,1210,9340,9938,811,2411,7558,810,8421,2140,11001,5025"
3579,"4277,8421,10326,9072,1210,6220,851,4798,2140,12990,1017,11969,8590,9341,811,7197,11843,544,13296,10916,331,5199,5545,217,6433,5866,717,8562,5485,4974"
3588,"3487,10429,4036,1779,11024,779,10607,2327,4576,7706,5976,1863,2784,11298,9730,10802,9882,7471,6220,1290,10648,8302,12660,2989,11615,5545,7619,1466,11117,7120"
3592,"7047,3464,162,7220,10974,7721,7681,13431,173,363,5760,6016,12458,2769,10732,4619,215,10739,10009,11334,390,5504,10919,10206,989,2975,1317,4465,4935,13111"
3617,"10326,2140,8421,9072,811,5485,4277,6751,2218,851,1017,5025,717,3766,12990,4974,9341,10039,9473,7197,11000,9938,4798,5303,331,6971,12857,6220,10916,992"
3632,"6220,9203,5495,8188,2218,5545,8607,7723,3428,7707,9942,3870,12606,12470,2343,12842,7840,1478,7792,7558,8562,13110,5532,9729,1323,1598,2327,5485,4414,11751"
3650,"2140,8590,13296,544,9942,11969,5485,6220,12606,1290,10326,8562,1863,3487,7679,4414,5386,7707,5545,275,6610,10429,12067,7120,4576,3870,9229,8607,1323,2327"
3654,"8590,2140,10326,2789,6220,3950,9799,8922,2218,13296,1290,8205,7120,8421,6971,4413,10124,1598,5303,89,8235,9449,7024,2990,4430,11843,9072,8562,12990,6418"
3656,"6659,8028,4256,3560,2327,7679,8188,9882,10685,10429,11402,4216,12723,9375,779,12606,6523,9942,9570,3464,3487,3509,6011,7892,5105,1948,9165,2662,5484,9179"
3678,"1290,7120,10674,9295,3697,3570,10607,4576,10581,4664,9960,12497,4036,83,8284,11299,9371,1977,1779,13024,5142,9732,5135,12869,4387,4929,3539,1851,11298,10663"
3681,"13111,6150,6640,10107,2436,5027,8540,4465,6952,10221,10754,13383,3652,10974,9482,1810,6487,10732,2770,7332,6060,5760,3563,1101,8270,4029,10441,8723,12054,2268"
3683,"5303,8421,4277,6971,4453,9072,5999,6751,6515,992,7835,9580,10326,717,5470,4798,12779,11384,1017,851,1180,9938,11000,2140,331,8575,12385,1912,13346,12990"
3685,"2218,5303,4277,6971,13296,2140,9072,8421,5545,2789,10326,12990,11384,9942,4798,220,9938,12665,2380,11969,1017,8590,1978,5485,3428,544,9600,7707,1598,1290"
3699,"2769,3464,1213,6011,9375,5760,5105,7679,11771,6060,7047,10685,2732,2709,10009,12094,6082,7862,8679,1639,516,4399,3674,9854,10493,11484,4858,10441,8599,10919"
3707,"2218,6220,7707,5545,13296,4413,9942,2380,2140,7792,89,3428,6971,9799,7723,12665,3509,8235,7706,4602,1598,3992,5303,5485,4430,13110,10429,11615,8188,3870"
3731,"4277,10326,8421,851,12990,6220,331,544,8590,11969,1290,2140,9341,1210,4664,350,9072,6971,1328,1776,13296,3766,1017,5485,275,1978,811,5303,10674,9938"
3737,"9072,10326,2140,3055,5303,6971,5532,11540,8421,5999,2218,8590,1978,6433,5485,6751,4798,4117,7010,9799,8562,12793,1017,9938,3950,10039,6515,5866,5025,851"
3739,"6220,7707,12606,13296,8562,8235,2218,5545,9942,2140,10429,5495,1863,2327,8590,7792,89,2343,3870,7983,7706,5976,12723,4430,1983,544,9799,5485,9072,6971"
3744,"6220,8235,3950,2218,5545,2343,89,2789,13296,3992,1978,10835,220,5524,9942,8018,8562,5303,12665,7707,2903,5199,3428,1598,9600,3055,2990,6326,2140,7024"
3753,"6220,5545,4277,6971,2218,3950,5303,8421,1210,4798,2140,8562,5610,7707,2343,13310,13296,13346,2380,6638,10326,560,4679,6326,7063,12665,13110,12990,1978,976"
3778,"2789,3950,11784,11540,6326,4798,11751,5999,11622,4413,3340,2567,2199,2380,6982,931,7723,3055,5199,4117,9470,220,4602,8221,2140,8421,1996,10340,9443,8562"
3786,"8505,10589,5999,5532,8413,9454,2903,4452,4053,11910,3026,9983,3106,3159,22,8562,8746,3857,13023,8235,7705,824,4623,11772,9991,5626,9105,11403,2537,3937"
3790,"220,6220,2789,4277,8421,11751,9600,4798,9729,9306,11010,3428,1328,3950,5545,12990,1978,2218,10326,13110,11622,7383,9942,4229,9341,8018,6646,9455,5610,11506"
3804,"3950,6220,220,2218,1378,7197,796,5999,2905,11000,8505,7867,9942,4053,811,9455,11384,4117,5992,13310,4679,4576,4798,12793,9733,8221,8562,1634,4492,10916"
3805,"6220,2218,10326,4277,2140,13296,9942,9072,8421,11969,5485,1978,5545,9938,3428,1017,1210,652,544,9455,5303,10039,810,9341,11010,6433,1598,8562,12990,2380"
3819,"6220,2218,3428,4277,13296,9942,220,2140,1598,5545,8421,5485,3950,9455,4798,2580,2380,5303,1978,4414,13110,2789,5199,10326,3992,1210,8562,10039,9072,7707"
3827,"5760,6060,9375,10441,13111,1213,4641,5105,6425,1101,516,8911,8540,6011,1521,6082,11484,13383,2769,2732,6952,5249,5027,10974,3844,1810,3960,87,4858,3987"
3829,"4798,12857,8421,5303,4277,6971,13346,331,2140,10916,12779,6638,11384,6515,12990,1978,9580,8562,6220,5999,560,275,1478,11282,7197,8590,7138,12404,7707,3950"
3841,"11572,11726,1788,8279,1426,2343,11969,7729,9455,9693,796,9365,1225,12470,3340,220,3950,5199,9341,534,1746,13110,5495,2218,6114,8293,3428,646,13375,4117"
3849,"5135,1290,83,789,1851,6811,7120,3697,10607,3539,9962,9960,9866,10336,11020,6960,12869,13309,7817,10644,13027,4664,12497,296,2985,8475,9295,11775,6625,11298"
3928,"4664,1290,10607,4576,11024,11298,83,9732,6610,1851,3570,7679,4036,7120,1779,10102,544,11969,8475,11775,12869,10648,5135,12903,10389,12995,8714,1244,9730,8650"
3988,"4216,4163,2957,10674,1558,1851,83,9732,7679,13431,10687,10102,3464,420,12096,2709,12615,3570,7669,4664,4688,2920,5934,778,8810,11967,11918,2769,3722,11020"
3994,"8188,6659,13431,3428,4256,9942,13306,7679,3464,11969,5545,8028,3509,3444,9732,13112,2281,13110,11024,10685,544,8607,2327,7227,2064,64,5155,6402,12995,9800"
3998,"13112,3428,2305,3992,3416,3799,3950,1978,5199,1383,4256,10196,9990,670,652,64,8746,220,10993,13110,7899,2897,13346,11572,13306,8279,2580,6041,36,802"
4012,"3950,11622,3340,11751,5610,220,6982,3870,5495,8413,2038,8562,12793,3992,6326,2789,2910,8235,9786,13346,3055,9729,4798,11540,4602,2140,8746,1478,8221,12813"
4021,"2343,5866,5999,9072,2537,8608,6971,4388,9693,5199,3525,4117,5303,7010,6834,8671,3545,2822,8318,3909,6638,10608,2218,10835,5025,12858,2903,5495,4266,6795"
4022,"2140,4277,6971,6220,2218,5303,9072,12990,13296,9799,5485,4798,851,331,5025,3766,2380,9580,1017,10039,717,8590,11843,8562,11282,9341,11000,12857,4974,6751"
4047,"9564,589,5976,9083,2327,9336,1863,9748,12723,5962,12944,3487,10429,7706,583,8703,6697,1290,5149,13403,2058,5927,1487,8590,9799,6018,7707,12704,1156,1438"
4073,"6971,2218,6220,7723,8607,7706,7491,13296,5149,8981,9799,7707,2343,5545,5303,9942,4413,1220,7948,1290,544,1747,2140,1863,9295,5485,4388,8302,8590,275"
4099,"5545,3428,6220,13110,7707,9341,11969,9942,1210,1978,2218,1017,9938,769,992,13306,4256,8188,4277,6641,9072,3992,9178,10658,544,6659,350,13310,1165,13296"
4100,"7723,7706,9295,8302,4413,5149,7491,8981,7707,11117,7792,9083,1863,10429,6220,6727,1290,7471,7236,10464,3487,3888,4698,8017,6971,861,5351,9942,11103,1012"
4120,"12470,8608,2343,4388,3545,5532,3909,5545,4266,13296,5199,3870,1037,1478,6220,6141,10835,9693,12944,5866,8607,6638,2537,7707,3799,4576,1323,6971,3871,8590"
4126,"1290,7120,789,5135,296,10663,4929,10607,6610,13309,2916,4576,11298,3697,12497,4664,10336,6243,11775,10389,3539,4036,1779,8254,13370,10137,544,9746,11024,3070"
4136,"5532,2343,5999,5199,8235,7010,6971,4117,10835,3909,8922,5303,9799,9693,7983,7578,9072,1978,3545,8671,5422,6638,10792,13112,3055,4388,10529,2903,8590,1664"
4160,"4216,4163,1558,2957,420,3722,778,10102,2709,83,4688,12615,1851,8057,5738,9384,12808,9732,4793,4758,10687,11670,8342,8810,10194,8033,2849,5263,4218,13280"
4173,"4576,6220,10607,1290,8714,11298,11024,4664,10389,10137,89,7120,13370,296,10648,544,13296,2989,2343,11969,4036,9942,1779,10581,8910,4024,5672,8254,11775,6971"
4177,"8421,851,10326,2140,350,4277,1328,1180,11843,716,4315,4993,6326,12875,9580,331,2506,6751,9328,4974,3766,4229,6515,9848,1377,4798,2380,7447,10594,8161"
4183,"4277,8421,4798,10916,9580,6971,2140,331,5303,10326,851,7197,6220,12990,11843,811,11384,2218,6326,12857,4974,9340,9072,5999,4679,13296,11282,1180,4865,220"
4191,"13112,5155,6659,3428,13306,4256,652,9942,8830,8092,11001,64,3416,3509,11590,12470,1323,9800,6402,1978,8188,2897,5109,8279,13110,7797,10658,12635,810,3799"
4195,"5999,220,4277,1978,11000,4117,1017,8421,11572,9072,717,3428,1210,7197,810,9341,13112,9455,12085,2789,4798,10039,12857,992,13346,3055,5199,8279,2580,6326"
4213,"6220,1290,6971,8590,13296,2218,7120,544,2140,9072,10326,2343,4277,5303,5545,9942,12665,4576,8421,8922,89,12990,6433,5485,10835,4798,8562,1978,1017,7707"
4226,"2218,2343,9942,6220,11969,9072,89,5545,2903,13296,1978,13306,5199,5532,4602,3428,8279,652,9693,810,5866,3509,12470,544,1017,3950,13112,9938,10537,8235"
4227,"10102,10674,420,11298,3222,7679,9295,8910,4664,3487,12869,8475,3570,8714,1290,8284,13431,1542,11024,10581,9732,4216,6610,290,1779,10389,10648,11064,4688,11918"
4232,"3950,220,5610,4798,2990,13346,10340,6326,2789,3340,8421,3799,8746,9733,796,2140,6220,11622,8018,13381,976,8562,3055,12793,4413,9786,11540,11784,3992,2218"
4255,"8421,4277,9072,2140,2218,6971,5303,1978,10326,4798,11384,1017,8590,12990,6433,6220,13296,9340,5999,10916,9938,12857,851,11000,811,9580,1912,3950,11843,9341"
4258,"2218,6220,2343,6971,2989,4576,9942,1891,8608,8607,6834,4388,5545,4117,6795,11000,7964,8714,11969,796,7491,13375,9693,7723,13296,12156,5999,7287,2771,646"
4274,"1328,992,350,1017,8421,10326,4229,4277,7383,1978,9328,11590,2140,12990,9072,5155,1377,9306,851,9341,4453,12758,9938,6220,9600,12191,4679,811,716,5025"
4289,"1863,10429,2327,3487,11615,12265,779,5927,9882,4250,5149,7892,9083,7706,9564,11103,12723,1491,7383,589,3560,6697,8445,13436,1983,5962,7345,8981,3122,7707"
4295,"5485,4277,4117,11969,1017,9942,769,9341,811,1323,6220,9455,8421,10326,3428,1210,9072,9938,4414,8714,5199,3766,992,9693,13306,7197,2285,217,2218,13110"
4300,"6220,9942,5545,2218,13296,4277,11969,10326,9455,8421,2140,89,1290,2343,3950,10835,1978,8562,8590,544,5303,3870,13110,5199,1210,220,9072,9600,6971,3055"
4334,"13112,4602,6659,121,652,5241,931,10658,10224,7707,2903,7792,1377,9942,11540,11800,11772,6751,3799,12268,3416,1020,1585,13306,3317,1230,6091,5036,9496,3950"
4361,"11622,2567,2789,6982,8235,3950,9470,931,4602,3340,9449,11795,4117,10913,3055,11751,8636,4266,121,2910,6326,5999,7578,12425,13121,11784,5673,5875,2199,5199"
4377,"2218,3950,11000,3428,1383,6220,5022,63,11751,1598,13110,3870,9226,5485,9455,9729,811,3491,10326,1210,791,9341,1017,7558,6751,13249,4413,717,1323,5386"
4412,"1290,10607,83,7120,5135,296,1851,3539,11020,10663,3697,12497,9295,4929,11298,10581,6811,4576,2916,6960,789,1244,4036,13309,6812,9960,1977,9962,10389,12903"
4415,"2285,1323,3013,6123,12152,769,2135,5495,12156,7725,2143,5502,12249,63,12887,13110,9903,12769,12842,5545,12859,8607,11504,2217,5714,11844,13375,4414,4997,4460"
4424,"383,9771,238,2300,8402,13214,10506,9306,7383,2899,7715,4985,165,8217,2140,10241,3064,12758,9334,8022,5946,12414,4877,2291,4499,5241,12108,2264,9738,4430"
4425,"9072,10326,851,8421,4277,1017,9340,6433,9341,9938,2140,2218,5025,4974,11000,6971,5303,1978,7835,5532,11969,811,11843,12990,11010,544,8590,717,992,1210"
4430,"2285,9341,2290,1383,11010,3428,1210,943,2218,9226,11969,12470,10661,11001,3908,761,9455,13306,652,1004,9846,13112,7917,3520,5495,12859,10417,4608,9547,7558"
4433,"4413,9799,2789,6971,6220,11751,5999,3888,1478,8707,10835,454,3055,4798,11622,10082,2218,2140,5303,12026,2567,10326,4117,4321,5199,8922,2199,12331,8413,3950"
4436,"1377,6402,8092,2356,4256,8178,6659,12257,7463,10405,1796,8028,8540,6072,5545,9729,13002,3358,12898,12824,3444,13110,1987,1254,8251,7707,1163,2164,2037,12268"
4458,"10326,8590,1978,5999,11622,6751,2140,4798,4117,3950,5532,9072,5866,1017,8421,10835,6971,5199,4277,851,2789,6220,8922,3055,11540,5303,6433,2218,6982,9938"
4461,"3487,2327,5976,10429,5545,7619,7707,7725,7383,12723,1863,6220,10802,12606,779,11402,13296,9942,1983,8590,13044,8607,589,9570,5386,3870,8188,2218,5927,7706"
4488,"2789,4602,6220,2567,8235,4413,2218,3950,9449,3340,5199,10835,11784,7723,220,454,89,9600,5545,3055,3992,1598,9729,7024,3317,796,4117,8018,6326,11622"
4497,"1290,4929,7120,10663,2916,12497,6243,10607,8590,789,5135,6971,8567,13309,9962,13101,1244,10336,4576,3697,5573,3070,4387,6610,1400,10389,5303,544,4277,10137"
4498,"4277,7197,992,4679,717,8421,1978,9234,10326,10916,9072,350,9938,811,4492,1210,3781,2158,9340,716,2140,810,4974,2411,4453,11455,1017,9178,5485,7835"
4504,"4398,12566,6640,1530,13112,5027,12172,9817,6848,3274,112,598,4029,8190,1024,3563,10107,10913,11658,13164,8540,6952,8746,9165,4821,6659,6815,5777,7250,13130"
4510,"6220,9942,2218,544,11969,2343,5485,9072,13296,5199,10674,3428,9693,5866,89,810,1290,6834,11272,13306,2903,9938,4277,769,9455,10835,10326,652,6795,4117"
4512,"13111,6150,10974,5027,9482,6640,10732,4465,3652,5760,13383,6952,6060,4029,1810,2436,5901,2770,1516,1101,10107,8911,10441,7982,10707,10754,2268,10739,1636,5105"
4513,"11969,9341,9072,2343,12470,2218,1017,6433,5545,1210,4576,11010,12085,6220,4277,13306,9693,4664,8421,2989,5495,9938,544,652,9942,1978,992,10326,11000,13296"
4516,"1851,83,10674,2957,4163,5135,9732,10607,10389,789,12096,11298,1558,1290,3539,11020,9962,3570,6610,12869,12903,4664,4216,11775,6811,10581,13431,11024,296,10137"
4526,"6220,9942,13110,11969,5545,3870,3428,2218,13296,9365,9455,9341,13310,8607,220,7729,5502,9729,4946,4277,1426,8454,1598,1225,7723,12665,7383,6433,1978,11010"
4528,"5545,2218,6220,3428,9942,13110,3509,13310,3992,3950,3870,8188,11969,1978,13296,7707,2343,3799,9341,1426,13306,6433,9365,64,10537,11010,4602,6041,796,12606"
4542,"1978,3950,8421,1017,4277,6326,9341,4117,6433,9455,5199,11010,11000,1210,11572,5999,220,4798,13112,2343,3340,6220,11843,5532,851,652,2218,6751,8279,11969"
4559,"83,1851,10607,1290,4664,5135,11298,10674,10389,12903,2957,11024,4163,1779,4576,3539,4036,9732,6610,6811,8475,4216,7120,789,12869,1558,9960,11775,13370,8650"
4572,"7723,4413,5999,2218,6971,2789,9799,10326,3055,2140,454,8235,11540,5303,8922,6220,2990,9454,12026,4117,8413,3950,220,10039,4482,8562,6418,2380,11784,6751"
4575,"2140,2218,6220,13296,5303,10326,8562,9072,1978,8590,5545,6971,5485,3870,9942,5025,8421,7707,544,4277,12990,4798,2380,11384,12606,3428,7558,5866,1017,6433"
4583,"7197,811,10326,4974,761,8421,9178,2285,12404,9473,4277,4025,4679,4492,5485,9072,6751,2861,6023,12156,652,11001,3781,13257,716,9234,6723,851,217,9942"
4602,"2218,9341,2343,1017,5485,9072,11969,9693,544,11010,6418,9938,9203,5866,769,13306,10674,10326,5532,4664,6742,6433,5545,6220,13296,992,6971,7792,7558,3766"
4608,"4576,1290,10607,10674,4664,11298,6610,10137,9732,7120,11024,83,1851,10389,8714,1779,12903,2989,10581,4036,1244,9295,544,10648,296,3539,5135,12995,11918,11969"
4609,"3950,6220,13346,8562,13381,5999,2990,3799,10835,220,1978,11540,3992,2903,8413,5545,11384,8235,7707,2343,2218,8505,11800,8221,4602,5303,12793,12787,796,13110"
4626,"4117,8562,5999,8235,5199,2140,2343,6220,10835,5532,3055,6971,2903,6638,10326,8590,5303,5866,4602,89,5485,6834,4266,1220,12793,8279,11540,8505,13296,11403"
4642,"13112,2343,2903,8279,12470,9942,3799,1978,3428,3509,1323,11969,64,6834,5199,9693,8505,12635,5109,5866,12085,5532,9800,6795,1210,13306,8293,4118,8188,10835"
4653,"6220,2343,7707,5545,13296,2218,12606,9942,6971,5495,3799,5199,8235,3428,7792,2327,2140,2380,8188,89,9693,8562,10835,12058,4414,11103,10429,9336,8607,13191"
4664,"1290,4576,4664,11024,10674,4036,11298,7120,1779,6610,6220,7679,3570,89,9730,8714,10389,10648,10137,9732,544,11918,11969,12995,9942,12869,8910,83,13370,10581"
4665,"1290,7120,12030,2286,5573,4929,12497,3697,2885,4387,1977,10663,9295,6846,8302,3779,9646,2916,11117,9284,12474,6243,13101,9564,8554,12133,10530,4083,1244,11992"
4672,"1290,10607,4576,4664,10674,10389,2343,1779,11969,6610,11024,1851,9732,10137,7120,544,296,83,12903,11298,12869,4028,4036,13370,11918,9960,8714,12096,10581,13431"
4680,"5027,6952,4569,8540,2268,4256,13111,6659,10107,10352,3314,3960,4713,9516,5155,2770,13112,6402,3844,6060,6528,12470,8830,2975,1101,1516,8925,3243,10221,8270"
4705,"5999,3950,4117,10835,6971,8235,3055,5199,4798,2789,4413,5532,13346,7723,8562,5303,4053,6220,8413,7578,3340,11540,1478,6326,2218,454,2140,2343,2990,2822"
4707,"8421,4798,3950,9072,11843,2789,6971,6433,6326,2218,5303,4277,12990,9341,11282,2140,976,851,11384,9580,11000,11010,10138,10326,5999,13296,7197,6220,331,1776"
4711,"13112,12470,5495,5199,4117,2343,5532,3428,1210,8279,8188,13306,10835,6795,9942,1383,1978,6751,6220,1478,5866,3799,9693,652,1329,9226,7723,12249,9341,9203"
4732,"7197,4277,1978,11969,9942,652,11000,11001,1210,7867,6220,4492,811,810,1017,9455,9234,9341,12085,2218,13110,1323,217,8421,2897,4117,3428,9072,11590,10326"
4734,"1290,7120,10663,4929,5573,4387,12497,296,6243,2916,12474,4083,8567,3697,1244,13101,5675,10607,4777,789,13309,5135,12030,9962,1977,4576,6971,8922,8590,4036"
4735,"1863,10429,3487,11103,13296,6220,7706,7707,12606,779,5976,2327,2218,5545,1290,7892,5149,1983,8590,4250,6971,5962,9942,2140,89,8607,8981,7491,4576,7784"
4749,"1863,10429,3487,7707,12606,6220,1290,779,8590,7706,5976,11103,9942,5962,544,4250,3870,5545,589,6283,89,4576,2218,9564,12723,7345,7892,11402,7983,9083"
4751,"2140,6971,5303,10326,8235,5999,8590,9799,1290,8421,5532,2789,8922,2218,11540,2380,6515,9072,9580,10608,4266,3055,12875,9886,2343,4798,6326,851,3950,7983"
4762,"3340,2343,5532,4117,7723,5199,12470,3909,10835,2789,8636,6529,5495,4266,5999,796,931,4602,9983,4053,3799,3055,9470,6026,9693,13191,4006,12727,6795,454"
4767,"3487,1863,10429,2327,13436,7725,779,11230,9564,12265,5976,5962,11103,7707,5927,589,6018,987,10674,7679,1491,3560,10090,9336,7706,11675,9882,3467,11417,9083"
4771,"3428,9942,6220,2218,5545,4414,13110,5386,9455,13296,64,9365,7707,9729,1210,11326,13310,9226,63,3799,7900,5485,8454,8188,1383,8071,3013,12606,9178,6641"
4773,"5545,6220,3428,7707,13110,1210,9942,2218,13306,11969,13296,1978,3992,1017,9341,3950,9729,1323,8188,5386,1383,9600,5485,11800,6641,992,2380,7558,4414,652"
4776,"9942,7792,3428,13110,9800,1323,8188,7707,13306,12606,4876,6220,5545,8454,9365,11272,11969,1355,8607,4946,652,6227,12470,1598,8028,7802,2327,6641,5485,8071"
4783,"6220,9942,5545,11969,544,1978,13296,9072,13110,8590,3428,2218,4277,7707,1017,12665,12606,2140,10326,1290,2343,3870,5485,8562,9938,8421,1210,9455,6971,10835"
4788,"2789,5999,220,8421,11000,851,8161,1996,9072,9580,1912,4798,4277,4974,6326,12385,12857,6515,3950,13097,5303,9443,7197,10916,11384,7835,4679,2580,10039,10326"
4808,"2897,11001,5155,3416,13112,11590,4256,1978,10658,3428,11455,2770,2290,1017,1210,12085,11572,652,350,5776,1109,8270,5406,9341,8092,9807,13306,10107,4492,992"
4810,"3950,7558,2218,1017,220,4679,992,8413,11000,2789,10039,11751,2580,2038,6220,1598,10326,1383,12990,3428,717,5386,9729,4413,4229,11540,8421,6418,9455,6326"
4818,"4765,77,1383,5495,2285,12859,12470,1323,2290,2191,2305,6924,10736,13112,6646,3314,9903,11159,9226,3870,730,5165,6123,3428,7689,11010,8724,7899,6150,13253"
4823,"6220,5545,2218,7707,9942,3950,3509,2343,3992,89,13110,12606,4602,13296,7792,3799,64,3428,3870,12665,796,8235,7706,10835,11800,13310,8562,4413,1598,8188"
4829,"5495,3950,3491,7723,3799,2218,1478,12470,3428,1383,13112,5545,11772,13346,4413,8188,9786,9729,6220,7707,796,3577,7802,11540,4608,3870,1210,7558,13110,12887"
4842,"6220,8562,13296,10835,2140,2218,6971,2343,8590,12606,3870,5303,5545,8235,5532,9942,7707,5199,3950,8922,3055,7983,1978,5999,4946,2990,1290,2903,9072,89"
4859,"2218,3870,9072,1978,6220,1323,5495,5545,9942,13296,11969,8562,5485,2411,10326,544,3428,2140,12470,1210,13110,7558,5025,4414,7707,1684,4118,5866,217,9178"
4866,"7723,9799,4413,6971,1290,9454,2218,8302,7948,2140,1747,6220,11117,9083,10674,8922,12030,10326,8590,9295,7120,5485,3888,12104,4321,11243,8981,3205,12944,10835"
4881,"4277,9072,1978,9938,1210,6220,8421,11969,1017,811,2218,5485,544,3428,10326,9341,9942,2140,992,5545,7197,2343,4798,717,13296,9340,5303,5199,1684,11384"
4908,"13214,7063,12871,7383,2291,5946,383,11609,8402,10462,9771,5819,2065,2140,8452,6971,2899,5303,165,2300,7439,7341,2218,4877,8590,8922,10899,8022,362,10122"
4910,"1290,4929,296,3697,12497,789,2916,13309,9962,6243,1244,8567,13101,10607,6971,12030,5573,10336,1977,4387,4777,8590,10674,1400,9295,6811,2885,11117,3539,10581"
4922,"2218,6220,8421,5485,4277,9942,2905,10326,2140,2789,9072,5545,13296,1598,2380,1017,7558,652,9341,811,5303,4798,11010,9938,3428,11969,11000,13110,4679,4974"
4942,"5155,6659,11969,4256,13306,3314,9942,8188,3444,6402,3275,7679,7792,5545,8540,1377,11001,8028,3428,8092,9519,4664,3464,544,13431,13002,2327,10685,12257,10658"
4976,"6971,2140,8922,5303,8590,1290,10326,3055,6220,5999,2218,8562,13296,4798,12026,8235,2343,9799,10835,8421,5532,12990,7120,12680,9072,4277,2789,3950,6418,275"
4993,"3487,1863,10429,5976,2327,5149,779,4250,1290,7707,7706,589,6220,12265,4576,9689,7619,11298,11103,13436,5962,5135,8590,13296,11024,12606,4036,11402,6218,8981"
4995,"2218,8421,2140,4277,10326,6220,9072,13296,5485,5303,12990,4974,2380,9341,851,5025,4798,9178,992,12404,811,6433,9942,7197,9340,4679,11843,717,7558,10916"
5020,"5760,6060,5105,2769,1213,6011,9375,10441,6082,4641,6201,2732,6425,11484,8911,5494,13383,11771,585,3960,3464,1101,4858,13111,1521,5786,4621,11547,247,81"
5040,"2285,3857,12859,8806,4408,1496,12271,2791,8779,44,8154,8171,5714,13352,4677,3098,3147,7917,2886,9794,8263,7893,6839,1091,13286,4057,3313,1488,5143,6941"
5048,"9306,5731,7383,2291,8452,12871,9771,5819,5946,2065,13214,383,13310,3501,12733,10122,165,4679,8402,6849,12476,7439,4877,9178,8806,3064,448,3089,10776,2899"
5058,"2343,5532,9693,5199,4117,10835,2903,5999,5866,2537,8279,6220,2218,6795,8235,3950,6971,89,4266,9072,1978,1290,3055,13112,5545,4602,6638,13296,10063,4199"
5067,"4277,10326,2218,1017,8421,2140,11000,9072,11384,12990,6220,1978,6433,11969,5303,9340,5025,9341,6971,13296,4798,9938,8590,811,5545,4974,544,992,10916,7063"
5087,"4277,8421,4117,5999,5199,4798,1210,9072,1978,9341,7197,9693,6971,2343,851,3055,811,10916,9455,10039,6220,11969,10835,2140,2789,10326,11572,9580,12857,1017"
5090,"6220,5524,7024,5875,5545,13296,5303,8922,8562,12026,6971,4430,89,3950,12606,3992,2218,10835,4602,4413,7707,6962,9600,3055,3870,9306,12757,220,2238,2380"
5102,"2218,2140,6971,8590,5303,6433,7063,5545,8235,9072,13296,3950,5819,1978,9306,6220,7707,2343,8562,8922,1156,1017,12665,8452,7383,4915,544,4798,11384,3055"
5103,"2218,2140,7707,6220,5485,13296,10608,9799,4413,10326,2380,5303,5545,3870,4414,6971,8421,6166,9942,7558,7948,1634,11540,5386,1598,8562,13249,9072,12887,12990"
5105,"7707,5545,9942,10429,12606,6220,2327,1863,2218,8188,13296,3487,89,3870,779,8028,7706,9570,3509,5976,7792,13110,3428,11615,8607,1983,4946,12723,11402,7619"
5108,"2789,3950,8235,6326,2140,9799,8421,11540,5303,6971,11784,2567,4798,4413,4602,2218,10326,5999,8922,2199,11622,454,3055,9580,1664,8562,8590,9443,976,1598"
5119,"2218,6220,2343,2140,5303,13296,5545,6971,10326,9072,8590,8235,6433,11969,8562,8922,544,3950,89,1290,2380,8421,1978,7707,12665,1017,9938,7063,6418,9799"
5120,"11298,13431,8714,11024,9732,3222,4576,83,1779,10389,10607,10102,10674,3570,3539,6610,12995,1576,12903,420,10137,4036,7679,2989,9960,579,2957,4216,9730,8910"
5124,"350,716,2789,220,851,9328,2631,4679,8421,8819,4277,4974,1328,11001,2905,11010,11506,4453,9115,7197,761,2169,8161,10326,2158,11000,8483,4839,9234,10916"
5132,"8413,454,3950,11326,8235,11772,11910,5999,220,9454,3340,2218,8746,3491,8505,7723,9093,4413,8333,9203,802,8221,13346,4482,9470,5199,1383,10196,11784,11406"
5138,"350,5155,11590,1328,4256,1377,1987,840,6659,6402,1948,8149,4097,5776,12824,10431,13100,8092,33,3428,10658,716,4861,7383,9408,6306,4630,8540,12191,10352"
5144,"4277,1017,6971,11969,4388,8421,2343,851,4117,331,11282,12990,10326,8608,6433,1891,9341,10916,5532,9072,11000,4865,4576,6141,2140,11843,1776,7964,12359,6220"
5159,"3799,3950,5545,3428,7707,13110,13112,5495,9942,13346,12470,5199,1978,9729,1478,6220,7900,11800,7079,1210,64,6925,9908,6326,8681,3992,10063,4798,3491,3000"
5167,"6659,4256,9817,6402,10352,8540,5822,1163,8092,10224,7763,1377,840,10431,12268,8872,4602,13112,1432,1978,5241,6952,2164,5155,12047,6306,3428,8331,12507,13306"
5175,"9306,1328,350,7383,13214,1377,9328,716,5819,2291,8421,4993,383,12758,4097,6306,8402,12824,2762,13100,12191,8452,165,4229,3572,2140,11010,12871,851,9462"
5176,"4216,10102,420,2709,10674,7679,3464,4163,83,13431,12615,9732,10687,12096,2957,1851,1558,9214,5934,11967,3570,2920,247,10685,2769,7669,3222,2849,6201,12094"
5185,"3870,7723,2140,6971,8562,3950,5495,4413,13296,10835,9799,3055,11751,8235,2218,11622,12990,5303,4798,5545,8590,6141,11540,1478,10326,4414,5999,12606,8421,9729"
5189,"8235,6971,8922,7024,2140,2789,1290,2990,5303,3950,7578,5999,9744,11403,89,8590,3055,2218,4413,12026,9886,9799,4266,7723,2343,6220,2567,10835,13191,4947"
5191,"5303,5999,8235,6971,8922,8562,12026,2580,7010,8413,220,2238,10835,5199,2220,12857,5422,11384,10778,4117,4798,3992,6220,5723,1912,13346,11540,12680,5524,560"
5206,"2218,13296,7383,7707,5545,10429,2327,6220,3487,1863,2140,9942,544,12606,7792,5386,8590,3870,5485,779,7619,1983,11615,11969,5976,9570,7558,8607,7725,5927"
5213,"2343,2218,6220,8562,7707,6971,5545,7802,5303,13296,9072,1598,5532,7558,12665,11540,544,8590,3950,4413,2537,3870,1978,1017,5866,7983,8607,11000,12606,9942"
5224,"4277,2140,1978,8590,10326,12990,4798,331,350,851,1328,5303,992,9072,13296,6220,10916,11384,7197,1290,544,1776,1017,275,11843,9340,811,12857,5025,6971"
5226,"9799,2218,2140,6971,6220,7723,4413,10326,2789,13296,5303,5485,8421,11751,2380,6418,4798,12990,1598,12680,5545,7707,3055,10608,11282,9729,9580,8562,3870,6433"
5241,"1290,2957,4163,10674,10607,1851,83,9732,1558,4576,4216,9960,4664,7120,5135,544,11024,296,1779,789,11298,10137,12903,2343,8342,11969,4036,6610,11775,8714"
5264,"83,11298,2989,13431,1851,4576,4024,10389,6610,12903,11024,7279,11918,3570,7494,12995,8910,7864,3222,7262,11532,9732,3238,13370,10137,9730,1972,1779,10648,3464"
5268,"2218,9072,2140,6971,10326,5025,5303,6433,1017,8421,9340,11000,4277,1978,4798,5999,5532,9341,11384,12990,5866,8562,544,10608,10039,2343,851,9938,8590,811"
5270,"6220,2140,2218,9799,7723,4413,10326,6971,5303,3950,11751,2789,2380,8421,4798,13296,12990,8562,1478,5999,3870,8413,8235,7707,10340,5485,10835,13346,6326,2990"
5287,"5999,4117,220,8018,10326,11357,8505,2789,2218,3055,6751,5532,2571,10039,8413,454,4006,4053,6971,7723,2140,785,8922,810,11784,4413,10661,12104,10196,13058"
5314,"2218,5495,12470,7723,9072,8607,6220,9942,2343,13296,6433,3871,3870,9983,5199,646,5532,5485,6971,9336,12887,9203,11969,9341,4608,12842,4266,8188,609,5545"
5318,"2218,7723,4413,9799,6220,1290,8235,2789,6971,7792,89,10326,4602,9942,454,9454,9203,13296,2140,931,8922,5485,9072,7120,2343,9083,7948,6418,7707,12842"
5326,"5149,5495,7637,9336,589,7707,9564,9689,5976,7792,12944,4250,10429,1863,3487,2327,2218,6971,2020,7706,11615,4558,6166,6220,12842,9753,9799,11103,12470,8981"
5336,"6220,2218,3428,5303,275,10326,8562,6971,4277,2140,9942,2343,811,9938,9072,992,1017,3055,13296,220,12404,810,1978,5999,1210,5485,544,4798,5545,9455"
5343,"9732,3464,13431,2709,12096,7679,5105,6659,8185,4545,4466,4094,2849,8188,1114,2989,6060,3938,4415,2975,10674,2769,4216,3314,5155,1851,11449,58,3238,10206"
5347,"6220,2343,5545,10835,2218,9693,5199,9942,3428,3799,7723,13296,7707,6795,3950,796,12665,11969,8188,2903,8279,2537,6971,9600,89,1478,1210,1978,9455,3870"
5354,"9306,8452,5819,13214,3506,8421,2140,9738,2291,4798,7383,220,8402,3950,7063,12871,8022,10506,6433,6515,8053,2218,2899,8161,5303,2380,2789,383,11384,5610"
5356,"2789,7723,6418,6971,2218,9799,6220,8922,1017,10326,8235,9203,4413,2140,1598,6433,11969,9072,12680,1290,9083,9589,13296,8590,9938,3055,5485,454,4430,11751"
5367,"3487,2784,9720,11298,9336,420,10102,1863,10429,10674,7706,9295,3570,11992,8302,4250,5142,10581,5558,987,1542,1491,5127,7491,9371,8733,6220,579,8714,2327"
5373,"8235,3340,3909,7723,3055,8922,7024,796,220,2343,5532,11726,1788,4053,4117,3950,5999,10835,11622,12550,3091,8018,5875,1746,8413,2789,5339,6529,6971,11572"
5385,"6220,4277,8421,8590,5545,13296,2140,544,6971,1978,275,4798,5303,1017,9072,12990,10326,12404,2218,331,12665,13110,9341,11969,7707,992,1290,5025,1210,8562"
5458,"6751,2218,7723,4413,3950,5999,11540,13112,1478,4117,10326,5199,3491,6220,9072,11772,1017,4608,652,1978,5495,2789,5485,454,3428,5545,7707,1210,11000,5532"
5463,"4679,4277,6220,2140,2218,13296,275,5485,992,8562,7063,8421,12990,10326,5303,13310,11320,12404,6971,9341,9072,10916,5386,11969,1017,7558,717,811,544,4798"
5471,"4216,4688,4163,8629,10194,4940,83,420,1851,10102,2957,12615,11020,13431,4511,9732,2849,2709,7864,1558,3222,13196,3464,13024,10206,7047,9883,7669,1960,8560"
5476,"7063,2218,5303,2343,13296,1290,9341,12404,6220,4679,6433,9072,275,5545,5135,3055,11969,7706,7120,2140,13310,9693,6418,7802,1453,8302,8922,7487,11412,544"
5484,"2218,8562,3870,7063,5303,3950,11326,3055,5999,6220,2990,13346,6971,4798,12026,12813,8221,9733,3340,8413,5610,9365,3428,13296,2380,2140,9455,8235,8421,12793"
5508,"1290,7120,10607,5135,4576,6610,10389,789,10674,11775,296,9962,11298,544,1779,4929,13370,3539,1244,12869,11024,12903,1851,10137,9732,11969,10648,4028,10663,10336"
5513,"6220,89,8235,2218,4413,9942,10835,2140,5999,2903,5199,8562,3055,4602,7707,4117,10326,11403,8018,7723,6971,13296,5485,2343,7983,3950,5303,4946,2990,11784"
5520,"4277,8421,10326,9072,350,11969,7197,1978,811,544,4974,1017,2140,9340,12990,851,217,2218,5025,1210,992,5485,9341,9938,11843,6220,331,6433,717,716"
5524,"6220,2218,7707,9942,2140,3428,13296,3950,13110,8562,1978,5303,3870,6433,2990,9072,10326,8421,4798,4277,12665,2380,12606,6971,12404,3992,275,7723,220,13346"
5539,"2218,5303,6971,6220,9072,8562,2140,9799,7063,13296,3870,5025,8922,2380,4798,1978,5819,8590,8421,3055,8235,5545,7558,10326,1017,11384,11000,5485,11751,4181"
5554,"2897,12085,4277,1210,3416,11001,652,9341,7197,4492,9340,11590,1109,811,13112,220,1978,4453,4445,11455,5155,3428,9072,1426,1017,11572,810,11969,9938,992"
5564,"1408,8421,4798,851,1912,9580,5999,4315,3770,331,7578,11282,6971,6515,1996,10916,2140,5303,4277,11843,7833,1776,12857,8161,10594,12990,1634,1788,1180,10138"
5595,"2140,5303,2218,10326,7063,6971,5819,9072,8421,8590,6515,12758,8452,5025,10506,2380,8161,9799,13296,6433,9306,8922,2264,12990,9771,7383,10608,8562,7558,11609"
5601,"6971,8922,2140,8590,10326,5303,9799,6220,275,1290,3055,6418,8562,13296,7723,12990,1478,9072,8235,544,5025,9937,1747,1017,12680,12026,9454,2218,7063,9083"
5602,"2218,5545,3870,5495,9341,3428,9072,6220,12470,13110,9942,7558,11969,13296,8188,1323,6433,5485,8607,12887,9178,1978,11010,4608,7707,1210,5386,9729,1383,8421"
5618,"6659,13112,4602,4216,5241,121,7792,10658,652,13002,6402,7707,1377,10224,12268,13306,9942,840,10674,8188,4256,8092,1558,3481,931,12470,10352,5822,119,1432"
5643,"8235,8922,4413,2789,3055,2567,5999,6971,7024,12026,10778,10835,931,89,5303,454,4499,6220,4117,7723,9799,11784,5422,9449,12579,11403,10529,1290,5199,2238"
5644,"1323,5495,12470,5545,9341,11969,12249,769,2285,6220,9942,2218,8188,1210,8607,13110,5485,12859,2135,13375,13306,11010,7558,3428,4414,3908,3870,544,7707,1017"
5651,"6220,2218,9942,220,13296,10835,8562,3870,5545,3950,13110,4798,11384,6971,5999,5199,3428,2140,4946,9455,9733,5303,89,8293,3055,1598,2990,10916,11969,8018"
5655,"2140,2218,8562,6220,1978,5303,13296,10326,3950,8590,9942,11384,220,9072,8018,8421,9938,5545,4798,6971,4277,3055,12990,1017,5999,12793,2580,544,7707,8235"
5658,"6971,2140,6515,8421,9580,5303,331,10608,10326,4101,4798,8161,851,1180,12104,1634,8520,11396,7833,11282,2199,5999,12156,4315,12990,12857,10138,2808,1776,1996"
5660,"1323,350,11969,11001,3314,9178,9942,544,811,5485,10658,2411,992,6023,769,217,8188,5109,1377,9800,10102,6641,3428,1684,6659,1978,1210,8724,12096,5155"
5662,"6971,10326,2140,8421,4277,851,2218,5485,5303,331,3766,811,9580,12990,1776,11282,9341,12680,9072,4798,4679,10608,9799,6433,10916,275,1017,6517,2380,6220"
5670,"5303,9072,8421,6971,2140,5999,9340,5532,10326,4798,1978,8590,1912,2343,4277,11384,12857,851,8161,6433,8562,1017,7578,3950,9580,7835,9938,12875,6515,10916"
5676,"83,1851,4216,4163,2957,11298,10607,9732,12903,1558,10674,13431,11024,11020,1779,3570,4036,3539,8650,4576,9960,420,13024,10102,11775,3222,12096,8714,10389,9295"
5680,"2218,6220,2789,3950,931,4602,2380,5545,3992,8235,13296,5303,13346,3870,2140,6326,11784,8421,5199,4798,1598,9729,6971,9799,3055,3340,10835,4277,1978,8562"
5698,"2343,6220,5545,544,13296,11969,9072,2218,9693,6971,4277,1978,1017,4576,1290,10389,12665,5866,8714,4388,6834,7707,2537,10607,5303,10137,4664,11024,1210,8590"
5710,"5532,4117,5999,4266,10835,5199,5866,2343,6638,8608,10326,6971,8562,4388,3055,8590,2140,6834,11357,2822,11540,785,2571,9072,4199,5485,7983,13058,5495,9799"
5723,"4576,1290,6220,10607,7120,11024,2989,11298,6610,2343,5545,13296,10137,1779,11969,1244,89,10389,2218,544,11775,6971,7590,5135,8590,8254,296,10663,10648,13370"
5742,"4117,10835,5999,4053,5199,4199,2822,2903,11357,8505,2343,8608,6220,4388,5532,10778,10063,6638,3127,785,13112,3799,8279,6795,6834,11572,11712,3055,7547,9693"
5748,"6220,3870,5545,13296,5495,2218,8562,2140,9942,10326,10835,7707,8421,1978,9729,13110,5199,4414,4798,5485,9455,1210,1478,12990,9072,7558,3055,4277,12470,1323"
5750,"7723,6971,8235,8922,9799,8590,2218,6220,2140,12944,8562,10835,1290,5532,13296,5495,4413,3055,2343,3909,12606,5199,5303,3870,1863,7983,89,11403,8607,9083"
5787,"8562,5532,3950,2218,7558,9072,11540,3055,2343,8505,3870,5999,9455,9968,5495,8279,13346,10039,810,5025,811,1286,4853,7802,3545,12404,10326,13257,9693,2903"
5798,"2343,5532,2789,1664,1017,9938,4277,9072,7010,8421,851,9341,11000,1978,4117,2218,9693,7835,1210,3340,11010,6326,5999,3950,9340,10326,5866,6638,5303,717"
5799,"9306,2291,5946,8402,10462,7063,7439,383,165,9771,8452,4877,7383,2149,2300,8053,2065,5819,7824,2899,5747,7341,11609,5939,4262,4648,2140,2762,8022,8271"
5815,"789,9962,9866,13309,10336,1290,7817,7120,3886,1554,10644,4613,5008,13027,6625,9837,3697,6811,12497,4929,13101,10663,8012,2916,8653,1241,6243,9405,3323,296"
5822,"6220,7063,13310,275,6971,4679,2218,992,5303,12404,9341,12990,4277,1017,13296,7558,11000,3428,8562,8421,9072,4798,2140,717,11384,5545,3112,220,811,13110"
5834,"6971,2140,2218,5303,9072,8590,5495,10326,3055,1290,13296,8421,5532,2343,8562,4266,544,6433,12470,6220,10608,5485,11540,5999,4798,5545,9799,12793,6141,7558"
5846,"4277,6220,2218,13296,2140,8421,5303,4798,6971,5545,11969,1978,3428,9942,10916,9072,10326,544,8562,1210,12990,5485,2380,275,8590,11384,9341,9455,11455,12665"
5858,"11726,5999,1408,4117,9504,4053,785,7578,2571,1996,11357,6092,6971,11712,3055,11282,4798,1100,8608,4436,11396,13058,12156,4388,851,10916,4459,1634,5532,7547"
5882,"4277,2218,9942,13296,2140,5485,10326,5545,8421,1210,11969,3870,9072,8562,4414,544,9455,3428,7707,5199,811,1978,13110,12404,5303,10835,9341,275,9729,2380"
5892,"3428,9942,4602,8092,13306,5545,4256,1377,13110,652,5155,64,9729,1328,6659,10431,6220,11590,11001,11969,6402,13112,4097,3870,1210,350,3992,1978,9455,9600"
5897,"5999,8562,2218,6971,5303,5485,7558,9072,3055,2140,12793,275,6220,4117,4798,2580,1017,12857,11000,8413,8421,10039,13249,11540,10326,220,9938,992,12990,5199"
5898,"4602,2218,3340,8333,8235,12470,3950,10913,8018,11622,4608,13112,3428,11010,2789,5495,3992,11969,5155,9341,6433,652,3509,1383,10661,5532,13306,8279,10039,8015"
5902,"3870,6220,9942,2218,5545,1598,13110,3428,13310,7707,4946,9365,4413,12606,3509,5731,8333,64,11615,7723,13296,4414,9733,5386,9729,8562,2990,10589,3950,8018"
5919,"7707,1290,6220,4664,13296,8590,10674,5545,2140,4430,10429,2218,544,9799,11024,7120,7679,4036,3487,1779,4576,6610,10607,1244,7619,7792,789,6971,3570,89"
5934,"8421,10326,851,2140,4315,1180,9580,331,11843,4798,9473,1634,12990,6751,11540,811,4277,5485,10594,6326,1996,4974,12857,6515,976,7197,3766,1408,2172,5303"
5946,"1290,789,5135,3737,9962,10147,7120,13309,296,12497,10607,10963,1977,9866,7856,9960,2343,2916,10336,3697,1244,10663,6812,6811,4387,7817,9837,3539,13101,4576"
5965,"2343,5532,9693,2537,6834,10835,5199,6795,3909,6529,4117,8235,3340,8279,12470,6220,2903,4388,5866,3799,5999,5495,6638,6971,8608,3950,4266,9132,4576,2218"
5995,"9942,6220,3428,5545,11969,13110,2218,13306,1978,13296,9455,8293,7707,1210,3509,10537,810,3992,1426,9600,9365,2343,1017,9800,544,8188,4946,6641,12606,3870"
6005,"2343,5866,9072,5532,13296,6220,5485,544,5199,7707,7983,8590,6638,10835,2140,5495,12470,10326,4266,1290,10674,9693,8562,11969,2218,5545,6971,1210,9942,3545"
6006,"6220,2218,3950,5545,7723,8235,4413,931,9729,7707,4602,13296,2789,3799,2990,3870,2380,1478,3992,13110,454,3428,9942,796,4430,1598,2343,9799,10835,9600"
6013,"2140,10326,2218,6433,5303,6971,4798,5485,9072,10608,851,11843,12990,8562,11282,811,6515,11000,12793,11540,5025,6326,13249,9799,10138,3950,2380,11010,7558,1017"
6016,"5999,220,4117,2580,11357,8505,5199,9455,3055,11572,11000,810,7899,2218,6751,3428,3950,10916,10039,5964,1978,717,13112,7197,8279,9968,811,11406,2789,7867"
6023,"7120,10663,6243,12497,8567,5573,13101,3697,4387,4777,789,5135,1244,9962,13309,12030,8355,10336,6971,10607,1977,1132,8590,12474,1400,4083,2885,9866,1590,6610"
6052,"4117,5532,5199,2343,10835,13112,3340,5495,8279,3950,12470,9693,3055,6638,11751,8505,4602,2822,5866,4006,8562,7899,4053,6834,8413,4266,11326,9455,7723,6795"
6056,"6220,9942,3428,13112,5199,1978,11969,13306,1017,4256,6659,2343,5155,769,2218,10835,5485,9938,5866,1210,4117,4277,3992,5545,13110,652,4602,9455,5676,9341"
6059,"9341,1017,2789,13112,6433,4608,11010,3950,1664,10039,2218,1210,652,1383,13306,1978,6751,9072,11969,9455,11001,3340,4602,5199,9292,9589,220,3428,6326,3416"
6064,"785,4117,11357,5999,2571,4053,13218,6971,11712,4266,10835,1290,5532,2822,5199,9473,8590,10326,13058,8608,1408,3797,7547,8922,4388,2140,10778,7120,2789,4798"
6091,"5999,11357,4053,2789,10835,5199,785,3055,3950,2571,2822,5532,13218,4266,10778,6971,2567,11540,13058,4413,7578,8221,4798,9470,1408,8235,9449,220,931,3340"
6112,"83,3464,13431,9732,1851,3570,420,10102,7279,4216,12096,7679,10206,10687,10607,2419,10674,12869,11024,11918,3222,7494,9730,7669,12903,2769,2709,5934,13024,12995"
6133,"2218,6971,5303,9072,2140,6515,1017,8421,7707,2380,992,9938,9799,5485,6220,10326,2343,6326,12857,3766,13296,5545,4798,4277,560,1978,5999,4430,9580,13346"
6150,"2218,7063,5303,2140,6971,7707,7383,6220,13296,275,5545,5819,10326,7558,12404,5731,8590,10608,8452,9072,13310,8022,6433,8562,3870,2990,5025,2380,7723,4413"
6155,"6220,5545,2218,13296,9942,7707,8590,2140,1978,11969,5303,6971,89,9072,544,10326,13110,3950,1290,12665,12606,8562,4602,2343,3428,1598,8421,3870,8235,9600"
6157,"2140,8421,10326,851,9580,8161,331,4277,5303,1180,4798,6971,2169,12990,1776,11843,11282,10916,6515,1996,7833,4322,9340,10608,10138,12857,12385,4974,2808,1223"
6212,"3950,7802,7707,2903,2990,11800,6220,5545,13346,3491,12793,3799,6091,3317,11540,5303,796,220,13381,8562,89,13350,3992,2343,2140,4416,9942,652,5999,8221"
6218,"4277,9341,1210,8421,2290,11010,9455,11969,8819,3112,7197,3950,11001,350,3428,1383,220,1978,6220,9234,1017,11455,717,4974,217,11843,11590,716,11000,2789"
6242,"10326,2218,2140,5485,2380,9799,6220,7558,5025,6742,1598,13296,8562,3870,9729,2038,4413,3766,11751,7948,10039,4414,4229,4679,5303,5386,9072,10661,4602,6418"
6243,"6220,1017,2218,9072,9341,544,10326,4277,5545,13296,9942,6433,1978,2343,6971,2140,1210,13110,9938,8421,8590,12990,5485,7558,9455,811,3428,992,12665,9600"
6260,"6971,2140,5303,10326,1290,2218,9799,8922,8590,6515,8161,12875,851,10608,10792,9072,9580,2264,12758,8205,8421,7120,8235,2808,4321,8022,7063,2789,2380,4387"
6262,"10974,10732,11546,4465,6640,10739,8257,1636,5901,4644,1219,4935,6150,9592,9482,7496,162,2263,5249,4029,7752,13398,10707,7721,6169,1101,3887,9916,13383,10221"
6278,"2218,13112,810,652,220,9938,3416,10661,8018,2343,9455,4117,12085,1574,1210,3340,2897,11969,811,943,5999,6220,5199,6795,11000,1017,3428,10196,9341,6641"
6280,"9729,3950,2789,11751,1210,6326,3428,10039,9455,1383,1478,8483,931,6751,9968,607,4229,6220,3055,5610,454,4413,8421,2218,3870,9292,3340,4798,13346,2038"
6287,"7063,9306,9341,6971,1017,4277,7383,11969,6433,5303,4679,12990,13296,2140,2218,275,9072,544,8590,6418,1290,992,8421,6220,6742,8452,10326,5025,789,8922"
6305,"2218,7063,11969,1017,11000,9341,3428,8018,810,8562,6220,9455,10661,1210,6433,1978,220,4679,10326,5025,4277,811,2140,9340,5545,9178,7558,9942,5731,7867"
6320,"1290,6971,2343,5199,6220,5999,7120,5303,8608,9693,4388,13296,5866,12026,3909,12858,8590,12030,12497,8922,296,5532,4929,4117,1220,4199,10663,2822,5422,6529"
6339,"6220,3428,2218,9942,4602,13110,9600,2789,13306,5545,1598,931,4413,1978,13296,13112,1017,220,11969,6041,3992,5199,9729,3950,2580,9455,64,10835,2343,9072"
6360,"6220,5545,2343,2218,7707,11969,544,13296,4576,13110,9693,2989,12470,8607,12606,8562,3870,8188,5495,7792,11024,1323,13306,89,2327,3428,1210,6610,13310,9341"
6370,"11969,1978,6220,2343,5545,3428,4277,9341,1210,9072,544,9942,1017,13110,2218,13296,9693,8279,5199,10835,6433,9938,13306,12665,9455,10537,8562,2903,3055,1426"
6376,"4277,4679,7197,10916,8562,10326,6220,8421,3950,717,2140,811,220,5303,11384,4798,2218,9455,3781,12990,810,2158,9234,4865,9580,992,12857,4492,7138,9938"
6378,"2218,8607,6220,11969,8714,544,4576,5485,9942,7558,13296,6971,10326,7792,1598,89,9072,2343,5545,1453,7948,8562,4664,11024,2140,13310,3870,9341,1323,6742"
6379,"6971,2218,5303,2343,5999,1290,10608,9580,2140,9072,8421,1634,976,10326,6515,7578,7120,11396,4798,6220,2789,11282,7487,13296,4117,8590,11384,6834,6433,9886"
6398,"9072,1978,1017,10326,9938,652,1210,1323,9341,11969,5025,3416,10658,2218,4277,811,11001,11010,7835,9340,13112,8421,5485,5866,717,4974,11000,6751,217,992"
6422,"6220,6971,2218,4413,5303,12026,9799,2140,2789,7723,2380,13296,10326,220,3055,2990,12680,89,8235,12757,8922,9937,8562,9580,8302,5999,10835,7063,11784,454"
6424,"5155,6659,4256,10658,3428,13112,12268,4602,12191,8540,13306,652,2164,3275,8092,3416,931,8018,7914,4839,10431,2897,1165,1377,1151,3992,1328,5676,11001,6383"
6436,"8590,3950,2789,8922,10326,7120,2140,9449,10124,1290,1598,6220,8205,89,7024,8421,9799,11843,13296,9744,8562,4266,2218,1912,10663,8235,2990,6971,3317,8018"
6454,"2343,6834,8608,9693,5532,2537,4117,6638,5199,4605,13112,6795,8354,5782,7521,10835,8671,9132,4266,12858,5999,3909,6964,1210,10063,4865,7964,4277,6593,6026"
6464,"8421,9580,5303,6971,10326,2140,4798,12857,1180,331,6515,4277,12990,851,4315,6326,5999,11540,1996,12779,11282,12793,976,9072,8575,3766,3950,9309,811,11843"
6479,"3950,1978,7197,8421,9455,1426,4277,811,220,652,3428,1210,4025,5610,3799,11843,4798,217,773,9942,4608,6326,11622,10326,13346,11010,4974,13112,10039,8483"
6485,"5149,7707,5976,3487,10429,589,9083,7637,1863,4698,8981,12723,7619,2327,5927,6971,779,1487,6220,1156,9689,8590,7064,3542,2020,3088,1983,5545,1078,12265"
6488,"9942,6220,2218,3428,5545,8562,12606,13296,7707,2343,544,10835,13110,1978,3870,2903,2140,11969,5485,5199,9072,9455,4946,4414,89,8279,275,8188,8590,3509"
6490,"2218,2140,10326,9072,2343,8562,811,5303,6971,8421,6220,544,7802,10608,9340,9938,12793,992,7558,12404,1017,4679,6433,11000,3950,5485,5545,13296,1634,9341"
6498,"6220,2218,2140,10326,13296,5545,4277,8562,5303,9072,7707,9942,9938,11969,6971,544,4679,811,5485,1017,992,1978,12990,8590,3950,2343,11384,6433,1210,12404"
6533,"6971,1017,10326,11540,6751,9072,5303,2140,5999,5485,4117,992,2580,275,5025,8421,9473,4798,6220,12857,8562,4413,8590,8922,9799,12990,9938,10039,7558,1478"
6577,"2789,6220,8421,4277,4117,9942,3950,1978,220,10326,4798,9455,11969,5999,13110,5199,652,2218,1210,10835,3428,11843,6326,1017,12990,11010,3055,11751,6433,9341"
6579,"4277,8421,10326,2140,4798,9072,851,6971,12990,10916,331,5303,6433,811,7197,1776,275,2218,11843,4974,11282,4679,12404,9341,8562,11000,11384,8590,717,12857"
6583,"2218,6220,4277,8421,11969,5545,992,9341,1017,13296,9072,9942,4679,13310,9938,350,10326,2140,3428,5303,13110,5485,1978,12990,811,544,7558,11010,1210,9178"
6597,"2218,2380,5303,6971,6220,4499,13296,6373,12026,10326,4277,5835,5485,8235,9799,5025,8562,8421,10039,7063,9072,7138,6515,4798,12680,4679,10916,6517,5545,2158"
6599,"2343,10835,5532,1290,5866,5199,8608,8590,10674,544,6220,9693,6638,4388,2903,6834,6971,8562,4117,12858,2537,3909,5128,7983,1220,13296,4266,4199,5999,89"
6607,"6220,4277,8421,4798,6971,5545,2380,9072,1210,3428,13296,5303,5199,2218,2140,1978,5485,10835,13110,10326,811,10063,9580,12665,331,7707,5999,7900,13346,6326"
6613,"2218,4602,5545,3950,12470,3992,1978,9942,6220,11540,5495,3428,3509,7707,13112,3870,3799,5199,2903,5532,2343,13110,13306,652,1323,8562,3317,1598,7802,64"
6622,"6971,8922,5999,6220,1290,4117,3055,2140,5303,2343,8590,8562,10326,10835,8235,12680,5532,13296,12026,2789,7120,5199,6418,9799,1220,89,2218,12858,275,4798"
6637,"3950,5545,5495,11622,796,3870,9729,6220,9600,3799,13110,3340,7303,12470,9365,5610,9786,3992,11751,9455,4637,1746,6141,1478,8235,4602,1225,13296,8333,2218"
6644,"5303,11384,4277,6971,4798,1912,1978,6220,220,12990,9072,10916,3950,12857,2140,13296,8590,4679,560,8922,8562,5999,13346,3055,11000,992,1017,2218,9580,6326"
6651,"1290,10607,7120,11298,6610,4576,296,5135,10389,4929,10663,10648,2916,789,9962,4664,4024,11024,5672,13370,2989,10137,6576,1779,1244,12903,10336,8635,3539,3070"
6674,"2218,2903,2343,8018,3992,3428,13112,64,220,5199,6220,3799,3950,5545,810,4602,6041,89,802,9693,13346,8279,8333,6795,7802,3340,5761,9179,13350,2990"
6683,"2789,6971,5999,2567,3055,5303,4798,12026,8922,8421,9443,4117,2220,8235,12680,9580,7578,10916,9449,9470,2199,10778,976,3950,6326,11506,2218,6220,931,4679"
6686,"1290,7120,4929,6697,10663,589,9564,10429,13377,8302,13296,7706,9083,5976,2327,89,4576,12426,6971,5962,1779,1244,9748,8590,1863,10607,12723,2218,9882,6243"
6707,"2343,5999,10835,4117,5532,9693,6220,2903,5866,1978,6971,4277,6834,2822,8279,6638,3055,9072,2218,4199,8562,10063,5303,1210,13112,1290,13296,6795,10039,2140"
6724,"2327,8607,9336,6018,11402,9083,9882,12723,5484,3487,8188,9564,5495,10429,779,2343,5976,10802,1863,12470,7706,9570,4576,3467,7725,1290,5532,7937,13431,1669"
6729,"6220,5545,2218,13296,9942,2140,7707,13110,10326,3870,1598,12990,4277,8590,8421,3950,1978,5485,8562,3428,9729,4413,4798,4414,11969,5303,12665,9600,6971,5386"
6739,"11622,6982,11540,11751,10913,4413,11795,7723,5495,4117,3950,9729,6751,5700,2038,9473,4602,2910,782,1598,12470,5673,11784,3340,2789,10326,11772,9799,3871,4266"
6756,"1978,4277,8421,9072,1017,9340,11384,992,7197,9938,11000,4798,717,811,3950,2343,6433,1210,10916,9341,5303,1912,10326,2140,12990,11969,851,4679,12857,9693"
6764,"2218,6220,9341,5303,9072,1017,4277,7558,13310,9938,544,2140,992,5025,13296,6971,10326,5485,717,11000,8421,5545,4679,9340,7063,2380,6418,11969,1210,12990"
6768,"6220,5545,9942,3428,13296,11969,12665,1978,3870,12606,2218,9729,8188,4277,544,13310,1210,7383,3487,64,8590,5386,4256,2327,3950,8562,9072,10429,1598,5731"
6787,"6971,2343,5999,5532,4266,4117,2218,3055,2140,5303,1290,3950,5199,10835,6220,8562,9693,7578,13296,89,6834,8421,4798,5495,10326,6529,8235,3909,8590,8922"
6808,"789,5135,1290,13309,7120,10607,9866,10336,4576,4664,10663,296,11298,4036,4929,3697,2916,11024,1779,6610,10648,6811,11775,8475,4111,9170,7817,1244,3539,3070"
6811,"9942,7792,12470,8188,3428,13306,652,9800,4876,13112,1323,5495,8454,7227,13110,3509,8607,6220,4602,9455,8028,6659,5545,7707,1383,782,2218,8071,9519,11969"
6812,"13296,2218,8562,6971,2140,5545,5303,7707,9942,2343,2380,3870,10835,12665,89,4798,8590,8421,4414,12026,275,12606,544,560,10326,3950,5485,11969,8235,3055"
6831,"544,2140,8562,11969,1323,12606,13296,6220,5545,2218,9072,7707,5485,8590,8607,9942,10326,2343,7558,1017,6742,5866,7484,9570,1978,2327,7679,9732,11024,10674"
6833,"12470,2343,89,4576,7792,9942,5532,4266,5199,9336,5495,1290,6220,8188,4602,10835,5545,7983,5766,4117,2903,7707,10674,2327,11969,12606,6610,2218,9693,13296"
6840,"2291,7063,4798,9306,6141,6630,4219,4101,11282,2140,2149,13214,11288,6502,8421,1957,12990,3950,1287,5610,11115,331,2199,5303,10462,5819,10437,11751,4947,4262"
6842,"1290,10607,83,1851,4664,7120,10674,4576,5135,11298,1779,296,4036,3539,12903,9732,9960,10389,11024,6610,3697,789,10648,11775,6811,11020,2957,8475,9962,12869"
6855,"1290,7120,10607,4576,4929,10663,296,5135,2916,6610,11298,4664,1244,11775,789,10389,9962,12497,10137,544,10648,11024,13370,12903,1779,3697,11969,2989,13309,4028"
6869,"8421,851,5999,4277,2789,4798,1996,3950,11843,13346,6326,4117,9580,11282,1978,2140,9072,10916,10326,1180,4974,6515,6433,9504,10138,7833,837,2882,7197,11993"
6874,"7383,10429,1863,7706,3487,383,7707,779,10122,7341,10776,5976,12606,6220,11103,7892,5545,13296,13310,7619,2899,9306,2327,5149,7063,12744,4698,1983,10802,7784"
6879,"13112,4117,2343,9942,9693,12470,9072,1017,11969,544,5199,1210,6795,12085,10674,652,9938,5532,13306,5866,9341,1978,6834,5485,1323,1684,8279,4266,6220,8608"
6885,"8806,13294,10122,8071,7063,10413,13063,4339,1109,12271,11348,36,12200,5325,808,8296,9179,12279,13310,8361,9780,5731,9093,2899,2281,12778,1850,2629,6235,5794"
6886,"6220,1290,13296,11969,2218,544,4277,8590,2343,5545,6971,2140,4576,9942,10326,9072,7120,8421,89,8562,5303,9455,5485,4664,10835,1210,12665,9600,7707,1978"
6902,"4277,6971,992,9072,2140,10326,12857,6220,2218,12990,4798,1017,4679,13296,6515,4453,717,851,9580,5025,11384,560,9938,2380,1912,8590,1978,12779,5485,11000"
6908,"1851,13431,12096,83,9732,11298,10389,3238,2989,9960,4024,11938,12903,12869,10607,3833,2709,420,7279,10674,7679,10137,3222,3570,4163,11024,12995,6610,4216,13370"
6911,"2789,2567,6971,5999,3950,4117,6220,4798,9443,8421,9580,10326,6326,4277,2218,8922,931,220,5303,4413,454,1290,3055,8590,2140,6418,11784,12990,10835,7723"
6912,"13112,2343,13306,3428,2218,1210,810,6220,652,1978,10658,5155,11969,6641,9938,3992,64,1017,8279,6659,3416,9693,4602,992,2903,5545,9942,9800,3509,9455"
6919,"83,11298,9732,13431,6610,1851,10674,3222,12096,10607,420,11024,10102,12903,3570,7679,10137,8714,10581,12995,2989,13182,9960,8910,9295,12869,1779,11938,3238,7494"
6926,"3950,2218,6220,8235,9942,2903,10835,5999,1978,8562,3055,2140,5199,2990,13346,220,3428,5545,7707,11540,4602,4946,13296,8018,3992,8413,5303,12606,9072,2580"
6934,"3416,10658,13112,10107,9990,6751,11001,652,10196,9063,8746,3563,2897,13253,1978,7835,4029,1017,2305,4418,7010,2580,2861,5155,4623,11590,36,9938,5700,12784"
6935,"11590,1978,11001,5155,13112,1017,11969,3416,12085,10658,9341,652,1210,9072,2770,13306,9485,4277,350,4256,3428,9938,992,6433,7197,1323,10107,2290,6659,3314"
6939,"4413,9799,3888,8707,10082,4321,12104,6971,8922,454,3106,2789,6220,8235,12331,5549,8981,11751,5149,9454,7064,4101,5999,9083,4698,12026,1478,8413,9668,2218"
7000,"5199,2343,4117,5999,3909,5532,2822,4388,8608,6971,6220,6638,9693,6529,4053,4199,5866,2903,6834,1290,3055,4266,10063,8279,2537,12026,6026,9132,13296,6795"
7003,"2343,6834,2537,4605,6795,9693,13112,8608,8671,5532,3525,9438,3737,7547,2029,2903,5999,4388,4117,4053,5782,5199,8505,12858,5866,11020,6593,4163,1116,11712"
7005,"4277,8421,7197,11384,6220,12990,10326,4798,10916,811,2140,331,8562,11969,1978,9455,11000,6971,2411,5303,13296,2218,8590,9072,11843,9234,544,3781,4679,3950"
7042,"8421,4798,4277,2140,5303,6971,12990,2218,3950,6220,6433,10916,9340,11000,7063,11384,5545,1978,11843,331,8562,5610,10326,11282,13296,811,1210,220,9341,12404"
7045,"8188,3428,12470,8607,9341,5495,4256,2791,13306,9336,11969,13112,2290,7840,2343,6000,8279,6659,13437,7227,6018,1383,2327,9693,13110,3275,1210,1254,5545,12859"
7047,"7723,6220,9799,7707,9083,12606,6971,13296,8590,10835,1290,10429,5545,4413,9942,8922,7706,2218,1863,2343,8235,7792,7983,2327,12944,5532,89,12723,8562,8607"
7053,"6220,7707,2343,5545,8235,7706,13296,89,2218,10835,6971,12606,1290,1863,10429,7983,4430,12665,5524,13191,5976,4413,589,7723,8590,7619,5303,9799,8562,3909"
7063,"11001,350,5155,11969,1017,9341,716,11010,2290,217,9178,1978,1328,9455,652,13306,3428,2897,811,992,4277,1323,11590,13110,12121,8071,1210,7197,6023,9234"
7067,"11001,13112,2285,10736,2290,2897,3416,1383,6300,3275,8724,8830,1210,7689,5166,3428,9341,12085,8885,11590,13306,1516,4256,12859,1109,943,2135,5155,11449,8779"
7071,"2218,10326,8421,4277,2140,6220,5303,4974,13296,9072,5485,6971,811,12990,9580,9340,4798,11843,331,851,2380,837,1210,10608,7197,5545,12404,3766,12857,4679"
7078,"1210,3428,1978,13110,2290,5155,5545,11969,1426,13306,4256,1383,9341,10537,13112,64,810,1323,9455,8279,9942,8293,8092,8188,1680,1017,3870,534,6659,11001"
7109,"2140,6971,5303,8235,2218,5999,2990,8590,9454,1290,8922,6515,12026,9886,3950,10326,9733,2380,9072,11403,4798,8562,7138,5549,8205,1912,2903,10340,5025,8022"
7118,"5303,6971,2140,7063,8421,10326,4277,2218,4679,12990,4798,6515,5819,9580,2380,2291,8590,13296,8562,7138,8161,851,11282,6220,11843,6433,12680,10916,331,1912"
7129,"1290,10607,4576,83,11298,7120,1851,11024,10389,4036,10137,6610,296,1779,4664,9732,10674,3539,10581,5135,11020,12995,10648,12903,3570,8714,9960,11918,3697,4929"
7133,"3416,11001,2897,652,5155,1978,13112,11590,13306,350,6659,10107,1017,992,9938,3428,4418,9942,2770,11969,4256,1323,8270,9800,3314,9072,7835,1210,5109,9178"
7139,"1290,7120,4929,10607,1779,10674,3697,10663,12903,5135,11298,2916,9295,1851,11775,9732,2957,296,8475,4163,1244,4576,3570,4216,7679,9962,12869,11024,4036,12497"
7142,"2140,6971,5303,2218,6220,4798,8562,13296,8421,10326,5485,4277,2380,9799,12680,8590,10916,12026,3870,12990,275,11751,3055,4413,5999,4414,9072,10835,9098,331"
7146,"2343,5532,5199,10835,6220,2218,12470,5495,9693,5545,5866,8562,8279,2903,6971,13296,2537,3799,9942,6834,4117,1210,11969,6795,3055,6638,9455,13112,1978,5999"
7172,"4277,8421,10326,2140,331,8590,9072,851,6971,12990,811,544,7197,9340,5303,9580,4798,1776,11843,789,10916,12404,1290,13296,6220,4974,5135,9938,6433,275"
7181,"2789,2567,931,8235,6971,6220,3055,4602,6418,4430,3992,5303,220,9470,9292,6326,2238,3950,8922,8221,9600,11751,1017,5999,5524,8421,2380,11784,5545,4413"
7195,"851,2140,10326,4277,331,9580,12990,11282,1776,1180,5303,11843,6971,4798,8161,10916,9799,10138,6515,4974,837,7833,9880,2218,2380,5025,10608,6326,4679,976"
7197,"5545,2218,7707,13296,13110,3428,9942,5303,12665,1598,1978,4277,2140,4413,8562,9600,3950,10326,13310,9072,6971,1017,3992,2380,7558,3870,5485,8421,8590,11969"
7203,"1290,7120,4929,10663,296,2916,5135,12497,6243,10607,9962,789,3697,10336,13309,1244,11298,6610,13101,9866,4576,4777,10648,1851,8567,9746,9295,10137,11775,10389"
7223,"2218,6220,6971,8421,2789,2380,9341,2140,13296,1210,5199,5303,4277,9072,10326,6433,5545,976,10039,11010,2343,3950,6326,4798,3428,7707,931,3766,220,9580"
7235,"2957,4216,3722,10674,4688,1851,83,8342,420,778,8629,8057,12615,10102,12808,9384,8810,8650,5738,11020,7971,4793,9732,2709,11670,9913,8497,2503,4218,10687"
7236,"2140,2218,6220,6971,10326,5303,13296,8562,8590,544,7707,5485,9072,9942,5545,2343,275,11969,4277,9938,5866,5025,2380,12665,12404,10835,12606,6433,1017,1220"
7237,"5149,6971,2140,9799,2218,8981,9083,13296,6220,5303,8302,4698,3088,8590,4413,7706,7723,1290,10429,7707,7948,589,8922,4250,10241,7637,9564,7064,11615,11117"
7255,"6971,9799,1290,9671,4321,8590,9295,12030,2140,7120,5135,11243,2218,8733,10608,3697,2885,5303,1977,8922,10674,5532,12858,12156,8707,6846,11117,789,13309,12497"
7297,"9693,6220,5532,10835,6971,6834,2537,5199,5866,4388,3909,5999,8562,4117,2218,5303,6795,8608,5545,13296,1290,12665,1978,9072,8279,8590,2903,544,6529,3950"
7320,"6971,10326,4277,5999,8421,11000,4798,5303,851,12990,2789,10916,4117,2140,4865,11282,5532,9072,8922,9580,6220,2218,331,3055,8590,2343,4679,8562,717,1017"
7323,"6220,8235,89,2343,10835,2903,5545,9942,13296,2218,4602,11403,7707,5199,7024,12606,5524,7983,8562,3950,8590,12665,1290,8279,1978,3428,5532,3509,5866,3870"
7326,"2218,11969,9942,6220,4277,5545,350,9341,10326,3428,2140,13110,8421,9072,5485,811,1017,11010,13296,6433,1210,652,9178,1978,9938,716,544,6641,4679,3870"
7343,"10326,4277,8421,12990,2140,331,8590,851,5303,7197,9580,811,4798,9072,6220,1776,6971,10916,11843,4679,992,1017,4974,350,9340,717,1978,9938,13296,12857"
7363,"6971,9799,2218,4413,6220,2140,5303,2343,8235,13296,1290,7707,4430,4266,11540,12944,89,8590,5485,10326,10608,2380,5999,7983,10835,8562,3055,3950,5532,5199"
7364,"2789,9470,220,5999,8221,6971,3055,4482,4117,2567,4053,12793,3950,976,4798,12026,5303,3340,2218,4413,6326,11000,2335,5199,6220,10434,9449,11282,4679,8707"
7366,"2218,9072,1978,1017,11969,6433,992,8421,9341,9942,9178,652,10326,3950,811,3428,6220,9938,5545,2140,11384,11000,13296,11010,13306,7558,9340,544,7835,7802"
7372,"5999,2343,6220,2218,4117,10835,6971,3340,220,12026,8562,3055,6834,2789,9693,5303,2822,3950,8235,6795,2903,8018,4053,8505,10778,4413,6529,6638,12793,89"
7399,"13431,9336,8607,4216,420,2327,6000,8188,10674,3487,1558,5927,10102,7725,9732,10206,9883,3464,11402,7679,3570,3560,9882,7937,7227,2957,7545,7792,3222,10429"
7402,"5532,2343,9799,5495,2140,6971,8562,3545,8235,10326,8608,3909,6638,4388,3055,3766,5303,2380,1478,12944,9693,10795,13296,8590,10608,5199,6220,6589,12331,10835"
7406,"2285,12470,2135,1323,3314,11001,2290,10206,9903,5495,1383,8188,12249,10736,9341,8830,13431,5155,8779,13306,7227,13112,9258,6023,9519,8885,3416,11969,6150,7689"
7421,"2218,13296,6971,4277,5545,2343,10835,4413,7707,2140,8562,5485,9799,9942,12665,2380,6638,5199,9600,4865,10326,9072,1598,5999,1220,89,3428,2789,10063,8421"
7425,"1290,10674,7120,9295,1779,4163,5135,10607,3697,10581,1558,10102,8342,2957,11298,8475,4216,544,6610,1244,789,4664,3539,6971,9671,8733,9962,4036,8714,8650"
7431,"8421,2140,10326,331,4277,4798,1776,851,4679,6971,12990,811,10916,5303,7197,11282,7063,11843,9340,6433,9580,4974,275,12404,7833,1180,10138,8562,8161,1634"
7447,"2285,8779,2290,10736,12859,5166,1383,4051,2143,6023,3759,4817,2791,1004,3520,12939,11504,12470,10661,761,11252,9341,462,12152,6924,6242,50,9846,8361,1323"
7451,"6220,13296,10429,3487,1863,5545,5976,2327,8590,1290,7707,3870,2218,7619,6971,4576,7706,589,12606,1983,9799,12723,8607,2140,544,9689,779,11969,6218,9083"
7453,"2218,6971,6220,2140,5303,7120,8922,7063,8590,13296,89,8018,7138,10326,9306,4277,11384,12026,10462,9962,5135,8562,220,10663,9733,4798,2990,275,8235,9229"
7456,"1851,9960,83,789,6811,5467,9962,12096,3570,11020,8475,4664,2957,10336,9732,13027,7817,11298,10607,10644,13370,3539,6625,3323,6960,10674,4688,13431,12455,8935"
7484,"420,83,13431,10687,3464,4216,2709,10102,12615,1114,3034,12601,11938,8033,10056,9732,3570,13024,12252,1851,8886,2419,5934,13138,7679,1053,8185,11612,7669,2849"
7486,"9799,2140,8421,6971,5999,4798,10326,5303,3950,2789,851,11282,2218,3055,4413,11843,7723,9580,6326,12990,1996,1478,2199,10608,8205,5199,13346,8562,11622,4117"
7505,"2218,6220,2140,6971,13296,9942,7707,8590,544,8562,10326,5303,5485,5545,1290,89,275,2343,7948,12665,9072,12606,11969,8607,1220,9799,7491,1598,7558,2380"
7529,"2218,6433,4277,9340,9072,6971,2343,8421,10326,1210,11969,9341,6220,2140,544,5199,1290,1017,9455,1978,4798,811,5545,13296,11010,5532,4608,11000,12404,5025"
7532,"11298,4576,11024,10607,83,7864,2989,13431,1851,12995,6610,8910,12903,8714,10648,9732,3222,11918,7262,1779,10137,10389,4036,11775,4024,12869,13370,10102,11532,5135"
7548,"6971,2140,10326,6220,5303,8590,2218,3055,8922,1290,13296,8562,5999,8421,9799,9072,4277,2343,4798,8235,10835,5532,12990,5485,4413,3950,10039,2789,12026,5199"
7550,"1328,350,12191,7383,3428,5155,10431,716,1978,4097,8018,9306,6220,5731,1377,2164,9178,5545,2218,220,5819,4256,11590,8092,12322,8071,4277,992,8331,1165"
7557,"10326,8421,851,4277,2140,811,7197,12990,4974,1634,1776,5485,3766,10916,217,4798,1996,9072,1180,9580,9473,8590,11843,1912,2158,6971,544,5303,9489,717"
7574,"4163,1851,4216,2957,4688,10102,1558,83,8650,10674,11298,420,12096,8714,8475,9732,5135,11020,1576,12615,9960,12869,6811,10607,12903,3539,3722,11775,10581,9671"
7586,"7707,6220,5545,12606,3487,13296,5976,1863,7383,7619,8590,2327,9942,1290,7706,12723,589,9600,1983,12665,12339,89,544,13110,13377,2218,8235,779,3870,4430"
7592,"6060,13111,8540,6952,9375,4256,1948,3844,5494,5105,3314,2770,10441,1796,381,6402,1521,5760,5027,7486,10442,6425,4399,2769,516,12257,9165,10107,6011,8673"
7594,"3428,2218,4602,10224,3992,11869,1598,7792,652,8071,11772,7707,1165,11784,4413,9942,2705,9729,10506,2380,3950,3287,6220,6041,8333,10986,2305,11540,7558,64"
7600,"4256,13112,5155,12470,6659,13306,6402,3428,13110,8092,11001,6150,7797,11590,64,1516,11969,7689,8188,2975,1210,1323,12085,1101,9942,2897,8724,3799,8540,534"
7601,"9072,1017,1210,13112,9341,1978,3416,2218,652,717,9938,6751,9340,10326,811,11000,4277,7835,992,8421,11010,5025,4974,11001,7197,36,5532,10658,1684,810"
7642,"4163,1558,2957,420,10102,10674,8629,12615,3722,83,4688,10687,1851,2709,778,4758,8057,8033,13431,9732,10194,8810,2849,7669,12808,9384,4793,8497,11967,12096"
7647,"2218,6220,2380,2140,3950,13296,5303,5545,4413,10326,1598,7707,8421,11784,2789,3870,6326,8235,13346,9799,3992,5485,4798,8562,1978,2990,9072,4602,5819,9942"
7650,"6220,2218,5545,3428,1017,11969,9942,13296,1978,13110,9072,10326,992,9341,7383,7558,1165,1598,350,9600,7707,544,13310,1210,2140,8071,9938,1328,8421,12990"
7660,"1290,10607,10389,4576,7120,6610,296,11298,1851,11024,11775,12903,1779,10137,5135,4024,10674,10581,3070,4664,10663,83,4929,10648,544,9732,3539,2916,9295,4036"
7682,"2218,6220,13296,8562,2140,5545,2343,9942,544,11969,89,9455,3870,6971,10326,4576,12606,5303,8590,275,4277,7707,7558,12404,9072,4414,8421,2411,12990,8607"
7712,"6220,13296,5545,7707,4414,10835,3428,13110,5485,11969,544,3870,4277,2140,12606,8562,5199,2218,8590,1290,7900,9600,89,12665,1978,10326,6971,4946,9455,275"
7728,"2285,10736,12859,2886,4765,3098,8806,13000,2143,3857,8779,3147,9430,10605,13352,6752,3345,9658,462,4051,2217,9296,2791,3022,36,11001,5022,12600,7917,3313"
7763,"6220,5545,13296,13110,3428,2140,2218,3870,9600,1978,9729,4414,12606,5485,7900,4277,8421,8562,12665,10326,1598,8590,11969,5386,4798,9072,2380,5303,12990,10835"
7764,"6971,2218,6220,13296,5303,8590,2140,544,10326,8562,2343,1290,3870,5545,275,9072,5532,5485,10835,7707,4576,9942,3055,11969,4277,12990,9799,8607,1220,7558"
7765,"2343,2218,6971,1290,9072,544,5532,2140,10326,5303,8590,6834,4576,13296,2537,7802,9693,9340,8562,89,10608,5866,1634,8421,11969,12404,6220,7120,5135,2411"
7768,"12470,5495,1426,7802,3871,9365,2218,8607,9942,11540,1323,609,3509,9800,646,8454,796,4608,8279,2645,2903,5545,7792,5199,4946,2343,13110,3520,7558,8562"
7776,"5135,1290,10607,11775,789,7120,11298,9962,4576,4036,3737,2989,9730,10648,2343,2916,296,7817,13309,5142,3539,6220,11117,1779,1244,8302,9866,4664,544,11024"
7834,"2140,9473,10326,851,1180,12156,8421,6626,1996,331,9771,4315,6751,8161,9580,1776,4798,12990,2169,7833,12857,1912,1634,11540,9489,811,8590,10916,5303,6899"
7850,"8421,4974,761,4277,851,6326,1996,811,10594,837,4798,4025,11843,331,7197,12385,8230,1180,11010,976,7833,1210,3770,9340,4679,9234,11282,716,1640,10138"
7860,"6220,9942,2343,5199,5866,10835,13112,2218,5532,11969,7707,5545,10326,5485,1210,10674,4602,544,13296,1978,13306,9938,652,4117,2140,8562,3428,9693,9072,8188"
7879,"6971,5303,9580,851,5999,2140,4101,8421,11282,6515,12026,4798,12680,9799,1100,3055,7578,9880,10326,1996,8161,1290,331,1776,1408,12385,2380,6638,2199,1634"
7892,"4576,10607,10389,83,2989,4664,11020,6960,10137,3539,6812,8714,11298,11918,6610,1891,12869,11024,13370,8254,1851,1290,9348,12653,5135,9730,8910,10581,2343,6591"
7895,"2218,9072,1017,3950,12470,5495,2343,5545,6433,1978,11540,6220,4608,8421,10326,5532,5199,9341,4117,7707,1478,13112,5999,7802,3871,6971,2789,1210,2140,11010"
7901,"4277,8421,6220,6971,4679,10326,2789,4798,12990,5303,2140,10916,851,9580,4865,9072,13296,11969,11000,1017,9341,331,1776,11843,11384,7197,4974,9938,717,11282"
7922,"4277,8421,2140,6220,9072,331,12990,851,6971,1017,5485,5303,13296,9580,2218,8590,992,544,9938,717,3766,4798,811,4974,5025,7197,11843,1776,1180,1210"
7927,"7707,6220,9799,2218,4413,6971,2140,5485,5303,13296,5545,2380,10326,8421,9072,4430,1017,11540,7723,1478,4698,12990,1598,9937,7558,4798,4277,8590,10608,9942"
7931,"5303,8562,4798,2140,12857,4277,1912,8421,10916,3950,220,13346,3055,1978,6326,5999,6971,2380,992,4679,6515,2580,11384,8161,12026,10326,6220,4453,9072,717"
7938,"12470,4117,5532,2343,10835,4388,8608,5199,4266,13112,5999,12156,8279,2771,7723,8505,5866,6834,4053,6795,2822,6220,4118,9455,9942,2537,9693,3799,11969,2571"
7942,"3428,2285,9341,11001,1210,13110,2897,9178,9942,11969,13112,2290,13375,1383,2218,1978,9455,9800,4492,13306,1323,12404,7899,811,3908,11000,1017,12085,4277,1426"
7964,"3950,7723,2218,8413,3870,11772,9786,11751,4413,5495,5545,6220,8562,2990,9365,796,3992,11622,1478,11540,12632,3428,3577,13346,9454,8333,9733,7079,3799,2305"
7982,"12632,11622,8333,3950,4602,2218,454,6982,3428,2789,7723,11326,3799,8018,4413,9729,3870,11751,3509,3317,220,931,8413,5673,11772,5610,9365,2305,13346,6646"
7988,"1290,5135,7120,8302,11117,2784,6243,10663,12030,3697,789,4929,2916,9405,1977,6971,12497,8567,13101,9962,4387,5573,13309,8525,2885,11088,1400,3737,11651,296"
7992,"4798,8421,10916,4277,5999,2140,7197,3870,8562,220,4117,5199,6220,11843,10326,12990,11751,1408,6326,9455,5485,13346,5610,2218,811,9504,1996,11000,331,7867"
8005,"2218,9799,4413,7723,8413,6220,6971,454,2140,5303,11751,5999,8922,2380,2789,10835,12026,8562,8707,9454,3870,4321,3340,3950,12680,11784,5199,13296,9098,5532"
8019,"4619,5504,7681,11334,7047,10974,12458,7496,10009,8911,10732,2263,7325,4935,6547,390,6169,1219,7517,2026,585,11546,4465,4609,6629,12227,6150,989,9274,10283"
8026,"9942,9365,7792,2285,12470,6220,3428,8188,8454,1323,5495,13110,4602,9800,13112,9519,8293,12606,8279,7227,4414,13306,8607,7899,5545,11326,4946,9455,1355,5766"
8028,"2343,6220,10835,5866,5532,5199,6834,2537,6638,9693,10063,4277,1978,4117,2218,5545,4199,8562,13296,2903,1210,8279,4388,11969,3950,5999,9942,5495,9455,6795"
8085,"6626,11635,12378,11504,2285,2135,9258,8263,6150,2290,6644,6114,13112,2299,12470,3938,8185,7689,11238,6123,12279,6300,8236,10736,9524,2143,9296,6503,1383,12859"
8103,"2343,9693,1290,2903,4576,7024,8235,89,5532,2537,5199,10835,6834,7120,10663,2916,6795,796,3799,11403,296,8279,10607,1244,10537,5866,6220,5573,5524,4929"
8108,"3428,1978,9072,810,2218,2580,1017,4492,2903,992,652,811,9455,2897,220,3950,9942,9178,7802,11384,4277,8279,7197,13306,7835,1210,13112,393,9340,10196"
8137,"8608,4388,4117,2343,5199,6220,6971,5532,5999,7964,6834,3909,9693,4266,1290,9295,6638,3055,4576,2822,4053,9942,5866,11969,1220,8562,6795,13296,12156,6026"
8138,"8421,4277,5303,10916,6971,12857,9580,5999,6326,11384,331,2140,3950,13346,851,1978,11282,2789,220,6515,12990,8161,1912,1180,1776,11843,1408,7578,2199,8575"
8139,"8421,4798,5303,2380,851,4277,9580,10916,6515,12680,6971,8161,331,6326,11282,12990,2905,10326,11843,4679,12857,9937,1180,9799,5025,2218,1776,13296,8562,3766"
8148,"6220,6971,13296,5303,2140,8590,5545,4277,544,7707,2218,1290,10326,9072,8421,12990,12665,8562,4798,12404,9942,331,1978,5485,5025,1017,11969,10835,4414,3428"
8150,"3870,3799,9729,4007,2497,6220,1937,2218,4637,5545,3491,4414,5199,9942,10835,13110,7723,1210,1426,5495,3428,10914,11326,3013,9455,5610,12152,7707,9620,9908"
8160,"4576,2989,10607,1290,11298,11775,6610,2343,4664,7120,11969,296,11024,1891,13370,9730,4028,10389,10137,10648,9746,8254,1244,4036,11918,9348,544,5672,3539,11304"
8175,"350,992,544,11969,4277,811,716,1210,10326,9178,652,9072,10658,11001,1978,7197,9942,9340,1328,9938,1017,13306,10674,5155,1323,3428,2897,5485,12404,12096"
8191,"4664,4576,13370,1290,8910,6220,11024,6610,11969,10607,7120,9730,11298,10648,5672,12869,10389,11304,8254,1779,9942,3570,9600,8167,5135,12995,2989,769,544,3239"
8198,"6220,4277,2218,8421,4798,10916,2140,13296,220,1978,2380,5545,3428,6971,5199,8562,3870,11384,1210,12990,3055,5999,13346,275,13110,5485,4414,12026,9072,8483"
8202,"4576,10607,11298,4036,1290,7120,1851,8650,83,5075,4664,11918,11024,7864,4688,11020,5135,2989,12903,1779,11775,9732,2066,10648,8475,8714,10663,6236,10581,5672"
8233,"2218,6220,8235,13296,2140,5303,6971,8562,5545,3870,3950,2343,89,8590,8922,4413,10835,2990,7707,10326,8018,13346,12026,3055,2380,7063,560,11384,7723,9799"
8251,"2218,2140,6220,3870,7063,5545,5303,13296,11384,8562,4798,3950,8421,7383,9306,220,6971,12990,275,6433,1978,9733,13110,5731,9942,11000,7558,5819,13310,13346"
8252,"8421,851,4277,331,9580,10326,4798,2140,1180,11843,8161,10916,12990,11282,6971,5303,4974,7197,7833,837,6515,12857,1912,9072,10138,12385,12779,8590,9340,811"
8265,"2218,6220,5149,4698,8981,7707,2380,13296,4413,6166,10429,9799,6971,3088,7706,2140,1863,9937,4414,7064,3870,5485,4250,89,5303,8562,5545,10241,7792,9942"
8267,"8590,2789,10326,2140,3950,6220,9799,8922,8205,7120,2218,10124,8421,1290,13296,1598,4413,6971,9449,89,5303,2990,8235,7024,11843,4430,9580,9072,12875,12990"
8268,"2903,1978,9072,13112,7835,992,2343,10658,7010,7802,5999,9938,5866,3428,4199,5532,4216,7983,5303,810,9693,5199,3416,5723,13306,9063,652,8235,1017,4117"
8294,"8608,4388,2343,5532,3909,9693,6971,2537,5495,6834,5199,4266,10835,4117,5999,9132,6529,6795,5866,6638,8354,12470,2822,1290,8274,3545,6220,544,6026,1220"
8299,"789,9962,1290,3539,6811,9295,7120,2885,11298,13309,3697,10336,10581,11775,9671,1977,10607,9405,11143,296,3737,9866,5142,11117,7817,10648,10963,13027,3886,2066"
8302,"2140,10326,8421,2218,9072,5303,4277,851,12990,5485,6971,5025,1017,8161,8590,4798,811,11843,9938,4974,9340,10916,12857,11000,1912,6433,9580,13296,331,2158"
8303,"1290,789,5135,4929,296,12497,10336,3697,13101,4387,9866,6971,10607,8567,4777,10147,5573,4277,1244,7817,12030,1977,1400,3737,6811,6812,3539,10648,10963,10644"
8323,"12470,9908,5495,5304,3857,7236,782,13112,9983,7734,7633,2903,1007,3799,8607,4008,6924,1194,13023,5199,3509,6984,11006,12550,7316,8454,2216,7227,8188,6795"
8327,"3428,9942,6220,8188,7792,13112,12470,13306,3870,13110,4414,2218,5495,3799,8454,9729,5545,8681,7707,9455,9800,5199,1383,9365,1323,5485,11806,652,11326,64"
8331,"2789,4413,6220,2218,9799,4602,8235,2380,1598,6971,2567,5303,2140,931,11751,3950,7723,9449,454,3340,3055,12680,8562,13296,3992,10326,4499,6326,8413,220"
8332,"13112,11001,3416,5155,2897,2285,12085,9519,12859,3275,3314,1516,9990,10107,8830,13306,11969,8270,1017,3243,4117,2343,10658,4256,9289,566,9373,5230,1329,7689"
8334,"6220,13296,5545,2218,8590,2140,6971,5303,7707,1978,3870,2343,8562,10326,10835,8421,9942,9072,4277,544,1290,12665,4798,3950,11969,12990,5866,11384,560,13110"
8337,"1290,9295,7120,11298,10581,11775,10607,10674,10648,2885,5135,3697,6610,4576,296,3539,1779,8475,4036,9960,10389,11024,789,8714,544,9962,1576,1244,9671,10102"
8341,"11751,607,4798,13346,4413,1478,220,11784,6326,3950,2380,9968,12857,8221,8562,11540,8483,9729,6220,5341,5999,3992,1996,8413,11622,5303,2580,12793,1598,8421"
8361,"6971,5303,8590,1290,6220,8922,8562,2140,1220,13296,544,9799,2218,1747,9668,12026,12680,3055,9083,7120,10326,560,12665,13185,5025,6742,9072,7063,1400,8714"
8369,"6220,3870,2218,8562,9942,5545,13296,1598,7723,8235,2140,7707,4602,12606,10835,4413,3055,4946,11751,9729,6971,13110,5199,9799,3950,5495,8590,7558,10326,5303"
8378,"2218,9942,5545,7707,6220,8188,3428,13110,11969,7792,9800,3509,8607,544,13296,3520,13306,3870,5485,9072,6641,11103,64,2327,9178,11806,13310,7802,769,8681"
8407,"4576,1290,10607,7120,1779,11024,11298,10389,10137,12903,6610,296,4664,544,11969,2989,11775,10663,2916,4036,4929,4024,11918,5135,8714,2343,1244,12995,13370,8590"
8419,"1290,6610,4576,10607,7120,10389,296,9962,8254,5135,4664,789,13370,10663,11024,11298,4929,6576,13309,11969,1779,1244,2916,2989,6243,10137,3070,12903,11775,4024"
8424,"3487,7383,10429,12265,5976,383,12744,10802,2327,779,10776,7619,7725,10122,8028,1863,8488,10090,7707,9306,7106,7545,12157,5927,3542,13436,5545,9882,7341,7706"
8425,"4277,350,1210,9341,1978,11969,8421,1328,5545,11590,11001,11010,9234,9178,716,5155,8819,3428,11455,1680,9072,992,7197,4679,2290,1323,6220,9340,3112,13110"
8438,"11117,9405,5135,789,6811,1290,9962,11088,3697,8302,8733,7120,2885,13309,11651,1977,5142,10000,11846,2784,9295,12030,11243,3805,3539,10466,8342,1750,8554,11143"
8447,"10326,4277,8421,2140,851,12990,331,4798,10916,11843,1776,9580,5303,6220,6971,7197,11282,1180,220,11000,811,6433,4679,2218,8590,9072,9340,2789,4974,9341"
8458,"9306,2291,7063,13214,7439,12871,5946,2149,1240,37,10697,9771,1539,5747,4937,8452,10462,4219,12733,165,8402,8271,362,4648,3643,12476,6502,8169,10437,647"
8463,"6220,13296,9942,544,4277,5485,1978,9072,5545,2218,1017,10326,3428,13110,7707,2140,1210,9341,12990,8421,9938,992,1323,769,4414,3870,8590,7558,9455,8562"
8471,"4679,3950,8421,5303,6971,6220,2218,4277,4798,10916,8562,220,11000,5999,2140,13346,4865,9580,11282,11384,7063,2789,13296,6326,12990,3340,11843,5610,3870,7138"
8472,"83,1851,4163,4216,2957,10674,1558,9732,420,11020,13431,4664,9960,12096,10102,10687,11938,12615,12869,6960,3570,3238,12903,6591,4688,10607,7971,10389,7679,6610"
8477,"6971,5303,2140,8590,1290,8922,10326,6220,13296,2218,8421,4277,8562,5999,7120,9072,2343,11384,3055,4798,7138,560,8235,12026,1912,12990,10835,9580,544,5532"
8478,"5545,13110,6220,3428,11969,9341,9942,1210,4277,1978,2218,13310,13296,9600,3870,7707,6433,1017,544,2290,9455,5731,8562,12404,5386,8421,811,11010,7558,12665"
8483,"5135,1290,4036,789,10607,11298,10674,5142,4664,11992,9962,11117,9671,7120,3697,2784,3539,8650,1779,8342,9295,11143,6811,11024,9405,10648,4576,13309,8475,4163"
8496,"7723,6971,2218,9799,8235,8922,6220,2140,2789,6418,10326,2343,4413,9072,1290,8590,5303,454,5999,13296,3055,9203,6433,9454,5532,1017,10039,5866,5199,8413"
8497,"4256,6659,6402,9942,8092,5155,1328,1377,13110,12470,11969,7679,1978,13306,10431,9516,5545,3428,5105,10685,10352,1323,4097,13112,652,449,840,11001,10078,6875"
8501,"12104,5999,10434,4053,4117,3525,4740,2822,11712,12156,10566,9983,13218,1788,9998,5199,11572,2571,11357,7723,4452,8505,785,11406,7547,999,2647,4623,2029,3672"
8506,"5545,6220,1017,4602,13110,3428,11969,2218,9942,13306,931,4256,1978,2789,9600,13112,9729,11751,6659,5199,3992,9072,652,8188,1598,7707,11622,9341,3950,7792"
8520,"4277,8421,9072,851,10326,10916,1978,4798,9340,6971,5532,2343,811,5999,7197,1210,9938,4117,1017,12990,6433,2140,11572,331,5303,717,5866,6638,9341,11969"
8524,"4277,6220,8421,10916,2218,2140,11384,4798,1978,13296,7197,10326,12990,5303,8562,9942,9455,11969,11000,220,3870,11843,5545,811,8590,9234,6971,9072,3950,13110"
8531,"9072,6433,8421,4277,1017,2218,9341,1978,6971,10326,5303,9340,2140,4798,9938,11000,1210,851,10039,6220,11843,5025,717,992,11384,12404,811,6751,11969,11010"
8556,"2218,6220,10326,2140,9942,5485,8421,9072,13296,4277,5545,811,11969,7707,5303,8562,1978,9938,544,1598,8590,3870,6433,12990,13110,7558,1017,11843,4798,6971"
8579,"4576,2989,11298,10389,11024,10607,8714,13431,6610,10137,4024,12903,3222,4664,11918,8910,7864,12995,1779,11532,11775,9732,13370,12869,1851,3998,10581,9730,7262,290"
8585,"6220,5545,7707,13296,12665,1290,6971,10835,544,9942,5303,13110,2218,2343,12606,1978,89,8562,7983,7706,9600,560,2140,3428,4576,3870,4277,7120,1220,11969"
8591,"4798,11751,8421,3950,6220,5999,12857,2140,220,4277,6751,1478,10326,11540,6326,1978,3055,12990,10916,2789,11622,6638,4117,4413,13346,5303,331,5199,12793,6971"
8592,"1290,5135,7120,11298,9962,10607,4576,789,296,2916,10648,1244,11775,10663,3697,4036,4929,6610,9866,13309,4664,3539,11024,11143,10137,9960,3737,2989,2885,6243"
8596,"6220,2218,5545,4277,2140,13296,6971,8421,10326,5303,8562,8590,4798,9072,3950,7707,11969,1978,9942,544,6433,2343,12990,13110,12665,5485,11384,811,1210,3870"
8598,"2343,6220,8279,2903,9942,9693,9455,5199,6834,1978,1210,8562,3428,11969,5545,10835,544,13296,2218,10063,810,5532,5866,4277,2411,3950,89,13306,3799,12606"
8608,"1851,83,10674,9960,4163,9732,11020,2957,1558,4664,1290,10607,4216,5135,5467,12096,12869,420,4576,11938,3570,4688,6960,789,11969,11298,8650,3238,13431,9438"
8610,"5135,1290,7120,789,9962,296,3539,13309,2916,10663,4929,3737,12497,4576,11298,3697,1244,10336,11775,9866,9295,1977,7817,6811,10147,2885,10648,10963,10581,9837"
8617,"5135,2957,4163,3539,10607,1851,11298,83,8714,4688,1290,10674,4216,8475,6811,9295,1558,10581,1576,8650,4036,9960,4576,789,9671,4664,1779,10648,12869,7120"
8621,"13112,1323,4008,12152,7899,5495,12470,782,3416,2285,2217,9800,4765,5109,5177,9991,77,5304,8101,8450,3368,7520,13253,6640,7881,7227,2143,8505,9770,609"
8629,"1323,2285,7558,2218,13310,11000,5545,8607,6220,9942,9178,7899,9903,12859,5495,9341,1598,11010,13110,9455,1017,4876,8562,13375,811,4679,11969,1383,8885,6641"
8649,"992,652,350,9178,10326,9072,811,10658,716,4453,1210,9340,1978,7197,3428,4277,9938,3416,13306,1328,11001,12404,810,2897,8421,6751,9942,1017,544,717"
8652,"4216,4163,2957,83,10674,1558,1851,420,9732,13024,11020,10607,11298,3570,10102,8475,3539,12615,13431,12096,5135,5142,9295,1779,8342,8284,4664,12903,4688,11938"
8714,"3487,5545,9942,2989,2327,13110,6220,7707,10429,4576,12606,11103,8188,11969,779,9336,12775,1779,10607,544,11024,11298,12665,7706,1863,13296,5976,11402,1972,1290"
8718,"3509,2343,2903,3799,8293,64,5545,6220,89,10537,10835,9942,3428,8279,5199,4946,12606,1746,2218,8333,2676,3992,796,1426,8188,8505,1007,13110,11403,8015"
8733,"1290,6220,4277,544,2343,7120,11969,296,8590,13296,4576,6971,5545,2916,10607,10835,6610,10663,12665,2218,9693,9942,5303,1978,4664,4929,9072,5866,10389,89"
8734,"6220,7707,5545,13110,12606,3428,10835,13296,89,1978,2903,4946,8562,12665,2218,2343,7983,5199,544,11969,64,3870,3992,8590,4602,3799,8293,3509,11800,7900"
8754,"2343,4117,6220,5999,10835,9693,1978,3950,6971,2218,5545,13112,5532,3055,6326,4798,2789,6638,2903,4602,4199,8279,5303,13346,4277,3428,1210,8562,10063,8421"
8771,"8235,4698,9937,6220,9799,2380,4413,2218,2140,7707,2789,4430,5819,11751,7723,6418,5303,13296,6971,8413,5545,9729,7637,3088,2990,3950,10986,5149,6166,454"
8791,"4277,6220,1210,5545,5485,7707,10063,9942,8421,11969,2905,13110,10326,13296,2140,2218,3766,5199,544,769,11455,10835,9938,8819,4865,791,811,9341,5866,12779"
8794,"6220,5545,7707,13296,1978,13110,12665,8562,3870,2218,12606,3950,10835,5303,8590,9942,1478,2343,2140,3428,13346,6971,4798,7983,9072,8235,7900,9600,5199,11384"
8797,"8590,2140,5303,6971,6220,8562,2218,13296,7063,8922,5545,8235,12606,1290,7707,275,3950,12665,2990,544,11384,89,9733,2343,10326,3055,3870,9072,1156,9942"
8804,"2343,5199,13112,5532,4117,4602,931,10835,2903,3799,9693,8235,4199,5866,8279,12470,4416,4266,5999,6593,121,6795,3950,6638,5495,10063,3340,7010,7796,11403"
8809,"851,8421,10326,4277,4798,5999,2140,331,1978,4117,11282,11843,1776,6751,10916,5532,6433,9580,9072,8161,12990,6971,1996,5025,12857,7833,8590,1180,4974,5303"
8823,"1290,7120,6971,3697,5135,2885,11117,12030,8302,9295,10663,1977,4929,8922,12497,9671,9405,9799,13309,2916,1400,789,9962,8590,11651,6243,1244,2140,8567,296"
8833,"992,9072,9341,4277,9938,7835,1978,8421,11969,811,10326,717,544,11000,6971,6433,9340,11001,4974,1210,2218,331,2343,851,2897,5025,1684,9693,4798,3781"
8835,"1290,2343,10674,9693,1558,5866,7120,2957,10607,4163,544,4576,5532,4664,296,1851,12858,4216,6971,83,9072,2537,1244,12497,6610,9732,9938,8590,10137,11969"
8840,"2218,6971,2140,10326,5303,9799,7063,6433,10608,9072,11000,8421,5025,8562,4798,7723,6220,3870,7558,12990,11751,5485,3055,9968,4413,1598,5999,11282,8452,2380"
8842,"7723,6220,6971,3055,10835,3950,2789,796,8922,2218,2343,5999,4117,8235,3340,3909,4413,13296,5495,6418,5532,3870,9799,5199,220,1746,5545,6141,11751,8562"
8860,"4576,11024,11298,8714,9732,4664,10607,13431,2989,12995,12869,8910,6610,1851,10102,10389,83,1290,3222,10137,12903,5135,10674,11918,9730,11775,7864,11969,4036,4688"
8866,"8421,331,4798,4277,10916,10326,5303,1180,5999,12857,6971,2140,3950,9580,851,1776,11282,6326,6220,8590,11384,7197,11843,8562,3055,1978,4117,11751,2789,11000"
8877,"12104,10434,10566,9998,4623,4740,8806,3672,4452,3048,12641,3106,12868,1723,1719,2074,9470,5920,9786,7527,9093,3857,8156,12928,8746,5048,8707,6058,13367,3026"
8887,"13112,1109,2676,2897,3416,6640,12054,13063,7332,11965,8764,10732,3428,4416,11899,6487,1933,9645,3938,5155,8156,12429,3887,7797,12685,11698,10873,670,13350,9726"
8895,"7063,6433,8421,2140,9341,6971,12990,10326,4277,2218,331,4798,11282,5303,275,11000,9340,12404,5025,1017,851,811,11843,4679,5545,9072,1776,11010,13296,10916"
8907,"1290,4576,7120,296,10663,4929,11298,4036,2916,3539,5135,10137,10389,6610,11024,1244,1779,12497,10648,10581,3697,9295,3070,83,11775,12903,789,4664,2989,1851"
8921,"13112,2897,3416,3428,8724,670,13063,1383,7899,11001,1109,11624,11449,9178,3811,36,12156,5109,9800,12685,4492,10658,12152,10196,2135,2305,13110,5855,652,10736"
8928,"420,4216,10102,2849,1851,4163,13431,4688,1558,8629,2957,83,12615,10674,3464,9732,7669,10206,12096,10194,2709,5934,3222,8033,10687,12869,11967,1542,8714,1960"
8936,"4117,5532,5155,13112,6751,9938,10326,851,1558,652,1017,10674,5199,1978,5866,10658,4006,3416,11969,8279,1290,9473,2343,785,10107,11001,2571,1664,6659,544"
8965,"6220,2343,2218,4388,13296,8562,4277,9072,9693,5866,5485,11000,2537,4117,10835,6971,12990,1978,5999,5532,8421,544,5199,8671,1220,10326,5303,2411,10063,6638"
8971,"2343,6220,2218,5199,9942,10835,4117,8279,3055,3428,5532,11969,9693,9455,2903,12470,5999,4602,13112,8562,6795,7723,13306,13296,13110,89,3870,4946,8188,9072"
9000,"6220,1290,1863,13296,12606,2218,9942,8590,544,7707,10429,89,3487,7120,5545,2140,2327,6971,7706,2343,4576,7619,8607,7892,779,8562,5303,9083,4250,12665"
9023,"4277,10326,9072,992,350,6220,8421,652,1978,544,9938,7197,2218,9942,7707,2140,811,1210,5485,9340,2158,13296,10658,7835,2411,4453,9178,4492,11969,5545"
9025,"6220,1290,2140,6971,13296,9799,10326,4430,8590,5303,8235,8922,9600,4413,8562,3055,8421,1598,7707,2380,4602,7120,5485,9072,11540,2218,5545,931,7983,89"
9031,"2789,2567,5999,4117,3950,9449,8235,11784,6971,4413,454,220,3055,8922,11357,931,2199,7723,4499,4798,12026,9470,5303,9580,6326,9799,7578,10835,11540,5199"
9045,"11969,2218,9072,9942,2343,13306,1978,544,5545,810,6220,2903,3428,652,1426,3509,1210,89,13296,12085,4576,13110,7802,64,5155,11272,9693,1017,6433,5199"
9053,"6220,2218,8235,4413,4602,2789,3992,3950,7723,11784,8562,8413,2990,3340,2380,2343,7707,10835,5199,1598,89,5545,931,5303,220,9942,5999,6971,454,3870"
9054,"3428,13112,13110,9942,1323,9800,8454,9365,2285,13306,1383,8188,12470,64,3992,5545,6641,652,3799,3509,3870,12152,9770,4602,7227,2218,2305,3520,7792,2676"
9060,"6220,13296,7707,5545,5485,13110,2218,11969,3428,4414,544,2140,4277,12606,275,8562,9600,7558,5386,12665,9341,10326,9072,7792,3870,769,6971,8607,1978,13310"
9063,"220,3950,3055,5999,4623,8413,11000,2218,7063,3340,8746,6433,8452,11572,10039,2789,4608,11406,1017,36,796,1788,4482,9341,2580,7899,12793,6971,9455,2990"
9071,"6220,2218,5303,13296,8922,6971,8235,5545,8590,2140,8562,1598,89,3950,8018,4413,12665,9942,11384,7707,1290,10326,3870,220,3055,11784,2789,2990,12606,4798"
9078,"6971,6220,2343,5303,4277,8562,2140,13296,10326,275,544,2218,1290,8590,10835,6834,5999,12990,12404,9693,8421,4798,4388,8608,3055,9072,5199,5532,9942,12156"
9101,"6220,5545,13296,13110,4414,9942,7619,3428,2380,2218,12606,10429,544,9600,3487,12665,2140,5485,12058,1210,9729,2327,7900,3870,11969,5386,4277,7706,8188,4698"
9108,"2218,2140,5303,6220,13296,8421,10326,8562,12990,4798,8590,5545,11384,3950,9072,4277,3870,11000,7063,6433,7558,275,7138,1978,7707,560,1598,5485,9942,11843"
9110,"11001,3428,1323,9178,13110,3416,9341,6023,992,50,5545,3774,1978,13306,6300,10658,1017,9072,9800,1383,3520,652,9942,2290,8724,2285,10736,2897,350,12470"
9114,"2140,9799,2218,6220,6971,5303,10326,8562,5485,13296,12680,9937,7707,4413,8421,6166,12331,3766,4430,5545,4414,6742,11751,7948,1598,7558,12026,8590,10241,8235"
9144,"1290,7120,10607,4576,296,6610,4664,10663,4929,10389,1244,11298,11024,4036,10137,8254,2916,1779,10648,13309,11775,13370,3539,3697,6576,5672,3070,12497,9746,8167"
9172,"6220,6971,5303,13296,1290,7707,5545,12665,4430,4698,2343,2218,7706,9937,8590,9799,789,7619,2380,8235,2238,2140,544,7637,7120,9072,4277,10663,5524,2784"
9185,"10429,7707,7637,5976,1863,7706,589,5149,4698,7619,2020,12723,8590,6220,8703,13296,3487,1487,1290,3088,8981,5545,2327,9083,6971,12606,13377,779,1983,1156"
9190,"6971,4798,2140,8421,5303,9799,4947,2199,5999,6395,10326,9580,4101,3950,2380,6220,11282,12026,11843,331,10916,1478,851,12990,10138,2218,6326,3055,13296,8590"
9193,"12156,1478,11572,6626,7729,1017,1788,9903,7899,9341,12378,2343,6141,4388,5495,4984,8413,7723,2867,808,11751,3340,3055,11000,8562,5532,275,13110,3428,13375"
9198,"4277,9341,1017,8421,6433,11969,12990,9072,6971,331,10326,544,9340,11000,811,4798,851,8590,2218,992,1776,11282,10568,9938,4974,2140,12404,11384,7063,4679"
9200,"2218,544,11969,789,1017,6220,992,9938,6971,1290,7063,6742,9341,4277,13296,5303,5135,769,7383,4679,12404,10326,13310,2140,4664,9340,9866,13309,5485,12869"
9201,"2218,7723,4413,9799,8235,6220,2789,4602,10326,7792,454,6971,9203,9454,1290,89,11540,8922,9942,931,2140,1598,13296,6418,11784,4608,7707,12842,8590,5485"
9204,"5545,13296,7707,4277,8590,5303,544,6971,12665,2218,2140,1978,1290,9600,11969,8562,9072,13110,2343,8421,10326,560,5485,3428,1598,89,12990,10835,4664,9938"
9215,"1290,7120,4929,6971,10663,12497,2916,8590,6243,8567,8922,296,3697,5135,5573,789,4387,13309,12030,5303,1400,10336,9962,4777,1977,2140,1244,11117,10607,4277"
9222,"1290,5135,7120,789,11298,9962,6971,10607,6220,9295,2916,4277,296,3697,13309,11775,10581,544,10663,4576,6610,2989,10648,12497,2343,3539,2885,13370,4929,8590"
9233,"8590,2140,6220,2789,3950,13296,2218,7120,1290,8922,9799,8421,8205,89,1598,6971,10124,5303,4413,9449,11843,9072,2990,8235,12990,7024,4430,9580,9942,8562"
9235,"5495,12470,12944,9983,9336,1863,782,12606,11103,9942,5485,1007,10608,8607,4266,7707,8562,2140,12887,6283,9203,3871,8113,3545,4250,9564,4414,9570,2218,2327"
9245,"789,9866,13309,10336,1290,3886,7120,7817,1554,5008,9837,6811,6625,10644,4613,13027,3697,12497,4929,1241,10663,8012,13101,3323,9671,296,8653,9405,2916,12306"
9275,"8235,7024,5524,5875,4602,6962,4430,1290,3950,89,6220,931,8922,4900,5303,12888,2220,11403,10663,13296,244,8590,2990,5545,2789,1571,7289,4929,11784,6091"
9308,"6220,9942,2218,5545,3870,7707,3428,4414,13310,13296,1598,5386,5485,12606,9729,3992,7558,8562,7792,9365,64,1323,11969,4946,8454,8293,8188,4602,2140,13306"
9323,"9072,9341,11969,9178,2218,12404,544,992,6433,811,1017,8421,10326,769,9340,11010,4277,7558,11001,350,5485,4974,1210,9942,217,13296,1323,5025,10568,5545"
9329,"3950,13346,6326,5999,5303,6220,6971,220,8421,10835,4199,8562,3055,12857,8221,4277,1478,12026,2789,6638,4117,10916,11384,10778,1978,2199,2567,2380,8235,9470"
9355,"2218,6220,2140,8562,6971,5303,3870,13296,5545,3950,4798,9799,1598,4413,10326,5999,8421,5485,2380,11540,7707,8413,10835,7723,8590,3055,11751,7558,12990,12793"
9369,"2140,5303,8421,4798,10916,4277,6971,12990,10326,851,1912,11384,2905,331,12857,8562,8161,9580,11843,12680,11282,6515,2218,1776,9309,8590,7063,1996,275,5999"
9386,"6220,2218,9942,7707,5545,13296,8607,7706,6971,3487,13310,5149,8714,13110,4414,544,5485,10429,11969,8981,7723,4698,9720,2343,275,769,3998,12606,4250,12665"
9388,"6220,7707,5545,13296,2140,3870,9799,7792,4413,5485,2380,1598,9942,6971,4414,7558,9729,10429,8607,5303,1863,12606,544,7948,8188,8590,89,7723,5495,4602"
9401,"4664,7679,1290,3570,12339,10201,10674,10607,10389,83,12373,6610,4048,7120,12094,296,9962,4152,1851,8635,11024,4576,4024,13370,2870,3239,10897,5672,350,1779"
9418,"2218,2140,5495,10326,9799,6220,5485,6433,9072,10608,6971,12887,3870,3950,5025,7707,9203,2380,11751,11010,8421,1478,5545,7723,11000,7558,10039,8562,9341,4413"
9433,"10326,331,8421,2140,12990,851,1180,4277,8161,1776,4798,11843,9580,10916,4974,11282,7833,5303,9309,6971,9771,6433,5025,811,1017,6128,4322,11000,12857,275"
9440,"4277,8421,9341,12990,10916,4798,6433,7197,11000,5827,11969,9234,851,11010,2140,11384,331,2218,11282,4974,1978,2905,4679,9072,1210,10976,217,5545,1017,7063"
9446,"5999,4117,5199,1978,13112,10835,2903,6220,2343,3950,3428,5532,9072,4199,2218,10039,1017,5866,3055,9693,13346,8279,1210,9938,6638,10063,2580,6751,2822,4277"
9464,"6220,5545,9942,7707,13296,3487,13110,12606,10429,3870,1863,2218,2327,544,779,8590,11969,7383,8607,7706,11103,4576,12665,4414,5386,13310,8562,275,7491,8188"
9477,"3950,2218,220,4798,13346,2140,5610,11384,6220,7138,8562,9733,5303,10326,11000,5545,8413,2990,7063,13381,12857,4277,10916,5731,4915,12990,3428,3577,8421,3870"
9488,"4576,10607,1290,10389,7120,11024,11298,4664,10137,296,8714,1779,12903,13370,5135,83,3539,10674,1851,11775,4036,1244,11969,10648,2989,11918,9732,12869,8254,4929"
9500,"8421,10326,4277,2140,2218,6220,5303,9072,4798,12990,1978,11384,6971,12857,1017,13296,5485,11000,9580,10916,8590,8562,11843,9938,4974,811,851,3950,5025,5999"
9502,"4277,2218,8421,13296,5545,2140,5303,1978,4798,3950,10326,1210,6971,2789,9072,5199,3428,9942,5485,10835,2343,12990,8562,6638,11843,13346,2380,7707,9341,10063"
9507,"2343,13112,2903,4117,8279,5532,6795,4602,3340,8235,5199,6834,9693,10835,2537,8505,3799,5999,8018,3950,3509,796,4416,4053,89,3571,12470,6593,7024,13058"
9528,"10607,11298,3222,13431,3464,1851,4576,83,11024,9732,10009,11532,11918,2989,7279,4024,10919,4545,7864,12995,4216,7679,1779,12903,162,4036,290,13426,173,10206"
9539,"2218,5303,4277,2380,2140,6971,1017,717,9072,4798,6220,9340,8421,10916,11394,7063,275,10326,12857,6515,3428,6517,11000,9580,992,4453,8161,9341,5485,1978"
9566,"3428,9072,5495,3870,7707,1978,2218,9942,9178,5545,5386,12404,5025,12887,2140,7900,13296,6220,12606,1210,10326,8188,9341,646,1478,8562,12470,13110,8071,4118"
9575,"11590,220,7303,3950,4256,11572,13380,4277,11622,1426,13110,1978,5610,9600,1788,8819,5165,5155,3428,3112,9455,12898,1361,4007,8092,4097,4798,11726,1328,9365"
9583,"3428,9341,3992,6220,2218,5545,13306,1210,1017,1978,11969,13110,5155,652,1383,11010,9942,13112,4602,7558,9729,9938,3950,4256,1598,810,9072,10661,4839,9455"
9589,"8421,2140,4277,9580,851,4798,5303,6326,9072,10326,12857,3950,6971,976,6515,9340,811,1978,11843,1017,2380,12779,1210,3766,9938,6638,12990,992,11455,1912"
9591,"5303,6971,10916,4798,8421,4277,12026,5999,2140,9580,8562,12680,4679,4865,7063,11282,3055,13346,12857,220,2380,7138,2218,9968,331,12990,8161,6326,1912,1776"
9617,"220,3950,8018,10340,2990,13346,12632,2899,9738,2958,13097,5610,10758,8235,9733,2580,11784,2140,3506,5819,8156,5303,8746,2380,11800,2108,2169,8333,7672,2218"
9620,"12632,3950,11622,8333,3870,2218,4602,3428,8018,8235,3799,9729,5545,3509,6220,454,3992,220,6982,64,8413,2305,3317,5610,13346,931,7723,11751,4413,11326"
9622,"2905,8421,4798,4277,6326,9580,11843,811,2789,2140,851,4974,2218,1996,10916,11282,10594,6433,7197,3950,3000,1180,9340,8819,350,6515,10138,2158,10326,4315"
9631,"2770,10107,5027,13111,10352,8540,6952,2436,6150,4029,5105,6060,3652,1516,10754,6640,10221,10441,6815,13383,8270,1810,5494,1101,10974,3844,81,10707,10050,12189"
9655,"2218,6220,8562,2140,5303,13296,11384,5545,9942,6971,3870,7063,9733,220,275,4798,7138,3950,9072,1978,3428,2990,8590,4277,13346,5999,7707,10835,10326,2903"
9658,"11751,5999,11622,4117,3055,8562,2140,6971,9799,6982,4798,12156,6141,11540,1996,6092,8922,9968,6899,12680,5532,4388,10913,10326,8413,4332,10916,1788,9473,1478"
9660,"2218,7723,4413,6220,9799,7236,10326,9942,89,8607,2019,7792,5485,6283,9203,1598,13296,2140,4183,12842,7948,9454,454,7707,3871,4321,4012,6971,11969,11615"
9669,"1290,6971,7120,5135,12497,789,8922,9962,13101,3697,13309,2916,8590,5303,2218,10326,1977,4277,12858,4387,2343,9866,2140,10663,12030,7063,10336,11117,4929,4777"
9672,"5545,4277,6220,1978,11969,2343,8421,13296,1017,9341,13110,9072,1210,6971,9942,544,9693,12665,4798,2218,6433,3428,5199,1290,11384,9600,10835,5303,9938,8590"
9684,"6060,6952,2770,13111,8540,5105,3960,4569,10107,10352,4029,11771,13383,2268,5494,3844,5760,6640,6011,10050,4713,10974,9375,81,6402,1101,6082,6528,6815,1810"
9702,"1290,5135,7120,9295,10607,11298,3539,4576,2885,4036,5142,10648,11117,3697,9962,10674,789,1779,1244,1977,10581,8302,11024,11775,8475,2339,11992,9671,2969,6811"
9705,"5241,2164,7447,1328,1377,2140,4602,92,2506,840,10326,12268,8235,1623,10431,1432,2380,4097,12632,11999,652,2925,6306,350,6962,8590,7707,1978,9072,8421"
9722,"9306,13214,2291,5946,12871,383,10462,7383,165,5939,9771,7439,4877,2300,7341,2149,2899,11609,4262,3506,7063,2065,4531,8452,7824,5747,8053,5819,2762,6878"
9732,"162,173,7047,7220,7681,5504,390,4619,11334,1317,12458,363,10009,10974,10732,6629,11546,4935,6547,10739,11802,10919,4609,12227,7496,13426,989,3464,6994,7721"
9781,"2343,1290,6971,8590,544,9693,4576,5532,7120,6834,5866,11969,2916,9072,10607,12497,2140,5135,2537,4929,4028,5303,1978,1017,10663,2218,4277,6433,6220,9340"
9803,"4117,5999,2343,10835,5532,6971,9693,3909,2822,4053,3055,6638,6529,8608,4388,10778,6220,2903,6834,8235,12026,2789,6795,4266,4199,3340,11712,2537,11357,5866"
9809,"13112,9942,4256,1323,3428,12470,1978,13110,6659,5155,9800,8188,8279,13306,3799,11969,1426,5495,12606,5545,5199,64,9455,652,12417,7899,2305,1210,3509,2645"
9814,"8421,9580,851,2140,5999,10916,5303,331,1996,6971,4277,12857,10326,1180,11282,1912,1776,8161,9504,7197,12385,12990,6515,1634,4315,4679,7833,11843,11357,2169"
9818,"8562,2140,6220,5303,5999,12793,3950,5177,10916,10326,1634,4798,13296,220,2218,9942,5485,7197,11384,6971,8421,13346,3055,4277,4679,12857,1378,8505,7707,811"
9820,"7063,5858,2981,220,8011,8562,2218,9105,11568,37,5177,9306,11384,5303,9771,9733,8300,9365,1741,13097,2905,5819,8806,3870,1378,5196,4679,13381,9178,9369"
9848,"4277,6220,2218,9942,7197,811,8421,10326,4492,2140,11969,1978,9455,11384,810,9072,4679,1210,13296,5545,3950,3428,2411,8562,9938,544,5485,220,5303,4798"
9856,"220,8018,5999,10326,4117,2218,652,11784,11357,9455,2140,3055,10196,2789,9942,1017,9733,8505,9938,8562,1598,4499,2580,8922,811,9229,810,5485,9115,9449"
9869,"2285,13310,3275,2218,4839,3428,3992,9365,13110,1383,943,566,3520,9341,10661,2290,6220,9226,220,11806,9942,13306,11969,5545,5538,64,3340,12859,9800,4389"
9889,"2140,6220,5303,2218,7707,10326,9937,6971,8421,4430,8562,13296,4679,5485,5545,4698,12680,9799,4277,4798,992,6515,9580,5819,9072,13310,6166,7558,7063,12990"
9923,"6971,8590,5532,5999,2140,3055,10326,9072,4117,5303,8421,4798,8922,2218,6433,5866,2343,12990,8562,1978,4277,1290,6638,10835,6220,3950,5199,851,13296,1912"
9929,"11622,6982,11540,10913,5700,11751,782,11772,11795,3950,5495,7723,4413,8746,5673,6751,2910,4117,9908,2038,8413,12470,12632,9473,11784,10410,5177,3340,4602,4821"
9961,"4576,1290,10607,4664,11024,7120,4036,89,2343,6610,296,6220,1779,9730,8254,10663,10389,10648,11969,10137,13370,8910,11918,1244,3570,11298,9746,2218,4929,8167"
9969,"6971,1290,10326,7120,2140,5135,851,8590,331,12990,3697,5303,8421,9799,4277,13309,11282,1776,9580,9295,8922,789,13296,12497,1977,4798,6220,1400,633,9962"
9974,"2343,4576,5495,5532,12470,8607,9336,2989,2537,9693,3909,4388,10607,10137,11532,10835,6834,8608,11024,5866,5545,10206,11918,1290,4028,6018,11969,5199,8188,9732"
9976,"2989,13431,4576,11298,10206,3222,3464,11532,11024,4545,7679,290,10607,9732,1779,3487,9336,7279,10389,10137,12995,7262,9730,9295,10919,11918,3570,8714,2591,12903"
9989,"6220,2218,2789,3950,4798,5303,3055,4277,11384,6971,8421,13296,5999,4679,8018,11506,12026,2580,3992,7063,13310,11000,10916,8562,8235,6326,9600,2990,2238,1978"
9993,"9942,3428,13110,5545,11969,3870,13296,2218,1210,12606,7707,9600,8188,13306,4414,8293,544,9455,1978,4277,5386,64,1426,9800,13375,2343,4946,11806,9341,13310"
10002,"13111,5027,6150,6952,6060,13383,2770,10974,1101,5105,5760,10441,8540,5249,8911,3652,6640,3844,4641,3960,2268,10221,4029,4465,6402,1521,10707,4713,2975,4569"
10011,"10607,11298,4576,11024,1851,83,10389,6610,13431,9732,10137,12903,1779,2989,4024,10674,10648,3222,9730,12995,11775,12096,5135,1290,4664,4036,12869,3238,3539,10581"
10016,"1290,4576,7120,6610,10607,10137,296,10389,11298,2989,1244,10663,2916,6971,2343,6220,4929,5135,544,4664,10648,11024,789,11775,8254,13296,13370,8590,12497,1779"
10028,"6971,1290,6220,5545,8590,13296,5303,275,7120,7707,2140,7063,7383,7706,789,4277,544,5135,12665,2218,10429,9962,12404,4798,8421,10663,3870,9600,12990,10336"
10029,"6220,5545,11969,13110,2218,9942,3428,4277,13296,1978,1017,1210,13310,9341,1598,10326,12665,13306,544,9455,3870,7707,8421,12990,7558,810,3950,2343,8562,9938"
10033,"6971,6220,4388,10835,8608,2343,9799,5199,7723,7707,7964,2218,13296,4413,3909,5545,9295,4117,5485,5303,8562,1220,7491,6638,2140,5999,9942,3055,1290,8590"
10042,"8421,9580,4277,5303,6971,2140,851,4798,6515,10326,331,4679,11282,1180,12779,6517,12857,12990,10916,12385,8161,3766,6326,1776,11843,976,2380,4865,1996,12680"
10046,"220,2218,3950,3428,6220,810,8018,11000,4277,4679,1978,717,9455,1210,4492,2580,10326,7197,13346,11384,8562,9340,9072,8421,10661,10039,1017,5303,10916,10196"
10061,"4277,8421,2140,851,331,6220,12990,5303,2218,3766,5025,1776,9072,6971,5485,13296,2380,1210,11843,4974,9580,717,9341,4798,9799,4679,10916,10039,811,8590"
10071,"4277,11969,6220,9942,3428,13110,5545,1978,350,9455,811,1017,1210,8421,9341,7197,2218,10326,217,13296,1328,11010,3950,12990,5155,992,716,9178,3112,3870"
10084,"1210,2290,3428,13306,9341,13112,1004,6659,5155,1323,1383,2285,11001,11969,8092,1377,11455,1574,3275,943,8779,652,10736,350,8188,50,4305,9547,4256,11806"
10091,"3950,2789,9470,5495,2218,3340,6326,8221,976,796,7723,2567,4413,2343,6971,1478,9786,931,454,4482,4798,12470,5999,13346,10124,10608,5532,11282,7283,9449"
10102,"10607,4576,5135,296,6610,789,10663,10389,9962,4929,1244,11298,4664,2916,13309,11775,10336,11024,13370,12373,1779,10137,3070,10648,3697,12497,2989,3539,6243,6576"
10104,"6220,2218,11969,9072,13296,10326,2140,5545,1017,6433,4277,5485,6971,544,9942,8421,1978,6418,1210,5303,10039,7558,9938,8590,3428,11010,2343,2380,1598,12990"
10121,"789,1290,6971,13309,5135,7120,12858,10674,4277,544,1400,9671,10336,1558,2218,2140,2957,12497,8342,6220,9072,3697,4163,9960,8590,9866,296,13296,6811,9405"
10131,"5495,12470,1323,2218,9072,3428,3870,1978,9942,8562,4118,811,217,2411,9455,5485,1210,646,5545,12404,9178,6220,5532,1684,22,12156,4414,5025,8607,12152"
10134,"2285,4956,9590,13000,6849,8361,2290,9903,10743,2897,4839,6023,4609,1914,10154,5714,3314,10413,5813,11814,1061,808,12279,9178,2932,10605,12200,7383,3013,10221"
10139,"9295,1290,9671,2885,4216,1977,4163,5142,10674,2957,7120,3697,10581,11299,5135,11020,6811,83,11243,13024,4215,1558,1851,11117,12184,2985,9960,9284,10445,9405"
10144,"4117,5999,5532,5199,4053,13058,1788,11572,11712,11726,5495,3340,8608,2822,13218,4266,8505,785,2571,4006,11406,4388,3055,10835,6026,12470,13112,7547,7899,3950"
10155,"2218,6220,2789,6971,5303,3950,220,7063,4798,13296,5545,11000,8421,4413,2140,11384,12990,6418,4679,2990,5819,1598,4277,8562,8235,2380,7723,8922,3870,5999"
10168,"589,4036,8302,9564,2343,7706,4250,5149,9336,5962,10429,1290,7707,9083,6220,8554,2218,2327,2784,6971,1863,7471,4576,9799,583,12723,1779,5976,89,1244"
10178,"10607,10389,6610,11024,10137,4024,1290,2989,11298,296,1779,12903,4664,4028,5672,13370,7120,2916,11775,6220,12995,4036,3238,11969,10663,3070,1851,5545,544,8714"
10186,"6220,2218,2140,13296,8590,5545,8562,6971,5303,544,1978,9072,10326,9942,5866,11969,7707,5532,12606,3870,12665,5485,10835,8235,89,1017,5199,1290,3950,4277"
10190,"2290,11001,10736,2897,2285,9341,8361,1109,7197,9178,761,6023,1004,10605,13000,5166,943,6300,2932,6242,350,3416,8819,8724,1210,9234,9903,8779,1383,992"
10194,"3950,931,3992,2343,2789,4602,2218,3340,5545,796,5199,13112,9693,3799,6220,220,1210,6326,64,9455,3428,3317,8279,13306,1978,10835,12379,1017,1383,8018"
10196,"11969,9938,3428,6220,652,11001,2218,1017,9942,13306,10658,4277,2897,9341,350,1978,10326,992,9072,13110,5155,5485,1598,9178,1328,769,1210,3416,544,5545"
10215,"6971,2140,9799,10326,10608,8608,4388,5303,8421,12680,1634,8590,331,1290,5485,6589,851,2218,3766,11282,8562,544,12858,12944,8354,5495,9072,5135,1220,2343"
10218,"7792,8188,9942,8028,12470,13306,5545,7707,6659,7227,13112,3428,2327,4602,6220,9800,3444,13110,13002,9519,5495,2218,12606,3509,64,4256,8454,1323,9336,12842"
10251,"8235,5303,8922,6971,9799,6220,2140,13296,1290,5524,2380,2218,4413,2238,6962,7707,1156,2789,8590,11540,931,9072,5545,4602,560,3055,7983,12665,9937,10241"
10252,"1290,10674,7120,5135,4664,3697,1851,789,11298,8650,4163,9295,10607,2957,9962,83,8475,10581,6811,1558,6610,8342,296,4576,3539,4036,1779,13309,3570,8284"
10262,"8235,8922,1290,5999,5573,4387,10835,5723,5532,4083,2903,6971,1571,2343,12026,10529,12030,5199,11403,3909,2238,7024,9454,7120,7983,6382,8302,11357,5303,5524"
10266,"3428,13310,13110,5545,3870,8293,9365,6220,9942,2218,64,2285,8454,6641,13306,3275,2281,1254,1383,3992,9800,3013,1323,8188,13375,3509,5145,3482,7087,4414"
10271,"5545,7707,9729,3428,6220,3870,9942,8188,2218,1210,4414,5495,5386,13110,7900,3799,13296,1978,12606,652,1323,12470,5199,3491,2140,8681,1377,6659,13306,7792"
10277,"9341,2218,544,13296,5485,9072,7558,4277,6220,10326,8421,1210,2140,5025,11969,11010,12404,3766,6742,717,6971,4414,2411,4679,12990,5303,811,5545,5386,769"
10282,"2905,2218,8421,10326,4277,2140,851,9072,5485,2789,9580,5303,6971,1290,12611,4664,4974,9938,6220,11969,2380,4499,9229,4798,350,1996,8590,11843,13297,2158"
10286,"1290,7120,5573,4387,4929,10663,12497,3697,6243,13101,8567,12030,12474,2916,1977,6846,9646,4083,6971,8302,4777,9284,5135,8922,11117,296,1132,2885,13309,2286"
10305,"5999,4053,5532,2343,10835,5199,6834,11572,2822,11357,1788,8608,2571,9693,6638,4388,2903,8505,4266,4798,6971,4277,11712,4199,7547,11726,3055,7010,2771,6795"
10309,"1290,89,7024,8235,4576,6220,4602,11403,2343,7120,4664,8590,931,7983,10835,6962,5545,10607,1244,8922,13296,10663,2903,9942,2218,5199,7707,296,5532,5524"
10335,"1290,7120,5135,9962,10607,789,13309,4929,10336,296,10663,3697,6811,4664,3539,10389,2916,12497,4576,1851,9866,11775,11298,7817,12903,83,1779,6610,13101,1244"
10340,"3464,13431,10206,3222,2989,2769,420,7679,10102,7279,7047,8910,8560,6053,2709,9732,9289,8185,290,1542,7262,11298,927,83,7864,11532,11918,12995,8589,4545"
10375,"2218,6220,2140,5303,8235,13296,6971,89,10326,8562,8590,8922,2343,5545,9072,1598,4602,2380,9942,6418,1290,7707,5485,3055,8018,9799,9938,4413,2789,544"
10388,"2218,2140,5303,10608,8421,6971,10326,2380,6220,9799,13296,7558,5485,11010,6515,7707,9072,5545,976,11282,9580,3766,2905,1634,6326,4798,4277,12990,8562,6638"
10397,"10326,4277,1017,2140,811,10916,5485,851,9072,9938,12990,8421,1978,12156,6751,5025,7197,275,9942,11969,217,8562,4974,11751,8590,2218,4798,6433,9341,6220"
10402,"6220,2218,3950,10835,5545,2789,5199,2343,220,3992,3055,8562,8235,7723,3870,4602,5999,6971,1210,11751,13110,5303,13296,4798,8413,6638,4117,8018,9455,1478"
10407,"11969,2897,3428,4277,5155,1978,1210,12085,1017,9942,544,11455,9938,9341,810,13306,11001,2343,9455,6220,9072,992,350,8279,811,13110,652,9693,9340,7197"
10408,"9306,13214,2140,8452,11622,11751,383,10437,2291,7715,5819,2602,6982,362,7383,2149,5177,12871,12733,8402,2038,3950,1240,8421,3506,3870,4648,10506,4798,3089"
10416,"9341,11969,1017,2343,11010,2218,1210,2290,9455,6433,5155,3428,13306,1383,11001,9693,10661,6220,5545,12085,3275,943,8607,4277,9942,8279,11000,3340,9903,810"
10448,"2140,2218,7707,6220,5485,9072,10326,9942,5545,13296,8562,2380,5303,544,8590,9341,11969,1978,6433,7558,9938,1017,12606,1598,1323,6971,6418,8421,992,13110"
10454,"3950,3799,9786,7079,5495,11622,5545,3992,13346,7707,1478,2497,9729,13110,3870,11800,12632,782,3428,12470,11772,5610,9908,11540,9942,2645,6220,2990,1978,796"
10499,"2140,4277,8421,8590,350,13296,10326,1290,6220,5303,1328,544,12990,5545,9072,4679,716,2218,11969,992,9962,275,2158,6971,789,4798,7120,1912,7138,12404"
10503,"2343,6971,5532,2218,8590,1290,6220,8235,8922,2140,10835,13296,8562,4576,5303,10326,5545,5866,3055,89,5495,5199,9799,3950,5999,11969,7120,544,7983,9072"
10504,"4576,11298,5135,2989,1290,10607,11775,10389,7120,13370,1891,11969,4664,6610,11024,12869,789,544,1779,10137,4024,3998,9962,4028,12373,8714,9730,9295,8910,10648"
10508,"6220,10326,4277,2218,5485,1017,9341,11969,544,717,9938,2140,4679,12990,9072,13296,1210,992,8562,3766,6742,9942,7558,11000,9455,811,3428,5025,8421,5303"
10514,"13112,8018,2176,64,5155,3428,8156,2676,12322,3992,2903,4602,3416,220,8333,652,3509,3799,393,8505,6641,802,9942,11800,1585,1109,810,8293,10196,6659"
10526,"2770,5155,4256,5027,11001,8819,1978,350,4277,2897,10352,8092,1210,4569,6150,8270,1328,9212,5776,8540,10107,6402,8724,12189,13112,4419,12121,4803,8830,3314"
10540,"9306,13214,2291,12871,7439,9771,10462,165,4877,2149,383,5747,7063,7383,2300,11609,8452,4262,4648,7824,8053,6878,7341,5939,11692,3089,5819,2140,362,4531"
10542,"1017,9072,1978,992,2218,5545,6220,8421,4277,9938,811,9341,544,9340,11969,7835,11384,3428,10326,3950,6433,13110,13296,2140,11000,7707,9942,4798,5303,12990"
10551,"6220,2218,13296,2343,11969,544,9072,9942,1290,5545,6971,10326,4277,8590,2140,4576,8562,5485,8421,5199,5532,10835,7707,3870,89,8607,1210,9455,5495,9693"
10554,"2989,11298,4576,6610,10607,10137,11024,11969,11775,8714,10389,12903,2343,544,1290,13370,1779,7864,3238,1972,13431,10581,4024,9732,10674,12995,1090,11532,10648,12869"
10555,"2343,12470,9336,13112,5495,8188,3509,5532,2903,9693,2218,8607,5199,7227,5866,3428,9942,2327,8279,6659,12606,3799,9203,6795,6041,1007,13403,2537,9570,7840"
10556,"8421,5495,9341,11010,2140,10326,2218,5545,12990,11843,6433,811,1323,1017,6220,12793,1210,851,1978,6141,5025,4277,11000,7707,4798,10608,7558,11282,5303,9072"
10562,"6971,5999,8421,4117,9072,2343,5532,4798,2140,4266,5303,3055,3950,10326,6433,2218,1290,11540,9693,8590,10608,5199,7578,8608,5495,9580,6834,11282,1634,811"
10575,"1290,7120,5135,4929,789,10607,296,10663,9962,3697,13309,6811,2916,3539,10674,11298,9295,1851,11775,1779,10336,12497,1244,83,10389,2957,12903,4576,10648,4163"
10576,"8421,5303,6971,331,9072,10326,12990,4798,6220,4679,2218,717,2140,10916,1017,851,9580,9341,992,4865,7197,4974,4453,11000,1776,13296,11384,1210,9938,11282"
10582,"13296,2380,4277,6971,5303,2218,5485,9799,12680,8421,4414,8562,5545,10326,7707,9937,4865,4798,10916,12026,12990,3766,4679,560,1210,9580,275,1220,5386,3870"
10584,"2218,6220,8562,3870,3950,220,2140,13296,2380,5545,5303,9942,8421,8018,810,9072,10326,4602,9455,2990,5199,3340,4798,2343,7558,9733,4679,3055,11010,6433"
10606,"3428,2218,1978,9072,2411,5545,4277,13296,11969,6220,2140,9942,1210,9178,5025,9340,544,8421,5386,811,992,9455,12404,3870,10326,217,1017,350,7707,5485"
10611,"2897,11001,9341,2290,4277,9178,1017,350,6023,811,9340,11969,992,5155,9903,4445,7197,1210,2285,6723,717,3416,4974,1978,8819,4839,9938,4928,761,9234"
10613,"8421,10326,851,331,12990,4679,6220,4974,2140,1210,7197,9341,9072,11969,10916,1776,350,717,2218,5303,9234,13296,4798,11843,12359,4865,9580,9340,716,6971"
10614,"2327,3487,8028,8188,10429,7707,5545,7792,779,9942,5976,7725,12606,12723,11402,1863,6659,3428,7619,13110,9570,6220,3444,9882,12265,10802,3509,12775,4256,9336"
10623,"7024,8235,5524,7289,4715,1432,13191,12606,4602,5545,12662,6220,89,11931,11403,8015,3870,5976,1571,11886,7715,3950,8922,12550,4430,4413,13296,7707,6509,1156"
10647,"4163,4216,2957,1558,83,1851,11020,4688,3722,8629,420,12615,10102,10674,9732,10687,778,13431,12808,7971,8057,6960,5738,2709,12096,8342,10194,9960,8810,9384"
10657,"2218,9072,10326,8421,9341,4277,6433,9340,2140,12404,7063,9178,4974,4679,811,11010,851,8452,5303,5025,12990,11000,7197,11969,7558,2169,717,11843,5485,10916"
10670,"8421,851,331,1776,1180,7833,12990,6128,8161,2291,4679,4277,9340,350,10326,2140,10916,4974,11843,811,7197,9309,7063,10594,9328,992,9341,8819,9771,6433"
10679,"1290,7120,10607,5135,11298,9295,3539,4576,4036,3697,11775,1851,10581,83,10648,10674,6811,6610,1779,1244,2885,12903,296,8475,11024,4664,5142,4929,9962,789"
10680,"6220,2218,5545,3428,13296,7707,13110,5386,8562,9729,5819,7383,13310,5303,5731,7900,2140,13346,4414,2380,3950,1978,7558,7063,4798,12404,9942,1478,5610,8421"
10699,"2218,2140,10326,6220,9072,13296,6971,8562,5485,5303,3870,7558,8421,10608,9942,3055,1598,7948,11969,11010,11000,544,7063,5532,2411,2380,4679,646,5495,4413"
10715,"220,8018,9738,3048,13097,10758,3950,9105,2108,11784,8156,13367,10340,9733,3506,8333,2899,2218,2990,2958,13346,5610,12632,2762,5819,8483,8217,8452,8235,2380"
10720,"11622,3950,220,1996,5999,6982,11751,8746,4798,5673,11540,9968,7723,9504,5177,5610,10340,6899,1408,3340,11406,5700,3106,3870,4482,2789,4413,11784,2910,12632"
10735,"6220,2218,2140,13296,7707,9942,9072,10326,544,9799,5303,8562,8590,6971,2380,5545,1598,7983,4413,7558,7948,1220,11969,5386,9938,6742,4414,3870,89,3428"
10742,"2218,3509,3870,9942,7723,12470,9800,7236,9365,8607,12842,7792,3871,8454,4946,3520,11326,8188,11772,6220,3428,5495,9983,3857,8333,4602,5022,9203,12887,4012"
10744,"2218,10326,2140,5025,1017,8421,9072,9340,6433,11000,4277,1978,811,11384,5303,12990,4798,6220,5545,8562,13296,8590,6971,4974,11969,3870,7063,13249,3950,9178"
10747,"2343,4117,13112,9693,11969,5532,12085,6834,5866,4277,1210,5199,1978,9938,1017,5782,8279,6795,4605,6591,9072,9341,11572,5155,13306,10835,11001,2897,2537,12470"
10769,"8590,3950,2789,2140,6220,10326,9799,8922,13296,1290,2218,7120,4413,89,6971,8235,8205,8421,1598,5303,2990,9449,7024,10124,4430,5545,7723,8562,9942,7707"
10795,"4277,2218,10326,11000,8421,6220,9341,1017,4679,9455,6971,811,220,2140,12990,9072,8562,5303,1210,11969,717,4798,10916,1978,7197,810,3055,6433,9340,11384"
10817,"1290,9295,10607,7120,11298,4576,3539,5135,10674,10581,4036,83,1851,3697,1779,9732,11775,11024,2885,10648,12903,10137,9960,2969,5142,2957,10389,1977,8714,3570"
10819,"2218,6971,10326,2140,5303,4277,6220,8421,12990,7063,6433,9072,13296,11000,9341,5025,9340,1017,8590,4798,275,544,6418,12404,5545,11969,11282,11384,11010,851"
10828,"6220,13296,5545,7707,4414,10835,3428,13110,5485,11969,544,3870,4277,2140,12606,8562,5199,2218,8590,1290,7900,9600,89,12665,1978,10326,6971,4946,9455,275"
10860,"9341,1017,1210,11969,3428,350,5155,11001,4277,1978,2897,992,9903,811,11010,9455,9178,652,9072,13306,717,6433,9340,13110,716,1383,8071,769,9938,12404"
10868,"13431,3222,10389,4576,9732,11024,11918,7679,8714,11298,1851,4024,10206,12903,2989,12869,290,12995,10607,8910,3464,6610,1779,12096,83,3998,4022,3570,4664,969"
10895,"2140,6971,5303,8562,10326,8922,3055,2218,8590,5999,4413,12026,6220,7063,9799,4798,13296,8235,4679,1912,7138,9229,5485,2380,1598,2169,4332,10916,12990,8421"
10900,"8421,4277,9580,331,5303,2140,4798,1180,851,6971,12990,10326,8161,11282,6515,10916,11843,1776,4322,4679,2380,976,2789,12875,2199,9328,7138,837,12857,7833"
10912,"8590,1290,6220,2140,7120,6971,8922,89,10326,5303,9942,5545,2218,3950,13296,4576,7707,11540,8235,10607,4413,8562,4036,11403,4266,8421,12665,10663,4929,9072"
10934,"1290,7120,10663,4929,10607,6610,4576,2916,10389,6243,12497,1244,10137,789,4664,3070,5135,8254,1779,9962,13309,3697,13370,8590,6576,8567,11298,4036,12903,6971"
10947,"5532,4117,4266,5999,5866,5199,6638,10835,2343,8608,6834,5495,10326,3545,2571,6026,9072,4388,8354,9504,12470,11357,2822,9693,2903,785,1634,5485,2140,5128"
10950,"7063,5303,2218,11384,4679,6971,2140,5819,7138,9306,11609,220,448,7093,13310,8562,797,3506,1912,10916,12026,4798,2291,4877,2380,13296,10462,12404,9340,9771"
10964,"5135,1290,789,7120,9962,10607,11298,10663,13309,296,6610,4929,3539,4576,3697,10648,4036,6811,1244,2916,10389,3070,11143,11024,4664,13370,10581,4111,11775,12497"
10965,"8018,4602,9942,6220,3509,8235,7024,3992,89,8333,64,3428,931,5545,4946,3950,220,3799,2218,2903,7792,10835,10537,12606,13110,7723,11403,5524,5199,652"
10968,"544,2218,9341,5545,6220,1017,11969,13296,2140,12404,2343,992,10326,6971,5025,4277,7558,7707,6433,9340,275,1978,1210,5303,8590,811,5485,12990,8421,8607"
10972,"5999,11572,2343,9693,4117,9072,13112,5199,1210,4277,1017,12085,1978,220,9341,1788,8421,3950,5532,3525,717,4798,2789,13346,3055,10039,11455,7010,7343,992"
10975,"1290,8590,7120,2140,6971,8421,10326,5303,13296,5135,4929,544,789,10663,9962,4576,4277,4664,6220,11969,2916,2218,9072,8922,6433,6962,12497,851,13309,12990"
11028,"5545,13296,2218,13110,2140,3428,9942,5303,3870,4277,1978,8421,8562,12665,9600,2380,9729,4414,7558,8590,6971,12990,3950,10326,544,13310,7900,4798,1210,5485"
11030,"2218,6220,13296,5303,8590,544,1290,2343,2140,5545,8714,4576,8607,275,7120,9072,8562,10326,5485,11969,4388,9942,7707,1220,5135,8922,12665,9799,1747,1779"
11044,"5545,6220,9942,13110,7707,3428,8188,11969,2343,2218,3509,13306,64,2989,7792,3992,3799,544,9800,11800,9693,8293,2676,6641,4576,13310,1210,13112,6795,11024"
11048,"8562,7899,12793,2140,2580,275,811,9309,10916,9767,4798,11540,3055,4414,11320,1378,12857,5485,4679,220,5196,5999,3950,5341,5303,1323,13249,12389,12156,12990"
11065,"6971,1290,6220,7120,8590,9799,2140,8922,3697,10326,5303,12680,1747,13296,4413,12990,2218,4664,9295,5135,5485,4698,12869,2789,13309,10581,544,6418,10674,9083"
11085,"4216,2957,4163,8475,9671,1558,83,5135,10674,4688,1290,6811,5142,3539,420,8342,9732,13024,1851,9960,10464,4036,4215,10607,9295,10102,3697,7120,8650,1779"
11088,"7063,2291,37,9306,8452,11568,4679,220,13310,12476,12389,1914,2065,5731,3112,10462,9771,9085,8562,11384,3506,4877,4798,7093,275,2899,1378,7138,4339,647"
11100,"1851,9732,13431,10674,4216,10607,10389,11024,4163,11298,3570,2957,4576,10137,12903,12096,6610,3464,12995,11918,1779,10687,4664,1558,2769,3238,4024,9960,420,11020"
11102,"2218,2380,6220,6971,5303,2140,7707,2990,13296,3950,13346,5545,10608,8235,8421,6515,976,5199,2789,6326,9072,2343,5819,4413,12404,3428,9341,6433,10039,9340"
11105,"5999,11357,785,4053,2571,5532,4266,5199,10835,13218,2822,11712,4459,13058,6971,2343,2903,5866,4199,6834,3525,1408,7578,9504,1290,2789,10778,8608,3055,6638"
11107,"2789,6971,5999,3055,8922,4798,2567,2199,12026,4413,220,5303,9449,3950,2220,9443,7578,8421,5549,4101,9470,1290,2140,7723,4117,9799,3515,3071,11784,11282"
11109,"6220,10429,3487,13296,2218,1863,7706,5545,2327,7707,9942,12606,6971,779,11103,8607,7619,7491,1290,1983,5976,5149,11402,4250,9083,544,89,9689,11969,3870"
11120,"1290,83,10607,11298,7120,9295,3539,1851,5135,6811,10581,3697,9732,8475,11020,9960,10674,10648,3570,11775,296,4576,12903,10102,8284,9962,1779,4036,6610,11024"
11121,"2789,4602,6220,8235,2567,2218,3950,5199,220,10835,8018,3992,11784,5545,9449,3055,4413,89,454,3340,2343,5999,9600,6326,2238,4117,13296,3317,5524,6091"
11133,"7120,3950,2789,8590,10326,6220,8922,89,2140,1290,10124,7024,9449,10663,1598,13296,2990,8421,2218,8018,8205,4929,11843,9942,9799,9744,12990,6091,8235,3317"
11149,"8421,2140,4798,10326,4277,8161,12990,1978,10916,851,1017,12857,6433,5303,3950,6326,5025,11843,9072,811,1912,11384,220,4229,9340,9580,9306,992,2380,4974"
11152,"11298,11024,3487,3222,13431,4576,1779,12995,7679,10607,4036,579,4545,2327,8607,6610,9732,9336,2989,779,290,12903,9942,8714,9730,1290,10429,1542,10648,9882"
11160,"2218,2789,6220,4413,3950,10326,220,5999,4602,2140,11784,8235,454,8018,1598,3055,8421,7723,6971,11540,5303,6326,2380,13296,4798,10039,9072,9942,4608,2990"
11163,"6220,5545,11969,2218,3428,1978,9072,9942,1017,13306,2343,9341,4277,13296,544,9938,992,13110,7707,10326,652,9600,8421,810,9455,11010,9693,12665,13112,7558"
11168,"8161,851,1912,12875,11726,4083,2140,2291,2958,8922,12968,1788,6515,10326,8421,10792,5470,9328,1290,1664,8590,4499,5973,5675,2882,11572,7578,10462,10124,5303"
11193,"2218,36,11772,3428,4012,7802,9454,13350,811,12404,7707,8071,1316,6373,10786,4608,1378,9942,3509,3491,2380,9178,12156,275,3520,4985,13112,12451,652,802"
11200,"6220,7707,13110,3428,9942,1978,13296,2218,12665,9600,3870,12606,2343,11969,1210,544,8562,8188,4277,7900,64,10835,3950,11800,8590,9072,2140,3992,3799,1017"
11210,"1290,7120,4929,13101,12030,10663,5573,4387,6243,2916,6971,3697,8567,4777,1977,4083,9646,6846,9284,12474,6776,8922,13309,1132,1244,1400,12875,5675,10336,8590"
11215,"10326,8421,2140,851,6433,6971,4277,2218,5303,12990,4798,9072,9341,11010,11843,5025,7063,10916,11000,4974,8562,1017,1776,6418,11282,8161,3055,8590,11751,811"
11219,"7679,10674,10685,10102,3464,12096,9214,9732,4216,3570,6659,247,544,2920,2709,3444,3487,7862,10687,2769,12094,12339,420,11969,4664,13431,6201,4256,10201,3314"
11243,"3416,11001,2897,10658,8724,5155,13112,652,761,7835,1017,4839,9178,9341,4445,9063,4418,7292,10107,2290,10196,1109,4405,13306,9990,811,6242,1383,9340,3428"
11253,"1290,7120,10581,10674,11298,3697,296,10607,6610,4929,1851,5135,10389,9960,12497,10648,3539,10663,2916,83,12373,2885,6811,12903,10137,12096,3570,789,10336,10102"
11261,"6220,2218,13296,5545,11969,544,7707,5485,4277,9942,9341,6971,1017,1978,2140,3428,5303,9938,1210,2343,1290,10326,8421,9600,13110,12665,8590,992,7558,5866"
11280,"4388,2343,3909,5532,6971,4266,4117,6834,2537,5999,10835,9132,9693,6529,1290,5199,8354,6026,5495,6638,5866,2822,8274,7578,6795,8590,9295,1100,7120,5303"
11285,"1290,89,2218,7120,6971,6220,2343,13296,8235,8302,4036,4576,8922,2140,5135,10607,8590,5303,8554,2916,7024,544,1244,4929,11117,10663,11403,5573,4387,5142"
11309,"2218,6220,2140,3950,1978,8562,10326,1598,8421,13296,5303,8590,9942,4798,3870,5545,11000,11384,9072,1017,5999,6971,5025,7558,13249,2580,5485,11540,9455,6326"
11312,"2343,5999,5199,8235,4117,9693,5532,2903,4199,6220,2218,5422,6971,5866,5303,2238,2822,2537,8279,6834,3055,13346,3950,10778,6795,8562,3909,10529,4602,7010"
11314,"4277,350,11969,8421,1978,7197,9072,1017,992,10326,544,9938,9340,716,1210,9341,11001,4974,11590,811,9328,9234,851,717,2218,11010,6220,12990,217,4679"
11325,"5027,13111,4029,10221,6640,6952,6060,3960,10754,6150,13383,8723,10107,12949,2268,2770,8270,4713,9482,1810,1516,3844,5901,1101,2436,5760,10974,11771,11162,5105"
11327,"7707,10429,5149,1863,3487,6220,7706,4698,589,10802,5545,8981,2327,1983,13296,7637,12723,7619,9083,779,3542,12606,4413,1487,4430,3088,6166,11615,8703,9799"
11359,"10102,11967,7236,420,4216,6272,9942,2285,652,4758,9800,8764,10194,6611,5485,4826,10674,10299,6839,6751,10151,10687,7792,212,7897,9763,13221,7227,2849,6283"
11366,"8806,11178,3965,808,9644,12271,3769,3810,4465,8011,12242,7220,2981,9917,7517,5858,8257,173,4408,7681,5197,162,2026,7325,4623,10974,10732,7721,4339,37"
11368,"1290,7120,10663,4929,10607,4576,296,2916,6243,3697,5135,12497,6610,1244,11298,4664,10389,789,13370,8254,10648,9962,1779,9746,9295,4036,13309,3539,2989,11775"
11371,"13112,12470,5495,1323,8830,2285,9519,7227,5199,782,12859,8279,2343,7899,9800,8885,6795,8188,5766,4605,8412,64,1516,6659,4602,13306,9693,9770,12563,7316"
11376,"5495,4216,1558,5532,12944,10913,8450,6018,12470,77,6611,2191,10828,2957,8237,6000,9983,12566,4765,3857,3871,11159,374,4163,782,8608,9454,1370,3545,5304"
11377,"2218,8421,2140,2789,5303,6220,4798,4277,3950,2380,10326,220,6326,9580,12990,13296,4679,6971,11843,13346,11384,10916,11000,12857,4413,8161,9072,5610,10039,851"
11383,"12156,10206,2285,1891,8608,6626,3715,2205,2867,2989,11504,12859,8607,8185,11635,4388,6053,12295,8714,3998,4545,8910,8583,7964,5714,5287,2135,7553,12378,9883"
11416,"13111,6952,10221,8540,5027,13383,5105,6060,6150,10441,4256,2770,1810,3844,3652,3960,5760,8911,10352,1101,9482,1516,10974,10107,6425,9375,5776,1521,1796,4609"
11444,"1017,11969,1978,9072,4277,5155,1210,9938,652,10326,12085,9341,2218,2343,11001,5532,9455,11010,810,2897,13306,11590,9340,544,13112,6433,350,811,8421,3428"
11445,"5027,8540,4256,6952,13112,4569,6659,2268,10352,5155,10107,13111,8830,6402,2770,1516,3314,8270,3243,8925,12470,4713,1101,11590,3844,8092,3960,9516,6528,2975"
11448,"9693,6834,5532,2537,4388,8608,5866,5199,10835,6220,6971,6795,3909,4576,2218,5782,6638,12858,4117,544,1290,8671,11969,8279,13296,2903,9132,5999,4277,1210"
11469,"2218,2140,9454,10326,5303,4413,2380,11784,6373,8022,10506,9072,4181,6971,8235,4499,5025,5485,9799,11772,11869,5835,9229,6515,11540,2789,6220,1165,10608,3149"
11487,"2343,7120,6220,8590,4576,6971,2916,13296,8922,10663,5545,10835,11969,4929,296,12665,544,10607,12497,89,4028,8235,9600,1978,5303,6243,4277,2218,9693,5532"
11492,"5999,2343,6220,5303,10835,4117,3055,2789,5199,8235,8922,13296,8562,5532,12026,4798,3909,3950,6638,9693,4865,4277,9799,560,8421,1290,10326,4413,12680,89"
11503,"9942,6220,11969,2218,13296,4277,5545,9072,10326,3428,2140,5485,544,13110,1978,9341,8421,3870,1017,13306,1210,9455,9600,9938,5386,7707,11010,992,6433,810"
11504,"2218,220,11000,7723,5999,36,3950,3428,11772,2305,13346,4413,8413,3491,2580,4608,9226,10196,9093,5022,8806,11751,11784,454,4482,2789,8221,732,4853,1383"
11515,"4277,6220,8421,2218,13296,220,1210,11384,2140,4798,9455,10916,1978,9341,11969,12990,4679,10326,7197,9072,9942,5545,810,3950,11000,717,8562,3870,1017,5303"
11547,"5999,4117,3950,11357,3055,10835,5199,4798,9504,8562,6971,220,2140,1408,8505,2822,5532,12793,7578,5303,11540,785,8421,2789,10326,1996,13058,4266,13346,2571"
11552,"2218,9072,5495,8421,2411,7558,3870,10326,811,2140,12404,8562,1323,9455,6220,9178,9942,11969,12470,544,5545,5485,9341,217,1978,7197,4277,1210,992,810"
11567,"2218,6220,5485,13296,11969,9072,9942,10326,2140,9341,5545,7558,11010,544,1978,1598,3870,4277,7707,6433,4602,1017,8590,12990,13306,3428,5303,652,6418,9938"
11581,"4277,8421,6220,5303,2140,6971,13296,4798,12990,10326,331,5485,9580,8562,2218,12857,8590,10916,560,9072,275,5545,12404,7197,1978,11384,11843,4679,811,2380"
11589,"1290,5135,7120,789,9962,3697,10607,13309,11298,6811,3539,4929,11775,10663,9295,296,10648,10581,10336,8475,4036,4576,2916,4664,1244,6610,1779,1977,12497,9671"
11591,"12470,5495,12156,4765,1037,6150,11238,77,4117,1788,2026,2299,2975,11726,8608,6626,6123,2191,3871,4388,9258,5901,6060,12859,10913,7689,13112,6141,9916,2123"
11595,"1290,7120,11117,3697,12030,789,9405,1977,5135,9671,13101,8302,9962,13309,11088,12497,6971,5573,4387,2885,6243,10663,4929,9646,11651,1400,6811,6846,4777,3805"
11604,"6971,2218,4277,6220,2140,13296,2380,12026,12680,8421,7063,8562,4798,275,4679,4865,9799,10916,560,9072,10326,3055,12990,5485,12858,1220,6742,5545,5025,8590"
11608,"13112,943,2789,9341,2285,8779,2218,1329,9226,5199,1210,11010,2677,2290,1278,2343,3275,8263,9693,566,931,4092,1383,12470,11262,7723,10417,9470,4839,11085"
11627,"2218,6220,5545,3950,13296,8562,13346,3428,5303,7707,1978,13110,4798,2140,4277,8421,7900,1478,10835,2380,3992,1598,1210,9072,11384,220,9729,5386,10063,7558"
11646,"6220,2218,5545,13296,9942,7707,2140,3870,8562,3428,5303,12606,1978,13110,6971,3950,9072,2990,8590,12665,6433,10326,10835,7723,2343,4798,2380,5386,1478,4946"
11647,"2140,6971,8421,6220,10326,5303,4798,4277,2218,13296,12990,8590,9580,8562,1634,3950,331,976,5545,11843,11282,12793,3055,9799,10608,2343,1776,275,811,1290"
11675,"3950,2218,13381,2789,796,4623,11784,3317,6091,8413,36,2990,8018,3992,9886,3340,8221,3509,220,4608,9786,9093,7232,5999,691,4602,8746,9454,11000,8636"
11676,"1290,10607,5135,10674,83,7120,11024,4664,1851,4576,6610,8714,9732,11298,4163,8650,2957,4036,789,3539,10648,9962,8475,12869,296,4688,4216,1779,9960,1558"
11696,"13214,12871,5946,2291,7383,8402,383,7063,7341,2065,165,10462,2899,2300,11609,8452,5819,6648,10899,5939,10122,10776,7439,2762,9771,3506,10163,3089,7824,11692"
11700,"1290,4576,2343,2916,3737,10607,5135,7120,12497,296,10663,6834,7856,4929,89,4387,9693,4036,12474,5573,5675,6971,789,2537,9438,1244,4664,6243,10963,4083"
11722,"1290,5135,7120,789,10607,4576,9962,11298,13309,1244,4036,4664,3539,3697,6971,296,1779,6610,10648,544,10663,11775,12497,11024,10674,4929,9295,2218,6220,8302"
11754,"9942,3428,7707,5545,6659,8071,1377,1328,12606,6220,13110,7383,13306,4256,652,8188,992,6402,1978,11969,5386,350,13296,9072,544,9178,2164,1165,3870,9729"
11757,"6220,2218,5545,7707,3950,2343,4413,8235,3799,2380,13296,3992,4602,13346,4430,11800,2990,12665,5303,7723,6971,89,10063,8681,64,2140,3317,3428,10835,3509"
11767,"3428,13112,6659,6041,4256,13306,3509,652,4602,9226,8071,64,8333,8188,5325,5155,1165,5102,3992,931,3444,9942,2164,802,3799,1383,3287,8028,6402,13002"
11773,"6220,5545,13296,4414,2218,13110,13310,9729,8562,3428,9600,7707,4277,4007,5386,9942,5303,2140,4798,2380,1598,12990,7900,5610,8421,5731,12606,7063,3950,275"
11777,"9729,11622,11751,4602,6982,5209,3950,11795,1383,12632,4413,11772,5545,3992,3317,8681,13253,13112,9226,11540,7087,4608,1323,6751,791,3428,2905,13110,2038,2218"
11778,"4216,10674,2343,2957,1558,4163,9732,11969,1851,4576,5532,4117,4664,1290,544,83,10102,9938,5866,13112,9942,9072,7669,4688,11918,13306,13431,1017,6795,10687"
11788,"11298,9295,3539,10607,5135,8714,4576,10674,10581,2989,1851,1576,9732,1290,8475,83,10648,4036,10102,4664,1779,8650,4216,4688,2957,12903,13431,11775,5142,3222"
11790,"6971,1290,2140,8590,2218,9072,5303,7063,544,10326,2343,8922,6433,7120,11969,4277,13296,5532,9340,1017,8421,5135,9938,12990,5025,5866,6220,8562,789,851"
11811,"1290,7120,4929,10663,2916,296,12497,8567,5135,3697,13101,789,5573,10607,9962,13309,1244,4387,8590,4777,10336,6971,4576,8355,1977,6610,12030,10648,9866,11117"
11837,"1290,10674,6971,1558,2218,544,2140,8342,8590,10102,5485,2957,9083,10326,7120,8714,7948,6220,8475,9799,8922,9229,8607,4664,11969,4216,4688,13296,4163,1220"
11859,"6220,2218,8235,5303,8562,6971,10835,2343,89,8018,3950,3055,2140,5999,13296,8922,2903,5545,220,5199,4602,8590,9942,7983,11384,3992,4117,1290,11784,5532"
11865,"2218,5545,13296,7707,6220,2140,7383,3870,544,89,9072,9942,12067,10429,5386,2327,7792,11969,5819,2380,2411,5485,131,7558,8188,589,9570,5303,12404,1290"
11867,"11622,3950,11751,3870,5673,13110,6646,7303,4798,220,1478,5610,6141,5545,1978,9365,2497,6982,5495,3428,13346,9306,8562,9729,12632,6220,5177,7079,4229,3992"
11871,"6220,6971,2218,1290,13296,5303,8590,2140,4277,5545,2343,7120,10326,8922,544,11969,4576,9072,12665,89,8421,7063,12990,11384,560,6433,5135,4798,9942,789"
11879,"10607,7120,4576,11298,5135,296,6610,1244,4664,4036,11024,10648,10663,10389,1779,3697,2916,12497,10137,3539,9746,3570,13370,789,9962,2989,11775,8254,13309,9730"
11880,"8421,4277,10326,2140,9072,851,12990,8590,5303,6971,6220,4798,13296,11843,1290,1978,2218,544,11969,6433,9938,1017,9340,350,4974,811,11010,1210,9341,331"
11908,"2140,4798,8421,5303,6971,2218,3950,2789,11384,11282,8562,9306,12990,6433,8590,8452,10138,13296,10326,220,2380,8235,5819,6515,9733,5999,10916,3055,2990,11843"
11912,"6971,2140,5303,3106,5999,4413,4101,9771,10326,5549,7063,12026,4877,9799,2169,3055,2199,12104,8922,11540,4798,2218,2380,10608,6382,7439,9668,4321,10340,6515"
11925,"1978,4277,350,9942,6220,1328,8421,11969,8590,5545,9072,544,1210,13296,3428,10326,716,811,2140,13110,992,11590,5155,9455,4798,12990,1017,9340,7197,9600"
11933,"2218,6220,3428,13296,8562,9942,12404,275,5303,5545,2903,6971,7063,13310,13110,7707,3870,2140,544,220,9072,810,11384,10835,89,2343,5485,9178,12606,12026"
11945,"10429,5976,1863,2327,7707,7619,7706,779,589,1983,5545,5149,12723,5927,6220,11103,7725,9083,9564,3542,12265,10802,11402,13296,9336,13377,5962,4250,8607,9882"
11948,"3950,11751,5673,9799,11795,4413,7723,2140,4798,2789,9729,6326,1478,8421,6220,12632,11540,8235,454,10326,5610,1598,10340,10835,2199,2567,3870,4602,11784,3055"
11952,"8421,851,2140,11282,9340,10326,7833,9580,331,6515,6971,9072,10608,1634,4277,5303,11843,1180,6433,4798,10138,1776,12990,4974,8161,4679,976,811,7197,1996"
11957,"1290,8590,6971,2140,7120,10326,544,5303,6220,13296,8922,275,2218,9072,9799,9295,7707,11117,12990,3697,1747,12156,5135,12665,7723,9942,12030,8733,5025,13403"
11959,"6220,2343,2218,13296,6971,9072,5545,10326,544,1978,1017,11969,8590,9942,2140,5303,12665,7707,1290,89,3950,5532,8562,9938,5866,8235,8421,10835,9693,4277"
11967,"6220,5545,13296,13110,3870,3950,7707,9942,12606,2218,13310,8562,3428,3992,3799,2990,89,4946,12665,11800,8293,64,9600,10835,4414,8235,10429,2140,3509,13346"
11969,"6220,2343,8590,5545,544,13296,2218,1290,11969,9942,12665,12606,4576,1978,6971,10835,7707,9072,8562,2140,5866,89,8607,5303,5532,13110,8279,3428,275,3870"
11970,"6220,4277,11969,2218,1978,10326,9942,13296,2343,544,1210,9072,2140,8562,9455,3428,8421,9938,1017,9341,5199,5545,5303,6971,5485,10835,8590,12990,811,275"
11975,"7227,7689,13112,12054,3275,9179,1516,7881,8830,3034,7332,2281,6640,12252,12429,5766,3509,10732,8028,10107,3563,4465,7797,9990,10974,1109,3974,8373,12397,4644"
11995,"2218,6220,5545,2343,7707,9942,1323,8562,544,5485,5866,8607,8188,11969,1017,1978,13296,9072,5532,7558,12606,9938,6641,13306,7802,3428,9800,3870,1598,13110"
12002,"83,4216,1851,13431,9732,2957,4163,10674,1558,11024,4576,10607,12995,7679,12096,10389,4664,12903,1779,12869,9960,11918,11298,3570,3222,4024,3238,1290,11020,8714"
12022,"83,1851,9732,10102,4163,4216,12096,2957,11298,420,9960,3570,10607,7679,1558,13431,12903,6610,11020,1290,12869,4664,8475,8650,11775,5135,3238,11024,10389,12615"
12032,"10974,10739,10732,162,4935,6150,8911,7496,5760,4465,173,7325,5901,2263,8257,7982,7721,6169,10441,2975,7220,989,13383,5249,2026,1219,7517,1101,7681,4609"
12036,"5303,12026,12680,2218,1290,5999,9799,8922,2140,2380,6220,3055,4101,13296,4798,12858,4277,9668,4865,7063,1220,9580,11282,8421,2789,1400,7120,275,1747,10778"
12066,"220,8018,7063,1017,10537,2218,9455,3992,9341,3428,9306,5155,4679,3950,10661,11969,11000,9675,1426,2897,6433,6220,11384,1978,810,5538,4445,3509,11010,9365"
12077,"1290,7120,4929,10663,5135,3697,6243,2916,789,296,13101,13309,10336,9962,8567,4777,4387,5573,1977,12030,6811,9866,6971,10607,1400,11117,9295,3539,9405,7817"
12078,"4277,8421,12857,9340,10916,7835,9072,2140,7197,811,5303,992,1978,717,851,5025,1912,9938,4798,1017,11384,4679,10326,8161,12404,11000,4974,9580,6515,12779"
12084,"6971,2218,9799,5303,2140,2380,6220,12680,7063,6418,10326,2789,5485,4413,10608,9937,4698,7723,6515,13296,12331,8421,4321,4101,2264,9072,11282,12990,6433,5819"
12089,"2140,2218,3950,8235,1978,11540,5025,4602,3870,5199,1323,9072,5495,5485,5532,10039,13346,8562,13296,3428,13249,9455,6326,9942,5866,7558,6751,2411,10326,782"
12106,"6220,11969,9942,5545,2218,9341,13110,544,1017,1210,1978,5485,3428,4277,13296,2343,7707,9072,1323,13306,8188,769,9455,8607,11010,10326,5495,9938,8421,811"
12107,"6220,2218,3950,2140,7707,8562,5545,1598,10326,4413,13296,1978,5303,9942,1017,11540,3992,13110,7558,8413,3428,12793,3055,5485,11751,2789,3870,8421,4602,9072"
12111,"2343,5199,5532,5999,9693,4117,10835,6638,3950,8562,6834,6220,6971,3340,8235,2903,3055,2218,5303,8279,4199,13346,2537,2822,5866,6529,3909,7578,13112,2140"
12131,"8421,4277,2140,10326,5303,2218,4798,12990,851,6220,9072,11843,9580,10916,4679,5485,13296,8562,2380,7197,8161,717,9340,12857,331,1978,6971,3766,4974,811"
12139,"5532,6971,3950,5999,8235,4117,5303,2789,9693,9072,7578,11282,6326,8421,3340,8922,1664,6638,2218,4798,7010,10326,3055,8562,11000,2537,2140,6834,5866,3909"
12141,"7707,6220,4430,8562,12606,5545,7983,13296,3428,13274,1478,2343,3992,1978,11540,12665,8235,5303,4602,2140,13112,13110,6659,992,4698,2380,7792,4413,9942,10986"
12144,"5135,1290,7120,13309,10607,296,9866,3539,11298,6610,10648,6811,11775,1244,4664,4929,3697,12497,9960,10663,4576,2916,10674,7817,11143,6812,3323,10581,10137,9837"
12150,"6220,2140,2218,13296,8562,8235,9799,5303,7707,10326,5485,8590,6971,3870,2380,4413,5545,3055,4602,3950,11751,6418,8421,12680,7558,9729,12793,9942,4414,8922"
12151,"6220,4277,5303,6971,13296,2140,2380,8421,2218,5545,1290,8590,2343,4865,6638,1978,12680,12665,1210,10835,12858,8562,4798,9072,12026,544,5199,12990,10916,9580"
12162,"5999,12156,4117,4053,1788,11726,2571,11572,7723,6626,5532,11406,3577,11357,785,3055,11712,4266,13058,1996,2822,9473,10326,4798,10835,6751,13218,11622,9504,8505"
12170,"851,9473,2140,10326,8161,1996,2169,1180,10792,6751,1769,5214,5470,4315,9771,8421,6515,6899,9580,12875,2291,1223,2808,12857,1912,1634,7833,331,1776,5303"
12182,"2343,1290,5532,2218,9072,6220,5999,10326,8590,2140,5303,5199,5866,4117,9693,10835,13296,3055,544,6834,8421,8235,4277,12858,8922,11969,7120,9938,6638,2903"
12185,"4277,8421,6220,7197,1210,9234,8819,1978,11969,4679,9072,4492,10326,13296,811,5485,350,2218,717,716,5545,11455,9942,4974,9341,11010,2411,2158,11843,9938"
12191,"220,3950,3992,8018,2218,11000,9455,13310,3340,4679,5610,7063,5545,3428,3112,2305,6220,4445,8071,64,5731,811,3870,7899,1383,8562,1978,9341,1210,13110"
12197,"5999,4117,4053,8608,6971,11357,4388,785,5532,4266,11712,2822,10835,6834,7547,2343,13218,3909,4459,6529,1788,9132,13058,7964,5199,6026,8505,1408,7578,2537"
12204,"6220,5545,2218,11969,1210,9942,2343,7707,13110,544,3428,8188,2989,4277,13296,11806,12404,13375,3870,64,9341,6641,13310,63,9072,8607,9455,791,810,13306"
12229,"6220,2343,5545,5303,2218,13296,1978,8235,9072,6971,12665,2140,2380,8562,4430,1210,560,7983,5866,4277,544,3950,3428,10835,9693,8590,10063,5199,6638,2238"
12231,"1290,11969,544,7120,2343,4576,5135,4664,10607,789,6220,6971,4277,12869,2218,11775,10674,9072,9938,1779,9732,9962,13370,2916,8590,11298,4028,11024,296,6610"
12234,"7725,2327,9336,8188,11103,8607,8028,12470,5495,779,6018,11402,10429,1863,10802,9882,3560,58,9942,10090,3467,5976,5669,12887,12775,3444,13431,7619,9375,5484"
12238,"2218,2140,10326,9072,2343,13296,5532,5485,9455,6220,5495,11969,9693,8562,9942,10039,5199,7558,8421,6433,11010,3870,5025,5866,2411,6971,12887,10608,1210,10835"
12242,"13112,3416,6640,220,8746,2305,3992,1383,1109,2897,5166,11001,9990,3428,670,10736,652,11590,10196,13306,1516,12685,8830,8270,8156,11899,12054,5155,3950,3520"
12260,"2789,11572,8421,2567,1788,1664,1017,1978,11726,7010,11590,4117,5999,9443,5470,220,10124,851,9470,1996,8221,992,13346,8746,976,9292,13112,9580,9990,3416"
12262,"5999,4117,10835,5199,2343,5532,11357,6971,2903,2822,4199,6834,9693,6638,6220,3055,5866,5303,8562,2537,785,1290,2571,13058,13346,4388,8590,12026,9072,4266"
12281,"8421,4277,5303,6971,851,4798,2140,9072,2789,10916,1290,9580,5999,3055,1978,2218,12990,8590,10326,13296,11843,6515,2380,1776,5199,6220,6326,11384,8161,6433"
12289,"9693,6834,5532,8608,4117,2537,4388,5199,5866,4576,6795,10835,4605,4266,3909,1290,5999,2903,8279,6638,6220,12858,6971,6593,8354,11969,4199,13112,10137,10063"
12306,"6220,3428,9942,3950,13110,5545,2218,220,1978,3870,8562,4798,13296,9455,11384,1426,64,8293,13346,13310,2140,4277,3992,8421,5199,3112,7197,3799,9733,5610"
12326,"9306,7063,5819,2291,13214,2140,5303,8022,8053,10462,8402,12871,7824,6971,362,3506,2380,5946,8161,8421,9771,2149,3064,10506,7715,7439,4798,2218,4877,383"
12337,"6220,2218,220,4277,3950,5999,6971,4798,5303,8421,2140,10326,3055,2789,8018,10835,13296,9455,2343,8562,5199,11384,1978,10916,12990,9942,9072,11969,4117,5545"
12355,"1978,4277,1210,11590,9341,5155,11969,2343,8421,1017,9340,1328,9455,8279,6433,9072,11010,1664,11455,11572,350,217,9234,2290,3428,4256,9693,717,5532,4229"
12371,"6220,9942,5545,13110,7707,3870,13296,2140,2218,8562,4414,3950,12606,4798,10326,275,4277,12990,4946,11969,8421,9455,3428,811,8590,5502,9729,1978,7723,5731"
12372,"9179,5766,8028,449,64,3799,8293,8015,7708,4602,4256,2676,3509,6659,1585,7024,13112,12550,10431,11931,6402,11565,10023,8092,5875,6246,7797,2489,9339,9817"
12373,"2905,8421,2140,4798,811,12990,10326,10916,4277,4679,5303,12793,12611,3950,3035,11384,9309,11843,1634,7707,8562,9580,5545,7197,6433,350,331,2218,6220,12857"
12390,"7120,4929,10663,6243,8567,12497,2916,6971,3697,296,4777,789,12030,4387,13101,1400,13309,5573,1244,9962,1977,5135,10336,8590,8302,8922,5303,11117,10607,6962"
12405,"6971,2343,4388,1290,8590,5532,13296,6220,10835,5303,5866,544,6834,2140,4277,2218,5999,9072,9693,8421,2537,8562,7120,5199,4576,10326,4266,5495,6638,4798"
12407,"1290,9083,3487,5976,7120,10429,7619,1863,589,7637,7706,6971,9564,5149,13296,8981,9689,1983,11615,2020,4698,8590,6220,8922,2327,2218,9668,5927,1487,1779"
12408,"6220,5545,3428,9942,12606,2343,3799,3509,3870,2903,64,8279,13110,7707,8562,2218,8293,10835,8188,3950,11800,13296,89,4946,2645,10537,5495,4414,1978,12470"
12419,"6150,8911,4465,10974,5760,10739,5249,10732,7325,2263,10441,7721,6425,1219,8257,1101,585,4609,7982,13383,1636,9482,2299,5742,87,10283,4935,3652,6640,1521"
12423,"11622,3950,8235,6982,7723,3055,10835,5999,5199,5532,11540,5673,12632,2140,3340,8562,2990,4798,454,8922,220,13346,4602,6326,11751,4117,4413,2789,2199,2910"
12426,"1290,544,11969,10326,10674,6220,4576,8714,4664,8590,12869,5485,6971,7120,9942,5135,6610,10102,4277,10581,10607,11775,2140,13296,769,9295,1891,10389,9732,9938"
12452,"13111,5027,4029,6952,6640,10754,2770,8270,4569,6060,2436,8723,2268,1516,10221,3563,6150,8540,5105,9726,12621,6487,5760,3464,1810,13383,3652,2782,11771,10050"
12480,"10607,6610,1290,11298,10389,4576,7120,12903,5135,11024,296,1779,1851,4664,10137,13370,4024,11775,2989,789,3070,10648,5672,12373,10674,4929,10581,1244,3238,8714"
12530,"9564,8452,9748,8022,2218,12944,7063,11295,8053,3064,8235,10777,3467,7024,1487,7715,9454,5819,589,12330,6971,13377,5962,12550,9886,2449,8703,9753,12566,6040"
12546,"7637,8703,5342,1290,7344,11733,9799,7713,589,12030,10332,583,6971,2020,5962,4205,6697,7120,2133,2286,11292,6728,5608,2847,13403,7487,10217,13228,12663,9083"
12556,"1290,4576,10389,10607,6610,7120,10674,11024,4664,11298,296,544,9732,8714,1851,12903,1779,2343,83,1244,11969,2989,10581,5135,9295,9960,7679,4028,11918,3570"
12573,"6220,6971,1290,5303,8590,13296,4277,544,1978,9072,12665,275,2218,11384,2140,2343,5545,10835,8421,7120,4798,9942,7707,560,1017,8562,3428,12404,9938,10326"
12592,"6971,9693,6834,5532,6220,5999,10835,2537,4117,2218,1290,5303,5199,5866,6795,2903,9072,89,8562,4388,12858,3055,8922,8590,13296,3950,8235,6638,8608,3909"
12596,"2218,2789,11010,8421,10326,9341,4277,11000,9072,6433,4974,1210,652,10661,1017,11969,3950,6220,4608,11843,851,4679,761,976,717,943,9580,9455,4602,10124"
12599,"11298,11024,10607,83,2989,3222,1851,12903,4576,6610,13431,8714,10389,7864,9732,3539,10137,12995,10648,1779,8910,11775,4036,12869,10102,13370,4024,7279,5135,12096"
12615,"9942,11969,6220,7792,2218,5545,8188,8910,8607,3428,13110,7707,544,3222,12869,13306,8714,5485,11024,12995,9800,11272,3487,10102,10674,13431,13296,4664,1017,9519"
12618,"2343,13112,2218,5532,6795,9800,12470,8607,5199,9942,3428,6834,9693,8279,1323,11969,8505,5495,8188,3509,9455,4853,3520,2537,1383,13306,4118,5866,1825,7867"
12624,"1978,3950,4277,6220,13346,3428,1210,3992,220,10835,11572,10916,5199,8279,11384,7899,11455,13110,4199,11590,64,6638,5610,3799,2343,5999,7867,4798,8018,5545"
12638,"10835,5199,2343,2903,3950,6220,4117,3799,5999,9942,4602,8279,7723,8235,2990,5532,796,2218,5545,3428,9693,8562,3055,2822,4053,1978,4946,13112,220,89"
12641,"5999,11357,785,2571,10835,5199,13218,2822,11712,1408,4266,9504,13058,5532,4459,10778,6971,7578,3055,2789,4199,1100,7547,2903,8505,4798,3909,8608,6638,3950"
12644,"9942,1323,8714,6220,11969,2989,2285,2343,12152,13110,5545,769,13375,9693,6834,9800,6795,1210,9455,811,12470,544,13306,2218,8910,5485,2135,4576,4117,7864"
12649,"7637,6971,9799,8703,7723,5149,9564,9083,1290,2020,8302,8981,10332,2140,11733,1487,4698,589,4101,7064,8922,12704,5342,7713,5549,13228,8590,7120,12030,6166"
12654,"4256,12470,6659,7227,8188,8028,6402,13112,9519,3314,8830,3444,9800,2285,13306,7792,2966,9365,9817,8540,13437,9942,3509,3428,13110,2327,12859,6000,8454,5495"
12658,"2285,1323,11001,11969,9800,9178,769,9341,13306,10736,6023,2135,3416,3520,2897,3314,9942,3428,544,13112,1017,9519,10658,5109,6300,8724,9072,12152,12470,992"
12659,"7120,4929,10663,12497,2916,6243,10607,3697,1244,789,6610,6971,8567,5135,10389,10674,13309,8590,4664,4777,9962,4387,10137,4277,13101,9295,544,5573,10581,10336"
12666,"4117,6220,4277,6971,2218,6834,5532,5999,5866,9693,4388,10835,5199,10326,4865,8421,9072,8608,2537,6638,11969,13296,11000,2140,5303,10063,1978,6795,5485,4798"
12669,"12758,6418,10326,4229,7383,9341,11010,5025,1017,2218,9799,7558,8421,1328,11751,8452,6971,2789,9306,7986,9072,2167,851,9600,8922,13214,9511,2140,6433,11969"
12674,"6220,2218,7707,9072,2343,9938,13296,1978,5303,1017,5545,5485,6971,8590,992,12665,6742,3428,2140,5866,10326,9942,7558,11969,8562,1210,4277,10674,1165,5025"
12688,"8590,3950,10326,2140,2789,7120,8922,6220,1290,10124,89,1598,13296,9799,2218,8205,7024,9449,8421,4413,2990,5303,8235,11843,4430,10663,6971,9580,9072,8562"
12694,"6220,5545,3870,9942,12606,7707,13296,13110,2343,10835,2218,11103,2327,1863,8188,3487,10429,5495,7706,8607,779,8293,89,4576,3799,8562,3428,12665,4414,11969"
12709,"8421,9072,10326,4277,6433,1978,9341,2218,10039,5303,11843,5485,9938,13296,11969,1017,9580,4974,11010,12990,2380,9340,6971,5025,6220,8590,992,1210,4798,717"
12712,"7024,8235,5875,13191,5524,7289,12550,1432,4715,4602,1326,11931,5545,5976,8333,11622,3542,4413,931,6220,12662,11403,8015,12606,1571,4430,10023,9729,3870,6246"
12722,"10913,7723,3247,4321,5351,4623,5999,8707,4117,2571,12104,8413,6982,11751,1719,4053,11795,4482,8853,2789,11406,9454,5532,11622,10915,4821,9983,2335,3577,10589"
12728,"8188,5545,4256,2327,8028,13110,3428,6659,6402,9942,7707,13306,3509,12723,8071,3444,9336,7383,12606,2255,6220,7792,11969,7840,5155,2218,10537,5976,5696,1165"
12732,"4117,5532,4388,8608,4266,5999,3909,2343,10835,6971,5495,7723,5199,3055,4053,6529,2571,2822,6834,9132,7964,6220,8922,9799,3950,2537,12944,8354,3340,4413"
12736,"4277,8421,851,9072,9341,992,4974,1978,10326,331,717,811,6433,4798,11001,7197,9938,5025,1776,350,217,10916,11843,12990,9340,4453,11969,12857,7835,11000"
12738,"4277,8421,10326,12990,331,9072,2140,6220,6971,4798,5303,1017,13296,2218,8590,811,11384,851,7197,275,544,10916,992,9341,11843,11969,1978,9938,1776,5485"
12741,"3428,2218,1978,9942,5545,9072,13306,1210,13112,11969,13110,652,9341,1017,5485,9800,9178,1383,1323,4277,3520,10658,811,6433,6641,1684,11001,810,10039,64"
12756,"5545,13110,3870,7707,2327,13310,3487,8188,7725,12606,6220,1323,11103,779,9942,2497,7383,8028,7087,10429,1254,5731,2218,5386,9375,8293,11969,3428,8607,7241"
12764,"6220,13296,5545,7707,2218,11969,544,5485,4277,2140,10326,3428,13110,1978,8590,9072,1290,8562,10835,8421,12665,89,6971,3870,5303,2343,12606,4414,9600,5199"
12768,"2218,6220,5545,13296,13110,3428,9072,9942,13310,7707,6971,5303,11969,2343,3870,12665,544,1978,7558,8562,12404,275,1017,8590,9341,12606,10835,9600,3950,11384"
12773,"9942,6220,3428,11969,5545,7707,1978,544,13296,13110,4277,12606,9072,1210,3870,2218,8188,9455,10326,1426,2140,9341,8421,5495,12990,4414,8562,7900,5485,8590"
12789,"2905,4277,8819,761,9234,4755,9309,7197,12611,6517,811,12779,10933,350,237,7131,5829,769,4025,3035,791,4974,4492,2158,5813,1210,6023,8421,3628,2169"
12790,"10326,2140,6971,8421,5303,8590,2218,4277,6433,6220,9072,4798,8562,851,11843,12990,5532,13296,1978,9799,11282,5545,3950,3055,11000,11010,2343,10608,9580,1017"
12801,"5495,4117,8608,4388,6971,6220,5532,2343,4266,10835,5999,10326,8421,6141,12470,12156,3950,3055,1478,4277,4798,2218,2140,12990,13296,9455,1210,9942,9072,851"
12804,"2957,4163,1558,4216,83,10674,1851,9732,4688,10102,420,4664,9960,8475,8342,8650,11020,5135,13431,12869,7971,1290,12096,3570,12615,10607,3722,12903,6811,8810"
12833,"6220,8562,3950,3870,9942,5545,13110,1598,2140,8421,2218,13296,3992,4798,3428,1978,7707,1323,6326,9455,811,4414,4602,220,5485,11540,7087,7197,64,6641"
12846,"2789,3035,12611,8421,3950,4798,6220,2218,5303,2140,6971,2380,6326,9580,4277,976,2567,5545,4413,11784,220,12680,13296,3992,9443,11843,7707,5999,12857,10326"
12855,"4277,8421,1978,10326,7197,9072,811,1017,4798,12990,1210,6220,11969,2140,9341,6433,9938,11843,992,9942,10916,350,331,9340,851,4974,717,11384,3950,5545"
12860,"8590,2140,2789,10326,3950,6220,8922,9799,2218,7120,1290,13296,4413,89,6971,8205,1598,8421,10124,5303,9449,8235,2990,7024,4430,9072,8562,11843,9580,7723"
12874,"6220,8421,2140,10326,4798,4277,2218,2789,13296,6971,9942,5485,2380,5545,11843,7707,3950,9580,12990,331,1290,5303,851,6326,11540,9072,2172,9455,11969,4413"
12875,"2789,2905,3950,6220,4277,931,2218,9449,220,4602,2567,1210,12611,3992,10063,652,3340,8421,6326,3035,4117,4492,976,8819,9942,5199,6638,9580,9455,4798"
12877,"3464,8540,10107,8679,2769,9817,6952,13111,6659,4256,9516,6082,10352,5822,4399,4100,2268,11834,9964,7679,7763,2920,3314,12094,9375,5027,6402,7862,6011,12316"
12883,"6971,5303,6220,275,2140,2218,10326,8562,3055,5485,6742,9938,5999,5025,12026,9799,9072,4277,2380,8922,10835,1220,12680,11751,8590,10039,544,5199,13296,3766"
12890,"7637,8703,12663,2020,4698,5149,13228,7713,10332,9954,5966,9937,6166,12704,6938,6043,9564,7344,5631,9799,9668,6474,2847,8981,2058,1487,4362,589,7064,4101"
12919,"4216,4163,420,10102,2957,83,12615,10674,1851,2709,10687,13431,4688,8629,9732,8033,7679,10194,3722,12096,4793,3464,778,13024,4758,11967,5934,2849,11020,8810"
12927,"2327,8028,9942,3487,10429,7792,7707,8188,779,5545,1863,11103,9336,11024,5927,7706,12606,9882,12265,2218,8607,9570,7106,6220,11615,3509,11402,7241,3428,7725"
12955,"6220,5545,3428,13110,3950,9729,2218,9942,3870,3992,7707,13310,9600,1598,4413,4602,64,3799,220,11800,13296,7723,2789,4414,9455,7087,1210,1978,931,9365"
12956,"6971,1290,2343,8922,3055,5999,5303,7120,2218,9072,8590,8235,5532,13296,7578,89,6220,9693,5199,2990,10835,3909,2140,6433,12026,3950,4798,9886,2903,8562"
12958,"7439,9771,2291,7063,5747,5946,9306,12476,11609,764,13214,12871,5303,8402,10462,2140,7824,2264,2149,9668,6971,1784,7383,647,3643,275,448,12335,8387,6878"
12965,"5495,12470,1323,9942,13110,7899,1978,6141,5545,9341,609,3428,2285,12156,2135,5177,7729,3950,3870,9455,11969,9903,1210,9365,8188,4414,2497,3799,11751,534"
12970,"6220,13296,5545,2218,7707,3870,13110,2140,1598,10326,4413,6971,8562,4414,8590,5485,12990,8421,5303,9729,3428,11969,12665,10835,3950,7558,4798,4277,7723,12606"
12996,"2343,5866,9693,5199,8608,9072,4117,6638,6971,12858,4388,1210,10835,10674,2537,4277,544,6220,1290,6834,10326,2218,5999,8354,13112,4266,10063,1978,5303,5782"
13000,"3870,6220,3950,4602,2218,8562,10835,7707,9942,5545,5199,11540,9729,8413,8235,4414,7723,3992,3799,11622,5495,11751,13296,11289,13110,454,11772,3317,2140,2380"
13017,"1290,4576,10607,7120,11298,6610,5135,296,10389,4664,1779,11024,11775,2916,4929,10663,10137,4036,2989,13370,789,10648,12903,4024,544,1244,5672,8714,10581,12373"
13019,"8421,851,10326,331,4277,2140,11282,11843,9580,7833,1776,4974,6971,9341,1180,9072,6433,717,5303,10916,6751,12857,837,7197,3766,6326,811,5025,8161,11000"
13021,"9942,5485,3428,4414,5386,2218,7558,652,8071,7792,1323,961,9178,9800,7707,4876,811,769,3870,12606,13197,6220,8454,2140,8188,992,7948,10326,13296,12934"
13022,"5545,7707,6220,2218,3428,9942,13296,13110,8188,9072,5386,5485,11969,7792,12606,2327,1017,1978,13306,12665,1210,2343,8681,4414,5495,9600,1478,3870,544,1323"
13063,"2218,6220,5545,13296,9072,7707,2343,6971,11969,5303,12665,544,8590,2140,7706,9341,8235,1017,7063,1165,2327,6433,6742,1978,9799,8562,12606,6418,3870,7558"
13075,"13214,9306,2291,9771,7439,5946,383,8402,12871,2264,7383,165,9668,2140,4877,10462,5747,11609,362,4262,7824,4648,5819,7063,8022,10506,5303,10163,12476,3089"
13076,"2343,6220,1210,4277,13112,9693,5199,5545,2218,10835,6638,931,4199,4602,3428,2903,11455,11969,1978,13306,13296,64,3799,3992,4416,9455,4865,8279,810,5866"
13101,"5999,4117,6220,10835,6971,4277,10326,8562,5199,2343,9942,2140,8505,2218,5532,6834,5303,10916,3055,544,8590,9455,5485,13296,4798,1978,5866,9072,11384,7197"
13105,"1290,5135,789,10607,11298,7120,4576,11775,9962,296,10648,9866,2989,9730,9960,2916,10336,11024,11969,3570,7817,10389,6610,1779,12869,10663,4028,9295,4664,13370"
13115,"6220,2218,13296,6971,9072,10835,5303,5999,5199,9942,1978,5545,8562,8421,1290,2343,3428,8590,3055,4277,2140,544,7707,5485,4117,3870,11540,2903,11384,275"
13117,"12550,8562,8505,3509,4012,7792,9942,10589,8333,4946,89,9179,3870,1079,12606,782,12470,2218,8183,4602,8214,4413,2405,6220,7236,8018,5532,8607,12348,13367"
13121,"5999,4798,11751,6971,4413,7723,3055,2789,2199,11622,220,11540,4101,2140,9799,3950,5303,8562,12990,8922,8413,10916,12026,8421,1996,11282,5673,4117,8707,331"
13123,"2343,6834,6971,5199,10835,5532,2537,2218,1290,4388,5866,8608,13296,11969,4277,4576,4117,6795,3909,12858,544,6638,5999,5782,4865,9072,5545,5303,89,10063"
13125,"2140,8452,2380,5819,2291,2264,8421,7063,10340,8022,362,6515,8161,383,5610,9306,10437,5303,10608,5341,13214,7833,4798,10326,10138,851,2169,6433,2199,2218"
13147,"8421,6220,10326,851,6971,4679,331,2140,4865,9580,1210,5303,12990,13296,1290,7197,4798,1776,10916,9072,2218,11969,4974,717,9341,11455,11843,12359,3766,2789"
13151,"3950,2218,1978,5999,6326,13346,6220,1017,220,1478,11000,8413,5199,4798,5303,5025,3055,8562,8421,3992,12857,7558,2140,11540,9072,1598,9968,5545,11751,454"
13153,"4277,851,331,7197,10326,1180,11843,10916,4798,2140,4974,12990,7833,4679,811,8161,9234,350,11282,12385,9340,9328,1996,837,5303,1912,12779,10594,2905,2158"
13176,"8590,2140,3950,10326,6220,2789,1290,9799,13296,8922,2218,8421,4413,7120,8205,8235,1598,6971,5303,89,4430,7707,5545,10124,7024,9072,9449,9942,6962,2990"
13180,"9942,6220,7707,5545,13110,3428,3799,10835,4946,12606,2218,8188,89,64,7792,13306,11969,2903,5199,13296,13112,4602,652,9455,1978,3870,8562,3950,4117,11800"
13192,"350,6659,1328,6402,5155,4256,5545,9942,840,7707,11590,8092,1978,6220,4097,13110,3428,10431,10352,652,9729,1948,8540,13306,11969,1987,5822,8149,6883,12268"
13194,"1290,10835,5532,2343,8590,8235,4576,3909,8922,7024,7120,6220,5495,5545,13296,4266,5524,3870,11403,12470,5199,5875,5866,6971,11622,89,1746,7723,10607,3950"
13195,"3950,5495,12470,5199,5532,2343,1978,9455,8279,13112,3870,3799,1210,4602,5545,1323,10835,2218,8562,13346,3340,6220,3428,4117,6326,13306,11622,4118,11572,9693"
13198,"1978,8421,6751,9072,1017,4798,4277,5025,6220,12857,10326,5303,8590,3428,11540,11384,12990,811,1478,275,7900,5999,13296,992,5545,5199,6971,8562,2218,3950"
13231,"851,12232,11010,8421,3717,10326,2789,2882,9341,976,5025,4974,9340,10124,9580,11843,3766,652,11508,9328,6326,350,1664,1776,6751,1017,12875,1180,6433,761"
13234,"5135,83,11298,789,9962,3539,1290,10607,9960,6811,7120,1851,4576,9866,8475,11775,11020,6960,7817,10644,4664,12455,9732,10336,3323,1293,9295,5467,3697,2957"
13240,"4664,10607,13370,4277,10389,6610,7120,11024,5135,10663,4576,789,6971,9962,296,5672,1779,4929,12869,6220,13309,8590,8421,11969,8650,10137,3070,8254,6576,2218"
13273,"2789,6220,2218,7723,10835,5199,5999,3055,8235,2343,4117,3950,11751,220,12026,9799,5303,2567,3909,4798,931,12680,8562,6638,6418,4413,9449,4602,6529,8413"
13276,"3950,4798,8421,11540,2140,6326,12857,13346,11000,8161,1978,1996,5341,10916,12793,6515,5999,8562,2580,220,8746,11384,8413,10326,2380,607,1180,5303,6433,11843"
13283,"8421,331,8161,4277,1776,2140,9580,10326,7833,1180,10916,6971,11282,4798,11843,5303,12990,345,12385,4974,6515,9880,6128,1912,2808,12875,837,2169,2882,10138"
13297,"2218,3428,13310,7558,3950,5819,5545,3870,3992,6220,13110,1978,7063,13296,7383,9341,4679,220,11000,1598,8421,2305,3112,2580,12404,992,5731,9365,9942,8071"
13301,"4388,12249,8608,4117,8714,4605,4688,1558,2343,1017,5782,11000,10102,6834,6220,5485,8671,420,5532,2218,5999,5714,10674,6742,6971,13112,12678,2571,6795,8450"
13303,"3428,220,3950,2789,2305,3992,13112,1383,652,10196,4602,9226,64,11001,1978,11590,8018,2580,1210,2218,9729,4256,5155,6220,13306,2897,13110,931,3416,4453"
13321,"4576,10607,11298,4036,1779,1290,3539,2989,7120,11775,9295,5135,11024,5142,12903,2784,10648,3570,9730,1244,10137,3697,11992,1972,10389,9971,2066,1977,6610,8167"
13330,"1290,8590,7637,7120,13296,6971,6220,2140,7619,7707,589,789,3487,2020,8703,9799,5303,2218,9962,544,7383,5135,9564,12663,13309,10429,5976,10326,5545,12030"
13338,"83,2709,1851,420,4216,10102,13431,3464,4163,12096,9732,12615,3570,2957,9960,10674,10687,2769,11020,7679,11938,11298,3833,13024,12869,3222,8475,5934,1558,2419"
13380,"9306,7063,5819,383,2140,5303,6220,13296,13214,10462,2065,2899,12871,5545,5731,8590,2218,1328,3870,10122,2291,11609,10506,8452,8421,8402,275,7341,2380,13310"
13389,"1290,5135,4576,7120,11298,4664,2218,10607,11024,10464,11969,4036,8475,1779,6971,6220,9295,3697,544,789,8650,9962,12869,10102,8302,11775,9730,12995,3539,8607"
13390,"5999,8235,8922,12026,5303,10778,6971,220,7578,4117,8562,3055,3950,10835,11784,89,1290,2903,6220,2789,4053,2199,5524,7024,1571,13381,2990,11384,4602,11357"
13391,"6971,2140,10326,5999,5303,2218,4798,3055,6220,8590,8421,9799,4413,8562,4277,7723,12990,4117,3950,5532,9072,11282,9580,851,11540,10835,6638,2789,13296,12680"
13401,"9473,4117,2140,10326,5485,5999,7197,811,1978,8562,8421,12857,11540,4277,9072,2411,1634,1323,8590,11357,9942,1912,2580,10916,851,785,9938,4315,4798,2158"
13403,"2789,931,8235,2567,4602,9470,454,9449,4266,8636,4117,5199,7024,121,4413,5999,5532,9799,3950,11622,6326,12944,6982,3340,3055,10835,4482,7723,4924,2380"
13407,"1290,6971,7120,4277,5303,12497,296,4929,13296,2140,10663,6220,8421,789,544,2916,4777,8922,12858,331,8567,6243,12026,10835,3697,10389,4798,10336,1220,275"
13413,"2218,4277,1017,6220,1978,350,10326,811,3428,9340,2140,6433,9942,11969,220,8421,5545,11384,10916,5731,13110,9938,9178,9072,8018,9341,2580,5025,12990,275"
13414,"83,4216,4576,1290,10607,9732,1851,11024,7679,10674,4036,3570,13431,7120,1779,2957,9960,9730,11918,10137,4163,10687,13024,296,5558,12995,3464,1558,12903,4664"
13446,"4277,8421,331,851,9072,6971,9341,9580,10326,2140,5303,1776,4798,11843,12990,4974,2218,1210,13296,12385,12404,6515,6220,9340,3766,1826,5485,11282,2380,4679"
13472,"4277,1290,10326,11969,4664,7120,10674,544,8421,8590,9072,6610,851,9938,10389,6971,5485,1017,13370,2140,6220,12869,4576,10607,8714,8650,12990,5135,331,10102"
13488,"5999,4117,4053,7723,4482,2789,220,3055,2571,3340,11357,13218,5199,2218,8221,4006,9449,8505,4413,6971,10835,2822,785,7547,13058,10589,4183,3950,796,11712"
13502,"4576,6220,2218,1290,2343,89,4036,11024,1779,10607,5545,6971,13296,11969,9942,544,7120,8714,8607,4664,7792,7707,7706,3487,9083,8590,9730,11298,6610,10429"
13507,"1290,10581,10674,11298,7120,8714,10607,5135,3697,3539,1779,2969,9671,3222,10648,8475,12869,8608,5142,6971,2885,9960,4036,11775,4163,4576,1851,6610,2957,789"
13512,"6402,5760,4256,9375,6060,6011,5105,1101,6425,4641,10441,1521,6082,5822,9964,6659,13111,3844,4399,6201,8540,13383,1213,449,5249,3987,2732,2975,8911,4713"
13543,"4277,350,8421,851,9072,9341,11969,4974,7197,1210,9938,1017,992,716,9328,11001,11455,8819,5485,2140,1978,11843,717,11010,10658,9340,544,811,12990,652"
13572,"8421,2140,10326,9072,851,4277,6433,2218,6971,11843,12990,5485,11010,1017,5303,331,1776,5025,13296,11969,4974,544,811,9340,4798,11282,2380,8590,9580,3766"
13595,"3487,5149,7706,10429,7707,4250,4698,1863,8981,589,7637,6220,7491,11103,779,2327,9689,9564,8302,6166,3088,12265,2218,5976,6971,13296,5962,11117,11615,2020"
13599,"3799,3950,9908,8505,2645,796,2903,220,10835,11572,4053,2343,8279,5199,9455,9786,782,3340,13112,8333,6220,3127,12470,11726,1788,2990,4117,64,11800,8562"
13608,"992,4453,8421,2789,4679,9580,4277,1017,9328,6326,10326,9340,851,717,9072,9938,7835,9341,6515,2218,2140,2380,1180,4974,12385,10658,8161,350,976,12857"
13609,"1377,10352,8092,12824,9408,4097,134,7480,5241,840,6071,7973,8540,3733,3872,6402,10941,350,13342,8149,7763,9453,12101,4630,7621,13100,6659,4158,7337,7733"
13630,"6220,8235,5545,1598,931,3870,2140,2218,8562,3950,13296,2380,3992,4413,6326,5199,11622,7707,11784,9729,1978,11540,5303,10835,3055,9600,89,11751,2789,9942"
13635,"5999,8421,6971,4117,9072,10326,1996,811,851,4798,3055,12793,6433,2140,5303,11282,12385,12857,6515,1408,11000,5485,8562,9341,9580,7197,8318,992,1634,3766"
13645,"2789,2567,6971,6220,10326,2218,4413,9580,9799,6418,9443,8421,5303,5999,2140,8922,931,4798,454,3950,4117,3055,6326,7723,11784,8235,4277,12680,976,8590"
13673,"9942,1323,652,9800,1978,9072,13112,11001,11969,9178,2218,10326,810,3428,12470,7197,811,217,3416,9455,5485,11272,13306,6641,544,3870,5109,4117,6751,9938"
13683,"6220,13296,5545,5303,6971,4277,7063,2140,13110,4679,2380,7707,12990,9600,8421,9942,8562,4798,7558,4414,11969,1598,3428,9341,275,5386,12665,5819,220,560"
13702,"8235,4413,9799,2218,7723,6971,454,8922,5303,8413,2140,6220,9454,4321,8707,11784,2789,2380,4430,12026,3106,2990,3950,12331,7024,7707,11751,6166,9886,5999"
13716,"4798,6220,3950,8562,13346,2218,5303,3428,1978,220,11384,2140,12857,8421,2380,10916,5999,4277,2580,12026,13296,6326,6971,9072,11000,2990,7900,717,3992,12990"
13724,"6971,5303,2140,1290,851,9072,331,4277,10326,8421,11282,5999,12680,8590,9799,12858,2218,7120,4798,1776,4101,10608,6515,12990,544,5485,8608,5135,4388,12497"
13746,"6220,5485,2218,8562,2140,13296,7707,9942,4414,6971,544,10326,7948,8607,1220,2380,275,5303,4413,5545,2343,12606,3870,7792,11969,1598,89,7558,1863,3428"
13752,"6220,2218,7723,5545,13296,9942,3870,4413,7707,2140,3950,6971,5303,13110,2990,8562,1598,10326,10835,3428,89,13310,12665,4946,9799,2380,2343,9729,8235,2789"
13756,"1290,7120,4929,10663,12497,5135,6243,5573,4387,789,2916,13101,9962,8567,13309,296,3697,1132,4083,4777,10336,5675,12030,9866,6811,10147,1977,10644,9405,11117"
13763,"1290,7120,5135,10607,296,9962,789,4929,10663,2916,3697,4576,1244,13309,3539,12497,11298,11775,4036,10648,6811,9295,1977,8590,6610,1779,13101,11117,10336,6243"
13774,"6220,7707,2218,13296,5545,544,9942,11969,2140,8562,5485,2343,10429,10326,11024,12606,8607,4576,6971,2327,9072,7792,7491,3870,5386,8188,89,6610,12665,13110"
13776,"1290,5135,7120,789,9962,10607,13309,296,10663,4576,4929,4664,4036,3697,11298,1244,11024,2916,6610,3539,6811,12497,6971,1779,11775,10648,13370,6220,8254,8167"
13786,"4163,2957,1558,6811,83,1851,4216,5135,10674,8342,1290,11020,789,3539,6960,10607,9960,9962,8475,4688,8650,9671,13309,7120,3722,3697,10464,4664,4036,5142"
13788,"10107,2770,13111,8270,4029,2436,5027,1516,6150,3243,6640,7332,7689,3652,3938,12621,10754,10221,8750,9726,4569,9258,10707,6487,6952,3314,13383,5155,2897,1810"
13791,"8235,9799,6971,8922,5532,1290,2218,2343,5199,5866,2789,5999,5303,9454,10835,454,10039,3055,931,7983,8590,12026,2380,7024,13296,9072,7723,6418,10326,8205"
13810,"1290,7120,4576,6971,10607,9295,5135,6220,3539,11775,11298,3697,1891,2989,8714,11117,10581,2969,1779,2218,544,8302,12869,10648,11969,2916,8590,4036,11024,10663"
13811,"2140,8421,10326,851,6971,5303,8590,4277,9072,11843,4798,12990,11282,9580,9799,331,6433,12875,2218,8205,10608,6515,13296,5532,8161,6638,10138,1912,8562,1996"
13820,"1290,4576,7120,10607,6610,10389,11298,10663,5135,4929,11024,10648,4664,296,10137,2916,1779,2989,11775,13370,9962,6220,5672,1244,4111,789,8254,4036,6576,12373"
13826,"5545,13110,2218,8188,544,9942,7707,992,13310,11969,6220,9341,3428,12404,1017,7802,8607,9178,769,13306,811,1323,7792,7558,8714,9800,3487,9072,2989,2343"
13840,"7120,2789,8590,8922,3950,10326,9449,1290,10124,10663,89,2140,7024,8018,4929,1912,6220,1598,11843,8205,8421,9744,1244,2567,6091,9580,13296,4266,3317,8562"
13841,"2140,9072,12990,851,11843,4277,4974,6433,2218,11000,3950,811,4679,11010,7197,2411,9341,11384,10916,217,13296,5303,1912,9340,9455,1978,10138,11282,7558,11969"
13852,"9942,6220,2343,5545,12606,3509,2903,89,2218,10835,4946,3428,10537,13110,8293,5199,8562,8188,11969,64,3799,8279,3870,9179,7707,13296,8607,1426,1746,11403"
13858,"7637,4101,6971,3515,2020,4698,5149,5549,2140,9799,2199,1290,13228,1957,5303,12663,12030,5966,11396,6892,13114,8922,4430,4205,1662,8590,8472,7120,8981,8302"
13865,"2770,11590,5155,1328,1978,6060,5027,3314,992,1017,2897,4256,6402,2334,11001,6952,10107,2436,10352,5494,8819,1377,7127,9340,4277,8540,716,12121,811,7739"
13871,"10326,4277,2140,2218,9072,12990,5303,6220,851,4974,4798,11843,11000,9340,9580,1017,5485,350,9938,13296,6971,811,4679,7197,2158,11384,10916,11010,6433,992"
13877,"8590,2140,6220,3950,10326,2789,2218,13296,8922,9799,1290,7120,1598,8421,89,6971,8205,5303,8235,4413,7024,2990,10124,4430,5545,7707,9072,8562,9942,9449"
13905,"8421,10326,851,4277,2140,9580,331,3766,4798,12990,6326,11843,6751,9799,1180,6971,1776,2789,4974,9072,5303,10039,1210,717,11282,1996,3055,811,1017,11010"
13924,"83,1851,10607,11298,11020,7120,5135,4163,296,10674,10389,9962,789,9732,2957,9960,4664,12903,6811,11024,10581,4576,3539,13309,10663,4929,8650,3697,10648,3570"
13929,"10326,8421,851,4277,2140,9072,6433,2218,1017,9340,11843,4974,811,11010,12990,5025,6971,9938,9580,11969,1776,5303,4798,992,331,4679,1210,9328,11282,350"
13935,"2218,6220,13296,9072,8421,4277,2140,10326,5545,1978,9942,992,5303,544,3428,1210,11969,12404,7707,5485,4679,9178,350,811,9340,9938,2411,652,7558,810"
13952,"1290,5135,10607,11298,7120,9295,10581,11775,1851,296,4576,2989,789,1891,544,11969,10674,12869,9732,6610,9960,6812,4277,2343,10389,4028,3539,13370,9962,12903"
13953,"2343,1290,4576,6971,7120,5135,9693,8608,10607,6834,2537,789,544,1244,2989,4664,12497,4388,6812,9295,12858,11969,10137,2916,296,10389,5532,1891,11298,11775"
13962,"992,1978,9340,2897,4277,7197,9178,12404,9072,1017,9341,7835,8421,11939,717,811,11384,9234,11001,350,11455,3428,5025,6433,12857,4974,217,544,6023,8724"
13965,"13112,3428,13306,4602,566,3992,5155,652,3275,64,6659,1210,1383,3416,931,9942,6220,4256,1329,9800,5676,8188,5199,6641,9226,8279,9242,810,7227,7136"
13966,"2290,6646,5155,11590,220,8819,3992,11001,3428,13110,11754,9341,3112,350,5545,9903,2897,11010,1383,1210,4256,12379,13310,11814,3950,1017,1680,4445,2789,13306"
13974,"10674,4216,1558,4163,2957,1851,1290,83,4664,544,9732,8342,10607,7679,7120,10102,4576,11020,296,5866,6610,420,8810,9960,10687,8590,4688,2343,3570,8650"
13982,"1290,10607,4576,11024,1779,4664,6610,7120,11298,10389,1244,10137,3570,12903,296,10674,5135,83,10648,8714,789,2343,10663,1851,5142,4929,3539,8167,11775,9732"
13983,"5999,4117,11357,785,2822,10835,5199,13058,5532,11712,2571,2903,13218,3950,7578,4459,7547,4199,11572,8505,1788,10778,2789,4266,1408,3055,8221,8746,220,11726"
13987,"2140,10916,8421,851,4798,8562,10326,5199,5999,4277,4117,1996,811,3340,6971,11000,6326,11751,11282,12793,3055,3766,6433,6638,12990,1776,3950,5532,5610,5303"
13988,"13431,7047,10206,8589,12252,9364,7864,7262,12280,2989,7440,3464,6644,10732,83,4935,8664,2419,11532,9732,989,4545,7494,11728,10009,10974,6150,11298,12653,3034"
13991,"6220,6971,3950,2218,2789,5303,4413,9799,4798,2140,8421,6326,10326,9580,5999,2380,3340,11282,2567,8235,13296,4277,13346,454,6638,976,11784,10835,560,12680"
13995,"6060,5760,5105,10441,6425,1521,1101,13111,9375,2975,4641,8911,5027,13383,5249,4256,10974,6150,585,1810,3987,6402,6952,3844,5494,3960,5786,6011,4713,2770"
13998,"2140,10326,2218,9072,6220,8562,5303,13296,12990,4679,4798,6971,7197,7558,12404,11384,10916,992,811,5485,1978,9340,544,4974,5025,9178,275,9455,217,11000"
14021,"1863,4576,7707,2343,7706,6220,12606,8590,6971,8562,8714,13296,779,11024,544,8607,5545,10607,5149,10429,7784,1290,11103,9942,2327,89,4388,3487,9083,7491"
14028,"12085,11969,1017,9341,2343,12156,2989,10206,811,7729,1891,8607,4367,2897,6834,4277,11000,1210,6433,2118,6795,9903,9455,11001,2290,9693,9938,9072,4576,2135"
14042,"2218,6220,5545,8607,11969,13310,3870,2343,7063,544,3428,11000,12404,9455,9942,7558,4277,6971,13110,9341,4576,8562,1453,13375,6433,9072,1254,275,9178,12053"
14049,"7637,8703,4698,5149,12663,2020,7723,5976,4205,10332,9937,8981,13228,6166,5966,9799,1487,10918,4413,9668,589,11733,6938,12704,6474,9954,5342,9564,7064,7715"
14060,"6220,2218,2140,13296,4413,5545,8562,3870,7707,5303,9799,3950,6971,4798,5485,2380,8421,10326,8590,9942,13110,4602,11751,10835,9729,8235,11784,11540,4414,2789"
14061,"7802,2218,3428,2903,810,992,13350,220,3950,2990,5303,8221,6220,9072,6041,89,11467,5999,2380,4453,2343,4679,13346,2580,8562,13097,9093,11384,1978,13296"
14067,"10429,1863,7706,5976,3487,2327,5545,7707,779,6220,13296,12606,12723,1290,8590,11103,7619,4576,5962,13377,2218,5149,1983,9083,6971,10802,589,7784,7892,11024"
14079,"6220,6971,13296,2218,1290,544,5303,275,11969,2140,9942,5485,5545,4277,89,7120,2343,8562,4414,3055,9072,10326,12404,4576,8421,3870,9341,9600,10835,2380"
14089,"9942,13306,1017,9938,10658,1978,11969,3428,6220,3416,11001,2897,13112,5155,992,1210,810,9072,10326,4277,2218,13110,350,4602,9341,6641,11590,811,544,4117"
14097,"4277,5303,6971,8421,2140,6220,13296,10326,4798,12990,1210,9072,1978,3055,10916,2218,8562,8590,9341,12026,4679,851,5025,2380,10039,7063,275,8922,4865,12680"
14105,"4216,1558,4163,2957,420,13112,10674,10687,10102,1851,3416,83,12615,10658,13431,2709,2849,6659,9732,5934,11967,7679,8270,7669,12096,10107,11938,4758,8033,10194"
14147,"2343,6971,1290,4576,8608,4388,3909,6834,8590,5999,10835,8922,5532,6220,8562,7120,4117,2537,9693,6529,89,7964,5303,4053,2916,13296,10607,7578,5199,3055"
14155,"3428,9942,6220,9455,1978,8279,5199,13112,8505,10835,8562,2903,13110,4946,11969,1210,220,2580,4414,4277,11272,4117,3055,544,12606,810,8293,5155,811,2343"
14168,"9072,1017,10326,2218,6433,9938,9341,11969,6971,8421,4277,851,5532,6751,5866,2343,1290,544,5485,10039,2140,992,1210,7835,1978,5025,9340,11000,11010,13296"
14170,"1290,4117,2343,11969,4576,7120,2916,3950,10663,12085,12470,1978,796,1017,4929,9942,10835,11572,1788,9693,2989,3799,11726,8590,11590,4266,9072,6433,8279,2789"
14173,"4576,2989,10607,2343,11969,1290,544,10137,4028,10389,11024,7120,1779,11298,11775,9732,12903,1891,6610,11918,11532,13431,8590,4664,9693,2916,4024,3238,5545,8714"
14174,"3428,7899,10196,2580,13112,220,9242,2285,2897,9365,5999,4414,4492,9942,9455,6023,4117,8505,11001,6751,3112,7197,717,652,1025,5676,8724,5485,9838,9547"
14196,"9942,10835,5199,8562,2903,3799,6220,8505,2218,2343,5495,8279,12470,3428,782,5532,13112,12606,7707,9455,2140,4946,3950,4117,5485,5999,3870,9693,4414,5866"
14197,"9340,8421,9328,10326,10124,851,9580,8161,4277,2140,6326,976,2789,11843,3950,350,6433,12875,1180,4974,1124,1664,11508,2158,12968,1912,2218,6115,4798,1996"
14202,"420,10102,83,5467,13431,9960,11938,11298,2709,9732,12096,12615,4688,1851,12869,4216,4163,8910,5135,6236,1293,11020,7864,2957,1576,8664,10117,9730,8475,8629"
14204,"9306,7383,13214,383,2065,12871,2300,5946,10506,8402,9771,10462,165,10122,2291,2140,7063,11609,10776,5939,5819,8022,7439,6648,4698,4531,10163,9668,8053,3506"
14215,"11969,2343,9072,544,1017,1978,6220,5545,9693,2218,9341,4277,6433,6971,9938,13296,12665,4576,13110,1290,11384,1210,9942,8590,5532,5866,3428,12404,7729,8562"
14242,"9072,8421,2218,4277,10326,1017,6433,9341,652,6751,851,4974,2789,1210,717,9340,811,1978,11000,11010,4798,992,10039,5485,4453,3428,2140,7197,9938,11001"
14244,"6220,4277,5545,2343,3428,1210,3950,5199,13296,10835,13112,2218,4199,9072,4602,7707,931,6638,9693,13306,12665,6326,9942,1017,8421,3992,13110,11590,7900,9455"
14249,"9295,1290,6971,7120,9083,5149,3697,10581,8590,9799,8733,2885,8608,2969,4388,11117,8922,10674,8302,3539,7723,8981,3487,6220,9671,1863,1977,1747,1779,7706"
14250,"9306,13214,8452,7383,5819,12871,8402,383,7063,5946,2291,10462,2762,10506,8022,2140,3506,165,2300,8053,2899,9738,2065,7715,7341,238,5939,7824,4531,3064"
14256,"8421,851,10326,2140,9580,1180,4277,8161,1996,4974,11843,4798,6515,7833,10916,12857,9072,1776,9340,6751,7197,12990,811,11282,5303,12779,837,5025,12385,4315"
14258,"4576,11298,10607,11024,6610,4664,2989,8714,1851,10389,9732,83,11775,10137,13431,9730,10674,10648,11918,4024,12903,12995,3570,13370,4036,4028,11969,8910,12869,9960"
14280,"6971,10608,2140,5303,10326,5495,9072,8421,6433,11282,11000,5025,7558,8562,9799,7063,5532,5485,12887,1634,6515,9341,11010,12990,4798,13296,6418,8590,544,12793"
14318,"3464,5105,10009,2769,7047,13431,7679,2989,10974,10919,1101,989,10206,5760,11532,3222,9732,10732,13426,13383,6060,449,10441,7279,9375,4256,4609,12316,4576,11024"
14325,"1328,4256,6402,11590,1978,6659,1377,10352,5155,350,8092,992,13110,8540,6952,1017,3428,4229,6060,12824,2770,9817,6071,3314,5545,1796,5027,12898,8149,10891"
14328,"8590,2789,1290,10326,2140,6220,89,10663,13296,2218,3950,10124,9449,4929,9799,1244,8421,1598,8205,6971,2990,7024,11843,9580,5303,12990,6243,9072,8018,9744"
14329,"6220,2218,220,9942,2140,8562,5545,3950,5303,11384,4492,13296,7707,3870,13310,1598,10916,2905,4798,4679,811,2158,13110,12404,1378,9733,275,4755,4277,8421"
14344,"8562,2140,6971,5303,10326,12990,4798,5485,8421,10916,12680,11000,4679,3055,5999,7063,12793,275,6220,2218,9309,6418,13296,13249,11282,12857,11751,7558,8413,4277"
14366,"1290,5135,789,11117,7120,9962,13309,3697,11088,12030,11651,10663,8302,6971,6243,4929,9671,6811,2784,4387,1977,13101,8567,12497,1400,5573,10336,2916,2885,633"
14421,"7047,3464,2769,162,7220,173,12458,5760,4619,2709,1317,10974,10732,10739,390,7721,2263,13431,6150,6016,10009,6547,7496,10441,363,7982,11802,4609,7517,11334"
14430,"2218,9072,10326,4277,2140,8421,6971,6220,544,5303,13296,11969,6433,9341,1017,9340,5545,9938,8590,2343,1210,5485,12990,851,1978,11843,11000,11010,5025,811"
14435,"6971,2140,8562,5303,2218,2343,10326,10608,5495,8590,6220,3055,12793,3950,2990,12944,7063,5532,1634,1746,9799,8922,13296,976,11540,8235,4798,10795,8421,6141"
14472,"5532,4117,5199,5999,2343,10835,5866,3055,6638,4388,2218,4266,3909,9693,6834,6026,8608,1220,13112,4006,8562,5485,9072,2903,6220,5128,6795,2822,3340,4602"
14501,"2343,6220,11969,544,2218,5545,9942,13296,9072,1290,8590,4576,7707,12606,6971,1978,12665,89,8562,5866,9938,5532,10835,8188,5303,2903,2140,3428,9693,4277"
14509,"8235,2789,5303,2218,6971,3950,6220,2380,4430,2140,8922,4413,220,11784,2990,2567,5819,4798,6326,13296,4602,7024,8421,8221,976,931,9799,12026,6962,3055"
14516,"3428,9942,2218,6220,5545,13110,3870,7707,9072,1978,13296,1426,8071,11969,8188,7900,9729,7383,7558,652,64,9178,3509,1210,3799,3950,5386,4608,11540,4946"
14521,"9072,1978,4117,13112,5866,8421,5999,1017,5199,4277,1323,1210,2343,6638,1684,6751,5485,9341,1664,9938,5495,7835,4798,12470,811,3545,10326,5025,3055,10039"
14553,"10429,1863,3487,7707,779,2327,5976,7706,12265,5149,13436,11103,589,5962,9689,5927,1487,7725,6220,1983,987,7784,4250,9564,9083,10090,12606,3467,7619,207"
14561,"12470,13112,2343,3799,5199,5495,4602,8279,5532,2903,3509,782,8188,5766,10835,12550,11326,9908,7792,9942,8454,3428,6795,3870,64,7227,89,9693,9179,1007"
14562,"6220,2218,9455,13296,9942,10835,5545,220,4277,8562,2343,3950,1210,11969,3428,1978,3870,3055,8279,89,2903,8421,2140,4798,13110,8018,10063,8293,10326,5303"
14567,"12404,544,5545,6220,5731,5386,1210,3428,3870,11969,275,8562,9455,1978,13296,4277,9942,13110,7707,7729,4414,8188,2218,7063,9178,12606,9340,12152,13375,2411"
14575,"4576,1290,10607,7120,5135,2343,11298,2989,4664,11969,6971,2916,13370,11775,10663,11918,1891,11024,6220,4036,9730,296,9295,3697,4929,12869,12497,10137,10581,8254"
14581,"8608,2343,6971,3909,5532,10835,9132,9693,5199,6834,5999,7964,2537,6220,5866,4117,6529,1290,6638,5303,8590,13296,2822,4277,6026,4266,8354,1220,6795,2218"
14627,"2343,2218,6971,8235,89,1290,5532,10835,6220,8922,5199,7024,5999,11403,5303,2140,7723,13296,6529,2990,9693,796,3909,3950,2537,2903,12026,3055,6834,13191"
14634,"3799,5545,6220,13110,2343,3428,12470,9942,9455,8293,1210,3870,2989,9600,5495,8188,64,12606,4637,11969,8279,4007,4256,1746,4416,10537,11800,2497,8562,10835"
14651,"5303,4798,5999,8421,12680,11282,4277,12026,331,2140,11384,7063,12857,6220,560,2218,9580,8922,3055,4101,4388,12990,9799,6515,275,1290,9668,8590,10916,11000"
14659,"4117,5999,2571,5532,785,11357,13218,4053,3525,6751,9473,4266,6834,11712,2029,5199,2343,10326,13058,5866,9072,2822,13112,12156,3055,6971,4459,8608,10835,851"
14670,"4277,7197,9340,8819,9234,811,12779,8421,350,10916,1210,10326,4679,2158,2140,2905,717,4492,4974,9309,4025,2169,761,331,851,12857,12404,2861,9580,3628"
14684,"4277,8421,12990,4798,7197,10916,6220,331,10326,1978,9341,2140,1776,11843,851,1210,220,4679,9455,6433,13296,811,11384,275,11969,717,6971,5303,4974,11010"
14691,"7063,2218,6971,13310,9306,37,1453,8562,12733,5819,5303,11568,5149,13296,6220,3870,8452,7558,1598,11609,4576,10589,7474,8981,11615,362,12680,89,9771,12335"
14695,"2218,6220,13296,3870,5545,89,9942,12606,7024,2140,2327,7792,8607,7707,9570,12723,11969,3509,11615,6283,10429,8562,1598,1290,6971,1863,8188,8590,2343,544"
14705,"1558,10674,9938,9072,544,5866,4163,1017,6751,10326,4277,1978,2957,992,5025,4216,8590,851,5485,2140,5532,1290,10658,1210,5199,11969,7835,811,13112,8421"
14711,"4277,6220,331,8421,13296,1290,9942,7120,12990,544,11969,10326,12373,3487,2140,5545,6971,275,4798,7707,4414,8590,9600,13110,5485,9072,9341,12404,7619,13370"
14723,"220,6220,2218,9455,5999,5199,4277,4798,3055,10835,11572,6971,3950,8421,2789,4117,11969,9942,2343,10916,8018,3340,11000,11384,796,9341,8279,13296,12990,2771"
14739,"11298,12869,10607,9732,3222,8910,4576,11024,9295,8475,7864,2989,83,1290,7120,10102,1779,12995,8714,13431,5135,9730,13370,12903,3539,1851,6053,4664,10648,8650"
14740,"2140,5303,6971,9799,10326,8161,2380,8421,851,2218,10608,10792,9072,9580,5485,2264,5025,6373,6517,4499,12857,5470,5835,11282,9229,9668,12331,1180,12680,12758"
14743,"5495,1978,12470,5532,8590,9072,5545,10835,5866,5199,8421,4798,6433,1478,3545,6971,8562,2343,3870,6638,6220,11622,7983,7707,13296,2140,4277,4266,6141,544"
14747,"3428,1978,4277,1210,6220,350,2218,5545,8421,652,3950,716,10326,9455,11590,11010,810,8018,3870,220,6326,1328,9729,9340,5610,9942,2140,5155,7197,11969"
14748,"6220,2789,4602,2218,89,8235,3950,3992,4413,220,5545,9942,11784,13296,3428,10835,1598,5199,8018,2567,9600,2903,64,2343,2238,3055,7707,5999,6091,4117"
14764,"5532,2218,8235,6220,2343,5199,4602,10835,9942,2903,5866,3870,8562,8279,1978,89,7983,4117,13296,3950,8333,5545,5495,5999,3428,2140,9072,3509,3799,12470"
14771,"4576,8607,10206,11532,11969,2989,2343,796,11918,9942,7864,12470,5545,11024,7729,5495,13110,6220,534,1746,2771,9365,1891,12995,9264,808,3509,2975,10607,2218"
14780,"2218,8421,4277,10326,1017,9072,2140,9341,992,9938,811,4679,4974,6220,5485,11969,6433,5303,350,9340,1978,851,11010,11000,12990,717,9178,652,13296,11843"
14784,"992,5303,9072,7835,1978,4277,6220,12857,1017,8421,9938,4453,6515,7707,12779,544,5545,717,6971,13296,10293,2218,9340,12665,11384,6742,5025,12404,11000,13346"
14785,"2218,6220,5545,9942,1978,9072,13296,3428,11969,1017,13110,544,11384,2140,6971,5303,6433,2343,4277,10326,8562,7707,11000,8590,9341,12665,5485,3870,8421,9938"
14798,"12470,5495,782,4117,9942,4266,5532,5199,10835,13112,9908,2343,12606,8279,6834,8608,861,2903,3799,8505,1007,5128,1323,8188,6795,4388,5485,5866,7707,3871"
14801,"6220,5545,2343,9942,1978,13110,9600,4576,13296,4277,12665,8590,10835,544,1290,3428,2218,1017,1210,12606,5866,6433,5155,5199,4256,8562,9455,3870,8279,9072"
14803,"4277,1210,11969,7197,6220,1978,8421,9341,9234,717,9455,11455,10916,8819,10326,2218,9072,3428,5545,4679,2343,810,3781,544,9340,1017,11000,4974,13296,12990"
14821,"5303,4277,8421,10916,12857,11384,4679,4798,1912,7063,6971,2140,8161,9580,992,9072,9340,11000,12990,6515,717,12779,220,12404,275,2007,5999,1017,851,7835"
14832,"789,1290,9962,13309,10336,7120,9866,296,4929,3697,10663,10607,2916,12497,3070,6811,11298,3539,1244,1400,4664,6610,10389,7817,9295,10581,10674,10648,6971,9837"
14833,"6220,2343,1290,6971,4576,10835,7120,4277,11969,8590,13296,9693,12665,2218,5545,2916,9942,3950,10607,5199,2989,2140,10326,89,4798,5999,9455,6834,796,6638"
14853,"2140,6220,9799,5303,8590,6971,13296,5485,4413,7707,8421,2380,2218,9072,8562,4277,12680,1598,11540,8922,851,4798,7983,9938,4430,12990,11751,5025,8235,5545"
14854,"2140,10326,5999,5303,8421,5485,1634,9072,2218,8562,2411,4277,7197,3950,11540,12857,9580,13346,4798,6971,4117,6220,12793,13296,10916,8590,10608,6515,1978,2380"
14856,"6220,5545,2218,9942,3428,7707,13110,13296,1978,11969,3870,1210,8562,2140,4602,13306,64,1598,5485,3992,4277,9600,8188,10326,12606,2343,5386,2380,544,13310"
14858,"9341,1978,11969,1210,350,9178,5155,992,2897,11001,1323,9072,1017,544,4277,10658,811,9340,3428,6659,11455,4256,11590,9938,2290,3314,13112,13306,12404,217"
14864,"9306,7063,13214,5946,12871,8452,2291,7383,9771,4877,7439,383,8402,5819,2149,11609,2140,8022,362,11692,3064,7824,165,2300,8053,10122,2065,10462,5303,4648"
14867,"11298,6610,10607,10389,2989,8714,4576,10581,9295,11024,12903,10137,3539,3222,5135,1290,1851,11775,1779,13370,9732,10648,12869,7120,83,1576,12995,3998,13431,4024"
14880,"11969,4664,4576,9732,544,10674,2343,9942,12869,5155,7679,1851,11024,9730,11918,13306,6220,10607,3464,1290,13431,4024,6659,8910,4028,3570,13112,6591,83,12995"
14890,"2218,6220,13296,89,8562,2140,7707,5303,9942,8235,3870,6971,8590,2343,5545,10835,7983,9072,3055,10326,12606,4413,3950,544,5485,1598,1290,11403,2903,4946"
14892,"4277,1210,11969,6220,9693,5545,9341,9072,1978,2218,8421,13296,544,12085,9455,10063,3428,1017,11455,6834,13306,9938,9942,6638,5199,2989,11010,992,9600,4576"
14899,"10607,10389,4576,11024,6610,11298,83,1851,9732,12903,8714,10137,4664,13431,12869,1290,10674,1779,12995,11918,2989,3222,12096,3539,4024,13370,3570,7120,7679,11775"
14904,"2343,13112,3799,5532,2903,5199,12470,10835,5495,4117,9908,4266,6795,4416,8279,2537,9693,4602,6834,11403,782,5866,8235,7796,3909,4199,3509,89,2822,1007"
14906,"83,1851,4216,4163,2957,2709,9732,12096,11298,11020,9960,6811,3238,13431,10687,10607,3570,11938,10674,7679,6960,12903,5135,4415,8475,3833,10648,1558,11775,12615"
14909,"13111,6150,3652,1516,10221,10107,4029,4465,7332,9482,2770,9258,10754,6640,6487,10732,1810,5901,10743,7689,7216,8270,10974,3314,7127,5027,3243,6952,10707,13383"
14929,"6220,5545,7707,2218,13296,9942,3870,13110,12606,10429,7706,2327,13310,4414,7723,3428,5976,7383,4413,779,1598,3487,11615,1983,1863,8562,7792,2140,5386,12665"
14931,"7707,8590,9799,9083,6971,7723,7706,2218,1290,9564,589,10429,12723,6220,13296,5149,2140,1863,13403,2327,8703,1487,544,5545,7637,12606,7983,8981,5303,4413"
14938,"1210,3428,2218,5545,3799,652,6220,9942,64,13112,11800,1574,943,13306,1383,6641,11806,11455,9455,810,13350,7707,10063,11969,3950,1680,3509,13110,8188,2903"
14955,"220,11001,8819,350,7197,811,761,716,9341,2897,652,8421,4277,4974,3428,4839,5155,11455,11010,12121,9178,6723,2290,2285,10916,4492,5538,5406,6023,9234"
14961,"8590,10326,3950,2789,2140,6220,8922,7120,2218,1290,9799,1598,13296,10124,8205,89,8421,9449,4413,7024,6971,2990,8235,5303,11843,4430,9072,9942,8562,6418"
14969,"1290,10607,544,9732,4576,11024,10674,5135,11969,1779,7120,6610,4664,12903,11775,11298,10389,1851,8714,10137,3539,83,12096,3570,8475,12869,9962,2989,2957,4036"
14970,"8421,4277,10326,2140,851,9072,9580,4798,5303,331,11843,7197,6220,6971,2218,8590,1017,13296,10916,811,1978,11384,1776,5485,9340,992,1180,12857,350,4679"
14977,"7707,3992,4256,5545,3428,13110,6402,6659,1165,12473,8540,10658,1377,13310,8092,8028,12606,12322,12191,1018,10224,7792,7914,9942,9817,8071,992,3287,1948,6641"
14991,"5303,2140,8235,2218,2789,8922,9799,8421,6220,4798,3055,3950,13296,4430,2380,7578,8590,5999,9072,2343,6515,12026,12680,9580,8562,6418,6433,560,7063,10326"
14993,"8421,2140,4798,2291,851,9306,10916,5303,8161,4277,10326,11751,331,12990,11843,13214,6515,1328,1912,1978,12857,9309,8562,4229,6433,1180,6982,10594,350,4262"
15009,"11572,12156,1788,4798,9341,1017,811,6626,7729,275,11726,3055,1478,8562,4277,7899,11000,6971,12990,7063,5999,6433,6141,1210,9455,13375,2867,2343,3340,220"
15014,"4576,10607,1290,10389,2989,7120,10137,6610,11298,4664,11024,8608,5135,13370,8714,9348,2343,1891,11918,4388,11775,3539,1244,8254,4929,10663,9295,296,1779,2916"
15028,"7120,4929,10663,12497,6243,296,2916,3697,8567,4777,13101,5573,4387,789,5135,9962,12030,13309,1977,1244,6971,10336,1400,8355,10607,9295,9866,9284,2885,12474"
15029,"4277,8421,10326,7197,811,2218,4679,9341,4974,851,9072,10916,717,12990,331,4798,1776,1017,11843,2140,6971,5485,12359,9580,3781,6220,9234,6433,11969,11282"
15030,"9942,3428,5545,6220,13110,8188,7707,2218,7792,12606,8607,3870,13306,1323,9800,11969,4414,8071,13296,2327,8454,5386,12470,3509,7558,64,6641,5485,5495,8028"
15033,"2218,6220,10326,9072,8421,13296,5485,6971,5999,7723,9942,4277,2140,12990,2343,9341,5199,3055,11010,1210,6433,4117,5303,2789,4798,9455,10835,5545,11969,3766"
15052,"8421,2140,12990,5303,6971,4798,851,9580,8590,1776,6220,13296,9072,10916,11843,1180,1290,11282,7197,275,5025,4974,12779,12857,2218,9340,1978,544,4865,811"
15062,"220,3950,8562,3055,12793,8018,2789,5303,5999,10326,6418,7063,2140,11540,8922,6971,4679,2218,6220,1598,11784,2580,2958,3340,8413,8235,4798,4413,7558,12990"
15074,"6220,2218,13296,9072,7707,5545,1978,1017,2343,2140,9938,5485,10326,9942,7558,5303,8421,992,1210,3428,8562,5199,9799,9341,13306,6971,3950,5866,10835,10039"
15081,"13112,5199,2903,2343,3428,1978,2218,4602,10063,3799,9693,4117,1210,931,13306,9072,652,5866,5999,6220,4199,10835,5532,13346,9942,5545,10039,8279,6795,12470"
15082,"4029,6640,9726,2436,10107,3563,2770,13111,7332,5027,5901,10220,8257,9482,10732,6060,12621,4644,3652,10974,10754,4465,6150,6952,9592,10221,3887,6110,9980,8270"
15097,"2140,6515,8452,8022,7063,8053,5819,9454,11540,5303,3950,2291,4101,3149,10608,4877,8161,11772,2380,8421,2990,7824,3506,8413,4798,12793,12138,1287,8562,5341"
15098,"5303,6971,2380,8421,4798,4277,13296,12680,10916,5485,2218,9799,6220,10326,6515,8562,851,12026,9580,12990,12857,331,5025,8161,275,9072,8590,11843,11282,560"
15107,"1290,5135,7120,789,9962,3697,10663,4929,9405,6811,13309,12497,12030,1977,13101,6243,296,2916,5573,4387,2885,10336,11117,4777,9866,3737,10147,9671,8567,10644"
15113,"4277,8421,5303,2140,6971,1978,6220,10326,9072,4798,13296,12990,1290,1017,11384,544,331,5545,851,5025,8562,992,275,1912,560,12857,10916,12665,9938,5485"
15120,"4798,8421,2380,5303,6220,6971,9799,4277,13296,8562,10916,5485,12680,2218,6326,12990,10326,1478,851,9580,12857,11843,331,5025,11282,7707,3766,4414,6515,10039"
15121,"9341,10326,9072,8421,851,5495,6141,10608,8608,12470,2140,6971,5485,811,11282,1017,12076,6433,3766,2218,331,11010,4277,5532,4388,4974,6589,717,1210,1996"
15122,"2218,6971,5303,9072,6220,4277,2140,13296,8421,8562,4798,10326,5485,12404,275,544,12990,5025,5999,2343,2380,5545,331,10608,1978,11000,9341,3870,1210,7558"
15141,"6150,2026,7220,4465,989,162,2299,10732,10739,4619,7517,4935,7325,4644,173,2263,11546,8911,4609,2975,5760,10974,612,2123,7982,5504,6425,5249,87,9644"
15143,"1290,7707,8590,13296,6220,2140,6971,2218,5545,10429,5303,7706,7120,9799,5976,1863,544,8235,7619,89,12606,4430,3088,7983,7637,12665,8922,12723,10241,2327"
15148,"1978,13112,11969,2343,1210,3428,9693,3992,2218,9341,5199,3950,5545,13306,8279,652,1017,12085,64,6220,11001,4277,9942,11590,12470,9072,9455,13110,810,2903"
15164,"2343,5199,10835,5545,6220,5495,13112,12470,1978,5532,3428,8279,9693,9942,2903,13296,3950,8235,4602,5866,1478,7707,13110,4117,2218,12606,1210,64,3992,8562"
15165,"1290,544,11969,7120,6220,8590,10674,2218,4664,9072,4576,13296,10326,10607,6971,9942,2343,4277,789,1779,5545,5866,1244,12665,296,6610,9938,5135,1017,9962"
15175,"8421,4277,9072,9341,10326,1017,811,11000,851,9340,6433,4974,2140,5025,717,12990,2218,10916,4798,331,11843,7197,9938,1210,11282,12404,4679,1776,217,6971"
15186,"1290,5135,11117,1977,4929,789,8302,12030,9295,10663,12497,13309,1750,3539,6971,4387,9405,11992,8554,13101,5142,2784,1244,6811,10607,2916,9671,11088,5573,6243"
15189,"8421,4277,2140,9072,12990,10326,4798,5303,13296,2218,1978,6220,6433,9340,331,11384,8590,5545,851,12404,7197,6971,811,5025,350,10916,4974,9341,9580,275"
15200,"6220,2140,4277,10326,13296,331,5303,6971,8590,9799,4798,5485,5545,2218,11843,9072,851,9580,8562,7707,2380,4414,544,4865,1776,560,1290,3766,4679,1978"
15204,"6971,8590,2140,8922,1290,10326,7063,5303,9799,7120,6433,12680,6418,5532,2218,13296,8562,5135,10608,9072,11282,2343,12990,3055,851,544,8421,4576,6220,8205"
15205,"6220,4576,5545,2218,11969,13296,544,2343,8607,4664,3870,7707,2327,3487,1290,5495,9942,9336,8188,10429,8590,11024,2989,12470,89,589,9072,1863,11402,6610"
15217,"13112,12470,10913,12859,5495,4008,6000,13253,1329,9763,3425,5532,7227,420,9519,13437,1278,838,4605,12249,7316,2285,8853,4117,4602,7521,6659,4006,10102,4335"
15240,"6220,4576,2218,5545,13296,1290,2343,8590,6971,544,11969,10607,89,9942,5303,12665,4664,7120,1779,11024,2140,4036,8714,8607,10326,7707,8922,9072,8562,12606"
15248,"5149,7637,4698,8703,589,2020,5976,12663,9083,9799,9564,9937,1487,12704,10429,3088,6166,8302,1863,7064,8235,7706,10332,4430,5962,1290,9748,6474,2847,6893"
15253,"2218,6220,9072,2343,11969,13296,6971,10326,544,7558,1017,9341,2140,5303,9938,5485,8562,9942,992,6418,11000,6742,4679,12990,5545,6433,9693,3055,4277,8421"
15256,"350,7383,9178,1328,992,3428,5731,9771,4277,2140,12404,448,2065,275,4679,2899,811,10122,8071,716,9942,5386,9306,2158,2580,7197,11384,10776,2007,1978"
15260,"6220,8562,10326,5485,6971,5303,5999,13296,9942,4117,4277,12990,9072,3055,8421,2218,8590,544,4798,12793,1220,4414,275,9455,10835,2343,13249,7197,4865,11540"
15265,"12470,9942,13112,2343,5495,4117,5199,8188,2903,3799,6795,9800,13306,8279,3509,9693,5532,10835,5545,13110,3428,1323,4602,7792,6220,4266,11969,652,2218,7707"
15274,"10107,2436,13111,1516,6487,4029,6640,2770,3563,3652,6150,8270,10221,9726,10754,10732,4465,9482,3243,8540,12621,7127,12054,5027,10707,9645,6952,10974,3938,4644"
15275,"5303,6971,2218,2140,6220,7063,8235,8590,4798,13296,8562,5819,13214,11751,12990,220,3870,7383,3950,8452,8421,2789,9799,3055,11384,10326,6418,7723,8018,9733"
15282,"11969,9072,2218,6220,544,10326,6433,13296,9341,5545,8590,9942,6971,3870,4277,1017,1978,1210,2343,2140,8607,7558,12404,8421,11010,1290,5532,9455,12990,275"
15294,"5495,12470,11622,10913,12944,4266,10915,6123,7723,782,1037,3871,3545,5532,9375,3950,9786,6982,8188,7743,9908,12550,12887,3870,8636,12172,2497,6422,3909,9203"
15304,"1290,7120,10607,4576,5135,11298,6610,4664,4036,11024,1779,10389,10648,1244,296,3539,10581,8714,3697,789,9962,10674,10663,11775,9295,10137,12903,4929,13370,8167"
15330,"4216,2327,13431,9882,5927,9564,1558,2957,3560,7679,6018,9336,4163,5484,10429,10674,420,10102,6168,3487,1779,8607,7792,3222,9083,9732,7227,3464,12723,918"
15331,"4117,5999,3055,5199,3950,1978,13112,5532,6751,2580,1017,220,2218,11751,3428,10835,10039,4602,9455,11540,6220,8413,8279,8562,2140,8235,2789,3340,11622,11406"
15332,"5760,13111,6150,6060,13383,5105,5027,1101,10974,10441,9482,1521,4465,3464,4641,6952,2975,8911,1810,9375,3960,2769,10732,10221,3652,6640,10754,5249,7982,2268"
15339,"10429,3487,7707,5545,5976,6220,2327,1863,13296,12606,7706,7619,779,3870,12723,9942,1983,2218,11103,589,8590,10802,13110,11402,13377,7725,5149,9083,12058,2140"
15387,"6220,5545,7707,544,2218,13296,9942,11969,3428,13110,9072,8188,992,12606,12404,7558,8607,1978,5386,9341,5485,1165,7383,3487,10429,13310,12665,1017,3870,2327"
15391,"6220,5545,2218,13296,9942,2343,1978,7707,8590,11969,2140,9072,544,3950,8562,12665,89,10835,4277,13110,3870,10326,6971,3428,8421,5199,12606,9600,8235,1290"
15396,"4413,931,4602,2380,6220,9799,2789,2218,2140,8235,5199,11784,6638,6326,10835,7707,2567,4499,454,4430,13296,10326,5485,5303,3950,9729,1598,3055,121,5999"
15397,"7707,5495,2218,9942,12470,3870,7792,5545,9203,8188,12842,7723,2327,4602,6220,5485,12887,9729,1323,12606,11751,9799,4413,3871,11540,13110,13296,9410,1598,2140"
15421,"9306,2899,383,7383,2300,10122,2065,10776,12871,13214,6648,5946,8402,10413,165,7615,5939,5436,3506,10462,7063,10899,10506,5731,4531,2291,11692,9771,5819,2762"
15427,"4576,11298,7864,10607,2989,12995,11024,4545,9732,11532,579,6236,13431,9730,10137,83,5135,10206,7262,9156,12252,3222,4380,982,5467,8910,8714,2419,10648,1901"
15434,"5545,6220,7707,3487,9942,2327,12606,13296,10429,1863,2218,8188,5976,779,7706,7792,13110,8607,7619,5495,11103,544,11969,8590,12665,2343,3870,4576,9570,89"
15441,"4602,6220,9942,89,7792,8235,931,12606,13306,13112,5545,1585,1598,2903,3428,4946,10224,3509,7707,7024,4413,10835,64,8333,5199,2343,2218,3992,6659,3870"
15444,"6220,2218,13310,13296,5545,9942,3428,6971,11969,7707,1165,5303,13110,2140,9600,275,7383,4414,12665,6418,5386,89,2380,7558,7063,4277,10326,1598,2789,5485"
15457,"8421,4277,4798,2140,10916,331,851,6220,5303,12990,1978,9580,6326,1776,10326,6971,13296,3950,13346,2380,11384,12857,8562,11282,1180,6638,7197,8590,5545,10138"
15466,"2218,6971,6220,2140,5303,10326,8562,12990,4798,11000,4277,8421,5999,5485,13296,11384,1017,9072,275,10916,3055,7558,220,13249,8590,9942,811,1598,6418,7063"
15475,"3950,5999,5532,3055,4117,6971,10835,5199,2140,9072,10326,2343,8235,4798,13346,8421,6433,1978,7723,8590,5303,2789,8922,2990,6638,10039,1478,7578,6220,6751"
15483,"83,11298,10607,5135,1851,4036,4576,9295,1290,11024,4216,3539,2957,11020,13431,9732,5142,1779,4163,8284,3570,10648,10581,8475,7120,12903,9960,8650,10464,4688"
15487,"3870,12632,7707,2218,5495,8028,7723,5545,3799,3509,9454,2990,12887,11772,8188,4985,12606,7236,2497,2327,12470,8235,9570,1007,10429,5976,3950,4413,8839,1863"
15500,"1426,4256,3428,13110,64,3013,5166,9365,5155,2676,13112,2305,3482,4609,6150,6640,12322,3799,9942,1383,7087,1109,220,8092,3509,3520,5745,2975,11096,7797"
15511,"6220,1290,2140,8590,5303,6971,2218,13296,89,8562,2343,9072,7120,9942,544,8235,10326,7983,5485,4277,8922,7707,10835,5545,10663,12665,8421,2903,1978,9938"
15515,"6971,5303,8922,6220,2343,3950,5524,2140,4430,3055,8562,2218,560,1290,8590,7578,2789,12026,4798,12757,5545,9799,2380,8421,12665,12680,6418,2238,10835,6326"
15519,"6220,13310,2218,9942,5545,3428,3870,13296,7383,13110,220,7063,8562,10122,12606,4414,7707,8293,1598,89,275,7558,4946,9365,11969,5731,5303,4679,7792,9600"
15534,"6220,5545,9600,3428,13110,13296,11969,9942,13310,4277,7383,2218,3870,9729,9341,1210,7707,5731,4414,5386,9306,12665,2140,1328,1978,12606,8421,9455,12990,3112"
15545,"4576,10607,10389,11024,11298,2989,8910,12869,4664,8714,12995,11969,6610,1290,13370,5135,13431,10137,3570,11918,9732,1779,11775,1891,4024,3998,10648,9960,4028,12903"
15553,"83,1851,2957,4216,4163,13431,9732,1558,11020,10206,8589,420,11918,4576,8629,10389,8714,4688,7864,11532,3464,2419,10607,10137,3222,7279,9960,11024,7971,12903"
15556,"3870,8562,3799,5495,12606,782,8413,3950,11910,9942,8333,1007,11326,9908,7707,3428,6220,4414,10835,11772,9786,5177,8505,5839,3509,5545,4946,2903,9365,12470"
15564,"2218,3428,6220,5545,2343,9942,9072,3509,6041,11969,1210,652,89,13306,7707,3950,8188,810,13350,3799,9341,64,2903,13112,1165,13296,10537,8071,4602,7792"
15567,"4216,4163,10674,1558,2957,83,1851,13431,9732,12615,4688,12096,7679,10687,2709,8714,5934,8650,3222,4664,11967,8810,11024,11298,8629,12903,3722,7669,10194,11020"
15582,"7063,6971,5303,2218,11384,13310,11000,9306,220,4798,6220,2140,4679,8421,13296,7138,8562,5819,10916,8452,12026,2905,4277,12990,6433,11282,9164,8922,560,5999"
15585,"4277,2140,851,8421,10326,4679,2218,9341,9072,717,4974,5025,5303,5485,3628,9340,1776,11969,6971,1210,9234,331,11455,761,811,3766,789,7197,345,9938"
15587,"2218,6220,13296,5303,2140,5545,6971,1978,8562,4277,8421,9072,3950,2343,8590,4798,3870,10326,11384,10835,3055,7138,13346,6433,5199,1210,11969,544,12990,9942"
15589,"6971,2218,2140,5303,8421,10326,9072,5999,9799,4798,2380,4277,5025,5485,6220,851,6515,9580,6433,331,13296,10039,8590,10608,5199,3055,11282,6751,1290,12026"
15590,"2343,9693,13112,5199,6795,6220,10835,2903,5532,4117,2537,3799,6834,8279,1210,5545,11969,4602,5782,12085,5866,13306,2218,4576,3428,931,89,10063,1978,4199"
15595,"4117,4266,1788,12470,11726,5532,8608,6139,11572,3545,785,11712,13112,4569,5027,5495,13218,2571,6026,4029,782,9504,3909,4459,8354,7010,5199,4388,5128,4713"
15611,"10607,83,1851,4576,11298,9732,296,4216,10674,11024,10137,11020,6610,4163,4036,2957,12903,7679,9960,11775,10648,1779,1244,3539,13024,8714,5135,10581,1558,12995"
15613,"3870,9729,2497,11751,4414,13110,3428,9365,4007,6220,5545,11622,7087,1937,9942,1598,4637,5731,8333,12632,5177,8562,7079,2305,11326,3950,8454,4946,5386,6646"
15632,"6971,1290,8922,8590,10326,7120,2140,5303,2218,9072,5999,6220,2343,3055,544,13296,11969,9938,6433,5532,6418,1017,2789,8421,9799,4576,4117,12680,4277,12990"
15633,"9341,7063,11969,2218,5545,1017,4277,6220,13310,544,769,6433,4679,9903,1210,9340,9264,11010,12404,2290,2343,992,811,2140,6971,275,13296,8607,6742,350"
15639,"8421,5199,4277,10326,9072,2140,5999,6971,4117,2343,6433,4798,811,1210,11969,851,544,1978,1290,9693,5532,9942,9341,6220,3055,11843,6638,9455,10835,7197"
15648,"4277,851,2140,331,10326,9580,4798,12990,1776,10916,1180,8161,4974,11282,6971,7197,9072,6515,7833,10138,12779,9340,12857,1996,6326,13296,2380,12385,4679,1912"
15652,"1328,350,5155,12191,4097,1978,1377,716,12268,8149,6659,11969,4277,840,6306,10658,544,992,9938,4256,8590,8092,10151,10326,2140,6883,9072,11590,10352,1017"
15683,"6220,5545,7707,2218,9942,13296,12665,11969,3870,12606,3428,2343,544,9072,1978,10835,8590,8188,1598,5485,8562,6971,9600,89,7723,2140,7983,4413,5303,8607"
15688,"6220,2218,2343,9942,13296,8562,10835,5545,8590,544,89,7707,10326,2140,6971,11969,5199,5532,12606,5485,9072,3870,5866,1290,1598,12665,9455,9693,3950,4576"
15703,"3950,220,7723,9729,3870,4413,7079,9786,13110,2497,11540,3799,6220,5700,3491,5610,11751,1478,13346,3992,5177,3340,1598,3428,5545,796,11622,12793,4798,8746"
15708,"2218,6971,2140,5303,8562,3950,5532,7063,5999,4915,8235,2343,6220,8590,10326,9072,3055,4798,3870,6433,7723,8922,13346,11000,3577,8413,11540,11384,13296,1978"
15714,"11969,350,1328,1978,716,9072,8421,1290,5155,544,3428,6220,10326,1210,992,1017,7197,8590,9942,9341,13296,9938,11455,9600,9455,11590,9328,810,2897,7120"
15719,"4277,9072,11969,2218,9341,1017,1210,10326,6220,992,8421,1978,3428,811,9938,717,9340,544,5545,350,6433,12404,652,9178,9942,13306,11010,9455,4974,13296"
15727,"1230,5583,3525,4499,2029,9470,931,5835,997,4430,5199,6166,5999,11540,8235,2199,2567,1100,5280,5124,5542,4413,2380,13218,4266,8703,6971,4117,12578,5549"
15728,"1290,6971,2339,8922,5135,8302,7120,7063,8554,12021,2286,12030,8342,11117,1977,1400,3697,9668,4387,4877,3539,10466,13309,2291,13101,2957,10963,1583,9962,8235"
15735,"6150,13383,5760,1101,5249,8911,10974,10441,4465,13111,4641,4609,6425,1521,6060,1810,5105,3844,7982,989,2975,10732,10739,9375,9482,5027,7721,2299,9916,10707"
15736,"1978,1017,4277,6220,11000,9072,10326,2218,8421,6433,12990,3950,9341,11969,2140,11384,9938,4798,5303,8562,5545,2343,6971,1210,13296,8590,9455,811,9340,220"
15739,"2140,9306,8235,4430,8590,5303,8922,6220,6971,2789,6962,7383,9937,13296,4698,5545,7715,4413,13214,5819,2380,9799,7637,7707,1156,2218,8421,7024,6418,383"
15742,"3992,220,8018,3950,4602,8235,64,6220,3340,931,3428,3799,5545,5524,8293,13112,12379,10537,8279,9455,11326,8333,2789,2218,13310,5199,1210,13110,2343,8413"
15764,"6220,5545,7707,13110,13296,12606,9942,3870,12665,8562,10835,10429,4414,1478,7706,2218,9600,2140,1978,9729,3428,2327,8590,6971,5303,5495,12058,2380,3992,3799"
15773,"8421,10326,851,5025,2140,8161,9341,9328,4974,12758,11010,4277,9072,9340,4229,2218,8452,12990,6515,13026,350,2264,1017,6433,717,11000,11843,7833,6751,2380"
15774,"13431,4216,3464,1851,83,9732,2709,420,4163,7279,2957,7679,12096,10206,2769,10102,3222,10687,8589,1558,2849,5934,8033,12995,3570,2419,8185,1114,11024,4466"
15786,"8607,4576,10206,12470,11532,11969,5495,2989,9336,3509,9942,13431,8188,9179,13110,796,7241,11402,2343,2327,7864,2975,7729,5545,4545,12995,3222,534,7227,9365"
15789,"4277,2218,9072,1017,10326,9938,6971,6220,11000,1978,5303,2343,8421,9340,2140,6433,11969,5999,9341,12990,11384,717,544,1210,5025,4798,992,5866,7835,8590"
15796,"6220,5545,12404,544,275,13296,4277,3428,11969,1978,13110,9455,9942,5731,8562,1210,3870,7063,5386,3112,7729,12990,13310,4414,9264,2218,12606,13375,7558,7197"
15800,"2218,9072,2140,6971,5303,5545,13296,8421,6433,6220,7707,8590,10326,3950,1017,4798,1978,2343,8562,12404,6515,10608,2380,7558,3055,7802,12990,9938,11384,544"
15802,"11298,4576,10607,9295,3570,10389,9732,2989,1290,13431,10674,10581,11024,4664,6610,10137,3539,83,1779,12903,1851,8714,4036,5135,9960,12869,9730,12995,8910,7679"
15812,"9341,1017,1210,11969,9903,992,4277,11001,2290,9072,811,717,6023,9340,12404,769,8421,1323,2285,791,9178,4974,6433,9938,50,6300,4445,7835,3416,1383"
15815,"992,9340,12404,811,544,9341,11969,4679,1017,9178,4277,9072,10326,1210,2218,5545,2140,7063,717,350,7802,8421,6220,7197,11000,2411,6433,3781,12990,275"
15828,"8421,6220,4277,12990,5303,3950,6971,2140,331,6326,5545,10326,13296,8562,10916,11384,9580,2789,12857,8590,11843,13110,1978,1598,220,11540,9600,7707,2218,1180"
15831,"10206,8910,2989,3464,11969,13431,7864,1090,4664,11918,13370,4024,3222,11298,4576,9942,12869,12995,7494,9730,11532,9732,13306,7262,10102,6279,9289,6053,3570,6644"
15840,"5155,8092,13112,6659,4256,11001,3416,13306,6402,8540,2897,7797,3428,8724,10658,2770,8830,11590,10107,5776,8270,652,10352,1516,3938,3811,6640,3314,13130,10431"
15845,"3870,2497,4007,1937,8562,3950,5495,5610,4414,6220,5545,9729,4798,13110,13346,3799,13296,1478,7079,2218,9942,7707,2140,5177,8421,9455,220,3428,5731,7558"
15847,"9942,2285,8607,8188,2135,3428,4545,9800,12152,2281,10206,11969,12470,1323,2989,13110,9519,58,4466,13112,12348,534,769,3013,13431,8885,7227,1355,11449,3509"
15856,"8421,10326,6971,2140,851,4277,5303,331,9580,12990,11282,4798,1776,4679,10916,11843,8161,2218,9799,837,1180,3766,2380,4974,7063,10138,12680,4865,12359,8590"
15861,"4163,2957,4216,1558,83,1851,4688,10674,420,5135,11020,10102,3722,12615,11298,12096,8342,9960,11938,9732,789,6811,8810,8475,2709,9962,13431,12903,7971,4664"
15862,"11969,10674,544,4216,4664,1290,1558,9938,420,2218,9960,12869,2957,6220,4576,4163,8714,4688,769,9942,9732,11024,10102,5135,9730,10607,12995,1779,11298,13431"
15871,"5545,6220,7707,9942,13110,12606,13296,3870,3487,8188,2218,2327,3428,10429,13310,544,11969,11103,779,5386,8607,7491,7706,8562,12665,1863,7383,9600,64,7792"
15872,"2218,6971,8562,2343,5999,9072,2140,6220,5532,13296,10326,6433,3055,5303,4798,3950,10835,8421,11540,5199,811,8590,9455,2903,8505,6834,275,10039,1978,544"
15883,"10607,11298,1290,4576,83,7120,2989,9295,10648,6610,1851,296,3570,10581,11024,8910,12903,13370,1779,11775,10389,2066,4664,3539,9730,11020,7864,3697,12995,8284"
15886,"2343,6220,4576,5545,89,2218,13296,7707,1290,6971,544,11024,12665,12606,10607,7706,11969,6610,2537,8607,9942,10835,4036,8590,6834,10429,4664,8714,1779,7792"
15888,"6220,2218,13296,7707,1978,3428,9072,5303,2343,13110,12665,544,6971,9942,4277,3870,1017,8590,8562,2140,11969,1210,10835,275,11384,8421,4798,7558,5866,12404"
15898,"6220,2140,4277,10326,13296,5303,8421,8590,6971,12990,2218,1290,9072,5485,544,4798,11969,8562,275,9942,5545,4679,7120,331,8922,560,9455,5025,1598,10916"
15919,"8608,5199,4117,3525,4388,5532,2343,5999,2029,6638,9693,2822,11712,13112,10835,8354,4266,13218,2571,1100,3909,6971,5495,785,6834,1210,4605,6795,5866,4199"
15922,"83,11020,1851,420,9960,8284,12615,6960,10687,9732,11298,4216,5467,3570,13024,10607,5142,11938,10102,7671,2066,5135,8658,10674,13431,11471,10117,9730,12212,12455"
15931,"1290,7120,1863,5962,4576,9564,4929,10429,589,1244,10663,10607,4036,2916,8590,8302,296,5976,2885,11024,89,2339,5135,1779,11403,7471,11298,10137,3487,13377"
15941,"9937,4698,9799,2380,2140,7707,6971,5303,7637,6220,4430,13296,5149,2218,4413,8703,8981,3088,12331,2020,7723,6515,1478,10608,9668,12026,8562,5485,10326,12680"
15943,"220,8421,4798,4277,10326,10916,811,3950,7197,2789,2218,6433,851,11384,5999,12990,11843,4608,9733,9115,5610,3055,4974,2140,11506,4322,1996,9455,4679,2169"
15956,"6220,5545,3870,8562,89,9942,4602,3950,3992,1598,4413,7707,11800,3428,13296,13110,64,13310,8018,8235,8293,3509,10835,4946,2380,3799,2343,220,8333,12606"
15958,"6220,1290,6971,2140,544,10674,10326,13296,9072,2218,8590,7120,9799,4277,12858,5303,1220,789,9942,7707,11969,9962,4664,7948,9229,3303,9938,8342,5135,3766"
15960,"4117,6971,2218,4266,10326,5495,5999,6220,5485,2140,3055,12470,9072,11540,5199,2789,8421,5532,4413,7723,12793,6433,2343,5303,10608,9799,9942,13296,7707,3950"
15973,"7063,9748,5149,8452,6971,1156,5495,8053,5976,12944,8703,2149,7715,8235,2140,9306,6878,9454,8590,1487,1583,12723,9564,2058,3562,5303,11536,6892,7706,5962"
15977,"1290,7120,8302,6971,11117,8922,3697,9083,2784,9295,11992,10674,9671,1977,5135,4036,8342,10607,10464,8554,12030,89,1779,4929,2885,4576,3539,6220,1400,9799"
15994,"6220,8562,3950,220,5545,2218,13110,13310,3992,9942,3428,3870,13296,7063,7707,1598,4798,11384,12793,5303,12606,3055,2140,7558,1978,3112,4414,2580,64,5731"
15995,"5135,1290,789,11117,9295,2784,9962,3697,9405,3539,7120,8302,13309,9671,2885,11143,5142,11298,10581,6811,10607,1977,4036,11992,10648,4111,296,11088,11775,10000"
15996,"13112,1109,64,2897,3428,3509,12322,2676,12085,2903,5155,1574,810,12927,13306,3416,4492,8156,943,652,9942,10658,11624,11001,1311,11449,6641,13063,11965,10873"
15999,"652,3416,11001,13112,761,3428,2897,10196,6751,10658,10661,2218,5155,13306,1383,3520,810,811,8724,1210,9178,4492,2580,6641,4839,4608,220,1017,9800,2290"
16060,"2140,2218,5303,6971,10326,8235,1290,8590,13296,8922,6220,89,8562,9072,2380,8421,3055,4430,1912,4277,4679,2343,9938,12026,7138,6962,7120,8018,544,12680"
16069,"1978,4277,9072,6220,11969,1017,3428,10326,811,9942,544,8421,350,2218,9938,11384,9178,1210,13110,5545,12404,992,9340,6433,9341,275,2140,12990,13296,8590"
16076,"13431,4576,9732,11024,7679,10389,83,10607,4664,1779,1851,12903,3570,11918,10137,11298,10674,12995,6610,3222,3464,290,2989,8714,1290,11532,7279,4216,4036,12869"
16085,"1377,350,7383,4256,6402,8149,10431,8092,4097,6306,5155,12898,11590,13100,840,2164,134,9600,5545,6883,4861,9306,6659,12339,12824,4993,716,1978,1948,11999"
16089,"7637,6971,8703,4413,4698,9668,9937,6166,2020,4101,4430,2140,5303,12331,5149,7723,8707,8922,5549,8981,5966,7064,12663,8235,1487,8590,2373,2199,12030,10332"
16097,"4277,8421,10326,4798,331,12990,2140,7197,851,10916,811,1776,11843,9580,4974,6971,1017,9072,6220,11384,5303,6433,12857,9340,2218,1180,11282,11000,4679,717"
16112,"9942,2218,1978,811,8421,9455,1323,544,6220,2140,11969,4277,9178,10326,13110,5545,3428,5025,13296,1210,9072,1017,9341,7197,12404,8562,217,9340,5199,2411"
16116,"12156,6626,2867,12378,12295,2205,11635,12404,275,6971,1788,12990,6503,4277,331,6141,11572,7063,4798,7729,811,10326,9341,5303,1891,9340,3055,5999,12857,8421"
16137,"2291,4798,331,8421,5303,6971,2140,10462,4277,10916,275,12990,9306,1478,4101,8590,1776,7063,12857,6515,851,6395,7138,9668,9580,1287,2380,1180,13114,5610"
16150,"8421,2218,9799,6220,10326,2789,2140,9729,11843,851,13296,6971,4798,3870,7723,6433,11010,12990,3950,8205,5545,2380,4413,976,6326,7707,2199,5495,11540,10138"
16174,"3992,4602,3950,11784,2218,220,3509,6220,8018,8333,3428,3317,3340,4413,64,13112,1598,7723,3799,8413,6091,931,9942,4946,796,8235,5545,11772,13110,802"
16176,"12156,8607,6626,3055,7723,10795,5532,10326,8562,11751,6141,6220,8505,7899,5495,4388,9203,9942,7948,7558,4413,9455,275,4117,4946,808,4414,2218,5485,1598"
16210,"4163,11938,83,2957,6960,11020,4216,5467,9960,3833,5135,1851,789,10687,3238,9962,10147,9732,3737,10117,8824,9866,1558,3323,4415,4552,6591,3721,11298,12909"
16212,"12085,11001,11969,810,7197,9341,1017,9455,1210,4277,9693,811,2897,2290,10661,992,761,9072,2285,4974,13112,6723,1978,943,9178,652,217,13306,3416,3428"
16230,"3428,9942,1978,8562,12606,13110,6220,2140,4256,3870,11969,1328,9072,5545,9341,1426,2218,4277,5485,1017,13296,9455,811,4414,275,1323,9178,2580,9365,10326"
16245,"4277,350,1328,11969,10326,1978,6220,1210,9341,716,8421,4229,3428,5545,12990,7197,811,13110,1017,9942,217,544,9455,9234,2140,13296,5155,11010,9072,9729"
16293,"2218,220,2789,13346,4798,9341,5999,6971,3340,1210,5199,3950,4277,11000,717,8421,6326,5303,943,12857,976,6220,11282,13375,4679,8221,3428,3055,9968,13310"
16299,"11298,5135,1851,10607,11775,9732,789,10389,12903,12096,12869,10674,13431,2989,4664,83,9960,6610,4576,11024,8714,1290,9962,3539,1779,3570,12373,13370,10581,4028"
16300,"3487,10429,1863,2327,779,7725,11103,10090,1669,7619,3542,12723,7707,2829,7706,12606,5927,11675,7467,8028,12744,11402,13436,7764,1983,9882,13377,3334,10515,5149"
16303,"7197,8421,4277,9340,1978,9234,11000,4974,761,8819,1210,717,9341,851,11455,11843,4492,3950,11590,13346,12857,7833,7867,217,11001,4798,6326,6433,4453,350"
16305,"12156,10835,5199,7723,9942,6220,4798,9455,4117,4277,5999,220,3055,8421,1978,1210,3870,13110,11572,8279,1788,6626,3950,12990,1426,11751,1478,275,10326,5610"
16314,"4277,4679,10326,8421,2789,9341,6220,9072,2218,1017,2140,992,717,11000,11969,4865,4453,11010,12990,5303,4974,6971,851,1210,12359,9938,9328,3766,9580,3781"
16328,"2218,9072,6433,8421,10326,1017,2140,9340,9341,811,1978,6220,5545,3428,5025,13296,3950,4277,1210,652,992,4798,12404,11000,11010,5485,9178,9942,4974,7558"
16340,"1290,10663,7120,4929,6243,2916,12497,296,13101,5135,789,13309,8567,10336,6971,10607,3697,9962,4387,8590,4277,1244,5573,4777,4576,12030,1400,1977,7817,9866"
16351,"2218,9942,5545,3428,8071,3950,1598,6220,3992,13110,1017,7558,11000,2305,9203,11010,3509,9365,4608,3870,1323,13310,4602,7792,8413,7707,13249,6418,9341,220"
16363,"2218,6971,2789,5999,4117,10326,7723,6433,9072,5532,3055,4413,1017,4608,2140,6220,2343,11540,11000,2571,5303,5485,9799,4798,6418,9449,11969,3950,5199,4482"
16376,"6971,5303,7063,12026,8562,2140,12680,7439,9799,4798,2218,9098,3055,275,8922,5999,9937,3106,10916,4413,6220,12331,9968,4332,2169,2380,4101,647,2199,9668"
16387,"8235,13346,11622,6326,1478,11540,1978,4798,6982,2140,8413,8421,5303,5673,5999,4915,3317,12857,7578,5610,454,3992,4602,5495,3055,2199,3340,2789,12793,11289"
16395,"8421,2140,331,10326,6971,851,4798,4277,1776,12990,11843,5303,11282,9580,10916,10138,8161,8590,7833,1180,837,4974,7063,4679,13296,12680,2218,2380,1996,1290"
16414,"6220,5545,7707,13296,2218,6971,9942,8562,2140,3055,6418,5303,10326,12793,2343,3950,5485,4413,8590,13110,2789,7792,1598,7558,12665,9072,4117,89,12606,11969"
16416,"8235,9454,4602,8413,4181,11772,11784,2380,4430,2218,3992,454,13112,7024,4499,4413,5524,3950,1775,10039,8076,2140,11540,10506,4329,8018,8333,11869,8331,931"
16418,"6971,6220,2218,1290,2343,8590,5303,2140,8922,13296,8562,8235,5545,9072,7120,10326,7063,5532,11969,6433,3055,10835,544,4798,89,4277,12665,8421,4576,12026"
16471,"13431,3464,10102,10674,12096,3570,420,9732,11024,3222,10389,8910,5934,2709,3487,12995,12869,4664,11969,7279,1851,83,1542,11298,9730,1114,8714,6659,10607,12903"
16489,"3950,6220,11751,7723,4413,11622,6751,1598,2218,3055,9729,2140,9799,1478,2789,13296,10326,12990,1017,8413,8235,7558,1978,10835,5999,6418,9942,6971,9455,4117"
16497,"5303,8590,6220,9306,2140,6971,8922,7138,220,11384,10462,4798,275,4277,13296,1912,2218,7063,12990,3950,7383,8562,1290,10326,8018,12665,2899,8235,12026,2291"
16509,"6220,4277,13296,2140,8421,3428,2218,7383,5545,12990,9072,11969,9341,5303,10326,1210,9942,1978,12404,4798,9600,5386,275,6971,8590,6433,2380,1328,5731,544"
16510,"6220,4413,13296,2218,1598,5545,2140,9729,7723,3950,9799,8562,7707,10326,3870,9942,2789,12990,5485,6971,3055,7558,11751,5303,9600,8421,11540,10835,4798,13110"
16521,"4576,1290,10607,5135,7120,3539,11298,4664,11024,1779,4036,11775,9732,2989,8714,12869,12903,10648,10137,9295,3697,83,10389,1851,9971,6610,8475,789,9730,13370"
16524,"13111,5027,4029,10107,6150,2770,6640,6952,3652,9482,10754,8540,10221,13383,2436,1810,1516,10974,6060,5105,3563,2782,10707,4465,10441,9726,381,8270,3844,8911"
16582,"6220,5303,6971,13296,5545,7063,2140,3870,8562,1598,2380,4679,7707,7558,89,12665,4277,5819,560,4413,220,8922,8235,11384,8590,8421,6418,4798,12990,13110"
16592,"4576,6220,1290,10607,6971,4664,8590,4036,11024,89,7120,5135,7471,13296,8922,8714,2140,1779,3539,544,10389,5303,11775,10464,8562,2218,11298,9962,1863,5545"
16604,"2140,11282,4798,7063,8421,6971,6141,10138,851,7833,6433,5495,1776,11115,331,10916,12990,8452,11843,3950,10326,11000,10608,9341,5610,1996,1223,11288,9880,6326"
16605,"6220,2343,5545,1290,13296,7707,9942,89,2218,6971,4576,12665,11969,544,11024,10389,10607,6610,4664,3428,9600,9693,8714,13110,1779,4277,10835,1017,13370,13306"
16617,"11298,2989,13431,9732,8714,4576,10607,7864,1851,10102,3222,12903,11024,12096,10137,10674,83,6610,12995,11775,12869,3238,4024,8650,1779,10389,11918,11532,9295,4545"
16622,"4576,10607,11298,1851,11775,5135,1290,2989,3539,9732,8714,4664,12903,9295,7120,83,10581,10389,11024,10674,1779,12869,6610,10137,10648,1891,11918,8475,544,13370"
16624,"2218,13112,3428,1017,6751,652,8263,36,10661,3416,9072,10039,9341,11000,10196,5999,811,9938,810,2580,4853,5025,3520,4608,1383,9800,5199,2897,9455,220"
16628,"3950,2789,11622,220,8235,2567,4798,11784,4413,4947,3992,9443,6220,7723,3340,13346,8413,5610,3317,11751,6982,9306,5673,6326,5545,5124,2990,12632,11886,10340"
16633,"1290,7120,4929,6243,2916,8567,5573,13101,296,3697,4387,4777,5135,789,13309,6971,12030,9962,1244,10336,1977,8355,12474,1132,4083,1400,8590,1590,8922,9866"
16646,"1863,9942,7707,3487,6220,12606,10429,5545,544,13296,2327,4576,8590,11969,11103,9570,13110,779,11024,2140,2218,8562,8607,11402,8188,1290,7706,3870,275,89"
16651,"4277,851,8421,10326,9072,6433,2218,9341,11969,6971,1017,2140,9340,4974,9938,11843,5025,1210,544,5303,11010,1776,331,811,12990,1290,5485,10039,717,9580"
16654,"6220,2218,4277,5199,1978,2789,13296,9942,4117,3428,2140,1017,10326,5485,9072,9938,8421,10835,4602,5303,2343,3950,4798,6971,220,8562,6326,3055,810,11969"
16673,"2789,6971,8421,851,2140,10326,4798,5999,9580,3055,11282,976,4117,9799,2218,9449,8205,5199,7723,2905,1996,12680,11843,5303,2567,6220,1776,4277,6326,12990"
16675,"8421,10326,2140,4277,6220,2218,4798,13296,12990,9072,3950,5303,11843,1978,11384,851,6971,10916,6326,9580,5545,8590,811,9942,8562,7197,331,5485,3870,220"
16677,"3717,9799,1558,10913,12232,2140,6982,2957,8235,4163,10608,10326,8569,8205,10792,9564,1775,12944,12875,500,9454,4216,851,5540,12758,5532,11795,4429,9229,491"
16679,"12156,4117,6626,4053,2771,6220,220,3950,13375,10835,3870,9942,5502,3340,4637,5999,13110,7867,11751,5177,9455,7899,5160,4798,7723,796,5745,1267,9182,5827"
16686,"11298,10607,5135,2989,11775,1779,8714,12096,12903,9295,10581,10674,9732,3539,12869,10389,11024,1290,8475,6610,10648,1851,3570,13431,3222,9960,1576,4576,789,9730"
16695,"4277,220,4679,6220,10916,8421,12990,4798,7197,10326,11000,6971,11384,2218,3950,5303,9455,7063,8562,717,4865,2140,9341,811,331,5999,1210,3055,13296,9580"
16704,"12470,5495,8188,9942,7707,5545,3870,1323,6220,2218,13112,3799,7792,5199,3428,9729,13110,12842,8607,13306,9336,5866,5304,12887,6659,2343,1210,10835,12606,5485"
16709,"2218,6220,5545,8562,7707,2343,13296,5495,3950,9942,2140,12606,6971,7723,10835,4413,8235,7558,1598,7792,3055,5199,89,8413,12793,8607,8188,11540,12470,4414"
16773,"5999,2218,220,2580,11000,1017,810,6220,7835,4117,10196,9072,4277,1978,3428,9938,717,4492,5199,2897,13112,652,7197,13306,1210,4453,11384,992,12857,811"
16774,"2140,10326,9072,8421,8590,2218,1978,5303,8562,1017,5025,6220,12990,13296,6433,6971,4798,5545,811,4277,9938,5485,3055,11540,7558,1912,3950,544,5532,11843"
16797,"2343,13112,3992,3428,3799,64,8279,3950,12470,1978,13306,4256,13110,9693,10537,4602,8293,6220,8188,11969,12379,5155,3340,1383,1210,9365,5199,9942,9455,2903"
16803,"3950,220,5610,11751,11622,4798,8421,10326,10340,5999,12813,13346,2140,3870,7723,12990,11000,5673,6982,11406,2789,1478,9729,10916,8413,2218,12857,6751,4277,11843"
16804,"4277,6220,5303,2140,8421,10326,4798,6971,1978,12990,9072,992,13296,11384,10916,8590,12857,7197,275,4679,560,1017,331,3950,1912,717,9938,811,3055,2218"
16806,"6402,8540,6659,4256,8092,1377,12257,12824,1796,2356,10352,5155,3444,8868,7763,10107,8251,840,3314,2164,4100,5822,7797,8149,9964,6072,10057,9370,8028,12268"
16810,"3428,9942,11969,13110,6220,1978,5545,544,5155,9455,1210,12606,1017,2343,4277,8279,13306,8293,810,4256,275,11272,1323,12665,64,992,1426,8562,811,8188"
16836,"9072,992,1017,7835,8421,1978,10326,2140,9938,2218,11540,5303,11000,9340,4277,7802,5025,8590,5485,851,6433,6515,544,3950,13296,7558,10658,811,9341,2861"
16844,"9072,1978,13112,4117,1017,6751,652,12470,11540,3416,2218,11001,13306,10326,11969,8421,9938,1684,7010,4602,1323,10658,5485,7835,9942,5532,4608,9341,11010,13253"
16861,"4163,2957,1558,4216,83,1851,10674,11020,9960,6960,3722,8342,4688,9732,12615,6811,420,8650,10102,4664,7971,5135,789,11938,12096,10607,1290,8810,8475,4793"
16875,"2789,6971,10326,8421,5999,2218,2140,5303,9580,851,9072,3055,4798,4117,4277,6326,2380,976,1996,9799,6220,3950,5485,11843,11282,6515,6433,10608,3766,5199"
16936,"6220,3428,1017,2218,1978,9341,5545,4277,13110,13296,9942,3950,992,8421,9072,11969,10326,1598,7558,1210,2140,13306,4798,811,2580,3992,9600,8562,9938,11000"
16946,"8421,4277,10326,2140,2218,4798,811,3950,9340,220,9072,1210,11843,5303,5610,1978,7197,6326,851,10916,6220,11010,4974,4679,13346,12857,9455,12990,12404,9234"
16965,"5303,12680,12026,4798,5999,4277,8421,9580,6220,2140,2380,2789,1290,10916,4499,2218,3055,4865,331,13296,9668,9799,8922,5835,4679,11282,12857,560,12757,6517"
16987,"6971,8421,5303,2140,851,10608,2380,11282,9072,9580,1996,12385,4101,9799,2218,8161,5999,10326,953,4798,12680,6517,5485,3766,9880,5025,331,10792,12331,1776"
16988,"2343,2218,5532,5199,6971,5303,6220,2903,2140,8562,10835,5866,9072,5999,13296,9693,3055,6834,89,10039,1978,8279,8922,13346,10326,1290,12026,11384,8590,544"
16989,"6220,5545,2218,9942,13296,7707,9600,4277,3870,4798,8421,3428,3950,13310,2140,12665,5303,11969,12990,1598,1978,8562,6971,9729,4414,9072,10326,5485,9341,10835"
17007,"12156,6626,2867,3857,12378,12295,11635,2205,11504,1002,12939,2285,5177,6513,4012,8806,4765,11115,2143,1895,12152,1091,6503,5495,7694,647,7063,10828,9802,10608"
17016,"4117,6971,5532,4798,3950,2789,4053,11357,7578,2343,3055,8421,5303,2571,4266,10835,9072,5199,11384,11540,1788,11282,11572,1408,2822,4277,11000,6638,13346,1996"
17030,"5495,8562,3870,5177,11000,1323,3950,7899,7558,13249,6141,9365,12793,8421,5022,12470,12990,2218,5160,11751,4414,11010,5610,9341,3112,7197,9178,4798,646,2140"
17034,"2140,8421,4798,4277,10916,5303,12990,8562,10326,6220,12857,331,6326,2218,11843,9580,3950,2380,7197,811,4679,5485,851,1180,13296,6971,1776,12793,717,11384"
17054,"8421,2140,5819,2380,6515,3950,2218,1978,9340,8161,4679,10326,4798,5303,13346,6326,4277,12857,6433,11843,7707,7063,5025,9072,11000,5545,9580,992,9234,9178"
17056,"4097,1328,12339,6306,6714,10431,5241,9742,1432,1377,11999,7480,4630,350,10941,13147,3656,10201,8092,716,12647,6883,6071,12191,3872,233,9408,4063,92,5155"
17084,"5545,3428,2343,6220,9942,1323,5495,1210,11969,13110,8188,1978,2218,7707,12470,13306,9341,1017,9693,8607,544,13112,13296,5485,8279,5199,9455,9072,12606,8562"
17098,"544,9942,6220,2218,5545,13296,12606,1863,7707,3428,8562,11969,2343,8607,89,4576,8590,2140,275,12404,9072,5303,6971,1290,2411,11103,7558,10326,13110,7802"
17102,"4277,7197,1210,6220,9455,8421,10916,9234,11969,717,4865,2343,1978,4798,10326,8819,3781,6638,12990,331,11000,4679,2218,11843,810,11455,811,4025,9341,10063"
17109,"4117,5999,2343,2903,8279,6834,11572,13112,5532,12085,9693,6795,3950,8505,220,5199,1788,4053,810,11726,1978,2822,2537,3055,10835,11357,9990,9105,13058,2897"
17112,"6971,2218,4277,6220,2140,13296,2380,12026,12680,8421,7063,8562,4798,275,4679,4865,9799,10916,560,9072,10326,3055,12990,5485,12858,1220,6742,5545,5025,8590"
17119,"6971,10608,8608,5495,4388,2140,331,8421,10326,11282,9072,12156,5303,2343,2218,9799,6433,5532,8590,7487,12990,5497,4798,1634,1478,10138,6515,9340,9132,851"
17124,"6220,9942,2343,2218,11969,5545,4602,13306,89,10835,13110,9455,13296,8279,3428,9693,12470,4946,8188,7707,8562,13112,1598,3870,2903,652,3055,12606,9800,3950"
17141,"2343,6971,9072,6220,9693,9938,4277,5303,1017,2218,544,6834,1290,5866,10326,5532,5999,992,13296,4117,11969,2537,4865,1210,5199,2140,10674,10835,8590,5485"
17160,"4216,4163,2957,3722,4688,8629,10102,420,778,4758,10194,9384,2709,5738,12615,8057,2849,1851,12808,11967,8810,10674,11670,10687,9913,8033,83,4793,11833,2095"
17179,"6220,12990,8421,2140,10326,5545,2218,4277,13296,4798,13110,9942,11751,6433,7723,3870,9341,6971,1017,1978,8590,11969,11843,275,5502,5485,3950,1598,7707,1478"
17189,"4277,9072,2140,10326,8421,11384,6971,12990,9340,5303,8590,1912,851,811,1017,4798,6433,544,11969,10916,7197,1290,4679,992,4974,2218,9938,12404,9341,275"
17191,"2218,5545,3870,13296,7707,6220,2140,7383,5303,5819,9072,3950,2990,12606,8562,8235,9942,8590,1426,2380,1978,6971,3509,13346,89,7558,12404,8421,7063,13110"
17194,"2218,9072,1978,9340,992,4277,1017,9178,7835,811,2140,11000,8421,10326,6220,11384,12404,1210,4679,13296,3428,2411,5025,717,544,810,9341,9938,7197,9455"
17195,"5999,4053,10835,5532,2343,11357,5199,6971,2822,3055,3909,2571,8608,4388,6834,7578,785,9693,4199,11572,2903,6529,5303,4266,4798,10529,1788,2789,12026,8562"
17200,"1290,10607,10389,4576,11298,6610,7120,10137,11024,5135,296,4664,4929,12903,10663,11775,2989,1779,1851,4024,13370,83,1244,10648,789,3070,3539,6576,9732,9962"
17212,"4947,6971,4798,2140,10835,6220,1290,13296,8421,5303,5999,5124,3515,8590,3950,2199,5199,8562,4101,7707,2990,7120,6529,6925,10663,1957,6166,12026,1478,4929"
17218,"2343,5866,9693,4388,2537,9072,1978,5199,8608,4117,6971,6834,10835,5495,2218,8562,5999,544,5303,8279,6220,7010,8590,1017,5545,6795,12470,2903,4199,8671"
17232,"4117,5532,11726,1788,785,1978,5027,851,2343,10326,7010,1323,5199,3055,11572,4277,5866,1558,1664,811,13112,4388,8562,8608,217,5999,8421,4266,9693,6638"
17242,"4277,9341,1210,11969,8421,11010,6433,9455,6220,350,1978,1017,7197,811,10326,5545,8819,9340,13110,11843,9072,11455,4974,3428,3112,9234,717,851,716,9600"
17255,"4413,7723,454,5999,931,11751,5199,4602,11772,13112,3491,9470,4117,8413,3888,2789,11326,220,2218,9729,10835,6751,12578,2910,3055,6220,11784,10082,4482,8333"
17262,"11298,4576,2989,5135,3539,10607,8714,9295,11024,11918,4664,12869,9732,8475,8910,7864,10648,10581,3222,12903,6610,13370,83,13431,1576,10389,1851,11775,8650,10102"
17275,"8607,8188,3487,7725,9336,12470,7227,8028,2327,9942,779,11402,2281,11103,4545,10206,7241,3560,2285,5495,5733,2216,5304,13431,12038,9519,3428,58,6018,7792"
17276,"2285,12470,13112,7227,2791,12859,12085,1825,6795,12563,4117,2135,10732,5495,9800,12054,3416,10206,7332,6150,11572,5766,4677,10736,12252,6924,8885,4605,13063,5143"
17278,"3487,1863,5976,5149,10802,10429,9083,9564,779,5962,5927,2327,1669,7706,10515,8981,12723,9748,3542,9882,5484,7637,9954,589,2058,8703,2847,12704,11675,2829"
17283,"4117,13112,5532,785,5199,2571,5495,11726,5999,12470,11572,10913,11712,1323,4006,5866,3797,1788,7010,11357,7899,8505,13218,8279,6834,8853,9693,13058,4266,4053"
17284,"3950,5999,2789,4798,8421,6971,1996,6326,2140,13346,5303,4117,9580,220,10326,11540,11384,7578,10340,11282,976,11396,12857,2218,9443,11000,11843,11784,6433,10916"
17295,"4117,5999,1978,3950,5199,8562,2140,2580,811,5532,1323,10326,9072,5866,12793,1017,6220,9942,9938,10916,4798,3055,8421,5485,11384,10835,8279,12857,11000,1912"
17298,"11298,6610,10607,11024,2989,10389,4576,8714,10648,12903,1851,10137,13431,11775,83,9732,12096,3222,1779,9730,8910,10674,7679,3238,3570,12869,13370,10581,5135,4664"
17319,"6220,5545,9942,13296,7707,3870,2218,9600,11969,3428,10835,12665,4277,9729,4414,1978,12606,8562,2140,8590,6971,544,4798,1598,5502,4946,8421,5485,7723,10326"
17320,"83,1851,2957,4163,4216,9732,13431,11020,11298,4688,4664,4576,1558,10674,10607,10102,11024,12903,8650,11918,8714,8475,420,3570,9960,10389,12869,5135,3539,12615"
17325,"5532,6971,9693,10835,6834,4388,5199,3909,2537,5999,4117,8608,5866,6220,1290,6638,5303,12858,6529,6795,4277,8590,2218,9132,8562,2822,2903,4199,4865,4266"
17330,"89,2343,6220,2218,1290,8302,8235,7024,1863,4036,8113,7706,10429,4576,11403,13191,13296,6456,7236,4250,3509,5545,7120,3467,2784,6971,7723,9882,2903,9336"
17334,"10607,4576,5135,9732,4664,11024,12869,8714,2989,1851,83,3539,10389,12903,13370,11775,8650,6610,9295,13431,10581,3222,11918,8475,1779,10648,10137,10674,7864,1290"
17346,"6220,2218,5545,9942,7707,4602,3428,13296,7792,13306,1598,89,13110,3870,11969,652,3992,3509,8188,12606,8235,64,6641,1165,5485,2380,1978,2140,9729,3950"
17352,"5999,4117,6971,785,4053,2571,10835,1290,2822,5199,4798,5303,3055,12026,2789,8922,13218,7120,1408,10778,5532,10916,4459,11712,9504,8590,220,1788,7578,9580"
17353,"1290,5135,7120,11298,9295,3697,789,11992,4576,9962,10607,4036,2885,11117,10648,5142,11775,3539,10464,8302,11024,1779,2784,4664,9671,13309,8475,2916,11846,9730"
17396,"2218,2140,2380,8452,5819,6515,8161,6433,8022,6373,5303,8421,7063,10506,10326,5025,3950,4798,6326,9738,2264,9072,3149,2990,9733,8053,9306,13346,10340,8562"
17408,"4277,8421,10326,6220,2140,4798,9580,811,6971,331,9072,2218,12990,10916,7197,5303,851,1978,11843,13296,8590,5485,9938,4974,544,1210,9340,5999,4865,1776"
17414,"4256,8092,6659,5155,1377,10431,6402,10352,449,12029,4097,2541,9453,5027,1987,6815,8293,7797,11297,5776,9826,13110,3428,9942,5105,8540,13112,12898,5822,64"
17422,"1290,10607,1851,4576,83,4664,9732,5135,7120,4163,2957,10674,11024,11298,8475,1779,12903,4216,10137,10389,11775,1558,4036,6610,8650,9960,296,3539,3570,11918"
17424,"1978,1017,9072,3428,9341,992,11969,5545,4277,2218,13306,6220,9938,544,2343,9340,810,5155,13112,717,11590,8421,9178,13296,11455,2897,12404,5025,652,10326"
17427,"5135,7120,1290,10644,13027,7817,13101,3697,1554,9962,4973,5008,9866,789,12497,9646,3886,4387,6243,9405,13309,10663,6971,1241,6846,2789,6811,5675,2916,6385"
17432,"3428,13110,13112,64,9942,5545,9365,9800,3509,3799,2676,2305,1323,12470,3950,1978,1426,1383,4256,8188,13306,7087,2281,7899,3992,3520,6641,6220,3870,11590"
17434,"6971,2140,5303,2291,10326,7063,331,4101,9799,851,8590,12680,8421,8922,12990,11282,1776,4798,10916,9668,1290,9580,7439,9880,10138,275,12026,8520,1223,4277"
17439,"6220,2218,5545,2343,13296,6971,11969,544,5303,1290,4576,9072,8590,12665,9942,4277,2140,7707,12404,275,13110,10326,89,1017,10835,13310,3870,1210,3055,8562"
17442,"5999,4053,11357,785,5199,2571,10835,13218,2822,11712,4266,5532,2789,1408,4459,6971,10778,3055,13058,9504,2903,3909,4199,6638,7578,2343,2771,4006,8505,7547"
17449,"13112,6982,11622,10913,12470,11795,5495,112,9786,12172,5209,12566,8746,11772,3950,13253,3416,6271,6751,5673,1383,4608,11751,2305,4623,6640,4821,6924,9990,5700"
17472,"2343,9693,6220,9072,1017,2218,5999,6971,6834,1978,5199,4117,9938,2903,5303,992,11969,3055,544,12085,10835,6795,4277,3950,810,5532,220,9341,11384,1210"
17509,"4576,11024,10607,6610,1290,11298,3487,1779,4036,10648,6220,7679,11775,5672,10429,7120,89,4664,9942,296,10389,2989,10137,12903,5545,4024,3570,9730,1863,7707"
17522,"8235,4602,10835,7024,5524,3992,5199,931,11931,12606,11622,8413,6220,3799,5875,3340,11403,8279,5545,1432,5766,9942,5532,13112,10986,3950,2343,8562,1585,11751"
17527,"8421,851,2140,10326,4277,331,11843,8161,1776,12990,10916,1180,4974,4798,811,4679,9580,9340,7197,7833,9234,350,6433,5025,4229,10594,12857,5303,11282,9309"
17535,"1290,7120,10607,4664,83,4576,1851,4036,5135,1779,3570,11024,4929,10674,296,10663,11298,2957,12903,789,4216,1244,8475,9732,4163,2916,3697,9962,10648,10389"
17540,"5999,6971,4798,2789,220,3055,10326,5303,8421,10916,2140,12990,12857,3950,4277,8922,851,9580,11282,1912,11000,8590,11384,6418,4322,12793,4117,2218,11751,7138"
17541,"83,1851,13431,420,10102,4216,9732,10674,12096,4163,7679,2957,1558,3570,12615,3464,2709,10687,9960,11024,10389,12995,12869,11938,4664,11020,3222,8714,10607,7279"
17551,"8421,4798,10326,3950,811,2140,1996,851,11540,6433,12793,3055,12990,11843,5999,6141,6971,6326,220,331,10138,8562,1634,10916,11282,9580,10594,4608,1788,1408"
17564,"8421,4798,331,2140,851,11282,6515,6971,5303,10916,11843,12990,8161,1776,7833,4277,10138,9580,1180,12857,10594,10326,1996,5025,4315,837,6433,4974,2291,9880"
17565,"10352,1377,6306,8092,4097,350,840,12824,9408,6402,4256,5155,8540,7480,6659,9453,13100,1948,1987,11590,3733,7973,2770,8149,5776,1796,33,5241,10431,12101"
17581,"811,5485,1323,12156,5495,9309,9072,237,1634,10608,9178,12152,8421,9473,2218,2140,11540,12939,6751,4315,2861,10326,1996,12793,2143,7802,5025,6626,2411,12470"
17596,"1290,6971,5303,7120,8421,4277,8922,4798,2140,4929,10663,6220,10326,331,11384,12990,13296,1912,12680,1400,851,560,9072,9580,296,5999,6962,8562,3055,12665"
17601,"3950,9786,3340,5495,8413,13346,691,8235,8221,7079,3799,6529,8562,5999,3909,9470,6164,10835,8636,796,7723,2990,4053,1286,12793,5199,5610,11326,4413,13381"
17611,"11635,12378,12295,2867,6503,9473,2205,6751,331,12104,10434,5999,10395,7723,275,6971,785,10566,2370,10326,7547,9998,4053,12990,4798,9295,6382,4117,12857,1478"
17612,"350,4277,716,8421,1978,1377,11969,5155,10326,4229,6220,9341,2140,5545,8149,12990,1210,9600,4256,992,4993,4097,11010,13296,217,1017,7383,13110,851,544"
17620,"8562,10835,6220,3870,8235,3950,5199,2343,4602,12606,5532,5545,2218,1598,13296,2903,11403,4413,3340,7707,5303,7024,3055,89,5495,11289,11540,8279,7983,5999"
17627,"13112,3428,13306,7227,8188,2285,9800,9519,12470,3275,9942,1383,8607,3520,13110,64,1329,7792,13437,2791,3509,6641,6659,1323,11969,5545,8454,11806,2135,3416"
17634,"7707,2218,6220,13296,5545,12606,544,2140,9942,8590,7706,2327,9072,1863,2343,10429,3487,6971,13403,11103,5303,8188,12723,3870,12665,89,7983,1290,5485,8607"
17649,"1978,9072,2343,5532,11969,9693,5199,1210,5866,4277,2218,1017,9341,8279,544,3428,6433,5545,10835,9455,8421,1684,2903,5495,13296,5025,12470,12085,9942,810"
17654,"5545,11590,3992,64,13306,1210,3428,3950,1978,8092,13110,4602,9600,7797,13112,6220,4256,8540,2218,931,11969,10431,6402,5155,3870,11800,3275,1383,652,1680"
17659,"5149,8981,4698,11615,7637,10429,12265,3088,1863,9799,2020,2218,2140,6474,9937,7707,5976,7064,1487,10241,9668,6166,3487,589,1983,6892,7784,2058,12663,9689"
17666,"1290,2343,7120,6220,6971,11969,8590,4576,2218,13296,544,10663,4277,9072,2916,89,9693,10835,4929,5866,10607,8922,5303,12497,5532,9942,5199,10326,2140,5545"
17674,"2140,10326,851,9799,8421,6971,10608,5303,1634,8590,12990,331,11282,11843,1223,5485,9580,5025,2218,1180,6899,8161,12680,6515,4277,4798,10138,1996,3766,1776"
17684,"11590,5155,1978,4256,350,1328,11969,9817,8092,6402,2975,2770,4576,4097,1017,5776,10352,10431,8540,5545,13110,1426,2897,5027,6883,13306,12339,10107,4028,9516"
17708,"2343,5532,8608,1290,6971,4388,5866,8590,544,11969,4576,5495,4117,10326,9072,4266,7120,9693,6834,6220,12470,2537,5199,10835,2218,5999,7964,9295,1220,13296"
17709,"9942,1323,2285,3428,13110,9800,9365,4876,2135,961,8454,5145,2281,6023,5495,3013,4414,7792,12470,5177,11969,7087,1355,8188,609,12152,10736,534,7899,1383"
17741,"4602,10913,4117,11751,5532,4006,1598,11784,3340,2789,11622,8183,8413,11795,4266,5199,5495,7539,9799,7723,9410,2218,931,7792,12470,8562,10989,6982,11540,5999"
17752,"6150,10739,10974,8911,10732,4465,7325,4935,7721,162,7496,5249,2263,11546,10441,8257,7517,1636,6169,5901,2026,10283,989,5742,13383,585,173,3652,1101,9482"
17765,"2343,4117,10835,5199,6220,5999,5532,6971,2140,8562,6638,5866,4266,8590,13296,10326,8421,1978,5303,4388,5495,8608,7707,4798,4277,6834,3055,5485,5545,9072"
17770,"2218,11615,10429,7723,6220,2327,9942,6283,7792,1863,5545,7707,9564,8607,3870,6697,89,13296,7706,5484,8188,1290,9336,5976,1983,779,9083,3487,12606,4413"
17814,"9942,5495,12470,3870,13110,8188,3428,1323,5545,7707,1978,5386,2218,11969,12606,8454,9729,652,1426,4256,6220,9800,1210,9341,9178,13296,13306,9455,7558,609"
17818,"13112,5155,6659,3428,13306,4256,652,9942,8830,8092,11001,64,3416,3509,11590,12470,1323,9800,6402,1978,8188,2897,5109,8279,13110,7797,10658,12635,810,3799"
17822,"1290,6971,6220,9083,7706,2784,89,13296,8302,7707,1779,5303,10674,4430,544,1165,9072,9371,2343,11117,5142,7120,4036,5558,2238,9799,9720,589,8235,8922"
17826,"4277,9341,11969,2218,811,9072,1210,544,1017,9340,10326,9178,717,5485,992,9938,8421,4974,769,12404,4679,7197,350,217,9234,6220,5025,11001,11455,810"
17827,"4576,10607,10389,13431,11298,2989,83,12903,1779,11918,1851,10137,6610,9732,4024,3570,12995,9730,7679,4664,4036,11532,1972,11775,13370,290,4028,3238,3222,5672"
17840,"8590,2140,13296,6220,6971,5545,1290,7707,5303,544,2218,9942,10326,7383,12990,12606,8421,3870,275,3487,4414,7120,5485,8562,10429,11969,9799,7619,9072,1863"
17843,"2218,6220,5545,13296,13310,7558,6971,2140,7707,7063,1598,9072,3870,2343,10326,11000,1017,8562,4413,6418,9203,9799,5819,2380,6742,3950,6433,9341,1165,3428"
17864,"2140,5303,10326,6971,7063,8421,4679,4277,9340,8562,10916,9580,1912,1634,4798,11384,2218,851,8161,12990,2158,811,8590,1776,7138,275,2169,220,11000,12857"
17871,"3487,5976,10429,1863,2327,7706,5149,779,10802,7707,7619,12723,5545,6220,11103,12606,1983,11402,4698,3542,13377,9689,589,13296,2829,9083,5927,7892,7725,8981"
17881,"1978,9072,6220,2343,4277,1017,544,1210,5545,2218,8421,13296,11969,9938,10326,7707,5199,8590,9693,9341,5532,992,9942,5485,6638,2140,10063,5025,6971,12665"
17928,"5545,7707,6220,9942,3428,7792,2218,2327,13110,11969,13296,6659,13306,12606,3487,8607,10429,544,8028,1165,9729,12058,8071,13002,5229,5386,9341,12842,7840,6641"
17931,"6220,8590,2140,10326,2218,3950,5545,7707,4413,13296,11540,5303,6971,1290,9942,8235,2789,1598,89,8922,8421,9072,4430,9799,8562,6962,7120,4602,2990,4798"
17933,"4117,2343,5532,5999,3055,6971,10835,6220,7723,8608,4388,5199,6834,6795,8279,4413,4053,8922,8505,9693,2218,3950,4266,2571,3340,2537,8562,10326,5495,9455"
17953,"2343,2218,5532,6220,9072,12470,5495,11969,5199,10326,1290,13296,5866,2140,9693,544,10835,5545,9942,7723,89,2537,8562,6834,4266,8235,8590,9799,6433,4576"
17970,"6220,8235,3950,2218,931,4413,89,5545,1598,10835,3992,13296,5199,11784,2789,8562,3870,2380,7707,9942,11540,6326,2140,3317,5303,6091,220,3055,2990,2903"
17977,"9072,2140,2218,1017,544,9341,13296,10326,6971,6220,5303,5025,8421,5485,6433,1978,8590,4277,992,9938,7707,12990,5545,11969,12404,7558,5386,10039,2380,275"
17982,"9962,1290,7817,7120,10644,3886,13027,6811,4929,10663,296,4613,2916,13101,12497,9837,10607,10147,3323,3697,6243,4973,3737,1241,3539,11775,12306,10963,6812,8824"
17995,"6971,9799,1290,5303,2140,8590,12030,8922,7637,10326,4321,8235,7120,8302,2218,6166,6515,10608,10792,8707,4413,5549,8703,4101,9580,9937,9668,7723,11117,4430"
18002,"992,7835,9072,9938,1017,811,4679,9341,9178,11001,9340,717,12404,350,10658,544,11969,3416,1323,1558,8421,5485,10326,4277,1210,2140,7802,769,4974,2897"
18006,"3487,4256,7679,2327,6659,10429,12606,8028,6402,3464,2769,12339,10685,9942,4861,2920,5822,5545,7707,8188,779,12723,5976,7619,1863,1948,9964,7862,7383,4048"
18023,"7063,7383,13310,11969,11609,5545,9341,6433,5731,13214,11384,10122,5819,12871,8452,2065,2218,6971,13110,4277,6220,275,5303,4679,10899,12053,13296,12966,3089,7729"
18024,"9771,238,7383,10122,10506,6849,2218,7063,383,2899,8071,4877,8022,10413,8452,4985,2300,9306,9738,5819,1148,12871,9334,6922,3064,13294,1165,12200,13215,7341"
18047,"6220,5545,2218,2343,13296,7707,3870,6971,5495,8562,2140,5303,9942,12665,10835,9799,8607,89,8590,544,11969,1478,5199,3950,13110,12606,7723,10326,8235,2380"
18050,"6220,6971,13296,5303,1290,2343,8562,2218,8590,10835,5545,2140,8922,275,4277,3055,7120,4798,4576,9942,89,12026,12665,544,12606,11969,7063,12990,6529,11384"
18078,"5485,9341,8421,10326,4277,11969,2218,811,2140,6220,12990,9072,2285,544,851,7558,9942,992,11010,275,13296,1017,3766,6971,4679,331,4414,6433,4974,5714"
18086,"5135,789,9962,9960,8714,1290,3539,11298,10607,4576,11775,1576,11024,10674,544,9438,9732,9866,9730,8475,5142,2343,7120,13309,6610,4036,1779,11969,10648,10137"
18093,"10102,4216,10674,420,1851,83,4163,9732,2957,11298,3570,1558,7679,4664,10687,13431,8284,8475,12615,1290,8650,13024,12096,4688,1779,2709,3222,12903,11024,10607"
18115,"3950,8421,1978,5303,4798,6326,6220,220,2140,5545,2218,12857,13346,9072,6971,1912,4277,5999,1017,13296,8590,11540,2580,3992,2789,8562,11000,7138,10916,13097"
18122,"10429,3487,6220,1863,7706,5149,779,13296,8981,9689,2327,11024,7707,7784,5976,5545,4698,10389,6218,2218,11103,4250,6971,7619,9962,7491,5135,789,4576,11615"
18124,"5714,1017,8318,4839,8263,7835,7292,9242,3416,5999,9063,9341,2571,11000,11603,9990,9019,1558,732,6751,13286,12859,4092,4117,5850,5532,2932,5025,2285,11572"
18127,"4163,2957,1558,83,1851,1290,4216,10674,5135,7120,4688,9960,8650,8342,11020,6811,10607,789,4664,8475,9295,9732,3539,12869,10389,420,13309,10102,4929,9962"
18133,"8421,10326,3950,4277,2140,1978,2218,4798,6220,6326,5303,5999,9072,8562,11843,851,2789,220,10916,11000,12990,9580,11384,13346,1210,9455,11010,13296,6971,7197"
18148,"6971,5303,2140,10326,6220,8590,2218,5999,13296,9072,8562,8421,2343,3055,4798,5485,10835,3950,12990,5532,7707,4277,12793,6638,9580,544,4117,9799,560,5199"
18155,"6220,9942,8188,7707,2218,7723,5545,13296,544,2343,11103,11969,9336,3487,12606,8607,7491,3428,7706,13110,4946,9072,1863,7792,12404,89,2327,11402,10429,10326"
18158,"2957,4163,4216,1558,1851,1290,83,9960,11020,10674,9732,4688,8342,8629,7120,7971,9295,3722,10607,12497,5135,8057,2343,296,9438,13024,4576,6812,2985,8650"
18166,"3428,2897,13112,810,3416,9938,652,220,2903,2218,2580,10196,9942,5999,10658,4492,8018,10661,9072,9242,13306,10039,1017,1165,9178,9063,992,9800,11624,1978"
18167,"9072,4277,10326,544,11969,2218,1017,1978,5485,811,7197,8421,5025,9938,4974,9942,717,9340,217,1210,992,2411,9341,2140,9178,6220,652,3428,350,6751"
18169,"9306,7063,7383,2899,13214,5819,3506,383,8022,8452,12871,5946,10506,2140,3064,2291,11609,9771,8402,5303,4877,7341,5939,2065,7824,9738,238,8053,2218,10122"
18175,"3799,3950,2903,9908,5495,3870,10835,12470,5199,782,6220,5545,8279,3428,4602,2645,3509,12606,4199,8293,11800,9942,2497,11403,2990,4416,8333,1007,8562,9786"
18178,"3950,1478,6220,8562,6326,8421,9729,3055,5495,11751,4798,3870,11540,4229,13110,9600,7558,1978,1017,10326,9341,1598,3428,2140,9455,4602,12793,3992,13296,4414"
18214,"1290,7120,4929,10663,6243,12497,8567,296,5573,13101,4387,4777,3697,5135,789,9962,8355,12030,13309,10336,12474,1132,1244,6971,4083,1977,1590,9866,10607,1400"
18217,"4277,8421,10326,1017,1210,6220,1978,9072,2218,9341,9938,992,5545,350,2140,11969,11010,717,9340,811,3428,13296,5485,5303,4798,6433,4974,11843,4679,11455"
18226,"4576,10607,10389,11024,11298,2989,8910,12869,4664,8714,12995,11969,6610,1290,13370,5135,13431,10137,3570,11918,9732,1779,11775,1891,4024,3998,10648,9960,4028,12903"
18229,"2218,9072,2343,11000,8671,2537,6834,5532,7802,7835,9693,5999,7558,717,6795,1017,8562,5303,12404,810,6971,9093,12156,9178,1524,36,992,4388,6742,3428"
18236,"10658,5241,5155,10107,12268,12191,4602,652,6659,8540,350,8331,8235,1664,3481,9938,11010,2218,13306,1978,11590,4097,2016,992,10396,3656,1017,5545,3284,9072"
18240,"3428,13110,5545,8293,3870,9942,64,6220,13310,11800,9365,4256,3799,3509,8188,1254,8454,3992,2281,4414,12606,7707,2676,2218,7087,10914,1426,13306,8681,3013"
18262,"6220,5545,2218,9942,13296,13110,3428,7707,3870,11969,1978,3950,12606,9072,2140,9600,12665,13310,8562,1598,2343,7558,3992,544,9341,4277,9455,4414,8421,5303"
18266,"4576,10607,1290,4664,2989,10389,6610,11298,11775,296,5135,11024,10137,1244,2916,13370,10663,1779,544,4929,11969,8254,2343,4036,12903,8590,11918,5672,789,4024"
18272,"4117,5999,13112,3950,220,1210,7197,9455,811,810,7899,5199,11572,3340,8279,4492,652,4277,3055,1978,4853,8421,12793,717,8505,3766,10326,1996,9234,12085"
18292,"2218,9799,2140,7707,6220,13296,4413,5545,2380,3870,10326,6971,7715,10608,12887,11615,589,5485,1598,8590,8235,4430,5303,9729,6166,12944,8421,9564,131,7792"
18299,"6220,4277,5545,9341,11969,2218,1210,1978,8421,10326,3428,9072,13296,11010,9942,1017,13110,6433,544,992,811,350,2140,12990,12404,7707,9455,13306,5485,9178"
18321,"13111,2436,1516,8270,4029,2770,6487,6952,6640,3464,8540,10754,3563,3314,7332,3243,5027,9726,10221,12621,2268,3652,8723,2782,7127,12054,10743,6060,6659,6150"
18338,"6220,2218,5545,13296,2140,7707,10326,9072,9942,5303,6971,8590,8421,5485,1978,3950,8562,3870,1598,9799,2380,2343,4413,6433,10835,544,4798,3055,4277,11969"
18339,"4277,8421,2140,10326,6971,5303,9072,8590,851,12990,13296,4798,6220,2218,9580,11843,1290,544,5485,331,1978,9938,10916,6433,1912,8562,11384,11969,1776,9340"
18341,"5495,12470,8636,3950,12566,9786,6123,691,9470,12172,3871,121,7633,7283,6164,11661,1478,3545,1037,3799,11540,931,12887,8221,2993,2449,976,598,7079,9589"
18355,"1290,10607,9295,3697,5135,7120,3539,10581,83,11298,10648,1851,296,4036,6811,5142,11299,4576,10674,11020,3570,9960,789,8475,12497,11992,4664,2066,9962,2885"
18364,"9942,2218,6220,11969,8607,2343,544,4576,8714,89,8188,7792,13296,5545,11024,5485,10674,13306,769,9693,8910,3428,11272,7707,9730,6795,9336,10102,12995,12606"
18368,"2789,6220,4277,2905,8421,9729,2380,3950,6326,2567,931,5545,1210,11843,10326,4798,5610,8483,2218,2140,9600,9580,3035,3000,11751,11010,9449,220,4413,4602"
18393,"6971,10326,2140,6220,8590,8421,5303,12990,13296,9799,4277,2218,3055,8562,4798,1290,851,11843,9072,11282,5485,331,7707,11010,12793,6141,12680,2343,4266,6418"
18409,"4277,2218,10326,11000,8421,6220,9341,1017,4679,9455,6971,811,220,2140,12990,9072,8562,5303,1210,11969,717,4798,10916,1978,7197,810,3055,6433,9340,11384"
18434,"8421,3950,4798,2218,2140,5610,10326,3870,6433,11843,811,10340,220,6220,10916,12990,4608,9729,6326,9733,2905,7197,9455,13346,5485,8562,837,9942,10138,2380"
18440,"1978,6220,5303,2218,9072,1017,2140,3428,4277,4798,992,12857,13296,8421,544,11384,8562,2580,275,12404,5545,6971,9340,8590,10326,811,717,12665,11000,12990"
18446,"1788,11572,11726,851,4277,7197,11357,5999,4117,9504,10916,785,1408,1912,8421,9473,4436,1776,1996,331,4798,9580,12385,1180,12857,8575,220,10326,4053,7578"
18467,"36,7835,6834,9693,11000,1017,5999,2343,12085,8318,7802,3525,7232,6795,9072,13350,992,9340,4445,8671,2537,7922,13112,717,9341,2218,8263,13202,2029,12404"
18475,"6220,2218,9942,7707,13296,5545,6971,7723,4413,11969,13110,3428,5485,544,10326,7706,12665,2140,13310,275,5303,9072,9600,9799,5386,12606,1598,1165,4414,12990"
18487,"6971,4576,6220,1290,2140,8590,2218,4388,2343,5135,13296,5303,7120,8608,2989,10326,10607,9799,12680,12990,4664,7964,8562,544,11282,1747,8922,8421,13370,11024"
18489,"11001,2897,13431,3416,13112,11449,2285,12096,12085,3314,10658,4466,9800,11969,1323,2849,8270,10736,8724,9178,3275,13306,2135,9732,7332,6300,769,420,5109,13202"
18499,"10326,2218,5485,2140,6971,9072,6220,12156,1017,11969,9341,4277,811,12990,8421,9942,544,6433,275,9938,5025,11000,6751,769,851,7558,11010,13296,3766,63"
18505,"9729,13110,9942,3870,12470,5545,5495,2285,3428,8454,1383,11010,6220,6646,9365,8188,9600,2290,9226,4637,4256,652,11751,64,7792,11969,13306,3799,3013,9341"
18525,"10326,9473,8421,851,4277,5485,331,811,9072,6751,2411,1323,5025,217,9309,8562,7197,4974,3766,2861,1180,717,1996,12990,11540,6517,13249,12857,2448,13028"
18530,"6971,2343,2218,1017,9072,8590,6433,1290,11969,5303,4576,8922,544,2140,3055,9341,10326,5532,11000,13296,1978,7063,6220,8421,8562,992,7558,9938,6418,3950"
18539,"3487,10429,1863,2327,779,7706,11024,11402,4576,6220,10389,7619,6018,1779,7707,5976,9882,8607,9336,5927,12265,12723,9083,7679,11103,1290,5149,4250,544,11298"
18546,"6971,2218,6220,4277,5303,8421,2140,4798,9580,2905,5999,10916,4679,13296,11384,220,2789,10326,1290,4865,11000,12026,2380,5199,1776,12680,2343,5135,12359,5485"
18579,"6220,2218,9942,89,13296,2140,10326,8562,6971,5303,5485,10835,8590,5999,2343,2903,9072,5545,11969,4277,3428,544,1290,5199,9455,810,11384,4117,7707,4946"
18585,"5532,4117,5999,2343,5199,10835,4266,5866,2903,6638,6834,2822,2537,6971,2218,4199,6220,8608,5495,9693,4053,6795,4388,10063,12470,13112,3055,9072,8562,2571"
18595,"11969,4277,1210,1978,9341,3428,5155,1017,9942,9455,544,11455,9072,13306,9938,811,2897,350,6220,2343,11001,8279,2290,810,1323,9693,652,5545,13110,12085"
18648,"1017,5545,3428,5532,9072,8562,3950,13110,2343,1323,5866,6220,5199,992,7010,13112,5025,4798,2580,13346,12857,3992,11000,8421,8279,7707,4117,5999,11384,9942"
18679,"8235,3950,6220,8562,3870,13296,5545,2140,11622,5524,5303,10835,13346,4602,1478,1978,4798,6326,4413,9799,2218,8590,7707,8421,2380,6971,9729,7024,8922,2990"
18683,"2218,6220,7707,5545,13296,3870,9942,3428,13110,4413,5485,13310,5303,5386,2140,1598,7558,4414,7802,12404,2411,6971,9072,11800,8681,2380,8562,10326,9178,10608"
18687,"5532,2343,4388,5866,5495,8608,6971,8590,2218,2537,544,12944,8607,3909,8562,9072,5303,10608,6834,2140,9799,1220,13296,5025,10326,4266,22,9693,7964,10288"
18718,"7707,6220,3487,2327,8188,13296,9942,13110,12606,544,10429,2218,3870,11969,7706,1863,11103,3428,12665,8607,7619,779,9336,5495,2343,9600,12058,4414,5386,7725"
18741,"3950,11622,11540,11751,3870,220,8562,1598,4602,5610,4413,10326,12632,9729,2140,6326,6220,6982,2038,12793,782,8421,3317,13249,9942,4798,13346,773,5700,11784"
18760,"11298,83,10607,1851,4036,11024,9295,5135,9732,11775,3570,10648,1290,4576,12903,1779,9960,10581,13024,3539,5142,10674,13431,11020,2989,4216,9730,8284,12869,7120"
18771,"2343,5532,11572,11726,4117,1788,6834,9693,4388,5866,8608,5199,10835,5999,2537,11969,6971,9132,1017,1891,8279,4277,4367,12156,6795,10326,2822,9455,7964,6638"
18787,"331,4277,8421,7063,851,2140,6971,10462,10916,9306,5303,1776,4798,8161,11282,7439,4262,4679,10326,9580,12476,7833,12680,8590,7138,13214,275,9880,11843,1180"
18788,"5999,2140,6751,4413,10326,2218,8421,9799,2789,3055,5485,7723,6220,3950,11751,4117,4798,6971,10039,5199,5303,6326,8562,1598,9072,2380,13296,4602,9473,12857"
18789,"5545,6220,2218,13310,7707,13296,13110,9729,7792,1598,7383,7558,9942,2380,9341,9600,9511,7986,11969,5386,2327,3870,2140,5485,11010,4414,4430,5819,12058,7619"
18798,"6220,2140,5545,8562,13296,6971,8421,4798,4277,12990,2218,5303,10326,3870,3950,7707,8590,5495,9942,1978,10835,4414,6433,2343,13110,6638,11843,5485,11384,1478"
18800,"2343,4576,6834,9693,2218,11024,2989,6795,10607,89,8714,2537,9730,4036,6220,6971,11969,544,5545,7020,1290,8607,10137,1779,11298,7802,3509,2903,9942,13431"
18805,"2343,3950,2218,4602,5532,6220,5199,9455,4117,3340,8279,8235,1978,8018,652,8562,3992,10326,10835,9942,2789,11000,220,5999,13112,810,1598,6326,10661,1017"
18806,"9962,789,9866,10607,10644,6625,7817,6960,13027,83,10336,1554,11298,6811,7120,3737,296,10648,3323,11775,3886,4973,8935,12455,1851,11020,1241,4613,5142,3697"
18812,"4256,13112,6402,8540,5822,8028,8188,8092,9375,4100,5155,9817,1377,12257,3464,10107,10352,8830,13111,6952,6011,4858,7797,449,6815,9964,3444,7862,1516,4569"
18818,"10974,6150,1101,5760,5249,13383,10732,10441,8911,4465,13111,10739,5105,5027,4935,2975,10707,6060,3652,7721,989,6640,4609,4641,1810,4644,9482,2263,6425,4713"
18830,"2140,2218,8421,5303,10326,2380,4798,5485,6515,9580,11843,6971,12990,13296,851,4277,2905,6220,5025,9072,10608,8562,2158,3870,10916,13249,7558,6326,8161,811"
18835,"1290,7120,5135,6971,789,10607,6220,4576,544,9962,4277,10663,296,4929,2916,8590,4664,6610,10137,3697,13309,2343,13296,11969,12497,2140,9295,5303,10389,10581"
18839,"7723,5495,9799,1478,6971,5532,3909,10835,4266,12944,4388,4413,2218,5199,3888,5999,3870,8608,1747,12470,13296,6220,2343,11751,5866,5303,10608,5673,7707,2140"
18851,"2218,7802,3428,5545,9942,3509,8188,7707,7792,9072,6220,13296,8607,89,7558,3870,2990,1316,7840,2903,5495,13350,3520,8454,4608,5485,12470,13306,9800,9203"
18854,"6971,5303,8922,2140,7578,5999,5532,1290,2343,8235,8421,2789,12875,8590,3055,11282,9799,10326,851,4798,4117,9580,3909,8205,12680,9744,976,6638,2199,3950"
18864,"4277,9234,7197,761,1978,717,9340,11572,8421,4453,11455,11000,3430,11001,8819,2897,1210,220,10916,7835,4974,4679,4492,851,9341,810,7867,5166,2631,13112"
18865,"9753,10515,12265,3857,12944,9983,9564,1863,11080,1702,3560,3467,9083,5149,747,13098,7064,7542,11126,6523,6018,12183,4012,6040,5402,9748,7444,1438,11615,2058"
18874,"5135,1290,4576,1851,10607,11298,4664,9732,83,12869,3539,7120,9295,9960,11775,10674,10389,789,2989,13370,8475,10581,1891,11020,8714,9962,6812,6610,11024,3697"
18875,"2343,4117,1290,5532,4277,9693,5999,6834,11969,9072,5199,6971,5866,544,9938,1978,10326,7120,4576,8421,10835,12858,2571,1210,6795,1017,8608,8279,8590,6220"
18879,"4216,4163,1851,13431,83,2957,2709,3464,1558,420,2769,9732,2849,7047,10687,8629,8589,12615,10194,10102,10206,11020,7679,12096,7669,778,13111,10732,5934,10919"
18882,"10674,1290,4664,7120,2343,1558,5866,544,5532,6220,4576,4216,83,8590,11969,1851,10607,2957,89,296,4117,8922,9732,6971,10102,4163,9942,10326,3570,10835"
18895,"8235,2218,6220,8018,4602,3950,2990,2140,5303,8922,5524,3992,220,3055,13296,6971,11403,2380,11784,2789,7983,8590,5545,2903,5875,3509,4413,9942,9733,2220"
18903,"4277,992,9072,6220,5303,13296,1978,8421,1017,1210,8590,9938,6971,2140,12990,1290,717,1328,10326,3428,275,12404,5545,11455,560,5485,11969,12857,2411,5025"
18913,"4277,10916,4679,2140,10326,8421,851,331,7197,9234,1776,4974,6971,7063,4865,811,9340,6517,5303,9580,8562,2158,4798,717,2169,2218,761,13123,11843,12359"
18934,"5135,789,9962,1290,13309,3737,10336,7120,10147,6811,7817,296,3886,10663,10963,6625,10644,13027,2916,5008,9837,10607,4929,3697,12497,4613,3539,6243,13101,9405"
18935,"4256,2285,6659,3314,8830,8188,6402,12859,13112,5155,9519,12470,3428,3844,1521,1323,9365,9375,6644,2281,2135,1516,8454,1101,9942,13110,10221,8540,8092,3013"
18981,"8235,7024,4602,5875,7539,13191,1326,5199,3340,4006,4117,5532,4413,931,13367,12550,8333,5999,3055,4266,11403,10778,454,2343,3909,2789,4053,12944,5339,2943"
18985,"2285,12470,8188,5495,8607,2135,12859,13112,3013,4256,7227,6000,9336,11969,4826,9519,6839,9800,1323,6924,9763,6644,3314,2290,3520,4817,3428,7725,13110,7689"
18987,"5135,7120,9962,6811,13309,11117,1977,9671,5142,9405,3539,11088,1750,10000,12497,11846,13101,2784,11992,4387,11143,8302,5573,9866,8475,6243,8859,4777,11299,9284"
18990,"6971,10326,5303,2343,6220,3950,5999,8421,2218,8590,4277,8562,4798,5532,4117,9072,8235,3055,1978,2789,9938,5199,13296,9580,6638,6326,5866,10835,1017,12793"
18996,"12470,13112,9072,5495,1978,8188,13306,3428,6659,5545,1323,3545,2218,5532,2343,7707,1017,9341,7802,1478,13253,8671,1210,9203,13110,10288,1684,13274,5866,7840"
19010,"4277,8421,10326,2140,331,12990,851,9580,6971,9340,2218,5303,10916,4798,9072,7197,811,4974,6220,4679,11843,1776,13296,12404,1210,11282,837,544,8590,12779"
19016,"10607,10389,11298,2989,4576,13370,4664,11024,6610,83,5135,1851,12869,8714,9730,11775,9732,10137,9960,4024,3539,12903,8910,12096,13431,3238,789,11020,3570,11969"
19018,"8590,1290,10326,2140,1978,1912,8421,1017,9072,7120,350,544,851,992,8922,9938,5303,12875,12758,5025,10792,9340,6971,9328,8161,6751,4929,12990,2916,12857"
19029,"2140,8421,10916,851,10326,4798,811,1996,2169,11843,9309,2218,10594,4974,8161,2380,6517,7833,4277,4679,331,10340,12404,6433,10608,9580,12990,10138,5485,7197"
19060,"13112,1109,12054,2676,12429,1516,3034,5137,7797,7332,2897,8092,12838,3416,6659,3811,11965,2936,7227,7881,3938,4256,64,9179,6640,4644,8185,3428,9296,7689"
19069,"1290,789,7120,5135,9962,3697,13309,11117,10663,4929,10336,2784,6243,12497,1977,8302,12030,13101,296,1244,9866,11992,10607,9405,1400,9295,11088,8567,6971,4111"
19084,"4277,8421,9072,12990,10326,2140,1017,1978,9341,10916,331,4798,7197,811,6433,11000,9340,4974,11384,851,717,4679,2218,5025,5303,12404,275,11969,8562,992"
19086,"3487,8607,8714,4576,1863,13431,9336,4545,9883,8188,11402,11024,6018,10206,3222,2989,779,579,2327,7679,7725,9732,290,11103,11298,10429,11532,2343,11918,10674"
19105,"1290,7120,10674,4929,296,789,9962,12497,10663,2916,1244,3697,13309,10336,5135,6243,1977,13101,10607,5573,9185,8590,6811,12030,4664,3570,12373,4777,8567,7679"
19110,"5135,6811,1290,789,9962,83,1851,7120,13309,3697,3539,10607,10336,11298,11020,296,4163,6960,2957,9295,9866,11775,4929,8475,9960,10674,10663,1977,12497,10644"
19135,"5155,350,8092,11590,1328,6659,4256,10658,8540,4097,10431,1377,6402,6306,10107,11001,2770,10352,1978,2897,652,716,992,5776,33,840,13306,12191,3416,6383"
19144,"6220,7707,9942,2218,5485,8562,3428,13296,5545,544,5303,9072,12606,2140,4414,275,10835,13110,9938,6971,992,4277,7558,1978,89,5199,12665,2343,10326,810"
19154,"1323,9341,811,11010,6220,5545,9942,1210,8562,11969,9455,13110,1017,10326,5495,2140,2218,12793,7899,1978,3950,8421,3992,3340,4277,7558,5485,13375,6433,11000"
19168,"7835,1017,11000,717,992,9072,5025,1978,7197,9340,8421,2007,9178,4277,9938,10326,4453,811,12857,4974,5485,2580,9341,4679,12990,7558,10039,2218,810,11320"
19173,"1290,5573,7120,4387,4929,10663,12497,4083,2916,6971,12474,6243,8922,8567,13101,12030,8235,1132,8590,296,5303,8302,3697,2140,4777,12559,5999,5810,2343,9646"
19187,"6220,6971,13296,1290,8590,5303,2218,8235,7707,8922,2140,5545,89,9799,7120,7706,12665,8562,4413,560,4430,12606,7983,2990,1156,1863,10429,3870,7383,544"
19216,"10732,10974,4465,6150,5901,2263,1219,10739,1636,6640,2299,9482,6487,7496,7982,7517,7332,10707,2026,4029,4935,11546,3887,3652,13383,9592,2975,215,1101,989"
19227,"220,3950,3428,6220,9942,13110,3992,8018,1978,3799,2789,5999,2580,393,5545,2305,64,4117,9455,10835,8413,11384,1017,3055,796,4798,2218,8333,4946,2990"
19231,"13346,4277,8421,1478,717,3491,1210,4798,11000,1978,2218,6517,12857,12779,3950,8161,6515,6373,607,9968,1724,10916,4229,9340,8483,2140,5610,9072,6326,2380"
19234,"3487,11024,4576,2989,5545,10429,11298,6220,9942,2327,1779,779,11103,10607,9730,1863,290,4545,11969,8607,6610,7707,13296,10389,12995,4036,13110,4024,10137,1972"
19255,"6220,2218,89,9942,6971,2343,5485,13296,4413,7792,3055,10326,2789,4117,4602,10835,11969,5199,1598,8562,5999,2140,7723,5303,652,5545,7707,9455,1290,9072"
19258,"3950,6971,4798,220,2140,5303,6220,2789,8421,10326,8562,3055,5999,4413,8922,8590,8235,12990,11622,12026,10916,10340,3340,11751,6326,9799,9580,5610,2199,7723"
19266,"9179,5304,7236,3509,13221,7227,12252,10299,9780,2218,12470,7633,3520,8015,1194,8188,8607,5325,12986,8028,579,9983,7917,12791,13437,6924,5766,12550,1254,9707"
19296,"5999,4623,5532,3106,9105,4053,4117,6971,3577,4321,4332,11357,1996,2571,8413,4213,10913,8505,8922,3532,11726,9098,3340,6899,11406,8746,13367,2140,9454,11784"
19297,"6640,6150,12054,2936,8257,5251,7332,4465,1516,13112,2935,7689,10732,12838,4029,10707,13130,3563,2770,13383,5027,12000,8092,8540,3652,9916,9726,3887,5901,8270"
19308,"5495,3870,8562,3950,12470,9942,12606,6220,11751,1323,4414,7899,8279,1978,9365,3428,782,5177,9455,13110,7558,1598,11326,2497,5545,8454,12793,9729,3055,2218"
19323,"5027,4029,10352,2770,6952,8540,13111,10107,632,11658,381,6815,6060,6640,4832,6393,9726,9453,5105,5940,6659,4569,8723,10050,3359,10754,5494,1848,6402,7878"
19346,"6220,2218,4277,13296,5545,8421,6971,9072,5303,10326,11969,1210,544,12990,2343,12404,4798,9341,1978,8590,8562,6433,9942,7707,9455,3870,5485,9340,811,7558"
19347,"7120,4929,10663,6243,12497,8567,296,4387,2916,6971,5573,789,12474,4777,3697,1400,8922,12030,1244,6962,13101,5303,13309,8590,4083,9962,5135,4499,10607,1132"
19360,"1290,7120,10663,4929,2916,10607,296,4576,6243,3697,5573,4036,4387,8567,89,12497,1244,8302,8922,6971,1779,13101,5135,9295,6220,8554,11024,1977,8590,10648"
19364,"4216,10102,420,4163,1851,2957,1558,2709,13431,10674,8629,10194,9732,12615,83,10687,12096,4688,11967,3464,3222,4758,5934,7669,8033,4940,778,1542,4218,10206"
19378,"8421,6220,3950,6971,1290,4798,4277,3055,2218,2343,13296,2140,10326,10835,220,11969,5303,9455,8590,5199,9072,5545,5999,8562,89,6433,4117,9942,796,5532"
19379,"6971,2218,1290,13296,5303,6220,8421,6433,2140,9072,7120,8590,5545,4798,10326,4277,2380,7063,89,11384,11969,8562,2990,3055,544,12404,2343,8922,3950,1978"
19380,"8421,4974,4277,9341,4679,9340,717,851,992,2631,7197,9178,761,9328,9072,1180,7833,2861,4453,1776,9234,6023,11001,11000,6128,1017,350,345,8161,217"
19381,"8421,4277,9580,2140,331,5303,10326,851,6515,6971,12779,1180,4798,9072,12990,11282,12857,9340,3766,6517,8161,11843,4974,12385,992,10608,717,7197,953,811"
19384,"10326,2218,8421,6971,9072,9799,5485,6220,8562,5025,5303,13296,10608,811,8590,3766,12990,11540,851,10039,4798,1017,6751,4277,5532,3055,7558,6326,11000,5999"
19385,"2218,6220,13296,7707,5545,13310,3428,5386,3870,7558,1598,4414,5485,9942,7792,13110,4413,8188,2380,12606,9072,5303,8562,8607,7840,1165,6742,2140,9203,7706"
19388,"11298,9732,9730,5135,13431,9960,10607,11024,2989,83,12869,12096,12995,1851,3570,5467,12903,8714,4576,8910,6610,4545,10648,420,8475,10102,7864,3222,11775,789"
19406,"2140,5303,2380,4277,8421,6971,10916,4798,2218,12857,5025,10326,275,8161,7138,9580,2264,7063,9072,331,4679,12026,13296,11394,851,9340,12404,13346,12385,9409"
19408,"5999,4053,11357,785,2571,5199,10835,5532,13218,4266,2822,11712,4459,13058,2789,10778,3055,1408,3909,2343,9504,8608,2903,4199,2771,4388,4006,6971,8505,6026"
19415,"2218,8590,1290,6220,13296,5545,2343,544,6971,7707,5532,9799,12606,5866,9072,7983,2140,9942,3870,7120,8922,5303,10835,7723,8607,11969,2327,8235,5495,89"
19417,"2218,6220,5545,13296,3870,3950,2140,8235,5303,8562,2990,5819,8018,1978,11384,7707,6971,220,3428,13346,7063,9942,3509,2380,3992,6433,9733,9072,4798,89"
19434,"11969,2343,4576,4277,1891,544,9341,2989,6220,2218,4028,12990,8607,9264,7063,1210,11000,5545,6971,5532,9455,13296,9340,4388,9693,10568,7867,8714,1017,8421"
19441,"8421,10326,4277,2140,6220,851,2218,2789,4798,12990,6751,1598,5485,5303,9072,11843,4974,13296,9580,6326,811,7197,4413,11540,9729,2580,220,652,2380,8483"
19461,"1851,83,9732,1290,10607,2957,10674,4163,4576,4664,11298,12869,9960,11020,13431,12903,7120,10389,1558,4216,11024,3570,5135,12995,10137,6610,9295,12096,7679,8650"
19474,"931,5199,8235,6220,10835,4413,5999,2789,4117,5303,10778,2238,6971,11784,2218,3950,13296,3992,2380,12026,8562,5422,2567,11540,9799,11751,4199,220,6326,9470"
19477,"4216,4029,4163,10107,2770,6640,9726,83,8270,10687,12621,2957,13130,1558,1851,2709,13111,3563,11938,13431,8540,5027,10220,4569,3811,7332,10658,3464,9732,3938"
19484,"13431,9732,10206,3464,2989,1851,11298,3570,83,3222,12096,11024,7279,4576,7679,12869,9730,10389,7864,12903,8714,10607,8910,12995,10102,11918,10674,4022,290,11775"
19502,"2218,9938,1017,2343,8018,9072,7063,6971,11000,10326,5532,5999,9340,5303,220,811,9105,8562,9063,810,11384,11969,6834,4679,4853,2140,7802,10661,4277,7835"
19503,"2218,6220,6971,2140,9799,7723,10326,4413,5303,8562,13296,5485,8590,3870,5999,10835,10608,3055,1598,2380,7948,8421,12026,275,7707,12990,4798,8922,9942,2343"
19512,"2218,6220,4277,3428,10326,9942,1017,9341,2140,1210,5485,5545,11969,9072,1978,13296,13110,6751,6433,5025,10039,7723,9455,9938,8421,63,12990,811,6971,11000"
19515,"6220,2218,7707,5545,9942,4413,10429,12606,13296,89,7792,3870,1863,11615,8235,1598,7723,7706,4602,1983,2327,9799,779,4946,7024,3487,4414,5976,8562,9729"
19518,"2218,7383,5819,5545,7063,13296,13310,8452,10506,8071,9178,9072,6433,7558,3428,3870,6220,9341,7986,11000,1165,5386,12404,10122,8022,11010,5731,2380,7802,13294"
19530,"12470,5495,3799,9942,8607,12152,8608,9983,7723,9908,6795,12156,11103,2343,9336,8188,10835,5199,6123,3870,11504,861,2537,4388,2989,1007,646,1037,6114,796"
19559,"11298,10389,10607,4576,11024,6610,2989,1290,10137,5135,12903,4024,1779,4664,7679,9732,10648,13431,12373,8714,7120,12995,9730,4028,1851,13370,12869,10581,3570,12096"
19576,"3950,4602,3870,8562,8235,10835,6220,3340,11622,5199,9455,8413,1598,8279,3992,7024,8018,3799,5495,796,8333,2038,9449,3055,9942,12606,2218,5545,2343,5610"
19586,"12470,11969,1978,9072,5532,2343,9942,544,5495,13112,5866,1017,1323,9938,8188,4117,2218,5545,5199,13306,6433,8279,9341,7707,2903,1684,8590,5485,6220,714"
19594,"6971,2343,2218,6220,1290,5532,3055,10835,8562,8922,13296,5303,8590,8235,2140,4576,89,12026,7723,7063,5199,1746,5999,6834,3870,9693,6529,544,3909,7120"
19605,"5545,6220,7707,3487,10429,5976,2327,13296,1863,7619,4576,12606,7706,589,12723,544,779,8590,11024,9942,1290,2218,12665,13377,2343,11103,1983,8188,3870,1779"
19618,"6220,11751,9799,4413,11622,2140,8235,7723,3950,8562,1598,10326,3870,2789,2218,4602,6982,9729,3055,10835,6971,5303,13296,2380,8413,4798,5999,7707,11540,8421"
19620,"6971,4947,4101,6395,2140,8703,3515,2199,5303,5549,9799,1957,11396,5124,10473,4798,13114,9668,7487,8472,12104,12026,6515,8520,7723,8421,10340,2990,7637,2380"
19623,"6220,9942,5545,13110,4277,3428,10326,11969,13296,1210,1978,9455,9729,2218,8421,3870,7707,9600,2140,5485,811,3950,4414,12990,1598,7197,4798,8562,11010,9341"
19628,"4117,5999,10835,5199,4053,11357,5532,2343,785,2571,13218,11712,3909,6971,4266,8608,4459,6834,9693,6638,1290,2903,4388,3055,6529,6026,1788,11572,7547,4199"
19631,"1851,10674,83,2957,1558,4163,9732,10607,4216,4576,4664,9960,7120,11020,10389,3570,7679,6610,12903,1244,5135,11298,10137,6960,296,11024,13431,1779,3427,3539"
19642,"13112,12470,3428,9942,13306,2343,8188,13110,11969,5545,3799,1978,8279,6220,5495,1323,5199,9693,9800,64,12085,6795,2903,652,9455,6659,4256,10835,1383,10063"
19644,"2140,7063,9306,6971,2291,8590,8421,5303,4798,12990,13214,8452,6433,5819,10326,13296,2218,10697,7383,9771,10138,11609,8402,11282,12871,331,10462,2149,4877,5946"
19648,"3487,9942,2327,5545,10429,7707,779,8607,8188,6220,11103,7725,2218,7792,13110,11969,11402,11024,1863,12606,7706,8028,12775,13296,3222,544,9336,7679,5976,9882"
19665,"992,12404,544,9072,3428,811,1210,9942,9938,11969,4277,9178,1017,1978,13306,810,9340,5485,6220,7835,7802,275,10326,2897,652,7707,2218,2411,11455,7197"
19683,"1290,10607,10674,4664,4576,10389,6610,11024,83,11298,3570,296,10137,12903,1851,7679,9732,4929,5135,1244,4036,10663,544,10648,9960,13370,11969,13431,12869,9295"
19684,"4277,8421,10326,2140,9340,2218,12990,331,9072,811,5303,851,4798,11843,4974,7197,6220,10916,11000,6971,11384,12404,1017,6433,9580,1776,5025,4679,1978,13296"
19693,"811,2218,12404,9178,4679,9341,992,7558,7197,5485,9072,7802,1017,717,1323,11000,2285,9340,2861,10326,2411,7835,544,11969,12156,275,8421,9455,3781,4974"
19696,"6971,2218,9072,10326,6220,2140,6433,11969,13296,4277,8421,544,12990,5303,8590,1017,9799,5485,1290,6418,1210,5545,2343,331,4798,10039,11010,7558,851,12404"
19707,"9072,4277,717,9341,992,5303,1017,8421,9340,6220,12404,11000,13310,1210,3428,6971,9178,4679,4453,9938,13296,12857,7835,11455,1826,12779,4798,1978,5545,6517"
19715,"4117,5999,4053,785,11357,2571,13218,11712,5199,2789,10835,2822,13058,8608,4266,7547,4459,6834,1408,5532,3055,10778,6795,2343,4199,8221,9504,8505,6638,13112"
19716,"1290,10607,11024,4664,11298,1779,4576,7120,6610,10389,11775,10674,10648,12903,3570,13370,544,7679,2989,11969,4036,9732,8475,10137,3539,12869,9730,13309,12373,12096"
19729,"2218,6220,6971,2140,13296,5303,5485,7723,9942,2380,10326,9072,4413,12026,5999,5199,1290,3870,4277,275,3055,8421,2990,4798,8562,12404,89,544,10835,7707"
19734,"2218,10326,6433,8421,2140,4277,9072,9340,1017,811,3950,9938,11000,4679,9341,6220,11969,1978,5545,11843,4798,5303,11010,4974,1210,12990,9580,350,992,6971"
19758,"6971,5999,8922,2218,5303,3055,6220,12026,8235,10835,2140,2789,8562,4117,7723,5199,9799,4413,2343,5532,8413,12680,8590,6418,10326,8018,13296,11784,220,4798"
19764,"10326,6751,5485,9473,8421,5025,8590,6971,8562,851,12990,12156,5303,12857,3766,4798,4277,9799,5999,811,275,6220,3055,1978,1634,12793,9072,10916,6638,11751"
19773,"10102,11298,9732,13431,420,10607,83,3222,1851,11024,10674,2989,8910,12096,12869,8714,9295,6610,12995,7864,3570,4576,10581,9730,10389,7679,9960,12903,10648,8475"
19778,"2218,9072,6220,5545,544,13296,1978,2343,5532,9942,7707,11969,5866,5485,2140,8590,10326,1017,5495,8562,7558,6971,8188,3428,6433,3870,12606,5303,5025,7983"
19780,"6220,5545,2218,3428,13296,9942,8235,3870,5524,11969,12606,9600,10537,7024,89,2343,8018,13110,4602,8293,3992,1978,7707,64,1165,8562,12067,3509,9455,11800"
19784,"1978,4277,1017,9072,11969,9938,992,3428,11001,9341,544,11590,350,1210,9942,811,5155,10658,10326,7197,652,8421,12085,9340,13110,13306,1328,6751,717,7835"
19786,"6220,9942,2140,2218,3428,8562,13296,9455,3870,811,4277,5485,5545,4414,1598,12990,275,8421,13110,7707,13249,5386,220,7558,3950,4798,9729,11969,5303,1978"
19793,"8421,10326,851,2140,4277,11843,6326,4798,12990,2218,9072,9580,5303,4974,11282,1180,1978,331,3950,5025,11000,3766,1210,4229,6433,811,6220,976,1776,3870"
19798,"1978,11969,9072,1323,4277,5545,1210,6220,8562,9942,544,5495,3870,3428,10326,2140,13296,5866,217,2411,5025,9455,8421,2218,1684,5532,1017,12470,2343,5485"
19808,"7723,9799,2789,6220,6971,1478,8707,11751,3950,454,5999,11540,5303,8235,2218,3888,3055,2140,2199,8413,2380,2567,11622,4798,8922,11784,10082,10835,12026,9729"
19812,"10607,4576,11024,1290,5135,9730,11775,7120,9732,10648,1779,4036,8475,4664,12869,8714,2989,11969,7679,12995,544,3570,8910,9962,4545,10674,3539,10137,9295,290"
19821,"4698,9937,8981,7707,7706,6220,6971,6892,6166,7064,5303,8235,2140,3088,7723,8703,5976,4413,8562,9306,7063,9668,10429,7637,2990,12606,5545,7715,8590,1487"
19830,"4576,1851,10607,9732,83,10389,10674,1290,13431,4664,10137,11298,11918,2989,11024,6610,7679,12903,4028,3570,1779,8714,4024,11969,11532,12995,9295,11775,544,12869"
19843,"8590,2140,10326,3950,2789,6220,1290,9799,13296,8421,2218,8922,7120,8205,1598,6971,10124,4413,89,5303,8235,4430,9072,9449,11843,5545,7024,7707,2990,6962"
19867,"5545,6220,13296,8590,1290,7707,12606,2218,9942,2343,11969,8607,1978,12665,4576,9072,1863,2327,6971,3870,3487,5866,2140,13110,5495,10389,7120,10429,5303,8562"
19889,"2218,6220,9072,2343,4277,11969,6971,8421,9341,13296,4117,5199,5545,9693,5999,1210,10326,9942,3055,9455,6433,1978,4798,1017,5532,10835,544,3950,1290,5485"
19893,"3487,1863,7707,10429,2327,11103,779,7706,9942,7725,5976,5545,12606,6220,2218,7792,8188,4250,7491,5149,12265,11615,9336,13296,11402,1983,9564,3467,5927,9570"
19898,"5135,1290,4576,10607,10389,7120,3539,11298,6610,789,11024,8714,4664,9962,10648,10137,296,4036,13370,3697,11775,10663,4929,1779,10581,12497,2916,8254,12869,9295"
19902,"6060,8540,6952,5027,13111,10352,6640,5105,2770,4029,6402,6011,9375,381,10107,5760,10050,11658,9817,9165,1101,6659,13383,4569,8723,10441,10974,3960,4256,3844"
19905,"8421,4277,4229,1328,10326,350,2140,4798,1210,9729,1978,12990,11751,8483,851,6220,2380,3950,11843,220,11010,10916,9341,6326,2789,8819,11590,1017,4679,5545"
19910,"8421,4277,10326,2140,4798,5303,12990,11843,9580,331,851,10916,7197,1978,3950,11384,9340,811,9072,12857,8590,1912,6971,8562,6220,1180,6326,4974,13296,350"
19929,"6220,4277,1017,1978,4798,3428,9942,8421,13296,10326,12990,11969,6971,10835,1210,5199,2140,5999,4117,9072,10916,13110,8590,2218,544,9938,12665,220,5485,3055"
19932,"4576,10607,11298,8714,6610,10389,10137,1779,1290,9732,5135,12995,7120,4664,9730,12903,7679,3539,10674,3222,544,11969,13431,2989,8910,579,10648,8607,13182,12869"
19952,"6971,2218,5303,2140,13296,6220,8590,5545,10326,9072,8562,8421,544,7707,1290,7063,3870,12990,9799,560,4798,8922,7558,4277,2343,275,8235,2380,6433,3055"
19956,"2218,6220,1598,9942,10326,7723,4413,2789,6418,11000,6971,2140,220,5485,7558,11751,5545,3950,11969,1017,3870,9455,6433,13296,63,13310,3055,8562,5502,4183"
19987,"9341,8421,6971,4679,2140,4798,2218,1017,10326,11000,5303,7063,4277,6433,12990,811,6418,851,12404,717,9072,11010,10916,992,3055,6220,331,11282,12857,12793"
20008,"4277,8421,2140,851,331,6220,12990,5303,2218,3766,5025,1776,9072,6971,5485,13296,2380,1210,11843,4974,9580,717,9341,4798,9799,4679,10916,10039,811,8590"
20018,"3870,6220,2218,8562,3950,9729,2140,220,4414,5545,9942,4413,1598,8413,13296,3428,3992,5610,4602,8235,7707,13110,11326,2380,9365,13346,12606,5386,8018,13310"
20019,"8590,2140,10326,6220,7120,2218,1290,13296,8922,2789,3950,9799,89,1598,6971,8421,8205,4413,9072,5303,10124,8235,9942,2990,9449,4430,7024,10663,11843,12990"
20020,"1290,7120,4929,10663,12497,4083,1132,12030,13101,6243,8567,3697,2916,5675,296,4777,10147,1977,10322,1400,6811,2885,5135,789,8478,13309,11117,9962,6846,9284"
20023,"13112,12470,3428,11751,7867,2285,4117,5495,1383,3340,1210,9226,13110,6924,9455,5199,7723,2771,3950,2305,9341,9365,3870,3799,7899,8279,5160,1323,1978,11000"
20031,"6220,2218,13296,5303,6971,5545,2140,7707,8590,12665,9072,8562,5485,11384,1290,4798,1978,544,9942,7983,2380,8421,13110,1017,2238,9799,3428,1220,3870,12606"
20039,"6220,7707,9942,5545,13296,3428,4602,13110,4413,8562,2218,8235,7792,1598,9729,2140,3950,4946,89,4414,3992,8188,3870,12665,10835,7723,5485,7983,9600,1978"
20040,"2218,6220,7063,13310,13296,220,8018,5545,4679,5303,2140,3870,3428,9942,8562,6971,2380,2990,12404,89,1165,1598,5731,7383,7558,11969,10326,5819,9072,9733"
20041,"6220,5545,9942,7707,13296,3487,13110,12606,10429,3870,1863,2218,2327,544,779,8590,11969,7383,8607,7706,11103,4576,12665,4414,5386,13310,8562,275,7491,8188"
20045,"2789,2218,3950,6220,5303,2140,8421,8235,6326,6971,4798,1978,220,4277,2380,11000,3340,10326,8562,1017,3055,5999,4602,5545,13346,2343,9072,8413,11784,6418"
20056,"2218,6220,1290,544,13296,11969,9942,9072,6971,89,2140,5485,10326,2343,8590,7120,5303,5545,4576,8607,7707,4664,1220,10674,4277,7792,7558,12606,9938,8562"
20069,"3275,2285,13112,7881,7227,2135,566,11899,1516,3013,12859,1383,8373,1004,13306,11001,2290,9519,12429,9800,3428,1109,8830,2791,11806,8779,4653,5805,12835,1329"
20074,"6220,4413,1478,5545,7707,2218,9799,13296,9729,13110,10835,3950,12665,3428,6971,9942,2140,1978,3870,11751,5303,8590,8562,2343,5199,10326,3888,1598,4798,8235"
20083,"6220,5545,9942,13110,3428,2218,7707,1017,13296,9600,9341,544,13306,1978,8188,13310,9072,992,4277,5485,1210,12665,7558,8071,10326,5386,1598,7383,1165,9938"
20085,"1290,7120,5135,10607,4576,4929,10663,11298,4036,789,3697,296,6610,2916,1779,9962,13309,4664,11024,3539,10648,10389,9295,6971,11775,12497,10137,13370,8167,12903"
20086,"6971,8235,8922,1290,2218,89,2343,6220,2238,3055,5303,8302,13296,12026,2789,7063,2990,5524,7120,7024,5999,4430,4387,9072,8018,6418,12757,10835,9454,2140"
20089,"6220,6971,2218,2343,13296,5303,89,8562,2380,3055,5199,2140,5545,8235,10835,9693,5999,1220,4679,4413,12680,6638,10326,10778,4865,220,12858,5485,2990,1290"
20101,"8235,2343,2218,6220,931,5199,2789,10835,3055,3340,12026,2380,13296,4602,5303,3992,9693,2238,5545,89,454,9799,8413,7723,5524,7024,4413,3950,2990,8922"
20104,"8590,7120,2789,1290,3950,8922,2140,6220,10326,89,7024,13296,10663,10124,2218,1598,9799,8421,9449,8205,4929,2990,8235,4430,4413,5303,6971,6962,9942,11843"
20112,"9341,2285,1323,9903,13110,1017,2290,11001,11969,1210,769,2135,12859,4256,6023,4839,1383,3428,3314,5545,11010,12249,811,5155,13112,12470,217,791,9226,1978"
20115,"2140,2380,4798,5485,3870,8562,8421,3950,11540,2218,6326,9799,13296,6220,4413,7707,2199,6166,4414,1478,1996,13346,9729,6971,12793,10340,10326,4315,11843,5495"
20133,"5135,789,13309,9866,3737,3886,10607,3539,6811,10644,7817,7856,1554,10963,11775,4036,10336,10147,11298,5008,6625,1290,4576,9837,7120,12762,8475,13027,5075,11024"
20136,"2343,11969,4277,6220,5532,1978,1210,544,1017,9693,5866,9341,10326,9938,8562,5199,9455,10835,9072,6971,8279,5545,2218,8590,6638,8421,6834,13296,4865,4576"
20138,"1290,789,5135,7120,9962,13309,296,6811,2916,10336,1851,10607,11117,3697,10674,4929,11775,10663,9866,13101,12497,8475,544,4163,2957,10147,5142,11298,9671,1977"
20162,"5999,8421,10916,4798,4117,2140,11000,12857,851,811,11572,3055,4277,7197,1996,6326,11282,10039,5199,10326,12793,8562,1408,3950,9455,9580,3766,717,220,5964"
20176,"6971,2140,2218,4277,2380,6220,4798,8421,13296,12680,12026,8562,9799,5485,6515,10916,5999,275,9072,12857,560,8590,9580,12990,10326,3055,9668,4865,11384,1220"
20200,"2218,2140,5545,6220,13296,3870,7063,7383,5303,8562,10326,7558,5819,12990,9178,4277,5731,7707,12404,9072,4679,350,5386,13310,9306,275,1978,5025,8590,544"
20222,"6971,2343,6220,4798,6433,5545,8590,3950,10835,7723,796,1978,1290,1746,3055,2218,13296,275,6141,5303,4277,12665,3909,220,5199,5999,6529,11384,1426,8421"
20251,"5999,4798,6971,6515,8421,5303,12875,2199,9580,1788,2789,1408,9504,11282,6326,3950,11572,13346,1912,4101,1100,4117,3055,8161,851,12857,976,8575,2140,7010"
20256,"12470,13112,1323,1978,652,13253,6751,6659,3416,8188,3428,9800,5109,1684,9942,9072,1383,13306,11540,11001,50,10658,5485,1210,3871,4602,4118,11969,217,782"
20264,"4277,6220,9072,1290,6971,5303,8590,2343,13296,8421,2218,10326,9938,2140,11969,992,1978,4664,1017,789,12858,5485,1210,5545,9693,7120,5866,12990,12665,2411"
20280,"4277,8421,4798,1978,10916,12990,11384,2140,10326,6433,7197,9340,220,811,331,275,851,9072,1776,5303,11843,1017,11969,4974,1912,6971,8590,12404,9341,6220"
20286,"4576,1290,9295,8607,3487,2327,7120,10607,1779,2343,11298,1863,11402,9732,2989,11532,11024,3222,6283,6018,10137,10429,9083,12903,10389,11969,7679,11918,8590,10581"
20323,"1290,7120,4929,5573,10663,12497,3697,6243,2916,13101,12474,4083,1132,8567,296,5135,1977,12030,4777,11117,13309,789,9295,5675,6971,2885,6811,9962,9284,8302"
20324,"10674,544,6220,8590,5485,7707,2140,9942,9072,992,1290,11969,1558,1165,13296,6659,9938,2218,4664,1328,1017,10326,12606,6742,7679,5545,3428,5025,1978,5386"
20336,"1290,544,4576,7120,6971,10607,9693,6220,8590,1244,5866,6610,2537,4664,11969,296,6834,10137,13296,10674,9072,10389,8714,8608,1779,2218,4388,4028,5532,12858"
20339,"4007,4256,2497,6646,3799,4609,1521,6150,4637,13110,3992,5745,5209,6402,11622,8830,64,3013,9365,1937,13383,11147,5166,1101,7899,3428,7087,8293,10410,3844"
20344,"6971,331,6589,9799,8421,2140,851,10608,10326,4101,8608,11282,6141,6515,4315,1558,9668,12990,8869,5303,11732,4388,6890,1634,7637,5485,9580,1180,9473,1996"
20356,"3428,4277,5199,1210,1017,11455,11590,13112,9072,11969,13110,4798,8279,10835,9341,6220,5545,9455,1426,9942,5155,3950,992,7900,1290,2897,3799,4117,1328,2903"
20360,"12497,1290,10445,2339,1132,5142,8478,7120,9646,12455,9295,2286,6846,3779,12030,2885,4083,1977,5675,9284,12133,5135,8608,11569,12474,12184,3697,3539,9983,4929"
20362,"2343,9693,5532,5199,10835,4117,6834,8608,2537,4388,6220,5999,6971,3909,1290,5866,4266,4576,2903,5782,8279,2822,2218,6638,89,4605,12727,7964,11262,6529"
20376,"8421,811,2140,1017,9072,5485,10326,992,6751,851,11540,6515,6326,4974,9341,4798,12857,5025,7835,2218,1978,6433,11010,9938,1996,2861,12793,4608,9580,5303"
20381,"6220,2218,5545,7707,13296,10429,7706,6971,12606,2327,9942,89,2140,5303,1863,8562,544,7383,12665,8590,3870,1983,12723,13310,779,1290,7063,3487,11969,7792"
20394,"7120,4929,10663,296,10607,2916,12497,6610,1244,3697,4576,5135,789,6243,10389,4664,13309,9962,10674,10137,1779,3070,10648,8567,11298,8254,8590,10581,11024,6971"
20397,"2218,1978,11969,4277,9341,1017,9072,1210,6220,5545,8421,2343,3428,11010,544,6433,13296,5866,5199,10326,9938,13306,5485,9942,5025,11000,13112,13110,1323,717"
20407,"3950,2218,8413,220,8562,8235,3992,6220,8018,11784,2990,2140,13346,5999,4602,9733,5303,3428,2380,4413,2580,3340,3055,9454,1598,6326,12793,5545,11772,2903"
20413,"5135,789,9962,6811,13309,9866,10336,9671,1290,4163,4613,10644,2957,7817,9837,3886,13027,7120,3697,6625,1977,8653,3539,9405,1554,8012,5008,13101,1851,10963"
20433,"83,5135,10607,1851,3539,11298,1290,11020,6811,10581,6960,9960,9295,4664,4576,10389,13370,6610,789,7120,11775,3697,9962,6812,10648,296,3570,10336,10674,9732"
20448,"8590,2140,3950,10326,6220,2789,9799,13296,8922,1290,8421,4413,2218,1598,8205,6971,8235,5303,7120,4430,89,7707,5545,9449,10124,11540,7024,2990,6962,9072"
20492,"1290,11010,9072,9341,4664,2356,13002,2218,11969,8421,12470,544,2343,4608,5321,13245,6433,1210,10326,7120,13306,9600,5495,6659,3444,12875,5532,12758,12268,10124"
20505,"83,5135,1851,1290,3539,6811,11298,7120,789,296,11020,9962,6960,3697,9960,10336,10648,3570,13309,4929,10389,10674,11775,10663,1556,6610,12903,12212,9866,5142"
20512,"2218,3950,10326,2140,5999,5532,6220,6971,4266,4413,13296,10835,8421,8562,7723,3055,11540,9799,4117,8235,5485,5303,5495,2343,8590,5199,8205,3870,454,89"
20514,"8590,3950,2140,10326,6220,2789,9799,13296,4413,2218,8922,8421,1290,1598,8235,8205,6971,5303,4430,89,7707,7120,5545,9449,7024,10124,11540,2990,9942,6962"
20533,"12096,769,13431,10102,11969,9341,6023,4890,12869,2285,544,2135,10154,11001,420,992,9732,350,8185,4466,2897,9903,8714,10206,2290,2989,2709,10674,3314,3998"
20543,"4277,9341,1210,11010,11969,8421,11001,2290,716,4974,350,9846,717,10326,4664,4679,217,761,3908,9340,6723,9072,544,9455,2394,7197,992,12859,2285,1017"
20546,"7197,4679,11000,10916,8421,9309,220,4277,4492,11384,717,4974,9234,811,7063,2158,9115,9340,2905,2218,12857,9178,2861,10326,2169,2140,2007,851,7835,8806"
20557,"4277,5545,13296,2218,6971,1978,2343,5303,12665,9600,8590,9942,7707,11969,2140,10326,8421,9072,10835,544,3428,1290,13110,3950,8562,1210,12990,1017,4798,560"
20558,"2140,8590,6971,1290,3950,2990,6220,5303,4947,13296,10835,8235,2218,7707,4798,5545,1746,6433,7723,2343,10326,8922,7120,11403,8421,8562,2916,8205,7983,5124"
20561,"6220,3428,8562,3950,3870,2140,2218,9942,13296,4414,5545,9455,220,1978,12606,13110,13346,9733,4798,810,3992,7900,7707,2990,7558,2411,2580,5386,5485,12404"
20566,"8714,1851,83,4576,13431,9732,11298,10607,11024,10102,12869,10674,4664,420,4688,9960,10389,8910,2957,4163,12096,9730,6610,12903,12995,11020,4216,7864,8650,3570"
20573,"4036,11024,10607,8714,4576,3570,10464,1779,3464,7937,2259,5558,10674,3487,9730,3222,7706,10389,2784,9295,2920,10581,4216,83,2343,7679,13431,11298,9883,5142"
20623,"6971,9799,4698,9937,8235,5303,8922,7637,2140,5149,4430,8590,8981,6166,6220,9668,4413,13296,2218,2020,7707,10241,9083,7064,1156,7706,12680,589,8562,1290"
20627,"8421,851,331,10326,4277,10916,2140,11282,12990,1776,6971,9580,4798,8161,7833,5303,1180,11843,837,7197,9880,4974,4679,1996,5999,12857,10138,2169,11000,7063"
20643,"7063,2291,5303,7439,6971,2140,9771,275,4679,647,4877,331,8421,2264,10462,5747,9306,4277,5819,9668,12990,4798,10916,11609,37,789,2218,362,2380,4827"
20645,"5135,789,1290,7120,4664,6610,11298,13309,4576,10607,10389,544,10336,9866,11024,11775,1779,10674,3539,12869,9960,13370,8714,12903,8475,11969,10648,10137,296,9732"
20652,"4277,8421,2140,10326,9072,5303,2218,1978,6220,4798,8590,12990,851,6971,1017,811,13296,9340,12857,9938,4974,544,5485,11384,5025,10916,11843,9580,350,992"
20654,"4277,8421,10326,331,12990,2140,4798,10916,851,1776,6220,11843,9580,9072,4974,5303,811,13296,8590,4679,717,1180,1978,11384,6971,9234,3781,9340,9455,4865"
20667,"2285,8608,12156,10102,7287,8263,8583,5714,9341,7553,420,4688,8318,2571,4388,9794,6834,12085,12076,12859,2343,2218,2791,8607,769,129,3857,11969,8714,5532"
20670,"3950,3992,3428,11772,11784,2218,13112,1978,4602,652,8413,8018,3509,64,3491,3317,6220,11800,3340,5545,3799,1383,802,791,8333,1017,9942,220,6641,3416"
20671,"5999,2140,10326,4117,4798,6971,11622,3950,3055,8590,10835,1478,8562,5532,8421,5199,8922,7723,11751,12990,6220,851,9799,5303,1978,1776,6326,11540,6433,12793"
20676,"2218,6971,6220,9799,5303,2140,4413,2789,10326,2380,8421,7707,13296,7723,5485,9072,4798,9580,5999,3950,5545,6515,11540,4430,1478,6326,560,6418,12990,12857"
20694,"6220,2218,2343,1290,13296,8590,9942,5545,9072,11969,544,89,6971,10326,2140,5303,5532,10835,4576,5866,7707,3055,1978,7120,5199,8562,12665,8922,8235,9938"
20709,"9942,6220,3428,10326,5485,8562,4277,13110,2140,11751,1210,2218,3870,5545,7723,4414,11969,9729,7707,12156,811,275,9455,1478,1978,1017,10835,9072,6751,10039"
20716,"2140,5402,5495,1558,10608,12566,10241,1249,5485,8562,6589,4163,13028,4615,3443,1634,6515,3545,8237,2411,2957,13090,2380,6166,11540,13403,1323,9753,12265,2861"
20739,"6220,9942,5545,3428,2218,13310,13110,220,3870,13296,64,810,1598,8018,11969,12322,8293,11800,9455,9600,89,4277,5731,350,4679,6641,9178,1680,13306,652"
20763,"8608,4388,2343,3909,5532,6971,6834,2537,4117,5999,9693,9132,10835,6529,8354,4266,5199,6026,6795,1290,8274,6638,6964,2822,4605,5866,1100,4053,4576,7578"
20779,"1290,4576,10607,11298,7120,6610,296,5135,10648,10137,10389,3539,1244,11775,4664,11024,4036,789,10674,10581,2989,1779,9295,9962,83,9960,2916,10663,9746,8254"
20781,"6971,9799,4388,1478,2343,2218,5495,5532,3909,6220,8608,5303,8562,4413,10835,7723,6638,5199,7707,10608,1220,13296,5866,8235,5545,7983,1286,13346,5999,3870"
20790,"10147,789,9962,3737,10963,1290,9960,9866,296,6811,5135,10674,13309,10336,83,6960,7856,2957,1851,1554,4613,54,12762,6625,10607,9837,1977,11299,4163,12811"
20792,"8421,2140,4277,4798,10326,2218,10916,331,5303,1996,10608,9580,10138,7197,7833,837,9072,9340,4974,13346,12990,6515,12404,811,1180,2380,12857,6433,6971,10340"
20797,"2380,2140,9799,9937,2218,4430,6220,4413,5303,8562,7707,8235,4698,6166,6971,13296,12680,5485,1598,5545,10241,11751,11784,10326,4602,3870,3088,4414,7715,12579"
20811,"6220,2218,9942,13296,5485,1598,3428,3870,7792,4413,89,5545,4414,11969,13110,9455,4602,7558,3055,7723,4946,7707,8454,5199,9729,220,2789,8562,10326,2140"
20821,"1851,10389,13431,9732,83,10607,4576,12903,11024,11298,3570,11918,10137,1779,12869,4664,7279,10674,9295,11532,7679,12096,10206,6610,11775,13370,1290,12995,4024,8714"
20830,"8421,4277,5303,4798,6220,6971,9580,2218,2140,10326,976,11843,5545,2905,4679,851,12990,3950,9072,11010,6326,9341,6433,9340,331,11282,13296,811,1210,992"
20861,"6220,2343,5199,2218,9942,13296,5999,4117,2903,5545,9693,7723,6971,3950,3428,1978,6638,3055,4277,9072,8279,9455,7707,1210,89,10063,8562,3799,12665,5532"
20878,"3950,9786,2990,3799,220,13381,4053,796,7079,1426,2645,5999,2903,8221,9179,10835,9365,4947,3428,5124,11910,5839,13110,7723,802,3506,8413,2899,10758,3992"
20891,"6220,8235,2343,10835,3950,8922,7723,6971,89,5199,5545,7024,2789,4602,3055,1290,2218,796,3340,5532,2990,8018,12665,4413,13296,5524,8590,931,8562,4117"
20895,"6220,2218,3950,5545,3870,1978,13296,8562,3428,8421,1478,5303,2140,7707,4798,13346,9072,6971,10326,2343,9729,8235,4413,5495,4602,13110,7558,10835,11000,2380"
20901,"8421,4277,7197,10326,717,2343,11282,6326,4679,2218,7867,3950,5532,851,9580,9072,11843,4974,5999,1210,5303,9234,837,1978,4865,9340,4798,9341,12990,331"
20908,"851,9341,10326,331,8421,4277,12990,5714,769,4974,2140,1776,9903,811,11010,6141,1223,6632,12249,3766,11282,2285,1017,4679,350,10102,5485,2394,6023,992"
20928,"1290,10674,1779,544,9732,7120,4576,11024,9295,11969,3570,10607,5135,8475,4664,13431,11298,2957,8714,3487,10102,4036,12903,7679,8607,8342,12869,3539,11775,420"
20945,"11969,3275,5545,9341,6220,13110,1210,2290,12249,769,13310,3428,9903,9600,8607,8188,12859,534,3314,13306,9942,7986,4256,1323,544,2285,4277,1017,7136,3487"
20971,"6971,10326,2140,8421,5303,2218,9072,6433,2343,4277,3055,8590,13296,851,10608,5532,4798,6220,8562,1210,1290,9341,9340,9580,3766,6638,12404,11282,976,12990"
20979,"2218,6971,5303,4277,13296,2140,5545,8421,2380,12990,7707,9799,4798,5485,8562,10326,560,9072,8590,12665,12680,3870,13310,544,4865,275,9341,9942,6638,4414"
20982,"5303,2140,6971,2380,9668,7063,9937,2218,13296,6515,12680,12026,8562,9799,4698,5025,3303,6742,9229,6166,4430,8590,3088,4499,7439,6445,8235,5819,5485,560"
20991,"5999,2140,5303,8562,2218,4798,6220,10326,3950,3055,13296,5532,8421,8590,10835,12990,9072,8922,9799,4117,5199,11282,2343,12026,3870,7723,11000,13346,4277,8413"
20998,"5495,12470,5545,3870,1978,7707,13110,2218,9942,3428,6220,5485,8562,1210,811,8188,2411,714,1684,9072,6641,50,4414,2140,11969,217,1383,13112,3950,7558"
21006,"5999,4117,2343,5532,3950,10835,3055,5199,11572,7578,4053,8235,3340,4199,10778,13346,220,9693,2822,3909,8562,6971,6638,8279,5303,2789,1788,7010,6834,10529"
21018,"6515,2140,8161,5303,10608,8421,6971,2218,4877,10326,851,11282,1996,5025,9580,10138,9072,1634,4798,7833,12857,6899,9771,7063,837,9340,10792,8043,6373,1180"
21028,"2218,2343,9942,8188,5866,9072,7707,652,5545,7792,3509,5532,9203,13306,13112,6220,9570,11969,9454,3428,7983,10674,6659,1165,12470,5485,4602,2327,7227,2903"
21041,"4277,220,7197,11572,9455,1788,8421,10916,4798,12990,4117,10326,3781,1776,331,811,11726,1978,5999,3112,1017,3055,9341,11000,6220,851,6141,11384,11969,717"
21042,"10835,1978,3950,4117,8562,5199,6220,5999,8279,13110,9942,3870,8505,2903,5532,3055,2343,220,3428,4946,4798,3799,9455,5545,12606,2822,9072,13346,2580,6638"
21064,"1290,9962,7120,10663,4929,296,9866,13309,10336,6243,10607,2916,12497,10147,3697,3737,7817,6625,6811,10644,7856,3886,10963,5008,3539,8567,1554,13027,4777,11298"
21075,"2343,9693,6795,12085,12470,5199,13306,6834,3428,2903,8279,7227,2537,4117,11969,9800,3799,1210,4416,1383,4605,3509,9942,652,943,64,2218,2791,8188,6220"
21078,"2218,5303,2380,3950,8421,6326,13346,2140,4798,4602,1978,5545,8235,8562,4277,2789,976,6515,8221,5999,3870,6971,12857,11289,13296,7707,9580,560,5199,4199"
21081,"8590,6220,8562,2140,13296,6971,2218,2343,5303,10326,5532,5545,10835,3870,8922,3055,3950,544,9072,1978,12990,8235,8421,1290,5866,4798,5199,9942,7707,12606"
21084,"6971,1290,6220,544,9072,1017,2218,11969,2343,13296,9341,8590,10326,2140,5485,4277,5303,3055,9938,12990,9942,8421,9693,5545,8922,7120,6433,992,1978,6418"
21089,"10326,350,4277,4679,7197,716,851,8421,4974,717,811,1017,2158,2140,652,11010,1328,9072,992,9341,9455,810,9234,1210,11969,10661,217,10916,12990,9115"
21112,"5545,7707,6220,3487,2327,8188,9942,13110,12606,11969,10429,5495,544,7725,8607,12470,2218,13296,11103,7619,1323,7792,3870,5976,779,8028,12775,3428,7706,2989"
21126,"2789,7723,3950,4413,2218,11751,9729,11622,220,454,6982,6220,5610,2038,12632,4608,5673,8413,11784,8421,3340,10326,1598,6326,3491,11540,9449,1478,13346,12793"
21129,"1290,5135,7120,10607,789,296,1851,83,4576,11020,4664,12497,2916,6960,10663,9962,4929,13309,11298,3697,6812,6610,9438,1244,10389,9960,10674,10137,3539,11775"
21130,"3799,12470,3509,5545,9942,64,8188,11800,13112,3428,7707,5495,2903,13110,8293,3870,6220,1323,9179,2676,9800,1007,8028,4416,7792,2218,10914,12606,2343,861"
21137,"6220,2789,3950,3340,7723,5545,2343,3055,4117,10835,796,2218,3992,5199,220,6971,12793,4798,13110,5999,1478,5495,8421,3799,9455,9341,8221,9693,9942,11751"
21149,"6971,3950,2218,6220,8562,2140,13296,5545,2343,4798,5495,10835,5303,3870,8421,7723,2990,6433,796,5999,3055,1478,13346,5199,1746,10326,7707,6529,8590,11540"
21152,"6220,2218,9942,8562,5545,275,13310,220,2140,4277,5303,13110,7063,13296,811,11384,7707,10916,3428,1378,10326,4679,6971,4798,12404,11000,9455,12793,3950,3992"
21177,"6971,10326,2140,5999,3055,8562,2218,4117,5532,5303,8922,8590,9072,4798,6433,3950,8421,2343,12793,6220,7723,1996,11540,851,10039,3340,811,9938,12990,2789"
21191,"7120,12030,5573,12497,2885,4929,3697,4387,6846,9646,1977,2286,8302,10663,12474,11117,6971,6243,13101,8567,2916,4777,4083,6776,10322,12133,9564,5675,9284,5135"
21200,"2140,10326,8562,8590,8421,12990,5303,4277,6220,6971,275,4798,13296,10916,811,1912,331,1634,2158,4679,7197,7138,5485,544,11843,1598,851,12793,11384,9942"
21204,"2218,11010,9072,9341,9178,811,10326,5485,3870,5545,12404,11969,9942,7558,4277,4974,6433,1210,13296,2140,1323,3428,217,3908,12990,4679,9455,4608,63,350"
21221,"6220,2218,5545,7723,13296,4413,2789,6971,9799,1598,9942,89,4602,7707,8235,3870,3950,9600,7792,796,2140,9729,931,6418,5502,8590,10835,12665,13110,5303"
21228,"7723,1478,5495,8452,5673,11751,11622,6971,6141,3055,3950,4798,6982,3870,2218,796,3909,2789,6433,12813,2990,8235,3340,9786,8636,9799,5610,5199,9729,8413"
21249,"6971,9072,2218,2343,2140,5532,10326,8590,5303,5866,6220,5999,13296,8421,8562,1290,544,4277,5485,6433,10608,4798,10835,5199,12990,4117,1978,6834,11000,1017"
21256,"4947,6971,6395,11396,5999,13114,3515,7578,10473,5124,4101,12104,12026,5303,4798,4053,6529,2990,8922,3950,2199,10340,10434,2140,5549,3596,3071,10835,3909,13381"
21261,"3950,6220,2140,8421,11751,3870,8562,4798,1598,220,9729,6326,5545,12990,2218,1978,3428,10326,13110,13296,2580,3992,4277,7558,5303,7707,4414,13346,8413,11622"
21279,"4277,6220,2343,5199,6971,10835,1210,4865,8421,5866,9799,10326,2140,13296,5532,12858,3766,1290,4117,851,9693,11969,5303,3055,5485,12680,4388,544,9072,2789"
21282,"11298,4576,10607,2989,9732,11024,4036,83,5135,11775,4664,8714,5075,1851,10137,10648,9730,11020,7864,11918,8475,9295,1576,7553,2066,7287,2343,1779,12995,12903"
21305,"4277,10326,8421,2140,12990,350,851,9072,7197,4974,9340,1978,1017,331,992,6220,4798,11843,9938,5303,10916,9580,12857,717,9328,8590,1776,11969,11384,544"
21307,"2218,2140,9942,10326,544,6220,8421,13296,2343,4277,811,6971,8562,1978,11969,5545,8590,5303,9072,9455,5199,11384,1017,5025,5485,4798,275,10835,5866,12990"
21315,"11969,2343,9942,4576,5545,544,6220,3428,13306,1017,9455,1978,5155,1210,13110,12085,9341,12470,11001,8279,8607,9693,4277,4664,9600,2218,4028,810,1323,9072"
21342,"4576,544,8714,11969,11024,10607,11298,6610,5135,789,1779,9960,10137,9730,10389,11775,2343,9962,10674,2989,9732,7120,4664,12995,10648,6220,12869,12096,296,12903"
21347,"8562,6220,2218,5303,13296,2343,2140,7558,9072,1220,10835,5999,3055,6742,5485,5532,10326,12990,3870,5199,4414,4277,8922,8235,5866,5545,8421,4117,560,11000"
21357,"3487,5545,2327,6220,9942,7383,10429,11103,7707,13296,8607,13110,11969,2218,544,7619,1863,7706,8188,779,7725,11402,5976,3870,12606,9600,5386,9336,12723,3428"
21358,"11751,3340,3055,4117,11622,7723,2910,5999,5495,11406,4006,1478,9968,8413,5199,11326,6982,11288,8505,4413,12813,12793,10913,10326,9455,5532,8562,454,10835,8853"
21368,"5142,9671,11117,5135,789,2784,4163,9962,4216,8302,2957,228,10147,10000,8554,6811,11143,11088,11846,11992,13309,1290,4658,8733,9960,1558,4215,4036,3539,9405"
21372,"2140,9306,12733,7383,350,6220,1328,7063,2218,11751,9511,2380,10326,5545,8421,13310,6418,5819,13296,1598,4277,5303,2905,12990,4229,4679,9729,13214,5025,1017"
21373,"9942,1978,3428,652,2218,6220,13112,4602,13306,5545,9072,5199,11969,5866,5485,1017,10326,1323,810,2903,9938,9455,7707,10658,1210,13110,6641,6751,3509,64"
21383,"7120,4929,296,10663,10607,2916,10389,6610,12497,5135,789,6243,3697,1244,3070,10137,6971,13309,9962,8254,9295,10581,10648,8567,4664,10336,12373,544,8590,1779"
21393,"5303,2140,6971,2380,9668,7063,9937,2218,13296,6515,12680,12026,8562,9799,4698,5025,3303,6742,9229,6166,4430,8590,3088,4499,7439,6445,8235,5819,5485,560"
21415,"1290,7120,11117,9295,3697,12030,8302,10663,4929,10581,9671,5135,9405,2916,6811,1244,6971,5142,11992,12497,3539,2784,8554,10674,10607,6243,789,5573,11143,4387"
21421,"3950,1017,220,2789,3992,2218,11000,992,1978,9341,6433,3428,2897,7253,652,7802,36,4445,13112,9938,4602,3416,6220,9589,13350,6326,9675,9072,11010,9093"
21433,"10326,4679,6220,4277,2218,2140,8421,9341,11969,12990,1017,11000,5303,6971,5485,7063,13296,10916,8562,9938,6418,811,7558,717,9072,11010,6433,4798,1598,13310"
21449,"1978,6220,4277,5199,4117,5999,10326,2343,9942,2218,9455,11969,9938,10835,9072,5532,3055,2140,1210,8279,5866,3428,13296,8421,1017,220,8562,544,10039,2903"
21483,"6220,5545,9942,2218,3870,13296,13110,7707,2140,11969,8562,4277,3428,9455,8421,4798,1978,12606,1210,10835,10326,5199,4414,3950,4946,544,9729,5303,1426,275"
21488,"3428,4492,2305,220,2676,10736,3950,13112,3992,670,5166,11001,652,1109,1383,9710,64,3416,2897,2285,8092,10196,3013,8156,3799,3482,5145,9547,3077,8724"
21518,"11969,9341,13110,1017,9942,13306,5545,11010,652,2290,6220,1383,8188,12470,5155,11001,1210,3428,1978,1323,9903,9600,9729,4256,6433,2218,9800,9226,12859,8071"
21528,"6220,8562,2218,13296,2140,2343,10835,7707,5545,3870,3950,9942,6971,5485,5199,5303,12606,5532,1978,8235,8590,5999,2380,5866,5495,10326,9072,7983,3428,4414"
21536,"1290,7120,6971,6220,544,4664,6610,10607,8714,789,10581,5135,10674,1779,2343,10389,4576,11298,13370,13296,3697,10648,9962,11969,11024,9295,5969,10663,2218,296"
21585,"6220,13296,2218,5545,8590,2140,6971,7707,8562,9942,5303,544,3870,12606,5485,4414,275,11969,12665,10326,7491,5386,7706,4576,1290,13110,1863,7558,8607,89"
21598,"2218,13310,6220,7063,5545,7558,3870,13296,9942,7707,7383,5386,1453,8607,8562,4414,5819,6742,11969,2140,12606,1598,5731,13110,8071,9341,6418,5303,9178,3428"
21602,"2218,9072,2343,6220,10326,5532,5303,2140,1978,6971,13296,5999,9938,5866,2903,544,8562,810,9942,7802,1017,5199,5545,89,3950,11000,11969,5485,652,10039"
21604,"10326,2218,2140,8421,851,6971,5999,10039,4277,3055,6751,6433,2169,5303,5485,9968,5025,4798,9072,10916,11751,1996,2380,811,11010,220,3766,10608,9341,4974"
21626,"2218,5303,2140,7063,9771,2264,6971,8161,6515,4321,10326,10608,9340,8421,5025,4877,9580,2169,8022,12476,5819,11000,9799,2905,2380,4322,12857,7439,4915,11384"
21636,"6220,2343,5545,10835,1978,3799,3950,8235,13110,8562,5199,11969,9942,12665,9600,8279,5524,3428,3870,13296,5532,1746,12606,64,8293,4602,8018,4946,3992,796"
21649,"7120,1977,12030,2885,3697,9295,9671,12497,5573,4929,6811,11117,4387,11243,13101,10663,3539,1400,9405,296,4777,2916,12184,5142,1132,13309,6846,10581,9962,2985"
21650,"12859,2285,1516,6150,10221,12447,701,12904,4465,9917,10206,989,3844,2436,8976,9375,9903,7216,13321,7241,9258,10732,808,9980,3314,12397,4644,10660,7689,2299"
21655,"11298,10607,4576,10389,6610,2989,11024,1779,1290,10137,12903,4664,13431,3570,9732,13370,10648,7679,83,12995,10674,3222,7120,1851,4024,11775,9295,10581,8714,9730"
21662,"4576,11298,10607,10389,6610,11024,1290,10137,13370,4664,5135,11775,1779,8714,4024,11969,11918,544,7120,12903,9730,5672,10648,1891,2343,3998,4028,12869,10581,12995"
21681,"5135,11298,10607,789,1290,9962,6610,10648,83,9960,4664,3570,2989,7120,13370,9730,10674,9732,9866,12869,1851,4576,10336,8910,8475,5467,10389,3539,12096,296"
21686,"1017,1978,992,2897,9938,11001,3416,11590,7835,10658,11969,4277,13112,1210,5155,544,3428,9341,13306,9178,350,717,1684,652,9485,811,6659,12085,9340,1323"
21699,"5545,3870,8293,64,9365,3428,3799,6220,13110,4256,5524,3992,9942,8333,4602,9729,3950,9600,1426,6646,3509,5875,13296,11029,8235,4637,2218,12632,7707,10431"
21702,"10607,11298,2989,4576,83,1851,10389,13431,11024,12903,6610,9732,10137,9730,11775,3570,12995,3539,7262,7864,11918,3238,1779,13370,11532,12869,4024,7494,4036,8714"
21709,"6220,2218,3950,5545,2343,3992,13296,220,4602,89,8235,5303,3428,6971,1210,4277,7707,8562,9942,11969,2140,8421,3055,8018,4679,1978,9455,10326,2903,3340"
21718,"7197,4277,8421,10916,10326,4798,8562,9234,12990,4679,717,811,7867,11000,220,9455,851,331,11843,3112,9341,3950,7899,3781,5999,1776,1210,217,4974,1996"
21719,"8421,4277,9072,2140,5303,992,851,10326,1978,8161,9580,7835,1017,5025,4798,4679,11384,4974,6515,717,7197,12990,9328,12857,11000,2218,12404,811,6433,9938"
21724,"8421,6220,5303,4798,2140,10326,6971,12990,4679,2218,13296,10916,331,9580,9072,851,992,11384,2789,1017,1978,4865,11843,717,6326,560,2380,7197,4974,4453"
21741,"83,1851,9732,13431,10674,10607,11298,4216,3570,11024,7679,9960,4576,12903,4664,12096,10389,4163,12995,1779,12869,2957,3464,6610,1290,11918,3222,420,4024,9730"
21746,"1851,13431,9732,83,10389,7679,10674,12869,3570,10102,4024,11298,10607,12903,11024,4664,12995,9960,6610,420,3238,7279,3222,3464,4576,4890,11969,2989,8714,290"
21751,"3870,8562,6220,2218,4414,5545,13296,2140,10835,1598,12606,3950,5610,8413,5303,7558,9942,10326,3055,11751,7723,9455,9729,4946,4413,10589,275,5386,7138,11326"
21754,"4277,8421,10326,6220,350,2140,4798,12990,8590,9072,7197,1017,5303,5545,992,11384,811,10916,12857,13296,11843,3950,9340,9938,331,1328,8562,851,544,1210"
21768,"6220,2140,5303,6971,4798,2218,13296,3950,8421,3870,1598,4413,10835,9799,10326,3055,5545,7707,5485,5999,2380,12680,12793,4277,11751,6326,12990,11540,8590,10916"
21775,"3487,2327,8188,7725,7707,6402,5545,5976,9375,10429,6659,4256,11103,10802,779,13110,5229,9942,7619,9336,7792,3444,12606,11402,3464,12775,1863,3428,12723,9964"
21781,"4576,10389,11024,10607,13431,11918,10137,2989,7679,4024,7279,11298,9732,1779,1851,12903,83,11532,290,9730,3464,12995,6610,4664,8714,3570,10206,3222,4028,12869"
21789,"4664,6220,10674,11969,4576,8714,3570,8910,9730,1290,11024,10607,12869,10102,544,1779,2343,9942,6610,11298,5558,4036,7792,8607,9732,2218,89,12995,13370,3487"
21795,"8235,2140,3950,4602,2380,4413,8562,11784,11289,6220,7024,8018,6638,5303,11622,10340,13346,10326,454,5999,11540,931,11403,4199,2903,10835,8922,6326,8333,9098"
21812,"9693,5199,2343,1323,8279,8562,1978,4117,1210,7899,6834,9942,6220,10835,9455,811,5495,5485,13112,3950,5532,12793,2903,5866,10063,2218,544,3428,6795,12249"
21814,"8421,851,2140,10326,6971,9072,4798,331,6515,5303,11282,6433,9580,10608,12990,11843,1996,8590,5025,4277,6751,811,5485,1776,1634,5999,4974,12857,8161,10138"
21820,"2789,3950,11751,10326,11622,8235,2140,6220,4413,3055,1598,4602,9799,6982,6326,8421,11540,454,8562,4798,5999,9729,3340,220,6418,7723,12793,2218,2567,2380"
21827,"2789,6971,8421,4277,2218,9341,6220,5999,4798,5303,2140,851,1017,3055,6418,9580,3766,11751,2380,10326,10916,4117,12680,6326,4679,1210,12990,5485,717,10039"
21838,"6220,2218,13296,7707,7558,2140,5545,9942,8562,13310,1598,5485,6971,13110,89,5303,3870,7792,4414,10429,12793,1863,4679,7063,275,12606,4413,11969,11540,1453"
21855,"12470,2343,13112,5495,5532,2537,6795,3799,9693,5199,8608,4117,8188,8279,4266,4388,10835,6834,3871,782,4605,2903,3545,6593,8607,7792,5866,1323,4416,6220"
21881,"6626,2867,12378,11635,9473,6751,2205,6503,10326,331,12990,6971,4277,275,3766,851,811,5999,717,12404,8608,8421,6141,4092,9341,9072,1017,7197,732,5485"
21884,"2140,8421,5303,4798,9580,6971,2789,851,10916,12990,10326,8161,9799,2380,4277,11282,6326,11843,2218,1180,976,5610,1776,12026,12680,6220,331,6515,9880,11751"
21889,"1290,7120,789,5135,9962,4929,10663,3697,6971,296,12497,10607,3539,10336,1244,9866,2916,6243,2784,6610,9405,4576,3070,11117,8567,6811,4777,10389,9960,9295"
21896,"5999,10916,4277,1912,11357,1788,851,6971,12857,10326,11572,11384,1978,5303,8421,4798,5025,2140,9072,4117,5532,3055,220,13259,8161,9340,8590,1017,6751,11726"
21902,"8421,4277,9580,4798,1776,2789,10916,10326,2140,331,1180,11282,11843,8161,1996,6326,6971,12385,5999,5303,4974,12857,7833,7197,12990,1912,976,9968,3766,2567"
21916,"4277,2218,10326,8421,9072,6220,2140,11969,9341,1210,13296,6433,9340,544,6971,5303,811,5485,9938,1017,4974,851,12990,1978,11010,12404,11843,717,9455,4798"
21927,"1290,7120,5135,9962,789,10607,4036,8475,3697,5142,3539,11298,11117,13309,10648,11024,3570,4929,10674,10663,9295,4576,9960,11775,6811,8554,11846,9732,9671,11992"
21938,"8421,4277,10326,12990,7197,2140,851,11843,331,4974,3870,350,217,811,11969,11010,9072,5485,13296,2411,2218,10916,4798,6220,2158,2172,4679,9234,13249,4414"
21948,"11001,1017,3428,9341,2897,992,10658,3416,1978,652,350,9178,1210,13306,11590,9072,11010,1383,7835,11969,717,9340,4453,5155,11000,1323,2290,6300,4277,6023"
21952,"9671,2784,11117,4658,8302,8733,4312,7727,5142,11088,11569,9405,3805,11846,4215,9442,1750,1012,10000,11556,11992,8554,11770,10466,5135,8525,9295,3697,9720,9960"
21954,"2343,5532,5999,5199,9693,3055,6971,6834,4266,10835,2789,6795,2571,1290,8608,5866,9072,2537,8279,3909,2218,2822,2903,4053,7010,13218,13112,4388,8922,10039"
21955,"3428,13112,1210,1383,9341,5545,13306,2290,11455,64,13110,1978,11001,9693,3799,13375,1680,11969,12085,2897,5166,943,2343,7922,9455,810,9226,8279,1323,12379"
21978,"2140,6220,2218,7707,6971,4250,2990,2343,12606,9942,7723,13296,6166,1863,7491,7706,8302,7487,5149,11403,1290,89,11103,5303,10835,10608,8590,10326,10429,861"
21983,"10674,2343,11969,6220,4664,8714,4576,544,9942,9732,11298,10102,11024,10581,2218,10607,5485,6610,2989,1290,6834,9693,5866,12869,1779,4036,13370,13431,2537,3570"
22004,"6971,2140,5303,8421,8590,10326,275,4798,1290,5999,12990,11384,4277,331,9072,13296,12156,2218,6220,9580,12857,12404,7120,6433,544,6626,8562,1634,811,1978"
22007,"544,1290,11969,4576,2218,8714,8607,6971,5135,4664,7120,11024,9732,10607,2343,1779,12869,11298,6220,8475,9072,10674,8590,9295,12903,13296,4036,2989,13431,9942"
22014,"4602,11622,8235,931,7024,4117,13112,11795,3950,8333,5875,12425,6982,6091,11403,10913,3317,8183,12541,3799,5199,10224,12470,6659,782,121,11931,1432,5532,9817"
22020,"6220,2218,10326,4277,2140,9072,13296,8421,5485,5199,2343,1210,9942,6971,10039,5999,9938,10835,3766,5303,1978,11969,3055,9455,6638,2789,8562,4117,4798,1017"
22052,"8421,2140,10326,331,9580,1180,8161,11282,6971,4798,1776,6515,4277,5303,7833,12875,12990,1996,10138,9799,8590,3770,4974,4315,10916,9880,10594,1634,1223,1912"
22056,"5545,3950,13110,6220,2218,4798,8562,8421,1978,7707,2140,275,3870,9942,220,6433,811,5303,12404,3428,13296,1426,12793,11540,5731,13310,12990,1017,7558,13346"
22064,"7792,8607,9942,8188,7227,9336,2218,9800,2327,10429,3560,10102,5558,7707,12842,779,4012,11103,6018,12470,5485,11615,8714,11402,11969,6220,579,6168,13437,1863"
22072,"9341,2218,6971,6433,5545,11969,6220,4277,9072,13296,8421,7063,5303,11010,12404,2140,2343,4679,1017,4798,544,12990,3055,1210,9455,275,7558,10326,811,11000"
22074,"1017,6220,2218,10326,8421,3950,2140,9072,4277,12990,6433,1978,992,13296,11000,9341,4798,9455,5303,9340,11969,11010,2789,811,4679,5545,7558,1210,6326,9938"
22102,"5495,13110,3799,12470,3950,2497,9786,7079,3870,9942,9908,9365,11622,4946,5177,782,1426,5545,5209,9729,3428,8454,796,3992,2645,7723,4637,12606,438,7087"
22110,"3870,9729,11751,4414,13110,2497,1598,9365,11622,3428,6220,5177,4413,7707,5545,9942,7087,8562,2218,12632,5386,4946,12606,3950,7558,2038,11540,10506,8454,1937"
22111,"9072,10326,9938,992,8421,851,4277,6971,811,9341,2140,7835,6433,4798,1978,717,6751,5303,5025,4974,11000,5485,331,2218,12990,12857,10039,5999,1776,10916"
22119,"2218,6220,2343,6971,8235,89,5303,8922,5999,10835,1290,4413,13296,3950,2990,7723,8590,8562,2140,2903,12665,12026,9799,11403,5532,3055,2789,5199,2238,5545"
22125,"2218,3950,2789,6220,4413,2140,11784,8413,5303,11000,10326,2380,11751,1598,3992,6326,5545,9799,1017,1978,8562,4602,13346,8421,11540,454,5999,9072,4798,8235"
22150,"6971,9072,5303,8421,1290,6433,7578,8452,11384,12875,6515,5532,4798,2343,2218,1912,9886,11000,7010,11282,1664,1978,8161,8922,9340,8590,3950,851,13346,8235"
22151,"1290,7120,3697,5135,2885,1977,11117,9295,12030,12497,9405,6243,789,4929,10663,9962,9671,13309,2916,4777,3805,13101,11088,6811,11651,8302,9646,10000,4387,10336"
22154,"1290,7120,4929,10663,4387,12030,6243,8567,12497,8302,3697,6971,2916,8922,4083,13101,11117,8703,1977,2286,2885,5549,1400,8590,10322,296,8554,9564,9668,6846"
22213,"6220,5545,2218,13296,3870,13110,3428,7707,1598,9942,13310,7383,9729,12606,7558,8562,11969,5386,4414,12665,1165,5303,10429,8235,7792,7723,89,2380,8188,4602"
22256,"12859,12470,7689,1516,989,2285,13111,6150,3314,4256,13112,1101,2299,8830,6644,2975,9916,10221,3464,12904,10974,10206,1810,11096,9258,7982,4609,4465,13383,4713"
22258,"6971,5303,2140,4798,8421,2291,8590,331,12990,9580,4101,4947,10462,7063,9668,6395,2199,13114,11282,10326,10138,6515,9306,10916,275,8922,3950,4277,1290,1776"
22265,"8235,2380,5303,11784,5999,9799,2789,6971,2140,2218,4430,8922,6515,2567,12026,454,3055,2199,4602,9470,6326,9886,8562,12331,12579,12680,9454,4413,5549,10241"
22279,"6220,6971,10835,5999,4413,8562,5303,2140,4117,3055,2218,13296,5199,8590,9942,89,10326,7707,3950,11540,2343,7723,8235,12026,1290,9799,8922,4798,7983,5485"
22280,"6971,2140,8590,1290,6220,10326,5303,13296,544,275,9799,2218,8562,5485,7120,12990,1220,4798,8922,5999,10835,1747,9072,8421,12680,331,2343,4277,3055,4388"
22283,"2989,3222,10206,7047,10919,9295,13431,7220,11532,11298,162,7262,10009,4545,10389,4576,10607,4022,11918,3464,173,8714,7864,1891,7279,10581,290,2769,6053,989"
22286,"2218,6220,5485,11751,9942,7723,2789,4414,4413,10326,3870,5199,5502,9799,1598,13296,2140,5495,4117,10835,9455,4602,5545,11010,6971,8562,11969,7558,5999,3950"
22288,"10326,6971,4277,8421,2140,851,5303,2218,12990,8590,1290,331,1776,9072,6433,7063,11282,12359,4798,6220,11843,11969,9340,13296,11000,4679,9580,7120,4974,11384"
22321,"4576,1290,10607,2989,11298,6610,7120,10389,11024,1779,10137,4664,12903,11918,3570,11775,11969,7679,13370,12995,1244,13431,4036,9732,8254,5672,11532,1090,296,9295"
22336,"11751,220,8421,2140,4798,7063,5303,2380,10916,12857,4277,4679,3950,4229,10326,9968,8562,11000,5610,3870,6326,12990,717,607,851,9341,5341,12793,13346,8161"
22344,"6971,5999,2789,3055,5303,4117,8922,7578,4798,3950,220,8421,9580,11282,976,2140,2567,9443,8235,10326,1788,6326,3340,11572,12026,2218,6418,9449,11357,12793"
22353,"10974,13111,10732,5105,9482,13383,4029,6150,2975,6640,12838,1101,2770,10707,3652,10441,4465,10107,10739,6060,5760,2436,3464,10221,4644,10754,7982,2782,3887,3563"
22356,"83,3539,5135,9295,5142,10607,3697,11992,3570,8284,4216,1977,13024,1851,1779,4576,2957,11298,6811,4036,11471,4215,8475,9183,6028,9960,13431,4109,10445,9732"
22387,"2140,6971,2218,10326,8590,13296,9072,8421,5303,6220,8562,544,12990,4277,6433,11969,2343,5545,5485,5025,5532,7558,4798,1290,1017,10608,5866,9341,1978,9799"
22427,"7637,2020,5976,12663,8703,589,4205,3562,10332,9748,3542,1669,10802,9564,13228,1078,9954,13377,5149,6697,7764,12704,583,4698,12996,1487,7713,2847,5911,2731"
22428,"5135,9962,1290,7120,9866,10336,296,10663,4929,3697,12497,1244,2916,10607,9837,3886,7817,6610,11298,6811,11143,6971,6625,3070,4664,3539,1400,3323,6243,5008"
22449,"10389,10607,11024,11298,4576,6610,4664,83,9732,12903,5135,2989,12869,1851,13370,13431,3570,11775,10137,12096,1779,3539,7494,9962,789,11969,9730,8254,12995,4028"
22452,"6220,9942,5545,7707,3487,544,12606,8590,1863,2327,13296,10429,4576,8607,2218,1290,11969,779,8188,9570,1779,11024,2343,10607,12665,7792,7679,7706,13110,11402"
22460,"4163,1558,2957,420,3722,778,10674,1851,83,8629,10102,12615,4688,2709,10687,8057,4758,12808,9732,13431,9384,8033,10194,8810,4793,5738,11670,12096,2849,11020"
22467,"10326,2140,5485,7197,9072,2218,8421,11969,6220,851,2158,544,5135,4974,331,4865,12990,9938,4679,9962,789,811,9580,12858,10916,6971,1634,5303,12359,13296"
22480,"11298,9730,11024,2989,13431,10607,7279,3570,11612,12995,7679,5535,8910,4576,3239,11775,1466,12909,10648,83,1972,11938,9732,6272,4545,982,12869,4036,579,1779"
22481,"2218,8421,5303,2140,6515,4277,9072,2380,6971,9340,12404,9341,5025,10326,12857,7707,4798,6220,992,1017,8161,12779,9580,5485,13296,6433,5545,6517,717,6373"
22484,"4623,8746,1788,11572,11726,3950,10913,11406,6982,1996,11622,5999,3340,5700,9105,4117,2789,6326,220,1664,5341,6848,380,5532,13346,5673,7010,4821,13112,11540"
22489,"2343,4117,6834,8608,9693,5532,6795,2537,4388,10835,5199,5999,4266,4576,5782,5866,6220,2822,7964,8279,4053,2571,11262,12085,8714,13112,2903,6971,3909,11969"
22502,"2769,3464,2709,7679,247,4216,83,13431,5105,2920,12316,8679,7047,6201,13111,11771,9732,1851,10009,4163,10687,1213,420,2957,10107,12096,10685,5760,9214,12458"
22510,"1290,4576,10607,7120,2343,11969,296,544,2916,5135,10663,2989,6610,11298,4028,11775,1244,11024,10137,4929,6220,13370,12497,789,1779,9693,9732,4277,9730,8254"
22511,"6220,5545,7707,13296,9942,12606,7706,10429,4576,89,1863,2343,2218,544,12665,11024,3487,2327,13110,1290,11969,11103,10607,779,10835,8562,8590,7619,6971,7892"
22514,"6971,2218,5303,5999,6220,10326,2140,8421,11000,9072,4277,2343,2789,13296,11384,8922,4798,1290,8590,1017,8562,12990,11282,4679,3055,9580,220,3950,12359,7063"
22520,"5573,8478,10322,1290,5675,4083,4387,1132,6133,4929,7120,12030,13101,12474,12559,2339,2286,12497,6983,5973,8994,6846,1475,10317,2885,9646,7601,1977,2133,10663"
22546,"7063,11000,2218,5819,8452,6971,5303,9306,1017,11384,3950,7558,9341,4679,13310,12990,8421,13296,9072,6418,6433,4798,992,9093,1453,7383,2140,9675,11609,4915"
22551,"2218,7723,9729,4413,11540,9072,6751,5485,8421,6433,6220,10326,1478,5545,9341,5495,13296,2140,9799,2789,7707,9942,3870,11010,3950,2380,7558,1598,4798,4229"
22582,"11298,8714,1576,9295,3222,10581,3539,10607,2989,7864,11775,5135,10648,12869,11024,4688,8650,13431,9732,1851,4545,4576,9730,4036,2969,8475,11314,1891,83,5075"
22595,"5545,9942,6220,8188,3428,12470,4602,2218,13112,7792,13110,13306,9729,3799,7707,5495,3509,5199,7723,3870,11969,652,64,9800,8681,2343,3992,1210,1383,1323"
22597,"12470,5495,12859,10913,1037,6000,3871,13112,6123,7227,9203,13253,2285,9589,2191,13437,8450,9990,374,77,808,5532,6924,8412,4765,8607,12842,7316,12076,1383"
22605,"2218,9341,6433,1017,9072,1978,11010,9340,9178,8421,1323,811,10326,5545,2140,992,11000,11969,5025,9938,7835,1210,350,4974,7558,7802,544,652,10658,11001"
22618,"2343,6220,1290,10835,4576,5199,9693,5545,11969,6971,5532,13296,3909,8590,12665,9942,7120,5866,2218,6638,544,89,1978,8279,12470,4117,9600,5495,6834,2537"
22641,"4277,992,7197,9938,9341,1017,10326,11969,811,9340,544,717,4679,9072,8421,350,7835,4974,851,2897,1978,1210,11001,12990,810,3781,10568,12404,11000,9178"
22645,"11001,2285,6023,769,3416,10102,11969,2897,1017,10658,4277,9341,4688,7197,1323,420,9938,12096,12085,12869,8714,811,350,6591,13431,8819,7835,992,761,10736"
22660,"6220,4798,2140,11751,8421,1478,8562,3950,1978,11622,10326,12990,13296,3055,2218,1598,4413,5303,7723,5545,6326,5485,6141,6971,3870,5999,9072,13110,7558,9799"
22666,"851,8421,976,3770,10326,2140,9580,1180,2789,12875,11843,4798,1996,11282,6326,8205,8161,1223,6515,4315,1776,5303,6107,2567,10138,331,11622,2905,6982,6971"
22674,"7120,4929,12497,2916,296,1244,5573,10607,2343,4576,4387,10137,6243,1779,10674,3697,13101,6610,4036,1132,5532,4028,9101,1334,9295,9693,4083,10648,8590,6971"
22678,"1290,10607,10674,4576,4664,6610,11298,7120,4036,296,83,11024,10137,1851,10581,10648,8714,10389,1244,2343,9732,1779,5135,544,6220,9730,3570,9960,10663,13370"
22697,"2343,3275,8714,4216,11024,13431,5558,9730,4576,2218,10607,7279,9732,9960,83,9693,11969,8671,7258,11938,2957,4163,6834,12085,7339,12995,4036,89,1558,12869"
22698,"2343,3950,6220,9693,10835,5199,2218,8235,1978,5999,8562,5303,13346,4199,13296,5545,5532,8279,89,6971,7707,10063,9072,4602,3992,4117,6834,5866,3428,2990"
22705,"6220,7707,5545,6971,13296,1290,7706,1779,10389,544,2218,11024,10429,8590,5303,4698,10607,7619,789,6610,4664,4576,9600,4430,4036,3487,7120,11969,13110,3570"
22710,"2343,6220,2218,6971,10326,11969,4277,8562,3055,10835,5532,4117,5199,1210,9455,5999,9942,5545,2140,544,6834,13296,5303,9693,9072,8421,6638,9341,3340,811"
22714,"2789,220,3950,8235,2990,6220,2218,5999,3055,5303,8018,8413,6971,4413,11784,12026,2380,2140,3992,3340,8221,9733,8562,4602,4798,454,2220,2567,8922,6326"
22715,"6971,8922,3055,5999,6220,5303,8590,4117,2140,8562,10326,4798,3950,5532,2789,10835,8235,8421,220,2343,1290,4277,12990,3340,12680,13296,10916,7578,6418,12026"
22720,"3428,9942,13110,11969,1323,3870,5545,9178,6220,1978,6641,1210,1426,9800,8188,2218,64,13306,5386,9341,810,9455,8071,9365,8293,8562,3509,544,7197,811"
22734,"5303,2140,6971,2380,2218,13296,6515,8421,9799,5025,4430,9072,6742,8562,7063,9668,5819,6220,560,9937,7707,5485,8590,12680,4798,5545,11609,7558,8235,7986"
22735,"2218,7063,6971,5303,2789,4679,2380,13310,2140,6220,5819,11000,8452,6418,220,13296,8235,9799,9306,12026,4413,3055,12680,4181,6742,7558,8922,10326,9341,9072"
22736,"2140,2218,6220,10326,13296,5485,8562,3870,5303,4413,2380,4414,12990,1598,4798,6971,9942,7707,4277,11540,9799,13249,7558,3950,9733,2990,10340,10916,13346,12793"
22747,"5545,6220,7707,1863,2327,10429,9942,7619,12606,4576,544,5976,779,13296,8590,7706,11402,13110,1290,1779,8188,11103,12723,2989,11969,11775,11024,12665,8607,12775"
22748,"7637,6971,2020,9668,9799,5549,4698,1290,9937,5149,13228,5303,2140,6166,8981,8472,10332,1662,12030,7120,5966,12663,2199,4205,1747,7064,6520,8590,8922,5342"
22759,"6220,9942,3428,5545,8293,13110,2343,2218,3992,13112,5199,11969,9365,3509,3799,9455,4602,3870,6641,13306,8279,9800,4946,1210,10835,8562,9693,2903,810,7707"
22761,"2218,5303,6971,6220,2140,8421,2789,4277,4798,2380,9580,13296,10326,3950,12990,5999,4413,8562,11384,9799,220,4679,4865,10916,13346,12026,3055,560,6326,8235"
22774,"9942,2285,2218,8607,7792,8188,9800,13110,6220,3428,8454,9365,3870,769,7227,12842,5545,11969,2327,9519,2216,3487,7241,5733,11806,13310,3520,7707,11615,779"
22783,"2218,5545,2327,10429,6220,13296,7707,3487,1863,779,9942,11615,7383,5976,7792,12606,1983,3870,12265,7706,7784,8607,13310,5386,7619,9570,5927,2140,12723,89"
22830,"2343,6220,11969,5532,2218,544,6834,10835,5199,10326,9693,9942,5866,4117,8562,6971,9072,4576,1210,6795,3055,13296,9455,4277,5545,6638,8279,9938,5485,2537"
22831,"7120,10607,296,11298,5135,4576,1244,9962,789,10648,4929,4664,10389,3539,10674,10663,3697,4036,1779,10581,13309,10137,11024,12497,13370,11775,8254,12903,2916,9746"
22846,"6220,6971,2343,5303,2218,9072,1017,13296,1978,5545,544,9938,8590,8562,11969,560,2140,11384,9693,8421,1210,992,4798,5866,1220,10326,12858,10835,9341,5999"
22850,"3737,10147,7856,789,5135,12762,9962,12811,9866,10202,1290,296,6054,13309,4387,10663,9837,10336,6811,13101,7817,11117,3886,2916,7120,10607,2784,6243,4552,10644"
22883,"2218,4413,6220,11784,7707,2380,4602,5545,5835,2140,3992,4499,9942,3428,7723,2789,1598,2019,3317,9799,3509,5485,13296,11772,454,2905,7792,11540,64,11869"
22887,"6220,4277,9693,6971,1210,2218,6638,9072,5532,11969,5303,13296,1978,544,5199,4865,10326,8421,10835,5866,2140,6834,5545,9341,9938,9455,8590,4798,2537,8279"
22893,"8235,2343,2218,6220,5532,4602,89,8562,13296,2140,3950,7024,5303,5545,6971,8590,8922,5524,5866,5199,1978,3870,10835,7983,2903,3055,9072,3509,10326,5495"
22905,"6220,2218,9942,89,7707,1598,1165,13296,8235,5545,3428,10326,8018,8562,4413,4602,8590,12606,7792,544,12665,2343,2140,4946,11969,7558,9072,3950,9938,8071"
22923,"2218,6971,10326,5303,2140,6220,4277,7063,8421,4798,12990,10916,9072,11000,6433,9341,2789,4679,275,6418,5485,1017,8562,9580,2380,9938,717,9799,851,6517"
22956,"1978,11843,3950,6433,851,9340,4277,4974,9072,1996,11000,811,11010,10326,9341,6326,1210,5495,217,7197,2140,12470,4798,1323,13346,2218,717,1017,2861,1664"
22964,"6220,5545,5976,13296,1863,12606,7706,3487,2327,4430,589,8235,8590,1983,2218,7619,89,779,4698,2140,9942,12723,12665,3870,5149,12058,8562,13377,3088,4413"
22972,"1851,83,4163,13431,11298,4216,2957,10607,12096,12903,10674,3238,11024,10389,11020,7679,9960,4024,1558,6610,12995,4576,10137,12869,2989,11938,3570,2709,4664,7279"
22985,"4698,9937,7637,9799,5149,8235,4413,8703,2140,6971,8981,2020,7064,4430,6220,7707,9668,6166,3088,7723,2380,5303,11751,6418,12579,12680,2789,8922,5966,6962"
23011,"1978,10658,9938,1017,4277,350,652,9072,3416,992,11001,811,7197,10326,7835,11590,2897,11969,8421,1210,1323,9942,9340,544,13306,13112,4974,5485,5025,851"
23027,"11298,11024,4576,10389,10607,2989,1779,13431,10137,12903,7679,3570,6610,4664,1290,4036,1972,9732,11775,290,4024,11918,12995,2769,10648,3222,83,9730,7120,12373"
23036,"6220,13296,2218,5545,9942,3870,13110,9729,11969,4277,10326,4414,7707,1598,5485,2140,3428,8562,6971,8421,12990,9072,4413,7723,10835,8590,1210,544,275,11751"
23038,"4277,10326,8421,1017,851,217,4974,350,9455,7197,12990,811,9341,9072,1978,11010,11969,2140,717,2218,716,11843,10916,9115,5025,11000,4798,3781,1210,5485"
23046,"8590,2140,2789,10326,2218,3950,8922,13296,7120,9799,1290,89,6971,8421,1598,8205,4413,5303,10124,8235,9449,2990,7024,4430,9072,8562,11843,9942,12990,5545"
23051,"9341,2285,4117,11000,9072,2218,12085,5999,11969,1017,2343,11001,6834,11010,717,13112,5532,2791,811,9455,7835,9693,8263,10326,5485,3055,8279,8318,1210,6795"
23057,"6150,4029,6640,10974,5901,2770,10221,9482,13383,2436,10732,10107,1810,4465,6060,10707,10754,8723,1516,5760,9726,6487,12621,8257,2268,7982,1101,3563,1636,5249"
23062,"4163,1558,2957,420,12615,1851,2709,10102,778,10687,8629,3722,10674,4758,4688,4793,9732,11020,13431,10194,8057,8033,2849,12808,9384,8810,5738,11670,12096,7669"
23069,"6220,5545,13296,3870,2140,3950,5303,9072,6433,7707,8421,7558,8562,10326,9341,9942,11010,2380,3428,1598,3992,6971,13110,1978,5819,220,4277,12990,7063,11000"
23078,"9942,6220,5545,3428,12606,13110,7707,3799,10835,5199,8188,3870,2343,2903,64,8293,4946,11969,13296,8562,1978,8279,12470,3509,2218,4414,13112,89,7792,9455"
23113,"5999,6971,10835,5532,2140,4117,8590,8562,5199,4798,3950,3055,10326,5303,2343,1478,8922,7723,4053,6638,2822,3909,4266,8421,5866,6220,1978,13346,8505,12990"
23121,"3487,228,4036,11298,9295,1270,3570,8284,8554,1012,7937,2885,10607,5142,3222,10464,1779,4109,1290,10102,10581,10674,10648,11117,13024,11569,83,11992,7120,10172"
23123,"12857,992,4679,717,5303,4453,10916,5025,8421,2140,8161,4277,2580,12385,851,7063,9309,11000,10326,811,1017,4798,6515,220,9340,13026,1912,275,9771,4974"
23136,"5485,2218,7948,2140,5714,6742,1165,275,6971,769,3303,4679,6849,6220,10326,5303,2380,9671,2169,11320,9771,7063,7558,13026,992,12934,4414,6418,10589,9938"
23138,"4413,6971,931,11784,5999,9799,454,8922,3055,9580,4117,4798,2218,8421,7723,8235,3950,5303,220,10326,6220,6326,6418,11751,2140,12680,9470,976,11282,3340"
23140,"6220,5545,13296,2218,7707,9942,3870,544,12606,2140,11969,9072,13110,3428,12665,6971,1290,5303,10835,2343,4277,1978,4414,5386,275,8562,5485,2327,8188,7900"
23170,"6220,4277,2218,1210,8421,3428,10326,2140,1978,5545,9455,3870,13296,3950,11010,810,9942,6326,13346,9340,811,5610,350,9072,7197,652,716,9729,2380,220"
23173,"6220,2343,2218,13296,8562,89,2903,9942,9455,2140,5545,3870,10835,8279,5199,12606,8235,9693,8018,3428,5303,544,810,11969,8293,1210,3950,4277,2411,6834"
23179,"11969,6220,2343,4277,544,2218,9072,9341,13296,1210,9942,1978,5545,12404,9693,9455,3428,6433,8421,1017,10326,6971,811,2140,992,9340,9938,810,10568,8279"
23196,"6971,2140,2218,8421,4277,10326,9072,5303,6220,4798,8590,2343,13296,5999,1978,5532,12990,6433,5866,8562,9340,9580,811,3950,5485,5199,544,6638,9938,3055"
23199,"2218,6220,5545,3340,2343,9942,3950,796,5199,13110,3992,8562,1746,11000,3870,6433,9455,7723,10835,11969,5495,220,64,6971,13310,8607,9365,7707,4946,2140"
23216,"6971,7063,2218,5303,12156,9341,275,2140,13310,11000,12990,6418,6433,11282,4679,6220,4798,5714,769,6141,10326,10608,8607,7558,12404,9072,1453,8562,12680,647"
23226,"2218,3950,8235,5999,9072,5532,4602,2343,2789,9454,11784,2903,7802,9938,652,5303,8018,1978,13346,220,454,2990,10326,11540,4623,7010,9886,3055,1017,8413"
23233,"7707,5545,1978,6220,1328,3428,9942,13296,4256,7383,13110,6659,350,1377,12606,992,2140,6402,544,8590,4414,9072,5386,8149,4861,4277,4229,8421,9729,1017"
23253,"3950,2343,6220,2789,10835,5999,5199,4117,3799,8235,2990,6971,220,2218,7723,2903,931,5545,9693,3992,4798,4602,2567,3340,89,3055,13346,3127,6326,4053"
23281,"6971,6220,5303,9072,544,13296,7707,5485,9799,1017,6742,5545,2343,2140,8714,1290,9938,1220,7558,13310,12665,10326,992,8590,560,12858,275,1165,4413,11969"
