ID,user_id,item_id
12,12,"8421,7707,10326,5545,13296,2218,1978,6220,4277,5303"
14,14,"9799,7637,9668,4698,6166,9937,5549,1290,4101,12030"
17,17,"6402,10352,8540,6060,6011,6306,4399,6815,4256,5105"
21,21,"6971,9580,7063,10326,13296,6220,5545,2218,2140,4277"
44,44,"9962,5135,789,1290,13309,7120,11298,3697,296,4664"
55,55,"4277,5545,1978,10326,13296,6220,3950,2218,2140,7707"
56,56,"4798,8922,8235,9799,4117,5999,10326,6971,13296,5303"
58,58,"10326,851,6220,9580,4798,331,12990,9072,10916,11282"
59,59,"3950,4798,9942,11384,5545,10326,13296,2218,6220,2140"
79,79,"4277,6220,8421,9455,7707,1017,10326,5545,13296,2218"
81,81,"1290,789,7120,5135,4929,2916,12497,13101,13309,3697"
85,85,"5545,10835,13296,1978,6220,2218,7707,12665,3870,9942"
92,92,"789,5135,9962,11298,7120,1290,10336,11024,296,13309"
97,97,"3950,5999,8562,8235,4798,7707,10326,13296,2140,5303"
100,100,"3950,11843,4277,13346,10916,10326,6326,2218,5303,2140"
112,112,"5545,1978,2218,6220,350,13110,1210,9178,9942,9072"
122,122,"851,13296,4277,331,12990,8161,8562,11282,10326,5303"
133,133,"5105,5760,6060,9375,11771,2769,3464,6082,10441,6402"
141,141,"8590,1290,4576,89,296,10663,13296,5545,6220,7120"
144,144,"10326,6971,13296,2218,5303,8590,6220,2140,4277,1290"
149,149,"10674,10607,4576,1851,2769,11298,7679,9730,3464,3487"
153,153,"13296,6971,8421,5303,4798,10326,5545,6220,2218,4277"
166,166,"162,6060,5760,8540,5105,7220,10739,13111,6640,10732"
220,220,"2140,2789,4798,6326,10326,5303,13296,6220,5545,8421"
231,231,"5999,7063,10835,4117,7707,10326,5545,4277,2218,2140"
262,262,"9072,8922,13296,1290,7120,4576,8590,6971,6220,2343"
274,274,"6971,4277,10326,10835,9072,544,331,13296,6220,8421"
277,277,"1290,6220,9799,2140,7120,9072,8922,10663,4929,13296"
281,281,"789,9962,1290,5135,7120,13309,11298,3697,10663,296"
291,291,"8421,11384,10326,220,5545,3950,1978,2218,6220,2140"
300,300,"6220,2140,5303,6971,9072,11969,13296,1017,10326,4277"
310,310,"8421,13346,5545,10326,13296,6220,1978,3950,2218,2140"
332,332,"12104,2291,10434,4877,10566,9998,10326,9306,6971,7063"
344,344,"8421,851,8562,331,8161,9580,811,10326,5303,2140"
359,359,"1290,7120,4576,10663,2916,296,4929,12497,10607,789"
380,380,"8562,5545,3950,1978,10326,2218,6220,3870,9942,7707"
386,386,"6220,4277,7707,3870,13296,10326,10835,2218,1978,2140"
426,426,"5545,3950,4277,13346,10326,6220,13296,2140,2218,1978"
436,436,"6971,5485,9072,560,13296,10326,5199,10916,851,4277"
453,453,"5303,5545,1978,2218,10326,6220,4277,13296,9072,7707"
461,461,"789,9962,7120,10663,4929,13309,13101,12497,12030,2916"
464,464,"5545,1978,2218,6220,3950,13110,350,9178,3992,3870"
473,473,"5545,1978,2218,6220,13110,3992,9178,350,8188,4256"
481,481,"10326,4277,6220,13296,5303,8421,331,5545,6971,10835"
490,490,"8540,6060,5760,1328,5545,8092,1978,6402,4256,2218"
494,494,"13296,6220,8421,4798,8562,7707,331,10326,5545,2140"
497,497,"10607,1290,7120,4576,296,6610,10663,4929,2916,12497"
510,510,"2343,2140,5532,5545,1978,6220,10326,2218,13296,4277"
511,511,"8421,3950,851,12857,1180,8161,331,10916,11282,10326"
512,512,"4576,4664,10607,11024,2769,1779,10674,3487,7679,9730"
524,524,"789,9962,5135,1290,7120,3697,296,4664,9295,3539"
525,525,"1978,4277,5545,8421,10326,12665,12990,331,13296,2218"
545,545,"8421,8161,331,12990,12857,10326,5303,2140,13296,6971"
560,560,"10326,8421,851,331,12990,10916,13296,5545,6220,5303"
564,564,"9072,5199,1017,5545,13296,10326,6220,1978,2218,4277"
566,566,"4277,8235,10835,5303,5545,3950,1978,2218,10326,6220"
568,568,"5545,2218,1210,1978,13296,10326,6220,3950,4277,10835"
570,570,"5545,13296,6220,2218,10326,3950,8235,2343,7707,10835"
573,573,"10326,6220,5303,6971,10916,13296,2218,4277,5545,1978"
594,594,"6220,2140,1978,8421,7707,5545,6971,10326,5485,3950"
601,601,"10835,5532,1017,5545,1978,13296,2218,6220,10326,7707"
605,605,"8421,4798,8562,5999,4117,3950,10326,11384,5545,2140"
641,641,"6220,2218,9942,7707,13110,13296,10326,1978,10835,4277"
650,650,"8562,7707,5545,1978,10326,2218,6220,13296,4277,3950"
675,675,"5545,1978,10326,2218,6220,13296,4277,3950,9072,7707"
677,677,"789,1290,7120,9962,10663,13309,4929,12497,12030,13101"
679,679,"10326,6220,2140,13296,5303,9072,8421,6971,5485,5545"
683,683,"8421,5545,12990,1978,2218,6220,4277,10326,9072,7707"
687,687,"8421,12990,331,851,9580,8562,10326,13296,5545,6220"
705,705,"10326,8421,4798,11384,7138,11000,4679,5545,2218,6220"
708,708,"1290,7120,789,10663,2916,296,12497,10607,13101,12030"
712,712,"8562,3870,5999,7707,10326,5545,3950,2218,1978,6220"
715,715,"4798,10326,4413,3950,2218,5545,6220,2140,5303,8562"
728,728,"4576,1290,789,10607,7120,9962,5135,296,10389,10663"
743,743,"5545,13296,2218,1978,6220,10326,4277,9072,2140,7707"
753,753,"5303,5199,3870,5545,1978,10326,13296,6220,4277,2218"
757,757,"10326,13296,8421,4277,8562,331,5485,9580,6220,5545"
768,768,"2140,3950,8421,10326,5545,1978,2218,13296,6220,5303"
797,797,"6402,5545,3950,1978,2218,6220,3870,13110,3428,7707"
813,813,"9799,7637,8703,9668,6971,8922,2020,4101,5549,6166"
832,832,"1290,544,7120,13296,4576,6220,2343,5545,11969,3487"
833,833,"6220,2140,3950,8421,5545,13296,10326,1978,2218,10835"
844,844,"8235,11622,4602,5545,5177,10326,2218,3870,6220,5495"
858,858,"8421,4277,10326,851,12990,331,4117,2380,4798,5999"
874,874,"10326,2218,6220,5545,4277,13296,5303,2140,1978,8421"
875,875,"10326,2140,7707,8421,3870,4679,12990,5545,13296,1978"
892,892,"2140,7707,9799,10326,13296,5545,6220,5303,2218,8235"
897,897,"3950,13346,10326,5545,2218,6220,2140,5303,13296,8235"
912,912,"4576,1290,8590,7120,4664,10607,1779,11775,11024,1863"
924,924,"13296,2218,1978,2140,8590,5545,10326,6220,2343,9072"
926,926,"8590,5545,13296,6220,2218,7707,10326,1978,2343,12665"
933,933,"10835,5545,13296,1978,6220,10326,2218,2343,4277,9072"
944,944,"6220,7707,10326,8235,2140,13296,5303,5545,9799,8421"
951,951,"6971,8421,6220,4277,12990,5999,8562,10326,13296,851"
974,974,"2218,5545,10326,13296,1978,6220,7707,9072,3950,2343"
1010,1010,"2140,350,5545,10326,7063,3950,1978,6220,2218,8562"
1013,1013,"7707,2218,8922,3055,5199,5999,13296,10326,3950,5545"
1016,1016,"10326,6220,5303,4277,13296,9580,331,7707,2218,5545"
1023,1023,"9799,2789,7707,5999,8562,13296,10326,2140,5303,6220"
1035,1035,"1290,10835,5303,6971,7120,13296,5545,6220,10326,2343"
1046,1046,"5303,10835,8922,13296,1290,7120,6971,10326,8590,6220"
1051,1051,"544,1290,4277,5545,13296,6220,2218,2343,10326,1978"
1057,1057,"8421,4277,12990,8562,851,5485,331,9580,10326,13296"
1064,1064,"1290,7120,4929,10663,12030,789,12497,13101,2916,6243"
1080,1080,"10326,5545,2218,6220,13296,5303,2140,6971,4277,3950"
1089,1089,"2140,10835,10326,13296,6220,5545,2218,5303,4277,1978"
1090,1090,"5303,8562,3870,4413,10326,5545,3950,2218,13296,6220"
1103,1103,"8421,13346,10326,13296,5545,6220,2218,5303,4277,2140"
1123,1123,"1290,789,7120,3697,10663,12030,4929,12497,13101,2916"
1134,1134,"8421,4277,13346,10326,5545,3950,2218,1978,6220,2140"
1136,1136,"5545,3950,4277,8421,13296,12990,9942,11384,10326,1978"
1139,1139,"1863,6220,10429,3487,13296,5545,7707,4576,7679,2769"
1154,1154,"6220,7707,13110,3870,6971,13296,1978,10326,2218,2343"
1169,1169,"6220,10326,4277,8590,12665,8421,1290,6971,7707,331"
1173,1173,"2140,5545,13296,1978,2218,6220,4277,10326,7707,9072"
1178,1178,"2140,1210,8421,13110,11000,5545,1978,10326,2218,6220"
1190,1190,"2789,8421,5999,10835,8562,11843,10326,6971,2140,5303"
1205,1205,"5545,7707,6220,8562,7723,10326,3950,2218,2140,10835"
1217,1217,"1290,789,7120,10607,5135,296,6610,4576,3697,10663"
1218,1218,"6220,544,2343,8590,89,4576,13296,1290,10607,3487"
1230,1230,"10835,8235,7707,13296,5532,10326,6220,2140,5303,5545"
1250,1250,"8421,9580,331,4679,10326,12857,6326,5303,13296,2140"
1252,1252,"8421,5199,11384,220,5545,10326,1978,2218,4277,6220"
1276,1276,"10835,5532,5545,10326,2218,6220,13296,1978,9072,4277"
1279,1279,"789,5135,9962,1290,13309,7120,4929,10663,3697,12497"
1281,1281,"6060,5105,6402,5760,10352,9375,6150,4256,1377,6306"
1288,1288,"3950,220,13346,5545,1978,8421,10326,2218,6220,3870"
1305,1305,"789,5135,9962,1290,7120,10607,13309,296,10663,3697"
1320,1320,"8421,7707,5545,10326,13296,6220,2218,2140,10835,2343"
1321,1321,"8421,2218,4277,5999,3055,10326,13296,2140,3950,5303"
1328,1328,"13296,6220,10326,5303,9942,7707,13110,5545,1978,2218"
1343,1343,"851,8421,4277,2140,331,2380,10916,1180,11282,1776"
1345,1345,"3950,2140,8421,5545,11384,811,10326,1978,2218,6220"
1374,1374,"789,7120,5135,10607,10674,296,3697,2916,4576,10663"
1410,1410,"11969,4576,544,6220,3487,7679,4664,11024,10674,10607"
1414,1414,"8421,10326,851,12990,9580,331,8161,10916,11282,12857"
1420,1420,"6220,5303,4413,10326,13296,3950,8235,2218,2140,5545"
1440,1440,"2140,8590,5545,13296,10326,6220,2343,2218,10835,4277"
1441,1441,"2218,5545,1978,6220,7707,8188,13110,9942,13296,350"
1443,1443,"10607,10674,789,4576,11024,5135,1290,4664,9295,11298"
1458,1458,"10607,1290,789,9962,7120,5135,4576,296,3697,10581"
1492,1492,"3950,5545,10326,6220,13296,2218,1978,4277,5303,10835"
1496,1496,"6971,5303,9799,4277,6220,10916,851,2789,10326,13296"
1499,1499,"5545,1978,2218,6220,13296,4277,7707,9072,9942,1210"
1504,1504,"789,1290,7120,9962,10607,5135,10663,296,4929,2916"
1516,1516,"2769,4256,6659,5105,11590,6060,6402,7679,1377,10352"
1523,1523,"10326,2218,2140,6971,6220,5303,13296,8590,5545,7063"
1534,1534,"6060,6011,10352,5760,6402,5105,5027,8540,4399,10974"
1539,1539,"6220,544,9072,9942,5303,89,5545,13296,1978,2218"
1559,1559,"5303,2140,6971,12990,8562,5485,13296,10326,4277,5545"
1572,1572,"5545,6220,7707,3870,13296,1978,10326,3950,2218,9072"
1573,1573,"13296,6220,4277,8421,5303,1210,5545,10326,1978,2218"
1601,1601,"1290,4576,7120,4664,13296,5545,6220,2343,8590,544"
1603,1603,"1328,1377,5545,3950,1978,3870,2218,6220,7707,6402"
1604,1604,"1978,8421,7707,3870,5545,6220,13296,10326,2218,4277"
1613,1613,"1290,789,7120,10607,10674,4576,9962,4664,296,9295"
1634,1634,"12990,5545,10326,1978,2218,6220,13296,2140,4277,3950"
1642,1642,"8421,5303,6971,10326,3950,2140,2218,5545,8562,6220"
1643,1643,"5135,789,1290,9962,4576,7120,2916,3697,1244,13309"
1654,1654,"4277,3950,8562,5532,5545,13296,1978,10326,6220,2218"
1657,1657,"10607,1290,10674,4576,7120,11024,4664,11775,9295,1851"
1674,1674,"2343,4277,9072,7707,5303,8562,89,5545,13296,6220"
1702,1702,"3950,5999,7138,10326,5545,13296,6220,2218,5303,2140"
1719,1719,"6402,6306,6060,5105,8540,5760,6011,10352,6150,162"
1725,1725,"2218,5303,4679,10326,5999,5545,3950,13296,6220,2140"
1726,1726,"6971,1290,8562,8922,10326,13296,6220,5545,2218,2140"
1728,1728,"4576,11298,6610,4664,1779,11918,4216,11969,12903,4036"
1735,1735,"8235,2218,8922,5999,10326,13296,2140,6220,6971,5303"
1739,1739,"789,1290,7120,5135,9962,10663,4929,12497,3697,13101"
1774,1774,"9072,8421,5199,7707,5485,5545,1978,13296,2218,10326"
1780,1780,"5545,1978,6220,13296,2218,2343,10326,7707,9072,4277"
1799,1799,"5532,8421,5545,10326,3950,2218,6220,1978,2140,13296"
1813,1813,"2218,6220,2343,8562,5545,13296,10326,2140,10835,1978"
1834,1834,"8421,3950,8562,12990,10835,12857,331,10326,2140,5545"
1835,1835,"5545,10326,3950,2218,6220,8562,1978,7063,3870,9072"
1841,1841,"1290,5135,789,10607,296,10663,3697,4929,2916,4576"
1863,1863,"5545,1978,2218,6220,350,13110,1210,9178,9341,9072"
1878,1878,"4413,3950,10326,2218,8562,7063,5545,2140,5303,2291"
1879,1879,"8421,6220,5999,7707,10326,13296,5303,5545,2140,851"
1910,1910,"1290,789,7120,10663,12497,13101,6243,12030,3697,1400"
1911,1911,"11384,220,3950,5545,10326,6220,2218,5303,2140,8421"
1919,1919,"5545,1978,2218,6220,11969,9072,2343,4277,9942,544"
1925,1925,"10607,4163,2957,10674,1290,5135,4216,7120,1851,83"
1926,1926,"10607,789,9962,11298,5135,1290,4664,7120,11024,9295"
1931,1931,"6402,6060,5105,5760,8540,10352,6011,5027,6150,6640"
1940,1940,"4277,10326,12990,4798,2789,7707,10916,331,560,5485"
1968,1968,"10326,6220,4277,8590,4798,851,8562,331,13296,5545"
1981,1981,"8421,7707,331,10916,10326,13296,6220,5303,3950,5545"
1992,1992,"5303,8235,8421,10326,13296,5545,6220,2218,2343,10835"
1998,1998,"11298,789,9962,11024,1290,9730,4664,10674,9295,10607"
2000,2000,"789,1290,7120,5135,9962,10663,4929,13309,13101,12497"
2017,2017,"331,6515,10326,851,5303,8421,6971,4277,4798,13296"
2036,2036,"5545,6402,11590,4256,8540,10107,6659,9375,2218,6060"
2044,2044,"10326,5545,2218,3950,6220,2140,8562,13296,5303,6971"
2047,2047,"789,1290,7120,10607,5135,13309,4576,296,10663,4664"
2052,2052,"2769,5760,10009,7679,247,5105,6060,6082,3464,6011"
2055,2055,"6060,5760,5105,10352,6011,6150,10441,5027,8911,10974"
2069,2069,"13296,6220,5545,1978,10326,2218,3950,9072,4277,7707"
2075,2075,"5303,1978,3870,1210,10326,5545,13296,5999,6220,2218"
2089,2089,"8421,13346,10326,3950,5545,2218,5303,2140,6220,1978"
2093,2093,"13296,2140,10326,6220,8421,1978,9072,5485,5545,2218"
2127,2127,"2140,851,12990,7138,10326,5303,13296,2218,6971,6220"
2135,2135,"7707,3950,5545,5199,1978,6220,2218,10326,13110,9072"
2137,2137,"5545,5485,13296,1978,10326,6220,7707,4277,8562,10835"
2141,2141,"6220,13296,12665,13110,10835,3428,5545,1978,2218,7707"
2147,2147,"1290,4576,6610,4664,9962,7120,2989,789,6220,10607"
2150,2150,"13296,10326,2218,8590,2140,1290,5545,1978,6220,4277"
2153,2153,"5303,12990,4277,4798,8562,851,331,9580,10916,10326"
2158,2158,"789,1290,7120,9962,5135,296,4664,10663,2916,13309"
2178,2178,"6220,6971,9072,7707,10326,5545,2218,3950,5303,13296"
2180,2180,"6402,6060,5760,10352,6011,5027,6150,10441,6306,10974"
2181,2181,"1290,11775,10674,10607,7679,4664,9730,4576,11024,11298"
2193,2193,"3870,220,3428,3950,4602,5545,2218,1978,10326,9306"
2216,2216,"8421,3950,851,331,4679,10916,10326,11384,5303,5545"
2224,2224,"10835,2343,10326,5545,6220,13296,2218,4277,5303,1978"
2231,2231,"2343,5545,13296,6220,2218,1978,10326,10835,7707,12665"
2242,2242,"5545,6220,13296,2218,1978,2343,11969,12665,544,9072"
2243,2243,"10835,7707,4117,5199,12990,8590,5532,331,13296,5545"
2247,2247,"3509,5545,1978,2218,6220,9942,8188,13110,7707,4946"
2262,2262,"10607,789,1290,4576,7120,9962,5135,296,10663,4664"
2271,2271,"5545,12665,1978,2140,7707,5485,9942,13296,4277,2343"
2284,2284,"3950,8421,10326,5545,2218,2140,5303,6220,13296,8562"
2287,2287,"3950,10326,5545,6220,2140,2218,5303,13296,6971,8235"
2291,2291,"5999,8562,10326,5303,2140,13296,2218,8421,5545,851"
2293,2293,"1290,7120,4576,789,9962,11024,4664,13296,2916,6220"
2294,2294,"8421,4679,10326,11000,5545,3950,2218,13296,6220,5303"
2301,2301,"6220,2140,6971,7707,5999,5485,10326,13296,5545,1017"
2310,2310,"13296,6220,12665,4277,1978,5199,8421,5545,10326,2343"
2341,2341,"10326,5303,6971,851,331,9072,2140,13296,8421,6220"
2345,2345,"11298,789,9962,1290,5135,4664,4576,11024,7120,1851"
2348,2348,"789,1290,7120,5135,10607,10663,4929,296,3697,12497"
2349,2349,"8421,5999,4117,8562,12990,7707,5532,5199,10326,13296"
2350,2350,"5303,6971,6220,5545,2140,5485,13296,10326,4277,10835"
2355,2355,"10326,8421,851,4277,12990,331,4798,9580,8161,13296"
2383,2383,"11590,1377,5545,3950,6402,3870,7707,6060,1978,6220"
2393,2393,"2291,9306,5303,7063,3870,13214,4877,3950,9771,10326"
2399,2399,"789,9962,7120,5135,10663,4929,12497,2916,296,13101"
2421,2421,"2343,2140,5532,8235,5199,5545,10326,13296,6220,2218"
2435,2435,"5545,1978,6220,2218,2343,7707,9072,13296,11969,9942"
2448,2448,"2140,5485,8421,10326,13296,2218,6220,6971,5545,5303"
2452,2452,"789,1290,7120,5135,10663,13309,2916,4929,12497,296"
2464,2464,"10835,7707,4117,5532,10326,13296,5545,6220,2218,2140"
2470,2470,"5545,10326,2218,3950,6220,5303,2140,8562,7063,13296"
2478,2478,"5303,5999,10835,12026,9799,10326,6971,13296,2140,2789"
2506,2506,"3870,4277,1210,8562,5545,1978,9455,2218,6220,10326"
2523,2523,"3870,5545,3950,2218,1978,10326,6220,8562,7707,5495"
2527,2527,"1290,7120,789,5135,4929,10663,13101,12497,3697,2916"
2528,2528,"5303,6220,4277,7063,7138,8421,10326,3950,4679,5545"
2530,2530,"1210,10326,11000,5545,2218,1978,6220,3950,2140,5303"
2533,2533,"5545,11384,10326,3950,13296,6220,2140,4277,8562,1978"
2540,2540,"7707,5545,3950,1978,6220,2218,10326,3870,8562,13110"
2558,2558,"3950,8235,4277,4413,10326,5545,4679,13296,2218,6220"
2559,2559,"6060,6011,10352,5760,10441,5105,6402,8540,5027,6082"
2592,2592,"3950,2218,5545,3870,5485,13296,10326,6220,2140,5303"
2599,2599,"8421,7707,1017,4679,10326,3870,5545,13296,6220,1978"
2608,2608,"13296,6220,4277,12990,5545,8421,1978,10326,2218,2343"
2613,2613,"789,5135,1290,9962,10607,7120,4576,9295,3697,296"
2616,2616,"8421,10326,3950,5545,2140,2218,5303,6220,8562,13296"
2617,2617,"2140,5545,13296,10326,1978,2218,6220,9072,4277,9942"
2619,2619,"3950,13110,5545,1978,2218,6220,10326,3870,7707,13296"
2622,2622,"11298,789,5135,11024,6610,1290,7120,4664,3539,4036"
2629,2629,"10607,789,9962,1290,7120,5135,11024,1244,13309,10389"
2648,2648,"789,9962,5135,1290,7120,10663,296,13309,4929,4576"
2654,2654,"6220,2140,4798,560,10326,13296,5303,5545,8421,2380"
2668,2668,"4576,3487,10429,5976,2989,2769,3464,7679,9564,12339"
2703,2703,"5545,1978,2218,10326,6220,9942,9072,13110,3870,9178"
2710,2710,"10326,5303,6971,3870,5545,13296,6220,2218,1978,4277"
2713,2713,"10835,5303,5545,3870,10326,7707,3950,2140,6220,13296"
2722,2722,"7120,789,4929,10663,5135,12497,2916,13101,296,10607"
2724,2724,"1290,7120,4929,789,10663,12497,2916,12030,6243,8567"
2727,2727,"5545,10326,13296,2218,7707,9072,4277,5303,1978,6220"
2755,2755,"10607,10674,11298,9730,4576,1290,4664,1851,83,12903"
2769,2769,"5545,6220,2218,1978,2343,7707,13296,9942,8188,9072"
2776,2776,"5303,5999,11357,8161,9580,10326,12104,6971,2789,8421"
2781,2781,"789,1290,7120,5135,9962,10663,4929,12497,3697,12030"
2782,2782,"789,1290,5135,7120,10607,296,13309,4576,10663,3697"
2789,2789,"5303,10835,8421,4679,5545,5199,10326,13296,6220,1978"
2794,2794,"10326,2218,5545,5303,6220,2140,4277,1978,8421,13296"
2804,2804,"2218,5545,13296,10326,1978,6220,10835,2343,7707,4277"
2819,2819,"6220,10326,10835,6971,5999,12990,2380,4117,9799,331"
2846,2846,"9799,6971,7637,6220,2140,4698,9668,8703,9937,5549"
2851,2851,"9942,5545,13296,1978,2218,10326,6220,2343,12665,9072"
2861,2861,"3428,5545,13296,6220,2218,10326,1978,2343,9072,7707"
2862,2862,"4576,1290,7120,1863,11024,1779,13296,3487,5545,6220"
2867,2867,"1377,1328,5545,6402,1978,4256,13110,350,3870,6060"
2873,2873,"9072,4277,11969,8562,8590,5545,13296,10326,2218,1978"
2880,2880,"6220,1290,2218,9799,6971,4576,89,13296,10326,8235"
2881,2881,"2140,8421,10326,5545,13296,2218,6220,5303,1978,4277"
2886,2886,"2218,9072,5303,2140,8562,5545,1978,10326,13296,6220"
2891,2891,"10326,8421,6220,4277,10835,3950,2380,5999,331,4798"
2908,2908,"12665,8421,2140,8562,13296,5545,6220,2218,2343,544"
2910,2910,"2218,12665,4576,7679,4664,5545,13296,3487,1978,6220"
2915,2915,"3950,3870,8421,13346,5545,10326,1978,2218,6220,8562"
2935,2935,"7707,8562,5545,1978,13296,6220,2218,4277,10326,9072"
2946,2946,"4576,1290,8590,10674,7120,10835,6971,13296,5545,2343"
2948,2948,"4576,10607,10674,1290,4664,10389,10137,7120,11298,8714"
2969,2969,"2218,2140,7707,2291,3055,5999,10326,3950,5545,5303"
2979,2979,"4163,2957,83,11024,1851,10607,10674,9962,789,11298"
3036,3036,"5760,2769,7220,5105,10009,4619,10441,363,6011,1599"
3050,3050,"8421,10835,7707,13346,11384,10326,5545,13296,2218,6220"
3056,3056,"8540,6402,10352,6011,6306,4399,6815,6060,5105,5760"
3061,3061,"10326,8421,4277,5303,8562,5545,13296,6220,1978,2218"
3066,3066,"6220,12665,1978,10835,7707,8562,6971,544,13296,5545"
3069,3069,"5303,5199,5532,11384,10326,5545,13296,6220,2218,2140"
3094,3094,"4277,2140,9072,1978,331,4798,9580,10916,5485,10326"
3106,3106,"10352,6011,6306,4256,4399,6060,5027,5105,8540,5760"
3110,3110,"1290,4576,7120,13296,4664,6220,5545,2343,10326,2218"
3115,3115,"5532,5545,13296,1978,10326,6220,2218,2343,7707,9072"
3136,3136,"6220,2140,6971,7723,7707,9799,4413,10326,13296,5545"
3159,3159,"6402,10352,4256,6011,6659,1377,11771,6060,5027,5105"
3166,3166,"13296,4277,9072,2140,5485,544,10326,6220,5545,2218"
3172,3172,"789,5135,9962,1290,13309,7120,296,10663,11298,2916"
3200,3200,"5545,1978,10326,2218,6220,9072,13296,9942,2343,4277"
3217,3217,"1210,13346,5545,1978,3950,2218,10326,6220,3870,7707"
3218,3218,"6060,2769,5760,5105,10352,6011,6082,3464,1213,11771"
3229,3229,"8421,4798,13346,8161,10916,10326,5303,6971,851,2140"
3230,3230,"10326,2140,9072,5545,13296,6220,1978,2218,4277,7707"
3274,3274,"5303,8421,4798,8562,7063,4277,1912,8161,10916,10326"
3285,3285,"350,8421,5545,1978,13296,10326,2218,6220,4277,9072"
3316,3316,"6220,4277,2380,10326,4413,5545,13296,2140,5303,8421"
3319,3319,"851,8421,10326,12990,11843,9580,331,8161,10916,11282"
3323,3323,"5545,8421,5199,5999,4798,9072,10916,7707,331,13296"
3346,3346,"10607,4576,1290,11298,7120,789,10674,5135,4664,9962"
3354,3354,"5545,1978,2218,6220,13296,7707,9942,9072,2343,350"
3368,3368,"8562,4277,7707,11384,13346,4679,5545,10326,13296,6220"
3374,3374,"13296,544,5545,1978,2218,4277,10326,2343,9072,7707"
3391,3391,"8562,1017,2140,5545,1978,13296,6220,2218,4277,7707"
3397,3397,"10326,8235,6220,8562,7707,3870,4413,3950,5545,2218"
3404,3404,"5545,3950,6220,2218,10326,3870,7707,8235,8562,1978"
3408,3408,"6971,8421,5999,10835,7707,4117,10326,13296,851,5303"
3416,3416,"5303,2343,10835,8922,10326,13296,6971,1290,9799,2140"
3422,3422,"13296,6220,10326,6971,9799,7707,8562,8235,5545,2140"
3423,3423,"7707,2218,9072,8562,5545,10326,13296,1978,3950,6220"
3426,3426,"6971,1290,2218,13296,7120,8922,4929,10326,5303,8590"
3436,3436,"6220,5545,10835,8421,13296,8562,10326,4277,2343,1978"
3448,3448,"6220,3950,811,5545,10326,1978,2218,4277,13296,5303"
3464,3464,"1210,5545,3950,1978,2218,6220,10326,7707,8562,13110"
3472,3472,"789,1290,9962,5135,7120,10607,10663,296,3697,4929"
3477,3477,"5545,6971,8562,7707,5485,5199,13296,10326,6220,5303"
3488,3488,"5199,10326,5545,6220,2140,13296,5303,3950,4277,8421"
3497,3497,"8421,851,331,10326,13296,5545,6220,5303,2140,4277"
3504,3504,"4576,1290,7120,5135,4664,789,296,10607,11298,10674"
3517,3517,"3870,4679,10326,3950,8562,2140,5545,6220,5303,8421"
3538,3538,"2140,5303,8421,8161,2291,10916,851,10326,2789,9799"
3544,3544,"3950,10835,5545,10326,13296,2218,1978,6220,2343,9072"
3547,3547,"6220,11000,5545,1978,3950,2218,10326,3870,13110,7707"
3569,3569,"10326,10835,13296,6220,4277,7707,4117,5999,8562,1017"
3570,3570,"6402,6011,10352,8540,5027,4399,6306,4029,6060,5105"
3575,3575,"350,5545,1978,6220,2218,9072,13296,11969,1210,4277"
3579,3579,"13296,6220,4277,12665,7707,6971,5545,331,10326,10835"
3588,3588,"4576,1290,7120,5135,789,296,10607,11298,10674,2989"
3592,3592,"2769,3464,5105,3487,7047,7679,10009,4576,9732,11298"
3617,3617,"2140,9580,10916,10326,13296,4277,5303,851,8421,5545"
3632,3632,"7707,8235,5545,13110,10326,3950,13296,6220,1978,2218"
3650,3650,"2140,3950,7063,10326,8562,8421,5545,8235,5303,3870"
3654,3654,"10326,12990,8562,9580,11843,10916,2140,5303,6971,4277"
3656,3656,"6402,8540,10352,6952,4256,6011,10974,6060,5105,5027"
3678,3678,"789,5135,9962,7120,1290,10663,4576,4929,3697,11117"
3681,3681,"6402,10352,6060,6011,5027,8540,6952,10974,4399,13111"
3683,3683,"851,4413,4798,11282,10326,1180,9799,2789,6971,2140"
3685,3685,"5545,851,2380,1978,12990,5485,7707,331,9942,13296"
3699,3699,"2769,6060,5760,5105,3464,6082,7047,1213,162,9375"
3707,3707,"2218,5545,13296,10326,6220,10835,1978,2343,9072,4277"
3731,3731,"9072,12990,8421,8590,5485,331,4798,13296,5545,6220"
3737,3737,"8421,5303,851,4277,331,13346,10326,4679,2140,13296"
3739,3739,"2140,5545,13296,10326,6220,2218,8235,2343,3950,10835"
3744,3744,"3950,2218,8235,8421,2380,5999,4798,5545,5199,11384"
3753,3753,"3950,10835,8421,9072,851,7707,9580,10326,5545,13296"
3778,3778,"8421,6220,2380,8562,1978,10326,5303,5545,2140,851"
3786,3786,"3950,6220,9942,8421,10326,4277,5545,2218,13296,8562"
3790,3790,"5199,5545,13296,6220,10326,2218,1978,4277,2140,5303"
3804,3804,"5545,10326,2218,1978,6220,9072,3950,2140,13296,8562"
3805,3805,"7707,8562,8421,1210,6971,3870,5545,4679,13296,1978"
3819,3819,"2218,10835,7707,4277,8421,5199,8562,5485,5545,5532"
3827,3827,"6060,6011,5760,8540,10352,5027,5105,8911,6082,10441"
3829,3829,"10326,5303,6971,4277,12990,2789,8562,331,9580,10916"
3841,3841,"3950,2140,4277,5545,8421,10326,1978,13296,6220,2218"
3849,3849,"789,9962,5135,1290,13309,10607,7120,10663,4929,3697"
3928,3928,"789,1290,7120,9962,5135,10607,4576,13309,296,10663"
3988,3988,"10674,11298,4664,1290,9732,10389,789,4216,7120,4163"
3994,3994,"2218,5545,1978,6220,11969,2343,8188,9942,13296,544"
3998,3998,"1978,3950,4277,13346,4798,5545,10326,2218,6220,5303"
4012,4012,"3950,11622,5610,10326,5545,4602,9306,2218,8235,3870"
4021,4021,"5303,8421,5999,10835,4277,2343,331,10326,7707,13296"
4022,4022,"851,4277,13296,12990,331,11282,9580,5485,9799,5303"
4047,4047,"5545,3487,6220,2218,5976,13296,1863,7707,2343,10429"
4073,4073,"6220,2140,6971,13296,5545,5303,10326,2218,8590,1290"
4099,4099,"5303,4277,2343,3870,4679,5545,1978,13296,10326,2218"
4100,4100,"6220,89,1863,3487,2989,4576,13296,8714,10674,9730"
4120,4120,"13296,1978,3950,6220,8562,8421,3870,5545,10326,2218"
4126,4126,"789,5135,1290,13309,7120,10663,4929,12497,13101,296"
4136,4136,"10835,5199,10326,13296,2140,5303,6220,4277,5545,6971"
4160,4160,"10607,789,2957,4163,1290,1851,7120,4576,83,4664"
4173,4173,"10607,1290,4576,7120,789,5135,296,10663,4929,1244"
4177,4177,"8421,12990,4798,8562,7707,6326,10326,5545,13296,6220"
4183,4183,"10326,4277,8421,12990,851,331,9580,10916,11384,13296"
4191,4191,"5545,1978,2218,4256,350,13110,6402,8188,6220,9178"
4195,4195,"8421,2140,4798,10916,13346,10326,6326,5545,2218,5303"
4213,4213,"1290,544,6220,7120,4664,89,13296,296,5545,10326"
4226,4226,"9072,2140,5303,5545,13296,1978,6220,2218,10326,2343"
4227,4227,"1290,10607,4576,9962,4664,11024,7120,789,5135,9295"
4232,4232,"2218,7707,3870,3950,10326,2140,5545,9306,8235,2291"
4255,4255,"4277,5303,9072,8421,11384,4679,3870,5545,11969,13296"
4258,4258,"1290,2218,6971,6220,5135,8590,4576,7120,4929,789"
4274,4274,"11590,1328,3870,5545,1377,1978,6402,6220,7707,2218"
4289,4289,"4576,1290,6220,8590,10607,7120,6610,13296,5545,2343"
4295,4295,"8421,4277,3870,10326,5545,13296,6220,1978,3950,2218"
4300,4300,"6220,1978,3950,3870,8562,5545,13296,10326,2218,4277"
4334,4334,"220,5545,1978,3950,2218,6220,10326,7707,3870,350"
4361,4361,"3950,8421,10326,8235,2140,4413,5545,2789,6220,9799"
4377,4377,"3950,2140,10326,8421,11000,5545,811,10916,2218,1978"
4412,4412,"1290,789,7120,5135,10663,4929,296,3697,2916,12497"
4415,4415,"6402,8540,4256,5545,6060,5760,9375,10352,5105,11590"
4424,4424,"2140,6220,2291,7723,2990,8235,10326,3950,11540,5545"
4425,4425,"8421,13346,11384,10326,11000,5545,2218,6220,13296,5303"
4430,4430,"5303,10835,3950,3870,5545,1978,13296,10326,6220,2218"
4433,4433,"2140,4413,6971,7707,10326,2789,8421,5303,6220,4117"
4436,4436,"6402,6060,8540,4256,5545,5027,5105,6659,10352,5760"
4458,4458,"13346,10326,2140,5545,3950,6220,5303,2218,8421,4277"
4461,4461,"1377,6060,9375,5545,6659,2218,6220,2769,1978,8188"
4488,4488,"8421,8562,8235,4602,6326,5545,13296,10326,6220,2140"
4497,4497,"1290,7120,4929,10663,12497,13101,2916,6243,4576,8567"
4498,4498,"1978,10326,8421,12990,811,5545,13296,4277,2218,5303"
4504,4504,"5027,6952,13111,2770,1377,1796,6402,8540,6060,5105"
4510,4510,"4576,1290,10607,7120,4664,789,8590,296,10674,11969"
4512,4512,"6060,6402,6011,10352,5760,8540,5027,5105,8911,10974"
4513,4513,"10326,8562,2140,4277,9942,5545,1978,2218,6220,3950"
4516,4516,"789,1290,7120,5135,9962,13309,296,10663,4929,3697"
4526,4526,"6220,7707,4277,10326,8562,3870,5545,13296,1978,2218"
4528,4528,"3950,7707,5545,3428,1978,6220,10326,2218,13296,9072"
4542,4542,"3950,8421,7707,6326,12990,5545,6220,2140,1978,2218"
4559,4559,"789,1290,5135,7120,9962,11298,13309,296,4576,10663"
4572,4572,"8421,9580,10326,2218,6971,3950,2140,5303,2291,11540"
4575,4575,"2218,5303,6971,5545,10835,7707,10326,10916,13296,6220"
4583,4583,"8421,1978,12990,811,4798,10326,5545,2218,13296,6220"
4602,4602,"2218,5303,6971,8562,5545,13296,10326,1978,6220,4277"
4608,4608,"9962,1290,789,7120,5135,4576,4664,6610,11024,10389"
4609,4609,"5545,10326,6220,13296,2218,3950,2140,5303,9072,1978"
4626,4626,"3950,13296,2140,1978,8421,4277,8235,9942,5485,10326"
4642,4642,"8279,5545,1978,2218,9178,350,13110,6220,3870,3992"
4653,4653,"2140,6220,5303,13296,5485,10326,5545,10835,2218,2343"
4664,4664,"4576,1290,7120,9962,789,6610,4664,5135,9295,296"
4665,4665,"1290,7120,10663,4929,12497,12030,13101,3697,296,2916"
4672,4672,"4576,10607,1290,7120,4664,789,9295,10674,10389,11298"
4680,4680,"10352,8540,5027,6060,5760,6952,4256,6011,6306,10974"
4705,4705,"8421,8562,2789,10326,5303,13296,2140,5545,851,6220"
4707,4707,"2218,7723,5545,13296,10326,1978,6220,2343,10835,9072"
4711,4711,"2140,5545,1978,10326,13296,2218,6220,4277,3950,9072"
4732,4732,"2218,5545,1978,6220,13110,1210,8188,350,9341,9072"
4734,4734,"1290,7120,789,10663,4929,5135,13101,2916,12497,3697"
4735,4735,"1290,1863,8590,7120,4576,6220,3487,13296,2989,2218"
4749,4749,"6220,1978,8590,12665,6971,8421,5485,5545,10326,2218"
4751,4751,"2789,5999,8421,331,11843,8235,2567,8161,10326,6326"
4762,4762,"10835,5999,2789,4798,13346,10326,5545,6220,2140,13296"
4767,4767,"6220,2218,13296,3487,4576,2343,4664,1290,10674,1863"
4771,4771,"8421,8562,4679,13346,7138,5545,10326,2218,1978,6220"
4773,4773,"6220,5545,4277,7707,2140,5303,8562,3870,13296,10326"
4776,4776,"5545,1978,2218,6220,13296,7707,9942,9072,13110,3870"
4783,4783,"4256,6220,6659,11590,10352,11771,7707,1377,350,5545"
4788,4788,"6971,2140,4798,10326,5545,6220,13296,2218,5303,4277"
4808,4808,"1328,5545,1978,2218,350,13110,6220,9178,3428,1210"
4810,4810,"4679,10326,5303,5545,6220,3950,2218,13296,8421,4277"
4818,4818,"4679,8421,5545,10326,3950,1978,2218,6220,8562,3870"
4823,4823,"5545,1978,2218,6220,7707,9072,9942,13110,8188,2343"
4829,4829,"5545,3950,1978,2218,6220,10326,3870,8562,7707,220"
4842,4842,"6220,3950,12990,5545,10326,13296,5199,10835,2218,2343"
4859,4859,"3870,7707,5545,2218,1978,6220,3950,2343,13296,8562"
4866,4866,"1290,7120,12030,5135,3697,9962,1244,2885,9295,4576"
4881,4881,"4277,8421,7707,4798,4679,331,5999,13296,10326,6220"
4908,4908,"2140,2291,6971,3950,10326,8235,11540,5303,9799,4413"
4910,4910,"789,1290,9962,4929,12497,13309,2916,12030,13101,296"
4922,4922,"5545,6220,7707,6971,7063,10326,13296,1978,2218,5303"
4942,4942,"3487,3464,4576,5545,2343,11969,13296,6220,544,4664"
4976,4976,"8421,4277,331,10326,13296,2140,5545,2218,6220,5303"
4993,4993,"4576,1290,4664,7120,13296,6220,8590,1863,3487,2343"
4995,4995,"4277,12990,8421,331,4798,10916,8562,13296,10326,5545"
5020,5020,"6060,6011,5760,5105,10352,6082,8911,449,6402,6150"
5040,5040,"6220,8421,5545,10326,2218,8562,4679,3950,13346,1978"
5048,5048,"5303,8421,4679,9306,10326,3950,5545,2218,2140,6220"
5058,5058,"2343,10835,5532,5545,10326,13296,6220,1978,2218,2140"
5067,5067,"5545,10326,2218,6220,1978,2140,5303,13296,4277,3950"
5087,5087,"6220,8421,1978,4277,7707,4117,12990,8562,5999,5532"
5090,5090,"8562,3055,3870,10326,13296,5545,2140,6220,5303,3950"
5102,5102,"5545,10326,3950,2218,6220,1978,2140,7707,8562,13296"
5103,5103,"6220,2140,4277,7707,331,13296,10326,5303,5545,2218"
5105,5105,"4576,2218,1863,5545,13296,3487,6220,544,11969,12665"
5108,5108,"3950,2140,2789,8161,10326,10916,7707,5303,8421,6971"
5119,5119,"5545,1978,2218,6220,10326,9942,9072,9341,13110,9178"
5120,5120,"1290,4576,7120,789,4664,9295,10607,11298,10674,3539"
5124,5124,"3870,8421,350,3950,5610,5545,10326,1978,2218,8562"
5132,5132,"8562,8421,2291,6326,10326,10916,8161,3950,2140,5303"
5138,5138,"6402,5545,1978,2218,6220,3950,13110,3870,3992,350"
5144,5144,"4277,3950,5303,1912,331,4679,10326,7138,5545,6220"
5159,5159,"4277,10326,8421,3950,12990,8562,4798,5545,6326,13296"
5167,5167,"2218,11590,6402,4256,5545,1978,13112,6220,3428,9178"
5175,5175,"8421,3950,5545,10326,2218,9306,1978,3870,2140,8562"
5176,5176,"10607,1290,4576,7120,789,4664,5135,9295,11298,10674"
5185,5185,"3950,8235,4277,7707,3055,5545,5199,10326,13296,2218"
5189,5189,"8421,3950,12990,4277,10326,3870,13296,2140,6220,2218"
5191,5191,"8235,5999,10326,5303,2140,13296,3950,6220,5545,8421"
5206,5206,"1978,2140,5485,5545,13296,6220,2218,7707,10326,4277"
5213,5213,"5303,3870,5545,10326,13296,6220,2218,1978,3950,2140"
5224,5224,"13296,851,331,12990,10326,5545,6220,4277,1978,5303"
5226,5226,"2140,10835,5303,6971,7707,13296,10326,6220,5545,4277"
5241,5241,"789,5135,1290,9962,7120,13309,10663,296,2916,4929"
5264,5264,"789,9962,5135,1290,11298,7120,4576,6610,13309,4664"
5268,5268,"5303,4277,10326,8421,9799,8562,331,13296,5545,6220"
5270,5270,"6220,8562,2380,10326,13296,2140,9799,5303,6971,8421"
5287,5287,"2218,10326,3950,6220,2140,6971,5303,8562,5545,13296"
5314,5314,"2218,6220,7707,12665,8590,6971,5545,3870,13296,10326"
5318,5318,"4576,1290,7120,4664,789,296,2916,9295,10607,2989"
5326,5326,"13296,5545,6220,2343,10326,10835,2218,7707,2140,8590"
5336,5336,"8421,13346,10326,3950,2218,5303,2140,6220,8562,5545"
5343,5343,"10607,11298,11024,10674,7679,9730,2989,9732,13431,4664"
5347,5347,"13296,6220,5545,6971,10835,7707,9942,10326,2218,2343"
5354,5354,"9306,8421,13214,3950,10326,2291,11540,2140,4413,8235"
5356,5356,"8421,4277,4798,2789,10835,10326,560,8235,13296,6971"
5367,5367,"4576,1290,4664,7120,9962,10607,10674,11298,6610,2989"
5373,5373,"8562,9072,13346,3950,5545,10326,6220,13296,2218,8235"
5385,5385,"13296,6220,12665,5545,10326,1978,2218,4277,5303,7707"
5458,5458,"2218,10326,3950,5545,6220,2140,5303,1978,8562,7707"
5463,5463,"5545,5303,6220,6971,4277,8562,13296,10326,4679,2140"
5471,5471,"11298,11024,10607,2957,4664,2769,3464,7679,13431,4216"
5476,5476,"5303,10326,5545,13296,2218,6220,2140,3950,1978,4277"
5484,5484,"3950,8421,4679,12404,7138,13346,5545,10326,11384,13296"
5508,5508,"789,9962,5135,1290,7120,13309,10607,10663,11298,296"
5513,5513,"10326,4277,5303,9072,11969,8562,12990,3870,13296,5545"
5520,5520,"10326,6220,4277,8421,12990,331,13296,5545,2218,5303"
5524,5524,"13110,10326,13296,1978,2218,6220,2140,3950,4277,9072"
5539,5539,"5545,3950,10835,5303,5199,10326,6220,13296,2140,2218"
5554,5554,"11000,11384,5545,1978,2218,10326,6220,3950,3870,8562"
5564,5564,"4798,4277,5999,12990,331,6220,6326,851,12857,10326"
5595,5595,"2140,5999,8161,10326,5303,6971,13296,8421,6220,9799"
5601,5601,"10326,8421,6971,5303,4277,10835,8161,8562,2140,13296"
5602,5602,"5303,9072,6971,5199,5545,1017,10326,13296,2218,1978"
5618,5618,"5027,10352,6306,6952,1377,6402,9817,6060,8540,4256"
5643,5643,"9799,5999,8235,10835,2218,10326,2789,8922,851,5303"
5644,5644,"5545,13296,6220,4277,2140,10326,1978,2218,5303,9072"
5651,5651,"2140,10326,2343,8421,5199,1017,5545,13296,4679,6220"
5655,5655,"8562,7707,3870,5545,10326,13296,3950,6220,2218,1978"
5658,5658,"8421,9580,8161,11282,2199,2789,9799,851,12104,6971"
5660,5660,"5545,1978,6220,2218,9072,2343,4277,13296,1210,7707"
5662,5662,"5303,6220,6971,10326,9072,13296,4277,5545,2140,1978"
5670,5670,"8421,5545,10326,3950,6220,13296,2218,2140,1978,5303"
5676,5676,"789,9962,1290,13309,11298,7120,3697,296,6811,10663"
5680,5680,"7707,10326,13296,2140,6220,5545,5303,4277,8421,10835"
5698,5698,"2343,544,8590,9072,5303,1290,5532,5545,13296,6220"
5710,5710,"4117,8421,7707,10835,5999,5199,13296,10326,2140,4277"
5723,5723,"4576,1290,789,10607,7120,11298,5135,10389,9962,11024"
5742,5742,"10835,2140,5545,13296,1978,10326,6220,2218,4277,9072"
5748,5748,"2140,5545,6220,8421,4798,4679,10326,13296,2218,1978"
5750,5750,"4277,2140,8421,8235,8562,7707,331,10326,13296,6220"
5787,5787,"3950,8421,13346,11384,10326,5545,6220,2140,5303,2218"
5798,5798,"5303,5545,10326,2218,1978,6220,13296,4277,9072,3950"
5799,5799,"2291,9306,2140,5303,7063,3950,10326,11540,2789,8235"
5815,5815,"789,9962,13309,1290,7120,10336,10663,4929,9866,12497"
5822,5822,"2218,13296,4798,10326,5303,5545,6220,2140,6971,4277"
5834,5834,"13296,8421,8562,5485,10326,5545,6220,2218,2343,4277"
5846,5846,"2140,10835,8421,2218,6971,2380,7707,11384,10326,10916"
5858,5858,"5303,6220,6515,4413,10326,851,2140,8421,6971,4798"
5882,5882,"5545,8421,12990,7707,13110,13296,1978,2218,10835,10326"
5892,5892,"10835,4602,5545,1978,6220,13296,2218,7707,3870,8562"
5897,5897,"5303,8421,851,12990,6971,2380,10916,9580,10326,13296"
5898,5898,"3950,5610,5545,10326,9306,2218,3870,8562,6220,2140"
5902,5902,"3950,3992,13346,5545,220,1978,10326,2218,6220,3870"
5919,5919,"1290,4576,8590,6220,7120,10663,10674,89,4036,12497"
5934,5934,"3950,4798,8421,12990,8562,9580,10326,10916,5303,5545"
5946,5946,"789,5135,1290,9962,7120,13309,4929,10663,10607,12497"
5965,5965,"8235,6971,2218,2343,5532,8590,10326,5545,13296,3950"
5995,5995,"3950,10835,5545,10326,1978,2218,13296,6220,4277,5303"
6005,6005,"6220,1978,10835,7707,8590,9072,5199,5532,13296,5545"
6006,6006,"5303,6971,6220,5999,10326,5545,3950,13296,2218,2140"
6013,6013,"4277,11843,8562,331,10326,13296,2140,5545,5303,6220"
6016,6016,"8421,13346,12857,10916,10326,3950,2218,5545,5303,2140"
6023,6023,"789,7120,10663,13101,12497,6243,5135,12030,8567,3697"
6052,6052,"3950,7707,8421,2380,4117,10326,5545,13296,2140,5303"
6056,6056,"10835,8562,5199,5532,5545,13296,6220,4277,10326,2218"
6059,6059,"10326,5303,8421,12990,5545,1978,2218,6220,13296,4277"
6064,6064,"5999,4117,10835,8562,10326,9799,2140,5303,851,13296"
6091,6091,"9799,6220,4277,5999,8235,7707,5199,10326,13296,2140"
6112,6112,"10607,7120,789,4576,5135,296,9295,3539,11298,9962"
6133,6133,"5545,7707,7063,10326,13296,6220,5303,3950,2140,1978"
6150,6150,"9306,13346,10326,3950,5545,2218,2140,8235,6220,2291"
6155,6155,"5545,10326,2218,3950,6220,13296,2140,1978,5303,8562"
6157,6157,"10326,2140,8421,851,4798,2789,4277,8161,10916,331"
6212,6212,"13310,10326,5545,6220,5303,3950,13296,8562,7063,2140"
6218,6218,"8421,8562,1210,5545,10326,3950,2218,1978,4277,6220"
6242,6242,"2140,10835,5303,2343,7707,10326,13296,4277,5545,1978"
6243,6243,"4277,10326,8421,12990,560,5545,5485,13296,5199,6220"
6260,6260,"2218,10326,6971,5303,2140,8590,13296,2291,6220,1290"
6262,6262,"6060,6402,5760,5105,10352,6640,8540,13111,162,10974"
6278,6278,"6220,7707,2140,13110,4679,1017,5545,1978,10326,11000"
6280,6280,"8421,5199,3870,331,4679,5999,13346,11384,10326,5545"
6287,6287,"4277,5303,2140,6971,7707,5545,13296,1978,10326,6220"
6305,6305,"3870,8562,8421,5545,10326,1978,3950,2218,6220,2140"
6320,6320,"1290,6971,5303,6220,2343,9799,10663,544,296,4929"
6339,6339,"6220,7707,2140,6971,11384,5545,13296,10326,1978,2218"
6360,6360,"5545,10326,6220,12665,12990,7707,13296,2218,10835,2343"
6370,6370,"6220,10835,4277,2343,12665,8421,12990,9942,5545,13296"
6376,6376,"2140,9580,10326,13346,5303,13296,5545,2218,6220,3950"
6378,6378,"5532,8590,8188,5545,13296,6220,2218,1978,2343,11969"
6379,6379,"6971,5303,1290,10835,8922,7120,10326,13296,6220,5545"
6398,6398,"10326,8562,9178,8421,5545,1978,2218,13296,6220,4277"
6422,6422,"2218,4413,10326,331,6971,2140,5303,6220,13296,10835"
6424,6424,"10326,2218,3428,5545,1978,3950,4277,6220,9072,5303"
6436,6436,"6011,5760,6060,10352,6150,10974,8540,10441,6402,162"
6454,6454,"10835,2343,5303,5532,5199,5545,13296,1978,6220,10326"
6464,6464,"10326,2140,8421,9580,6971,331,2291,1180,8161,11282"
6479,6479,"3950,8421,5545,1978,10326,2218,3870,8562,6220,220"
6485,6485,"9799,4413,13296,3487,6220,8590,8235,5545,7707,2140"
6488,6488,"3992,5545,1978,2218,6220,13296,7707,3870,10326,9942"
6490,6490,"220,10326,2218,5545,6220,13296,5303,2140,8562,9072"
6498,6498,"12990,5545,13296,10326,2218,6220,1978,4277,5303,2140"
6533,6533,"5999,6971,2218,8235,7707,10326,5303,13296,2140,6220"
6577,6577,"3950,8421,8562,7707,4798,10326,5545,6220,2218,13296"
6579,6579,"10326,6220,4277,8421,1978,331,13296,5545,2140,5303"
6583,6583,"5545,6220,1978,7707,7063,10326,13296,2218,5303,3950"
6597,6597,"5485,10326,13296,5303,4277,8421,6220,2218,6971,851"
6599,6599,"5545,2218,6971,9072,89,13296,6220,4277,10326,8590"
6607,6607,"8421,2380,4277,10835,10916,6326,10326,13296,2140,5303"
6613,6613,"8421,7707,4413,7723,5545,10326,3950,2218,6220,13296"
6622,6622,"13296,10326,6220,4277,1290,8590,12680,12990,5485,6971"
6637,6637,"7707,2140,9729,13110,3950,11622,5545,10326,1978,3870"
6644,6644,"10326,4277,851,12990,331,560,5545,13296,6220,5303"
6651,6651,"789,1290,9962,7120,10607,5135,13309,296,10663,4576"
6674,6674,"2218,3950,5545,11800,1978,6220,3870,7707,4256,64"
6683,6683,"851,8421,9072,331,5199,10326,13346,5303,5545,13296"
6686,6686,"4576,1290,789,296,9962,7120,2916,10663,13309,5135"
6707,6707,"5303,2343,10835,4117,9072,13296,560,5545,10326,6220"
6724,6724,"4576,3487,4664,7679,11969,544,10607,11024,2769,9732"
6729,6729,"5545,6220,2218,3950,7707,13296,10326,1978,2140,4277"
6739,6739,"3950,8421,5545,13346,10326,1978,2218,6220,3870,7707"
6756,6756,"5303,8421,2140,9072,6971,4679,10326,5545,13296,6220"
6764,6764,"6220,8421,4277,8562,331,5545,13296,10326,10835,2218"
6768,6768,"5545,6220,8562,3870,8421,13296,1978,10326,10835,2218"
6787,6787,"8421,8235,8562,10326,11384,13296,6220,2218,6971,5303"
6808,6808,"789,5135,13309,1290,7120,10663,3697,12497,10336,11298"
6811,6811,"6402,5545,8540,1978,6220,2218,8188,4256,2343,6659"
6812,6812,"13296,5545,7707,2380,10326,9942,5485,2140,2218,3950"
6831,6831,"1978,8421,5545,13296,10326,6220,2343,10835,2218,9072"
6833,6833,"6220,12665,4277,5545,5485,13296,1978,10326,2218,2343"
6840,6840,"5303,2140,4101,7063,9306,2789,10326,851,2291,3950"
6842,6842,"789,1290,7120,5135,9962,10607,296,3697,10663,2916"
6855,6855,"1290,789,7120,10607,5135,296,10663,4929,4576,2916"
6869,6869,"851,8421,11843,10916,11282,10326,13346,5303,2140,13296"
6874,6874,"6220,89,4664,3487,5545,13296,10429,7707,2218,1863"
6879,6879,"5545,1978,6220,2218,4277,7707,9072,13296,350,1210"
6885,6885,"5545,1978,2218,6220,9178,9942,13310,13110,350,3992"
6886,6886,"4277,6220,12990,11969,7707,5545,13296,1978,10326,2218"
6902,6902,"851,10326,4277,12990,8161,11282,10916,8562,9799,13296"
6908,6908,"789,5135,9962,10389,1290,11024,4664,9295,11298,10607"
6911,6911,"2789,4798,5999,8562,10326,2140,5303,6971,13296,9799"
6912,6912,"7707,3950,10835,8562,5545,13296,10326,2218,1978,6220"
6919,6919,"10607,1290,10674,7120,6610,4576,4664,789,9295,11298"
6926,6926,"7707,8562,5545,10326,1978,2218,6220,13296,4277,9072"
6934,6934,"3950,4602,13346,220,5545,1978,2218,3870,6220,7707"
6935,6935,"8421,1210,5545,10326,13296,1978,6220,2218,4277,9072"
6939,6939,"4413,5549,7637,9799,10326,2789,6971,2140,8235,8922"
7000,7000,"2343,5303,6971,7707,5999,5532,13296,5545,10326,6220"
7003,7003,"1290,9072,2343,4664,7120,13296,6220,4576,11969,5545"
7005,7005,"3950,8421,13346,11000,10326,5545,2218,6220,1978,2140"
7042,7042,"4679,9072,10916,11384,10326,5545,2218,5303,2140,3950"
7045,7045,"5545,1978,6220,2218,7707,13296,9072,2343,4277,3428"
7047,7047,"9799,8562,13296,10326,6220,2343,2218,5545,2140,8590"
7053,7053,"2218,13296,8235,1978,5199,5545,6220,10326,2343,10835"
7063,7063,"3428,5545,6402,1978,4256,8540,3992,13110,11590,350"
7067,7067,"6220,12665,5545,13296,4277,2218,1210,9072,350,7707"
7071,7071,"10326,5303,8421,4277,2380,7707,331,3870,13296,2140"
7078,7078,"8562,5303,3870,5545,1978,10326,2218,3950,6220,4277"
7109,7109,"10326,13296,6220,2218,2140,5545,5303,6971,8590,8562"
7118,7118,"10326,6971,5303,2789,1912,12990,6220,331,13296,2140"
7129,7129,"789,5135,9962,1290,7120,4576,13309,296,3697,2916"
7133,7133,"6402,5545,1978,2218,11590,6220,350,4256,7707,6659"
7139,7139,"11969,789,9962,4576,10607,1290,10674,7120,4664,6610"
7142,7142,"10326,5303,4277,331,8562,4117,11282,13296,851,2140"
7146,7146,"6220,13296,4277,2343,12990,8590,4679,5199,10326,5545"
7172,7172,"10326,851,8421,4798,8562,4277,10916,331,11384,5303"
7181,7181,"6220,7707,5545,5199,10326,13296,1978,10835,2140,5303"
7195,7195,"851,10326,4277,331,12990,9580,11282,8161,10916,6326"
7197,7197,"5545,8421,2380,4413,13296,10326,2218,2140,5303,3950"
7203,7203,"789,1290,7120,9962,5135,4929,10663,13101,2916,12497"
7223,7223,"8421,3950,5999,851,8235,10835,10326,13296,2140,5303"
7235,7235,"789,1290,5135,10674,9962,7120,2957,296,10663,4216"
7236,7236,"5303,10835,8421,6971,331,7063,10326,13296,6220,4277"
7237,7237,"4576,1290,7120,4664,13296,1863,6220,8590,2989,2343"
7255,7255,"1290,7120,789,10663,4929,13309,296,5135,2916,9962"
7297,7297,"2140,10835,10326,5199,560,13296,5545,6220,4277,5303"
7320,7320,"10326,10835,851,4798,4277,12990,331,10916,13296,5303"
7323,7323,"10326,13296,7707,10835,6220,2140,1017,5545,8421,5199"
7326,7326,"10326,2140,8562,6220,7707,8421,4679,5545,13296,1978"
7343,7343,"10326,4277,6220,851,8421,331,2380,9580,7707,560"
7363,7363,"13296,2789,7707,4117,9799,10326,5532,5545,6220,2140"
7364,7364,"6220,220,9072,5999,10326,3950,9580,2140,5303,5545"
7366,7366,"5545,10326,2218,6220,13296,4277,5303,1978,9072,2140"
7372,7372,"9072,11384,4679,10326,5545,13296,6220,2218,4277,5303"
7399,7399,"13296,2218,5545,6220,2343,4576,11969,12665,544,3487"
7402,7402,"2140,6220,6971,13296,10326,5545,4277,1978,5303,2218"
7406,7406,"5545,1978,2218,6220,13110,350,9942,9178,9072,7707"
7421,7421,"6971,4277,2380,560,13296,10326,544,5545,2140,8421"
7425,7425,"789,1290,9962,7120,10674,4576,10663,1244,4929,2916"
7431,7431,"10326,8421,2140,6971,8562,10916,4798,331,5545,13296"
7447,7447,"3950,8421,10835,4277,11384,13346,4798,5545,10326,2218"
7451,7451,"6220,1290,4576,6971,9799,7120,12665,1863,544,13296"
7453,7453,"789,9962,5135,4576,7120,10607,10663,2916,4929,13309"
7456,7456,"9962,789,13309,1290,10336,7120,10663,4929,3697,296"
7484,7484,"9962,789,5135,1290,7120,11298,10607,10674,4216,83"
7486,7486,"2140,8421,851,2789,6220,6971,11843,12990,8161,10326"
7505,7505,"13296,10326,6220,2218,5303,6971,5545,2140,8590,2343"
7529,7529,"8421,13346,10326,3950,811,2218,2140,6220,5303,5545"
7532,7532,"4576,1290,5135,7120,789,9962,296,9295,10607,11298"
7548,7548,"6220,8421,2140,12990,331,3870,10326,13296,5545,2218"
7550,7550,"1328,5545,1978,3950,2218,6220,3870,13110,7707,10326"
7557,7557,"10326,8421,851,11843,3950,12990,4798,5303,13296,2140"
7574,7574,"789,1290,9962,5135,7120,10607,13309,3697,4576,296"
7586,7586,"13296,6220,1863,7706,12665,5545,3487,8235,10326,2218"
7592,7592,"5760,5105,4256,6082,6402,6060,449,8540,10352,6150"
7594,7594,"5545,1978,2218,10326,6220,13296,9072,7707,4277,3950"
7600,7600,"3428,3992,5545,6402,1978,4256,2218,13110,11590,6220"
7601,7601,"10326,9072,8421,10835,5485,5545,13296,2218,1978,6220"
7642,7642,"7120,1290,9962,789,2957,4664,4163,4576,10389,296"
7647,7647,"5545,2140,8421,5303,6971,10326,13296,6220,2218,1978"
7650,7650,"8421,12990,5545,13296,10326,1978,6220,2218,5303,9072"
7660,7660,"789,1290,9962,7120,5135,10607,4576,4664,296,10663"
7682,7682,"6220,5545,10326,1978,3870,8562,4277,13296,2218,3950"
7712,7712,"5545,6220,4277,12665,12990,4798,13296,10326,2218,10835"
7728,7728,"2140,5610,3950,11000,5177,10326,3870,8562,2291,9306"
7763,7763,"8421,4277,12665,11384,5545,13296,10326,6220,1978,2218"
7764,7764,"2218,6971,8235,7707,10326,13296,6220,5545,5303,2140"
7765,7765,"5532,5545,13296,2218,6220,10326,2343,1978,9072,544"
7768,7768,"5545,10326,6220,13296,2218,1978,2343,3950,7707,9072"
7776,7776,"789,5135,9962,13309,1290,7120,10336,3697,10663,12497"
7834,7834,"5999,13346,220,11384,10326,3950,2218,5303,5545,2140"
7850,7850,"12990,4277,8421,3870,6326,4679,10916,5545,13296,2218"
7860,7860,"5545,6220,13296,4277,2218,10326,2343,1978,2140,10835"
7879,7879,"6971,5303,4277,9580,331,4798,851,9799,10326,2789"
7892,7892,"10607,5135,9962,1290,789,7120,11298,4576,10674,6610"
7895,7895,"5303,2140,9072,5199,7063,10326,5545,13296,2218,3950"
7901,7901,"8562,2380,5485,4798,5199,13296,10326,5545,6220,4277"
7922,7922,"13296,4277,12990,8421,331,851,5303,2140,5545,6220"
7927,7927,"6971,10326,13296,6166,4798,8562,12026,9799,3055,2140"
7931,7931,"5303,2380,6220,12990,5999,8161,10326,851,2140,8421"
7938,7938,"10835,8421,5545,1978,3950,2218,6220,10326,7707,13296"
7942,7942,"7707,13110,5545,1978,2218,6220,13296,4277,10326,9072"
7964,7964,"3950,2218,8235,220,10326,5545,13296,6220,1978,2140"
7982,7982,"220,5610,4602,3950,5545,10326,2218,11540,9306,3870"
7988,7988,"789,5135,1290,7120,9962,10663,4929,13309,12497,13101"
7992,7992,"8421,4277,6220,4798,12990,331,11843,851,6326,10326"
8005,8005,"2218,3055,10326,851,5303,9799,2140,8421,6971,4277"
8019,8019,"6060,5105,6082,8911,449,12458,7047,4641,6011,10352"
8026,8026,"6220,13110,5545,1978,2218,7707,4277,9072,2343,8188"
8028,8028,"2343,10835,5999,5532,10326,13296,6220,4277,2218,5545"
8085,8085,"10326,2218,5303,8562,4277,6220,2140,8421,12990,4679"
8103,8103,"8235,5545,13296,10326,6220,2343,2218,10835,1978,9072"
8108,8108,"5545,3950,13110,1978,10326,2218,6220,8562,3870,13296"
8137,8137,"2343,2140,5303,6971,7707,5532,5999,13296,10326,6220"
8138,8138,"851,331,9580,12990,10916,12857,6326,10326,5303,8421"
8139,8139,"851,8421,6971,10916,6515,10326,5303,2789,9799,4277"
8148,8148,"5545,6220,2140,6971,5485,13296,10326,4277,5303,2218"
8150,8150,"5303,8421,10916,10326,7063,13296,2140,851,4277,11843"
8160,8160,"1290,4576,7120,4664,11024,9962,789,5135,10607,2989"
8175,8175,"2218,5545,1978,6220,13296,7707,350,9942,9072,13110"
8191,8191,"1290,7120,4664,9730,296,9295,10607,11298,4576,789"
8198,8198,"10326,4277,9072,6971,851,12990,331,8562,10916,4679"
8202,8202,"5545,2218,4576,6220,2343,10326,8590,544,13296,9942"
8233,8233,"8235,2218,3055,5545,10326,3950,13296,6220,2140,7707"
8251,8251,"4277,8421,4798,3950,5545,1978,10326,2218,6220,3870"
8252,8252,"851,8421,4277,331,12990,9580,11282,8161,11843,1180"
8265,8265,"5303,9799,4277,6971,8235,8562,331,560,13296,10326"
8267,8267,"1996,8421,9580,4101,1957,10473,6899,10138,13114,2199"
8268,8268,"5303,13296,6971,10326,9942,5545,3950,2218,6220,1978"
8294,8294,"10326,6220,6971,5303,8421,4277,12990,851,331,7707"
8299,8299,"789,9962,1290,7120,13309,10663,4929,3697,12497,296"
8302,8302,"10326,5303,2140,2218,6220,13296,4277,8421,5545,6971"
8303,8303,"789,5135,1290,4929,13101,12497,296,10336,12030,3697"
8323,8323,"2218,13296,8562,9942,7707,5303,4277,5545,3950,5199"
8327,8327,"3950,3870,7707,5999,5545,4414,10326,6220,13296,2218"
8331,8331,"4277,5303,3950,4798,12990,331,10326,6326,13296,2140"
8332,8332,"2218,5545,1978,6220,13296,2343,7707,9072,12665,4277"
8334,8334,"5532,5199,5545,10326,6220,13296,2218,2140,1978,3950"
8337,8337,"1290,789,10607,7120,296,3697,10663,4929,4664,2916"
8341,8341,"3950,5999,6220,4277,10326,2140,5303,2291,8421,6971"
8361,8361,"10326,6971,13296,6220,9799,2140,5303,4277,331,560"
8369,8369,"5303,2343,4117,5199,5545,10326,13296,3950,6220,1978"
8378,8378,"7707,10835,2140,5485,5303,3870,8562,5545,13296,1978"
8407,8407,"1290,4576,7120,296,10389,4929,4664,10663,2916,11024"
8419,8419,"1290,7120,10663,4929,2916,12497,296,4664,3697,11775"
8424,8424,"6060,6402,5105,6659,5545,4256,10352,3487,5760,5027"
8425,8425,"6220,2140,3950,13110,4679,5545,11384,1978,10326,2218"
8438,8438,"789,1290,5135,7120,9962,10663,3697,4929,13101,12030"
8447,8447,"8421,4277,11843,851,12990,10916,9580,6326,331,8161"
8458,8458,"8421,7063,8235,10326,3950,2140,5303,2218,4277,5545"
8463,8463,"10326,4277,2218,7707,12990,5485,8562,13296,331,5545"
8471,8471,"8421,4277,5999,851,3950,10835,331,10326,2140,5303"
8472,8472,"789,9962,1290,5135,7120,13309,296,10663,2916,4929"
8477,8477,"6971,10835,8421,5303,12990,4798,9072,7707,331,10326"
8478,8478,"10326,6220,5545,7707,4679,811,1978,13296,2218,4277"
8483,8483,"789,5135,9962,1290,7120,13309,10663,296,4929,12497"
8496,8496,"10326,5303,2140,8922,4277,5999,4117,331,13296,6971"
8497,8497,"6220,6402,5545,6060,6659,4256,11590,5105,8540,10352"
8501,8501,"10326,6971,5303,4117,4277,9580,331,6326,3950,2140"
8506,8506,"2218,7707,2140,5545,13296,1978,2343,10326,6220,4277"
8520,8520,"4277,6220,8421,5303,331,8562,7707,13296,1210,10326"
8524,8524,"4277,8421,5303,12990,8562,11384,5545,13296,10326,6220"
8531,8531,"4798,11384,10326,2218,5545,13296,6220,5303,2140,4277"
8556,8556,"8421,8562,5303,1210,5545,13296,10326,6220,1978,2218"
8579,8579,"10607,1290,4576,7120,10674,6610,4664,296,1779,3539"
8585,8585,"1290,7120,13296,5545,6220,4277,10326,2218,12665,10835"
8591,8591,"8421,7707,4798,5999,11384,331,10326,5545,13296,6220"
8592,8592,"1290,789,5135,7120,10663,4929,2916,3697,296,13101"
8596,8596,"3950,8421,10326,5545,13296,2218,6220,2140,5303,1978"
8598,8598,"10326,5303,2343,10835,8590,5532,5545,13296,2218,1978"
8608,8608,"789,1290,5135,7120,10663,9962,296,13309,10607,12497"
8610,8610,"789,1290,7120,5135,9962,4929,10663,12497,296,2916"
8617,8617,"789,5135,1290,7120,13309,10607,3697,4929,12497,296"
8621,8621,"7707,5545,1978,2218,6220,3950,350,3870,9942,13110"
8629,8629,"3950,5545,2218,9306,7063,13310,3992,220,6220,3870"
8649,8649,"5545,3950,2218,10326,1978,6220,3870,7707,8562,2140"
8652,8652,"789,7120,5135,10607,4929,296,3697,2916,12497,1244"
8714,8714,"5545,6220,4576,2218,11969,2343,3487,544,13296,9942"
8718,8718,"5545,4277,1978,13296,6220,2218,7707,10326,9942,2343"
8733,8733,"1290,7120,544,4576,4929,2916,4664,13296,6220,10326"
8734,8734,"5545,4277,6220,12665,6971,4798,13296,1978,10326,2218"
8754,8754,"5303,5999,11384,5532,2343,10326,5545,13296,6220,4277"
8771,8771,"6220,2140,6971,4413,10835,5303,7707,9799,10326,8235"
8791,8791,"6220,5303,4277,2343,12404,4679,13296,5545,10326,2218"
8794,8794,"3950,8235,3870,10326,5545,13296,6220,2218,2140,5303"
8797,8797,"6402,8540,1377,1328,10352,5545,1978,2218,6220,3950"
8804,8804,"3950,8421,5545,10326,13296,6220,2218,2343,10835,2140"
8809,8809,"4277,10835,851,9580,6220,331,8161,8562,10326,13296"
8823,8823,"1290,7120,789,5135,4929,10663,12497,13101,3697,296"
8833,8833,"10835,5999,811,10326,13296,5545,6220,2218,5303,2140"
8835,8835,"1290,789,7120,10663,5135,2916,296,4576,4929,4664"
8840,8840,"2140,5303,6971,10835,10326,7063,3950,5545,13296,2218"
8842,8842,"10326,2218,5545,6220,13296,2140,5303,6971,4277,8590"
8860,8860,"10607,1290,4576,11024,4664,7120,9962,789,544,11298"
8866,8866,"10326,851,8421,9580,4277,331,7138,6326,13296,5303"
8877,8877,"7138,5545,10326,2218,13296,6220,3950,2140,5303,1978"
8887,8887,"5545,2218,6220,1978,8562,4277,9942,811,10326,9178"
8895,8895,"10326,13296,8421,5303,2218,6971,2140,331,12990,5485"
8907,8907,"789,1290,7120,9962,5135,10663,4576,4929,13309,296"
8921,8921,"811,5545,3950,1978,2218,3870,6220,9178,8562,220"
8928,8928,"4576,10607,1290,4664,11024,7120,11969,10674,9732,2989"
8936,8936,"5545,4277,1978,10326,2218,6220,9072,13296,12404,9942"
8965,8965,"4277,5303,10326,2343,5199,9072,8590,331,5532,13296"
8971,8971,"10835,4117,7707,5999,6971,13296,10326,6220,2218,2343"
9000,9000,"4576,1290,7120,296,13296,6220,5545,2343,2218,10607"
9023,9023,"5545,2218,10835,11969,1978,13296,10326,6220,7707,9072"
9025,9025,"6220,4277,8590,1290,7707,8922,8235,8562,13296,10326"
9031,9031,"2789,5999,10326,10916,9799,6971,851,5303,2140,8421"
9045,9045,"2218,8562,6971,7707,5545,10326,13296,1978,6220,9072"
9053,9053,"8235,2140,7707,5999,3870,5199,10326,13296,5545,6220"
9054,9054,"1978,5545,6402,4256,3870,13112,11590,8540,350,6659"
9060,9060,"6220,4277,7707,12665,8562,13296,5545,10326,1978,2218"
9063,9063,"811,10326,5545,3950,2218,6220,8562,3870,5303,2140"
9071,9071,"2218,8235,5999,3055,10326,3950,5545,6220,2140,13296"
9078,9078,"2140,1978,5532,13296,6220,5545,2343,10326,1290,2218"
9101,9101,"5545,6220,8562,13296,3870,1978,10326,4277,10835,12665"
9108,9108,"5303,10835,10326,5545,13296,2218,6220,3950,2140,4277"
9110,9110,"5545,1978,6220,13296,2218,7707,4277,9072,10326,8562"
9114,9114,"6220,10326,4277,5303,851,10835,8590,8562,7707,8161"
9144,9144,"13309,1290,7120,10663,4929,10607,296,12497,11298,10336"
9172,9172,"1290,5303,2343,544,7120,13296,10326,6220,6971,5545"
9185,9185,"6220,13296,4576,1290,2343,7120,4664,3487,8590,10607"
9190,9190,"6971,10326,5303,13296,9799,6220,331,12990,9580,851"
9193,9193,"5545,2140,10326,13296,6220,1978,2218,4277,10835,5303"
9198,9198,"2140,1210,5545,1978,10326,2218,6220,13296,4277,5303"
9200,9200,"1290,789,4576,7120,544,4664,10663,13309,296,4929"
9201,9201,"5545,13296,6220,2218,4576,2343,544,3487,11969,12665"
9204,9204,"13296,5545,10326,4277,7707,12990,12665,4798,544,1290"
9215,9215,"1290,789,5135,7120,9962,4929,10663,2916,13309,6243"
9222,9222,"789,1290,5135,9962,7120,10663,10607,2916,4929,4576"
9233,9233,"12990,8421,4277,9580,10916,2291,331,13296,8161,10138"
9235,9235,"13296,6971,10326,4413,6220,2218,5545,2343,2140,8590"
9245,9245,"789,13309,1290,10336,7120,9866,10663,4929,12497,3697"
9275,9275,"8235,2218,4413,8562,8922,3870,10326,5545,3950,13296"
9308,9308,"5545,13296,6220,7707,3950,1978,10326,2218,4277,9072"
9323,9323,"5545,1978,2218,6220,4277,9178,9072,1210,10326,3870"
9329,9329,"3950,5303,8421,331,6326,11384,10326,5545,13296,6220"
9355,9355,"8562,10835,10326,5303,13296,2140,2218,5545,6220,4277"
9369,9369,"10326,5303,1912,4277,10916,6326,9580,8161,13296,5545"
9386,9386,"6220,1290,13296,5545,4277,1978,2343,12665,2218,10835"
9388,9388,"7707,3870,5545,13296,1978,10835,6220,4277,2140,3950"
9401,9401,"10674,4664,2769,3487,5105,3464,7679,6082,6011,7047"
9418,9418,"8421,5545,10326,1210,6220,3950,2218,1978,2140,4277"
9433,9433,"8421,3950,4277,331,10326,13296,6220,2140,5545,2218"
9440,9440,"8421,4277,2140,5545,10326,13296,1978,6220,2218,5303"
9446,9446,"6220,5303,1978,10835,4117,5199,10326,5545,13296,2218"
9464,9464,"12404,544,2343,5545,1978,1328,6220,2218,13110,7707"
9477,9477,"2218,2140,9306,7138,3950,5545,4679,1978,10326,6220"
9488,9488,"1290,7120,789,5135,296,4576,10663,4929,2916,1244"
9500,9500,"8421,4117,1978,4798,5999,331,5485,10326,13296,5545"
9502,9502,"3950,5545,1978,7707,9942,10326,13296,2218,5303,2140"
9507,9507,"3428,5545,1978,2218,10326,6220,3950,9072,9942,13110"
9528,9528,"2769,5105,3487,3464,7679,10009,6060,5760,6201,247"
9539,9539,"6220,13296,851,4798,331,8421,12990,10916,6326,9580"
9566,9566,"5545,10326,2218,6220,13296,2343,9072,2140,5303,6971"
9575,9575,"5199,5545,3950,1978,3870,2218,6220,13110,7707,8562"
9583,9583,"3870,4277,7707,8421,4679,13346,5545,1978,3950,10326"
9589,9589,"5303,8421,4277,8562,3870,13346,9580,10326,5545,3950"
9591,9591,"5303,6971,12990,4798,10916,5999,10326,851,13296,8421"
9617,9617,"5545,3950,10326,2218,6220,13296,8235,7707,1978,3870"
9620,9620,"3950,5545,2218,3870,1978,9306,8562,10326,6220,220"
9622,9622,"8562,3870,5545,1978,10326,2218,6220,3950,4277,13296"
9631,9631,"6402,10352,6060,5027,6011,13111,6952,10974,6306,6640"
9655,9655,"8421,13346,5545,10326,2218,6220,1978,5303,3950,13296"
9658,9658,"8421,2140,4798,11843,8161,1180,10916,10326,851,5303"
9660,9660,"10607,11024,5135,7679,10389,9295,7120,4576,11298,1779"
9669,9669,"789,9962,5135,1290,7120,13309,10663,3697,4929,12497"
9672,9672,"13296,6220,10326,1978,2343,8590,12990,4798,544,5545"
9684,9684,"6402,6011,10352,8540,6060,4399,6306,6952,4832,6815"
9702,9702,"789,9962,1290,5135,7120,10607,10663,3697,4929,296"
9705,9705,"6220,7707,8562,5545,6402,6060,3487,11590,13296,2218"
9722,9722,"2291,9306,5303,7063,10326,3950,10916,2140,6971,8235"
9732,9732,"2769,5105,3464,7047,7679,10009,6060,6011,5760,3487"
9781,9781,"1290,6220,4576,5545,2343,2218,544,13296,10607,11969"
9803,9803,"9072,2343,13296,5545,10326,6220,4277,2140,5303,10835"
9809,9809,"2218,7707,5386,1210,8562,5545,1978,3992,6220,350"
9814,9814,"5303,8421,12990,10916,9580,331,6326,1180,10326,851"
9818,9818,"5999,7707,10916,10326,2218,6220,3950,8562,5545,2140"
9820,9820,"11000,3950,5545,10326,2218,6220,3870,1978,8562,2140"
9848,9848,"8421,7707,1210,5545,13296,10326,6220,2218,1978,4277"
9856,9856,"10326,2140,9072,4277,3950,5545,2218,8562,6220,1978"
9869,9869,"5545,9455,1978,2218,6220,7707,13110,9072,4277,9942"
9889,9889,"5303,851,6220,3950,8161,4277,4413,12857,10326,2140"
9923,9923,"10326,6971,5303,4277,12990,6220,8421,9580,331,13296"
9929,9929,"8421,10326,3950,5545,2218,6220,2140,1978,8562,13296"
9961,9961,"789,9962,1290,5135,4576,7120,13309,4664,10663,296"
9969,9969,"6971,789,10607,5135,1290,7120,4576,9962,4929,8590"
9974,9974,"2218,4664,13296,11024,5545,6220,2343,4576,544,3487"
9976,9976,"10674,4664,6610,9732,7679,1290,2957,10648,7120,9295"
9989,9989,"6220,3950,7707,5999,11384,5199,3870,10326,13296,1978"
9993,9993,"5545,1978,7707,13110,8421,12990,13296,9455,10326,2218"
10002,10002,"6011,5760,5105,6402,8540,449,6306,10441,10974,6060"
10011,10011,"1290,789,7120,10607,4576,296,4664,2916,10663,4929"
10016,10016,"789,10607,9962,1290,7120,5135,13309,4929,4576,10663"
10028,10028,"6220,4117,8562,13296,5485,10326,2343,4277,5545,2218"
10029,10029,"5303,2343,5199,544,11969,5545,13296,10326,1978,6220"
10033,10033,"10835,2343,5532,5199,13296,10326,6220,4277,5545,2140"
10042,10042,"5303,6971,4277,9580,12990,8922,2199,851,10326,9799"
10046,10046,"3950,4798,13346,10326,5545,2218,2140,5303,6220,8562"
10061,10061,"13296,4277,5303,12990,331,9072,1290,2140,5545,6220"
10071,10071,"2140,811,5545,1978,10326,2218,6220,4277,13296,9072"
10084,10084,"10326,3870,8421,1210,5545,2218,4277,3950,13296,8562"
10091,10091,"8421,10326,5545,3950,6220,2140,13296,2218,5303,8562"
10102,10102,"789,9962,4929,10663,5135,296,2916,10607,4576,12497"
10104,10104,"2140,5303,10835,5199,4679,5545,13296,10326,6220,2218"
10121,10121,"789,13309,5135,1290,6971,7120,10663,12497,1400,13101"
10131,10131,"5303,8421,3950,7707,6971,13346,10326,5545,2218,13296"
10134,10134,"7063,2140,5303,9306,10326,3950,2218,5545,8562,220"
10139,10139,"1290,5135,789,7120,3697,296,10663,4664,6811,2916"
10144,10144,"8421,5999,10326,1180,851,5303,2140,3950,6971,2789"
10155,10155,"2218,5545,3950,4413,10326,13296,5303,2140,6220,6971"
10168,10168,"4576,1290,11024,9295,4036,10607,2989,11298,10674,4664"
10178,10178,"789,1290,9962,10607,7120,5135,296,10663,4929,2916"
10186,10186,"5545,10835,2140,5532,13296,10326,5199,1978,6220,2218"
10190,10190,"9178,12404,5545,13346,1978,2218,6220,3870,3950,9072"
10194,10194,"3950,1210,5545,1978,10326,2218,6220,13296,7707,2140"
10196,10196,"2218,5545,1978,10326,3950,6220,3870,4277,8562,13110"
10215,10215,"10326,6220,4277,9799,9580,331,5485,4798,8562,13296"
10218,10218,"2218,5545,6220,1978,13296,7707,2343,8188,11969,9942"
10251,10251,"4413,8562,9580,12680,12857,10326,9799,851,5303,8235"
10252,10252,"789,5135,9962,1290,7120,13309,10663,3697,4929,296"
10262,10262,"8590,4117,8922,89,13296,5545,6220,2343,2218,1290"
10266,10266,"7707,2140,4277,4679,5545,5303,3950,7063,1978,2218"
10271,10271,"8421,5545,1978,6220,10326,2218,13296,4277,3950,9072"
10277,10277,"6220,10326,10835,5303,2343,8562,8590,544,5545,13296"
10282,10282,"10326,4277,9072,5303,8590,8562,5545,13296,544,1978"
10286,10286,"789,1290,7120,5135,9962,10663,4929,12497,13101,12030"
10305,10305,"10326,6220,8421,4277,1978,5303,7707,5999,331,13296"
10309,10309,"13296,10326,2218,10835,5545,6220,1978,12665,2343,11969"
10335,10335,"789,1290,7120,5135,10607,9962,10663,4929,296,3697"
10340,10340,"4576,4664,10674,11298,10607,7679,2769,11024,9730,9732"
10375,10375,"5545,4798,11384,10326,13296,6220,2218,5303,2140,4277"
10388,10388,"3950,8421,2789,331,11282,4277,9580,10326,2140,5303"
10397,10397,"6220,4277,4679,12990,12404,4798,9455,3870,10326,1978"
10402,10402,"5545,5999,7707,5532,10326,6220,13296,2218,5303,2140"
10407,10407,"9341,5545,1978,2218,6220,9178,350,1210,13110,8188"
10408,10408,"3950,2140,9306,10326,5545,2218,6220,8562,5303,1978"
10416,10416,"5545,1978,6220,10326,2218,13296,9072,2343,4277,7707"
10448,10448,"5303,6971,5485,3870,10326,5545,11384,13296,6220,1978"
10454,10454,"220,13346,8421,3950,5545,5610,1978,2218,3870,10326"
10499,10499,"8421,4798,1912,12990,10326,5545,13296,2218,6220,5303"
10503,10503,"2140,10326,13296,6220,5545,2218,6971,8590,10835,5303"
10504,10504,"2218,2343,13296,4576,1290,6220,544,11969,5545,10607"
10508,10508,"6220,13296,5303,1978,12665,5545,10326,4277,2218,2140"
10514,10514,"2218,3992,5545,1978,6220,350,3950,7707,13110,3870"
10526,10526,"6402,6060,8540,10352,5105,6659,5027,4256,5760,9375"
10540,10540,"2291,9306,5303,7063,7439,13214,10326,2789,2140,3950"
10542,10542,"2218,5545,10326,3950,1978,6220,13296,5303,2140,7707"
10551,10551,"2140,10326,5545,13296,6220,2218,4277,10835,1978,3950"
10554,10554,"4576,10607,1290,544,6220,10674,11969,6610,4664,2343"
10555,10555,"8590,5545,13296,10326,2218,6220,2343,1978,9072,7707"
10556,10556,"220,5545,10326,3950,6220,2218,2140,5303,13296,8421"
10562,10562,"2140,2218,4679,13346,10326,5303,13296,6971,3950,6220"
10575,10575,"789,1290,7120,9962,5135,10663,4929,296,12497,3697"
10576,10576,"10326,2140,331,12990,8562,5485,13296,10916,5303,6220"
10582,10582,"6971,2380,5485,544,7707,13296,10326,4277,5303,8421"
10584,10584,"3950,10326,8562,8421,8235,12990,13346,11384,4679,5545"
10606,10606,"5303,13296,4277,8421,12990,4679,5545,11384,10326,3950"
10611,10611,"5545,1978,2218,3950,3870,13110,350,9178,4256,6402"
10613,10613,"10326,8421,12990,331,851,8562,13296,560,6220,5303"
10614,10614,"2218,5545,1978,13112,6220,7707,350,13296,6402,4256"
10623,10623,"8235,2218,7024,8590,3950,5545,4602,10326,6220,13296"
10647,10647,"5135,789,1290,7120,10674,10607,2957,4163,1851,83"
10657,10657,"10326,4277,8421,12990,8562,6971,13296,5545,2218,6220"
10670,10670,"8421,4277,12990,9580,10326,5545,2218,13296,6220,2140"
10679,10679,"1290,7120,10607,4929,10663,3697,296,2916,12497,6610"
10680,10680,"5303,8562,7707,2380,4679,7138,5545,10326,1978,6220"
10699,10699,"4277,10835,8562,12990,3950,8421,10326,5545,13346,13296"
10715,10715,"3950,5545,9306,2218,10326,7063,3870,6220,13310,220"
10720,10720,"8421,10916,11843,13346,4679,10326,3950,2218,5303,2140"
10735,10735,"13296,10326,6220,2218,5545,9072,12665,6971,8590,12990"
10742,10742,"4277,3870,5303,5545,10326,2218,6220,1978,2343,10835"
10744,10744,"10326,2218,5545,6220,2140,13296,5303,4277,8562,1978"
10747,10747,"10835,9072,7707,5303,4117,5199,5545,13296,1978,6220"
10769,10769,"5999,2343,5303,5532,10326,2140,4277,2218,13296,5545"
10795,10795,"10326,5303,12990,8421,13346,10916,5545,2218,13296,6220"
10817,10817,"789,5135,1290,9962,7120,11298,13309,4576,296,11024"
10819,10819,"2140,10326,13296,5545,6220,2218,10835,5303,4277,6971"
10828,10828,"6220,5545,4277,12665,4798,12990,13296,10326,2218,10835"
10860,10860,"8562,7707,8421,5545,1978,13296,10326,2218,6220,4277"
10868,10868,"1290,11298,4576,789,4664,9962,7120,5135,9295,10607"
10895,10895,"4798,3950,8421,851,8161,12857,6220,10326,11282,2140"
10900,10900,"851,8421,10326,331,2140,12680,9580,4277,4101,11282"
10912,10912,"6060,5760,6011,5105,10441,6082,10739,12458,6150,1213"
10934,10934,"789,9962,1290,5135,7120,13309,4929,10663,4576,12497"
10947,10947,"4117,2343,5999,8562,5199,7707,5532,13296,10326,6220"
10950,10950,"3950,8421,11384,10326,2218,5545,5303,6220,2140,13296"
10964,10964,"789,5135,1290,9962,7120,4929,10663,13309,10607,12497"
10965,10965,"5545,1978,10326,2218,6220,13296,9072,4277,9942,7707"
10968,10968,"7707,5199,13296,5545,10326,6220,2218,4277,2343,1978"
10972,10972,"8421,12990,851,9072,331,13296,5303,5545,6220,2140"
10975,10975,"5545,4277,5303,8562,9072,6971,10326,13296,560,6220"
11028,11028,"5545,8421,3950,13296,331,10326,4277,2140,1978,10835"
11030,11030,"13296,5303,1290,5545,6220,2218,4277,10326,544,12665"
11044,11044,"5105,4256,6060,6402,5760,8540,6659,5545,9375,10352"
11048,11048,"8421,12990,11000,4679,3950,5545,10326,2218,6220,1978"
11065,11065,"6971,7707,11969,4277,13296,1290,7120,4576,8590,6220"
11085,11085,"789,5135,9962,1290,10607,7120,13309,3697,11298,10663"
11088,11088,"5303,7063,10326,5545,6220,13296,2218,4277,1978,2140"
11100,11100,"1290,10607,10674,4576,789,7120,5135,6610,4664,10389"
11102,11102,"8421,4798,13346,10326,5303,6971,2140,13296,2218,851"
11105,11105,"5999,6220,11282,10326,13296,6971,2140,9799,5303,8421"
11107,11107,"2789,8421,5999,331,10916,10326,9799,851,2140,6971"
11109,11109,"4576,1290,544,7120,10607,6610,13296,6220,11969,10674"
11120,11120,"789,1290,5135,9962,7120,13309,3697,296,4929,2916"
11121,11121,"2789,8421,5999,8562,4798,7707,10326,13296,2140,851"
11133,11133,"5760,6011,10352,8911,6060,10974,5105,10441,449,4465"
11149,11149,"8421,6971,8161,10916,10326,5303,3950,2140,851,2218"
11152,11152,"10607,1290,4576,11024,789,7120,9962,10674,11298,6610"
11160,11160,"5545,10326,6220,2218,13296,1978,9072,2343,4277,2140"
11163,11163,"6220,8421,2140,5303,12990,5545,13296,10326,4277,1978"
11168,11168,"10326,2218,5545,6220,5303,2140,13296,6971,8562,9072"
11193,11193,"220,5545,1978,10326,2218,6220,9942,9072,9178,9341"
11200,11200,"6220,13296,2218,7707,13110,3428,1978,10326,4277,9072"
11210,11210,"1290,7120,4929,10663,789,13101,2916,12030,6243,9962"
11215,11215,"10326,11843,5545,2140,6220,13296,3950,2218,10835,5303"
11219,11219,"10607,10674,11298,4576,4664,3487,2769,1779,3464,9730"
11243,11243,"5545,1978,2218,3870,6220,9178,3428,13110,7707,350"
11253,11253,"789,1290,7120,5135,9962,10663,13309,4929,296,3697"
11261,11261,"6220,1978,8590,5303,544,1290,5485,5545,13296,10326"
11280,11280,"2343,5303,8421,851,5532,13296,10326,6971,1290,6220"
11285,11285,"1290,7120,789,9962,4576,4664,3697,9295,296,13309"
11309,11309,"3950,8421,12990,13346,11384,10326,5545,13296,6220,2218"
11312,11312,"6971,5303,7707,2343,5999,5545,10326,6220,13296,2140"
11314,11314,"5303,4277,8421,12990,5545,13296,10326,6220,2218,1978"
11325,11325,"6060,6402,5105,10352,5760,6011,8540,5027,4256,6082"
11327,11327,"5303,12665,5545,13296,10326,6220,10835,8235,7707,2218"
11359,11359,"6220,3870,2140,7707,5545,1978,13296,2218,10835,4277"
11366,11366,"5105,5760,10441,7220,6060,6402,10974,10739,7721,10352"
11368,11368,"789,1290,7120,5135,10663,9962,4929,296,12497,4576"
11371,11371,"6402,8540,5027,10352,6306,1377,5241,6952,4029,8092"
11376,11376,"7707,3950,5545,11590,3870,2218,5495,8540,6402,9306"
11377,11377,"10326,8421,4798,851,9580,12990,11384,331,6326,10916"
11383,11383,"7707,4277,5545,1978,2218,6220,11969,13296,9942,544"
11416,11416,"6402,10352,8540,6011,6306,4399,6815,4256,6060,5105"
11444,11444,"8421,5545,1978,2218,10326,6220,13296,9072,4277,2343"
11445,11445,"6402,6060,10352,8540,4256,5105,6659,5027,11590,5760"
11448,11448,"10835,8590,544,2140,10326,5532,89,13296,4388,5199"
11469,11469,"4413,10326,5545,2218,6220,3950,2140,13296,5303,7063"
11487,11487,"4576,7120,10607,2916,296,10663,4664,13296,5545,6220"
11492,11492,"5303,10835,2343,5199,10326,7707,7723,13296,5545,6220"
11503,11503,"2218,12404,1017,5545,13296,1978,10326,6220,4277,9072"
11504,11504,"5545,1978,3950,2218,3870,6220,3992,13110,9178,3428"
11515,11515,"6220,3950,8421,5545,13296,10326,2218,1978,4277,2140"
11547,11547,"5199,5545,10326,6220,13296,2218,1978,4277,3950,2140"
11552,11552,"6220,1978,8421,5199,10326,5545,3950,2218,8562,2140"
11567,11567,"12990,11384,10326,5545,13296,6220,2218,4277,1978,5303"
11581,11581,"5303,5545,9580,331,10326,13296,6220,4277,2140,8421"
11589,11589,"789,5135,9962,1290,7120,13309,3697,10663,296,11298"
11591,11591,"6060,5027,5760,6150,9375,10441,6952,10974,6306,1521"
11595,11595,"789,5135,1290,7120,9962,4929,10663,13309,12497,3697"
11604,11604,"6971,10326,9072,560,10916,13296,851,4277,2140,9799"
11608,11608,"6220,10835,2218,7707,8562,12665,3870,5545,13296,10326"
11627,11627,"5303,8562,8421,7707,8235,5545,3950,10326,13296,6220"
11646,11646,"10835,5532,5545,10326,13296,6220,2218,4277,5303,1978"
11647,11647,"10326,5303,6971,7063,5545,13296,3950,6220,2218,2140"
11675,11675,"2218,5610,11000,10326,3950,5545,8562,6220,2140,1978"
11676,11676,"789,1290,7120,5135,9962,10663,4929,10607,296,12497"
11696,11696,"2140,2291,13214,3950,10326,10916,5303,8235,4798,11540"
11700,11700,"1290,4576,789,7120,5135,2916,11775,2218,6220,5545"
11722,11722,"789,1290,7120,5135,9962,10663,3697,4929,12497,296"
11754,11754,"3950,350,3428,5545,1978,10326,13296,2218,6220,9072"
11757,11757,"3950,5545,10326,13296,6220,2218,1978,10835,2343,7707"
11767,11767,"8562,5545,2218,1978,3870,7707,6220,4256,3428,9178"
11773,11773,"5303,8562,7707,5545,13296,10326,1978,6220,4277,3950"
11777,11777,"13110,5545,3950,1978,2218,3870,6220,7707,6402,3992"
11778,11778,"10607,789,4576,11298,2957,4163,10674,1851,4216,296"
11788,11788,"1290,789,9962,4576,5135,7120,10607,296,3539,11298"
11790,11790,"1290,7120,4929,2916,10663,13296,10326,6971,6220,5303"
11811,11811,"1290,789,7120,4929,10663,5135,12497,2916,13101,12030"
11837,11837,"1290,7120,4576,10607,789,9962,5135,296,9295,13309"
11859,11859,"5545,8235,7707,10326,11384,3950,13296,2218,1978,6220"
11865,11865,"13296,1978,4277,8562,8421,6971,5545,10326,6220,2218"
11867,11867,"8421,1328,1210,5545,3950,1978,2218,10326,6220,3870"
11871,11871,"2218,6971,5545,11969,5485,13296,10326,6220,1290,8590"
11879,11879,"789,7120,10663,5135,9962,2916,13101,10607,296,12497"
11880,11880,"4277,8421,1978,12990,5485,10326,5545,13296,6220,2218"
11908,11908,"2140,4798,8562,4277,7063,10326,851,5303,3950,8421"
11912,11912,"11784,2291,10326,2140,5303,3950,6971,9306,11540,7063"
11925,11925,"350,11590,1328,6402,5545,6060,4256,8540,1978,6659"
11933,11933,"8421,11384,5545,10326,13296,2218,6220,4277,5303,1978"
11945,11945,"4576,1290,5545,13296,6220,2343,11969,544,10607,4664"
11948,11948,"7723,4413,7707,10326,3950,5545,2140,6220,5303,8421"
11952,11952,"8421,8161,10326,5303,2140,2218,3950,6971,851,2291"
11957,11957,"1290,7120,4576,789,4664,10674,5135,9962,296,11024"
11959,11959,"2343,5303,5545,560,13296,10326,6220,2218,10835,2140"
11967,11967,"5545,7707,2218,8235,10835,12606,10326,3950,13296,6220"
11969,11969,"6402,5545,5105,6220,3487,3464,2218,2769,6659,8188"
11970,11970,"2343,10835,7707,5199,5545,13296,10326,6220,2218,1978"
11975,11975,"6402,5027,8540,5760,6060,6640,5105,11461,9375,162"
11995,11995,"3870,5545,13296,6220,2218,2343,1978,7707,9072,10326"
12002,12002,"1290,10674,789,5135,7120,10607,3539,11298,10581,9962"
12022,12022,"789,5135,9962,1290,7120,13309,10663,296,3697,4929"
12032,12032,"6060,5760,5105,6011,10352,8911,10441,6082,6150,10739"
12036,12036,"5303,1290,8922,13296,10326,9799,851,2140,4277,8421"
12066,12066,"5545,9072,1978,13296,2218,10326,6220,2343,4277,7707"
12077,12077,"789,1290,5135,7120,9962,4929,10663,13309,12030,13101"
12078,12078,"2140,5303,9580,9072,10916,811,10326,13296,4277,851"
12084,12084,"9799,2140,2789,4101,2291,12680,8922,851,10326,6971"
12089,12089,"10326,7707,8562,1210,1017,3870,13296,5545,6220,2218"
12106,12106,"2218,5545,1978,13296,6220,4277,10326,9072,10835,7707"
12107,12107,"10326,2218,6220,5303,2140,5545,13296,4277,6971,3950"
12111,12111,"3950,11843,11384,10326,2140,5303,8421,5545,6220,13296"
12131,12131,"10326,2140,6220,851,4277,12990,13296,5303,8421,6971"
12139,12139,"10835,5545,5532,10326,6220,13296,2140,8235,5303,6971"
12141,12141,"6220,2218,5303,5199,10326,5999,13296,5545,1978,2140"
12144,12144,"5135,13309,1290,7120,10663,4929,9866,12497,3697,296"
12150,12150,"6220,5545,9799,2218,4413,10326,3950,2140,13296,5303"
12151,12151,"5303,10326,4277,2343,331,13296,5545,6220,2140,10835"
12162,12162,"10326,2140,6220,2218,5545,5303,13296,6971,8421,4277"
12170,12170,"2218,3950,4679,10326,13346,2140,5303,2291,6971,851"
12182,12182,"5303,2140,1290,10326,13296,1017,5545,6220,2218,10835"
12185,12185,"5303,10326,9072,5545,13296,9340,1978,6220,4277,2218"
12191,12191,"220,3992,5545,3950,1978,10326,2218,6220,3870,8562"
12197,12197,"6971,5303,5999,8922,1290,10835,12026,10326,9799,13296"
12204,12204,"2343,6220,2769,3487,3464,6659,7679,11969,5105,5545"
12229,12229,"2140,2343,8590,10835,5532,8562,560,13296,5545,6220"
12231,12231,"789,1290,7120,5135,9962,4576,296,4664,13309,10663"
12234,12234,"5545,2218,6402,4256,6220,6659,6060,8188,3464,5105"
12238,12238,"4277,5303,8421,3870,8562,331,13296,10326,5545,6220"
12242,12242,"3950,220,5545,1978,11800,2218,3870,6220,10326,8562"
12260,12260,"8421,11843,10326,331,2140,13296,5303,2218,5545,6220"
12262,12262,"10835,4117,5999,6971,5199,10326,13296,2140,6220,5303"
12281,12281,"10326,4277,4798,8590,8562,331,1290,13296,5545,5303"
12289,12289,"10835,8590,10326,544,9072,2140,5532,89,13296,1290"
12306,12306,"2140,8421,5199,2343,5545,4679,10326,13296,1978,6220"
12326,12326,"2140,2291,9306,7063,10916,10326,851,5303,8421,2789"
12337,12337,"2140,8421,8235,10326,3950,5545,13296,2218,6220,5303"
12355,12355,"3950,4277,6220,7707,8421,5545,5199,1978,13296,10326"
12371,12371,"3950,8421,5545,10326,13296,2218,1978,6220,5303,4277"
12372,12372,"7707,6060,5105,6402,5545,4256,6659,3487,3464,2769"
12373,12373,"3950,5545,10326,2218,5303,6220,7063,2140,1978,8562"
12390,12390,"7120,4929,10663,789,12497,12030,2916,13101,5135,296"
12405,12405,"2343,10835,8590,8421,5303,5532,13296,10326,6220,1290"
12407,12407,"7637,9564,4576,8703,1290,1863,5149,589,7120,13296"
12408,12408,"7707,9072,2343,11969,12606,5532,5545,2140,13296,1978"
12419,12419,"1213,6060,5760,6011,162,5105,10352,8911,8540,10739"
12423,12423,"3950,5545,10326,2218,6220,2140,8562,8235,1978,3870"
12426,12426,"6220,1290,6971,11969,5303,7120,13296,10326,4277,2343"
12452,12452,"6060,5105,6402,5760,8540,5027,10352,6011,4399,6952"
12480,12480,"789,1290,7120,9962,5135,4576,10663,4929,296,2916"
12530,12530,"8235,2218,8562,5549,10326,2140,6971,13296,3950,6220"
12546,12546,"7637,6971,8703,5549,9668,4101,6220,5303,2343,9799"
12556,12556,"1290,7120,789,4576,296,10663,4929,2916,10674,1244"
12573,12573,"5303,6971,2218,2140,5545,10835,2343,10326,13296,6220"
12592,12592,"10326,10835,4277,331,7707,5532,560,13296,5199,6220"
12596,12596,"8421,3950,11843,4277,8562,10326,331,5545,13296,6220"
12599,12599,"1290,7120,789,9962,5135,10607,11298,4576,13309,296"
12615,12615,"4576,10674,6610,5545,13296,6220,2343,11969,544,12665"
12618,12618,"5545,8421,7707,7138,811,9455,10326,13296,1978,2218"
12624,12624,"10326,2140,8421,7707,12990,11384,5485,5545,5999,13296"
12638,12638,"5532,5545,1978,10326,13296,2218,6220,9072,4277,2343"
12641,12641,"10835,9799,6971,5999,7707,8562,11282,13296,10326,2140"
12644,12644,"5303,1210,5545,1978,13296,10326,6220,2218,4277,9072"
12649,12649,"7637,9799,8703,1290,12030,6971,4101,7120,4698,5549"
12654,12654,"5545,13110,6402,11590,1978,4256,6659,6220,7707,8540"
12658,12658,"992,5303,5545,1978,2218,6220,4277,9072,13296,350"
12659,12659,"789,7120,9962,4929,10663,5135,2916,12497,12030,13101"
12666,12666,"10326,10835,2140,4277,2380,8421,12990,4679,331,13296"
12669,12669,"8421,11384,10326,5545,6220,3950,13296,2218,2140,1978"
12674,12674,"5303,6220,2343,8590,1290,13296,5545,10326,2218,4277"
12688,12688,"4985,9306,8751,462,3563,5786,9786,12566,9801,8806"
12694,12694,"5545,13296,6220,2218,7707,1978,2343,10835,10326,4277"
12709,12709,"8421,5303,13296,10326,5485,5545,6220,4277,10835,2218"
12712,12712,"6402,6060,5105,5760,10352,8540,5027,6306,9375,6011"
12722,12722,"5545,1978,2218,6220,3992,3870,3950,9942,9072,9178"
12728,12728,"6402,1377,1328,5545,1978,4256,2218,8188,6220,13110"
12732,12732,"13296,2218,8590,5999,7138,10326,5303,2140,6971,8421"
12736,12736,"5303,2140,8421,6971,331,851,5999,10835,7707,10916"
12738,12738,"2218,2140,8421,10326,13296,5303,6220,4277,6971,5545"
12741,12741,"5545,1978,13110,7707,3428,5485,13296,10326,2218,4277"
12756,12756,"3870,5545,3950,1978,2218,6220,10326,13110,7707,8562"
12764,12764,"10326,6220,4277,5545,12665,4798,5485,12990,13296,2218"
12768,12768,"13296,10326,4277,6971,5545,6220,2218,1978,2343,10835"
12773,12773,"7707,5545,10326,13296,2218,6220,1978,5303,3950,2140"
12789,12789,"8421,4798,10326,5545,13346,1978,2218,6220,13296,4277"
12790,12790,"6220,8421,1978,10326,13296,2218,5545,2140,5303,6971"
12801,12801,"9072,220,2343,11384,10326,5545,2218,1978,6220,2140"
12804,12804,"789,1290,5135,9962,10607,10663,4929,296,3697,12497"
12833,12833,"3950,7707,3870,5545,10326,13296,6220,2218,2140,5303"
12846,12846,"8562,4798,851,3870,5545,10326,13296,3950,6220,5303"
12855,12855,"4798,12404,11384,7138,10916,10326,13296,2218,5545,6220"
12860,12860,"2140,3950,11396,4101,3106,12104,2291,10326,4877,6971"
12874,12874,"2140,5545,331,10326,13296,5303,6220,4277,2218,8421"
12875,12875,"10835,5199,7707,5545,10326,2218,6220,1978,4277,13296"
12877,12877,"6402,10352,5760,6060,6011,10974,6306,2769,5105,3464"
12883,12883,"5303,6971,331,5485,10326,851,13296,4277,2140,8421"
12890,12890,"8703,7637,5149,9668,4698,2020,6166,9799,12030,5549"
12919,12919,"1290,789,5135,10607,7120,10674,4576,6610,4664,9295"
12927,12927,"5105,4256,2769,3464,6060,6659,6402,5545,5760,10352"
12955,12955,"5545,3950,7707,6220,10326,2140,1978,2218,13296,3870"
12956,12956,"8421,8235,10326,5545,13296,6220,2218,5303,2140,2343"
12958,12958,"2291,2140,5303,7063,10326,851,6971,9799,8421,4798"
12965,12965,"220,5545,1978,3950,2218,6220,3870,13110,3992,9178"
12970,12970,"5545,6220,10326,4277,7707,331,13296,11969,2218,5303"
12996,12996,"5303,2343,10835,9799,9072,6971,4117,8562,5999,7707"
13000,13000,"3950,3870,6220,8421,7707,4602,5545,10326,2218,13296"
13017,13017,"1290,4576,4929,13309,2916,296,12497,1244,544,3539"
13019,13019,"851,10326,8421,4277,331,10916,6326,9580,11282,12857"
13021,13021,"5303,2218,6971,13296,10326,5545,1978,6220,4277,2140"
13022,13022,"1978,6220,10326,544,5303,10835,1017,5545,13296,2218"
13063,13063,"6220,9072,5303,4277,8590,12990,4413,5545,560,13296"
13075,13075,"2291,8235,4798,3950,13346,10326,2140,11540,5303,9306"
13076,13076,"4277,8421,6220,8562,12990,13296,5545,331,1978,10326"
13101,13101,"4117,10835,5999,5199,5532,13296,10326,5545,6220,2218"
13105,13105,"789,1290,5135,9962,7120,4576,296,13309,4664,10663"
13115,13115,"5303,13296,10326,6220,4277,2218,5545,2140,6971,10835"
13117,13117,"1290,4576,10607,7120,9295,296,11298,10674,2989,4664"
13121,13121,"2140,8421,1180,11843,2199,10916,331,10326,2789,851"
13123,13123,"2343,13296,4277,5545,1978,544,9799,12665,8922,1290"
13125,13125,"2140,6971,2789,6220,10326,3950,5303,13296,8421,2218"
13147,13147,"10326,6220,8421,12990,331,851,7707,13296,5303,5545"
13151,13151,"8421,5303,8562,13346,3870,12857,10326,3950,5545,2140"
13153,13153,"10326,851,4277,12990,331,11282,4798,6326,8161,10916"
13176,13176,"12104,2291,10434,10566,9998,4877,10326,9306,6971,7063"
13180,13180,"2140,5545,1978,6220,2218,7707,10326,3950,13296,9072"
13192,13192,"6402,4256,10352,8540,5027,11590,1328,6306,6952,2770"
13194,13194,"8235,8590,5545,10326,8922,13296,6220,2218,2140,10835"
13195,13195,"5545,1978,10326,2218,6220,4277,9072,3950,13296,7707"
13198,13198,"9072,8421,5545,13296,10326,6220,2218,1978,4277,10835"
13231,13231,"10326,8421,5303,851,12990,4277,9580,12857,2218,5545"
13234,13234,"5135,789,9962,1290,7120,3697,9295,296,10336,6811"
13240,13240,"789,9962,7120,4576,296,10663,13309,4664,5135,4929"
13273,13273,"5303,2218,5999,10835,4117,10326,13296,2140,851,8421"
13276,13276,"8421,3950,13346,11384,10916,10326,5545,2218,13296,5303"
13283,13283,"8421,4277,2140,331,10326,8161,12990,12680,1180,11282"
13297,13297,"4679,5545,1978,10326,2218,6220,13296,4277,3950,5303"
13301,13301,"9072,12990,1290,13296,5545,10326,6220,2218,4277,2343"
13303,13303,"5303,220,4602,3950,5545,10326,2218,1978,6220,3870"
13321,13321,"1290,5135,789,7120,10607,3697,13309,4576,296,9295"
13330,13330,"2343,2218,89,13296,5545,6220,10326,6971,8590,5303"
13338,13338,"789,10607,9962,1290,11298,5135,7120,4576,4664,11024"
13380,13380,"2140,6220,5545,7707,10326,13296,3950,5303,8421,4277"
13389,13389,"789,5135,1290,9962,7120,10607,10663,13309,3697,296"
13390,13390,"10835,4117,5532,8562,5999,10326,5545,6220,5303,13296"
13391,13391,"10326,5999,8421,10835,4413,3950,5545,2218,6220,2140"
13401,13401,"7063,7138,5999,10326,5303,2218,2140,6220,5545,3950"
13403,13403,"2218,9799,8235,8562,8922,5999,89,10326,13296,5545"
13407,13407,"1290,7120,10663,4929,4576,789,2916,296,10607,12497"
13413,13413,"5545,10326,2218,6220,1978,3950,2140,4277,8562,5303"
13414,13414,"4576,5135,1290,789,9295,10607,11298,10674,7679,4216"
13446,13446,"8421,6220,4277,851,12990,331,7707,10326,13296,5545"
13472,13472,"789,9962,1290,7120,4576,5135,10663,296,4929,4664"
13488,13488,"10326,8562,13296,10835,8421,4277,4798,11384,4679,5545"
13502,13502,"4576,1290,10674,9730,544,7120,9295,6220,10607,2989"
13507,13507,"789,1290,7120,5135,9962,13309,296,10663,4929,4576"
13512,13512,"6402,6060,5105,5760,8540,10352,6011,4256,10441,5027"
13543,13543,"8421,4277,12990,331,11384,5545,13296,2218,6220,1978"
13572,13572,"2140,6220,4277,9072,5303,1978,5485,13296,10326,5545"
13595,13595,"1290,4576,7120,789,4664,5135,3697,1244,2916,296"
13599,13599,"5545,3950,2218,1978,3870,6220,8562,13110,3992,7707"
13608,13608,"2140,5303,8421,851,7063,13346,10916,10326,3950,2218"
13609,13609,"6402,6060,6011,10352,5027,4399,8540,6952,4832,6815"
13630,13630,"8421,6220,5303,3950,7707,3870,5199,8590,10326,5545"
13635,13635,"5303,2140,7063,10326,5545,13296,6220,2218,4277,3950"
13645,13645,"2789,5999,4798,8562,10326,5303,13296,6971,2140,8421"
13673,13673,"5545,2218,1978,6220,10326,8562,13296,3950,7707,3870"
13683,13683,"2380,8562,5485,5545,13296,10326,6220,5303,4277,1978"
13702,13702,"11540,10326,8235,12026,8922,2291,2140,6971,3950,5303"
13716,13716,"2140,3950,8421,5999,8235,2380,10326,13296,5545,5303"
13724,13724,"6971,331,12990,4798,11282,10916,10326,5303,13296,9799"
13746,13746,"5303,6220,4277,6971,7707,8562,10835,8421,5999,13296"
13752,13752,"6220,3950,7723,10326,9942,4413,2218,13296,5545,2140"
13756,13756,"789,5135,1290,9962,7120,4929,10663,13309,12497,3697"
13763,13763,"789,1290,5135,7120,9962,10663,4929,13309,3697,10607"
13774,13774,"10326,13296,6220,2140,6971,5485,8421,7707,1290,12990"
13776,13776,"789,5135,9962,1290,7120,13309,10663,3697,4929,12497"
13786,13786,"789,9962,5135,1290,7120,13309,10663,3697,4929,296"
13788,13788,"6060,5027,8540,10352,10974,13111,6952,6306,4029,10732"
13791,13791,"6971,10326,5303,13296,6220,4277,8421,1290,10835,9799"
13810,13810,"4576,2218,4664,10607,11024,6610,7120,1290,13296,6220"
13811,13811,"8421,851,11843,10916,331,8161,10326,2140,5303,2789"
13820,13820,"10607,1290,7120,4576,10674,11298,10389,4664,2916,4929"
13826,13826,"5545,2218,6220,1978,9942,350,13110,7707,9178,3870"
13840,13840,"6011,5760,6060,8540,10352,10974,6815,162,4832,5786"
13841,13841,"3950,12990,11843,4277,6326,13346,11384,5545,13296,2218"
13852,13852,"5545,2218,13296,6220,1978,10326,2343,12665,544,9072"
13858,13858,"9799,7637,4101,5549,4698,2140,2020,5999,3515,6971"
13865,13865,"6060,6402,11590,5105,1377,5760,10352,4256,9375,11771"
13871,13871,"4277,851,12990,10326,13296,5303,6220,5545,2218,2140"
13877,13877,"9306,2140,2291,10326,3950,4877,7063,2218,8562,12104"
13905,13905,"10326,8421,331,4277,12990,4798,9580,11282,6326,2140"
13924,13924,"789,7120,5135,9962,10607,13309,10663,4929,3697,296"
13929,13929,"10326,13296,4277,8421,2140,9072,4679,5545,6220,2218"
13935,13935,"811,5545,10326,2218,13296,6220,1978,4277,5303,2140"
13952,13952,"789,1290,5135,7120,10607,10663,4929,296,2916,12497"
13953,13953,"789,1290,7120,4576,9962,10663,12497,296,4929,10674"
13962,13962,"8421,12990,5545,1978,2218,6220,4277,3950,10326,8562"
13965,13965,"7707,3950,13110,3428,5545,1978,10326,2218,13296,6220"
13966,13966,"10326,1210,4277,5545,1978,2218,6220,9072,7707,9942"
13974,13974,"789,5135,7120,1290,10663,10674,4576,4929,296,11298"
13982,13982,"789,9962,5135,1290,7120,13309,4576,10663,296,2916"
13983,13983,"4117,10835,5999,8235,5199,10326,5545,13296,6220,2140"
13987,13987,"8421,851,3950,4798,8161,331,10916,10326,13296,5303"
13988,13988,"10607,10674,4664,1290,4576,11298,9730,3487,7679,10389"
13991,13991,"10326,8421,4798,9580,331,12990,6326,10916,13296,5303"
13995,13995,"6060,6402,6011,5027,5760,10352,8540,10974,6952,6306"
13998,13998,"8562,3950,3870,13346,11843,10326,5545,13296,4679,2218"
14021,14021,"8562,13296,5545,6220,10326,2218,2343,8590,6971,1290"
14028,14028,"5545,2218,13110,9178,4256,3992,8188,6402,350,64"
14042,14042,"2218,4277,8421,8590,544,5545,10326,1978,6220,10835"
14049,14049,"7637,8703,5149,9668,8590,9564,8235,10326,9799,6971"
14060,14060,"5303,6220,9799,8562,2380,3950,13296,10326,5545,2140"
14061,14061,"5303,2140,5545,1978,10326,13296,2218,6220,9072,4277"
14067,14067,"1863,5545,13296,6220,2218,2343,3487,4576,7707,8590"
14079,14079,"1290,544,7120,13296,89,10326,6220,2343,10835,2140"
14089,14089,"12404,5545,1978,10326,2218,6220,13296,9072,4277,7707"
14097,14097,"6220,8590,12990,9072,4798,4679,13296,10326,4277,5545"
14105,14105,"2769,7679,3464,7047,5760,6060,12339,3487,4576,9730"
14147,14147,"10835,1290,5303,8562,89,13296,10326,5545,6220,2343"
14155,14155,"3950,7707,8421,4679,5545,1978,11384,2218,10326,6220"
14168,14168,"2140,8421,5999,10326,5199,13296,5545,6220,2218,1978"
14170,14170,"5545,1978,2218,6220,9942,9072,9341,13110,9178,350"
14173,14173,"6659,4256,5105,6060,6402,11771,5760,6082,10441,2769"
14174,14174,"7707,3950,13110,5545,1978,2218,13296,10326,6220,4277"
14196,14196,"5545,8421,3870,220,7707,11384,3950,10326,2218,6220"
14197,14197,"4277,13346,220,10326,5545,2218,3950,6220,13296,8562"
14202,14202,"9962,5135,7120,13309,3697,296,10663,6811,10336,9295"
14204,14204,"9306,2291,2140,6220,13214,7063,8562,3950,10326,11540"
14215,14215,"1978,5303,5545,2218,6220,9072,4277,13296,10326,9942"
14242,14242,"5303,3870,10326,5545,13296,3950,6220,2218,2140,1978"
14244,14244,"6220,4277,10326,8421,7707,12665,8562,12990,331,13296"
14249,14249,"1290,9962,789,10663,7120,5135,4929,3697,13309,12030"
14250,14250,"2140,9306,10326,3950,5545,2218,6220,13296,8235,5303"
14256,14256,"10326,4277,8421,851,12990,11282,9580,8562,10916,6326"
14258,14258,"10607,10674,6610,4664,7679,2957,4216,1851,4576,11298"
14280,14280,"5545,10326,13296,6220,4277,5303,1978,2140,9072,8421"
14318,14318,"11969,2769,4576,7679,10607,3464,11298,10674,9732,2989"
14325,14325,"6402,6060,10352,4256,8540,11590,1377,6306,6659,4097"
14328,14328,"1290,8590,4929,12030,10663,6243,5549,13101,12497,8567"
14329,14329,"10326,3950,2218,6220,5545,7063,5303,2140,8562,2291"
14344,14344,"2140,8562,10916,10326,5303,851,13296,8421,4277,6220"
14366,14366,"1290,5135,7120,789,10663,4929,12030,9962,3697,5573"
14421,14421,"11298,10607,2769,3464,9730,10674,7679,13431,7047,4216"
14430,14430,"5545,7063,11384,4679,5199,10326,13296,6220,2218,4277"
14435,14435,"8421,5545,10326,3950,2218,6220,13296,2140,8562,1978"
14472,14472,"10835,5999,13296,10326,4277,5545,6220,2140,8421,2218"
14501,14501,"8590,8562,5545,13296,6220,1978,2218,2343,12665,7707"
14509,14509,"2140,2789,6971,3950,2291,5999,3055,10326,5303,851"
14516,14516,"8562,7707,2343,5545,10326,2218,1978,6220,13296,4277"
14521,14521,"10835,8421,4117,5999,5199,5545,13296,10326,4277,6220"
14553,14553,"4576,1290,1863,7706,8590,13296,3487,6220,5545,2343"
14561,14561,"5199,4602,5545,1978,3950,6220,7707,3870,10326,9072"
14562,14562,"9072,4679,11384,5999,5545,10326,13296,6220,2218,4277"
14567,14567,"5545,1978,2218,6220,350,13110,3870,7707,9178,1210"
14575,14575,"1290,7120,10607,789,296,11775,1244,2916,4576,10663"
14581,14581,"2343,5303,8608,331,5532,13296,1290,10326,6220,6971"
14627,14627,"8235,9072,5999,3870,89,4413,10326,13296,5545,6220"
14634,14634,"5545,1978,6220,2218,7707,3950,13110,10326,9072,3870"
14651,14651,"5303,12026,10916,10326,851,9799,2140,2789,8421,4798"
14659,14659,"8421,5999,10326,5545,13296,2218,6220,4277,5303,1978"
14670,14670,"8421,4277,4798,12990,13346,10326,5545,2218,6220,1978"
14684,14684,"13296,8421,4277,12990,10326,5545,6220,2218,1978,2140"
14691,14691,"2218,13296,3950,8235,5999,9733,10326,5545,6220,2140"
14695,14695,"89,8590,5545,13296,6220,2218,10835,7707,2343,10326"
14705,14705,"2140,6220,13296,10326,5545,4277,1978,2218,5303,6971"
14711,14711,"8590,2218,12665,7707,8562,89,13296,10326,6220,5545"
14723,14723,"2140,5545,1978,2218,6220,9942,4277,10326,8562,3870"
14739,14739,"789,5135,1290,7120,13309,3697,9295,3539,6811,296"
14740,14740,"6971,2140,5303,9580,331,10916,11282,851,2789,10326"
14743,14743,"2218,9072,10835,4277,4117,8562,11384,5532,5545,1017"
14747,14747,"5545,3870,7707,8562,2140,11384,1978,3950,10326,2218"
14748,14748,"2218,5545,13296,1978,6220,7707,12665,4277,9072,13110"
14764,14764,"5545,1978,6220,2218,13296,2343,10326,9072,7707,4277"
14771,14771,"13111,5027,6640,1377,8092,6306,6402,6060,5760,5105"
14780,14780,"5545,6220,1978,7707,6971,7063,10326,13296,2218,5303"
14784,14784,"4277,5303,3950,2140,5545,1017,13296,10326,1978,6220"
14785,14785,"5199,5545,13296,1978,6220,2218,2343,9072,4277,10326"
14798,14798,"3950,811,5545,1978,2218,9178,13110,3870,350,3428"
14801,14801,"6220,5545,4277,10326,544,1290,2140,9072,9942,13296"
14803,14803,"5303,8421,4277,10835,5999,4679,7138,11384,13296,10326"
14821,14821,"6220,4798,12990,4679,1912,9580,10326,5303,4277,5545"
14832,14832,"789,9962,13309,8590,1290,7120,4929,10663,10607,13101"
14833,14833,"6220,3950,2343,2140,3870,5545,13296,10326,7983,2218"
14853,14853,"13296,4277,5303,12990,331,2140,6971,6220,5545,8421"
14854,14854,"5303,8421,10916,4679,13346,10326,13296,2140,2218,4277"
14856,14856,"5545,6220,7707,3870,2343,5199,6971,13296,10326,1978"
14858,14858,"5545,1978,2218,6220,4277,3870,8562,9178,350,7707"
14864,14864,"2140,5303,7063,9306,3870,4679,11000,10326,3950,5545"
14867,14867,"789,5135,9962,1290,7120,4576,13309,10389,11024,296"
14880,14880,"10607,10389,4664,9732,6610,1290,4576,11969,6220,544"
14890,14890,"2218,5545,13296,1978,3950,10326,6220,7707,2343,9072"
14892,14892,"10835,10326,5199,8421,5532,5545,12990,13296,1978,6220"
14899,14899,"789,9962,5135,1290,7120,10607,13309,4576,296,4664"
14904,14904,"5545,6220,1978,2218,13296,7707,2343,9072,4277,10326"
14906,14906,"789,10607,9962,1290,5135,11298,7120,6610,4664,9295"
14909,14909,"6060,5760,9375,10441,1521,6402,5105,8540,6640,10352"
14929,14929,"2140,10835,12665,5545,13296,10326,6220,2218,1978,7707"
14931,14931,"6220,13296,6971,9799,7707,1290,10326,2218,5545,5303"
14938,14938,"3950,8421,12990,5545,11384,10326,2218,1978,6220,8562"
14955,14955,"10326,4277,8562,4798,7707,5545,1978,3950,2218,6220"
14961,14961,"3950,5610,3870,7063,2218,8562,220,9178,3112,5177"
14969,14969,"9962,5135,1290,7120,11298,3697,10663,296,4929,12497"
14970,14970,"10326,8421,4277,851,331,6220,9580,11282,10916,6326"
14977,14977,"5545,3950,4413,2218,10326,6220,1978,3870,9306,7063"
14991,14991,"10326,5303,5999,4798,10835,2218,9799,3055,2789,2140"
14993,14993,"10326,2140,3950,5303,5545,2218,6220,8421,8562,4277"
15009,15009,"2140,8421,6971,331,11384,10326,13296,5545,6220,4277"
15014,15014,"789,5135,9962,10607,4576,11298,1244,13101,4664,11117"
15028,15028,"7120,4929,789,10663,12497,2916,13101,12030,296,6243"
15029,15029,"8421,4277,8562,10916,4679,11384,10326,5545,13296,2218"
15030,15030,"4679,5545,1978,10326,2218,6220,9072,3950,7707,8562"
15033,15033,"8421,12990,10326,13296,6220,2218,5545,2140,5303,4277"
15052,15052,"851,8421,13296,12990,5303,11282,8161,560,10916,9799"
15062,15062,"2218,8562,13346,3950,5610,10326,5545,9306,11540,2140"
15074,15074,"5545,6220,5303,7707,5199,10326,13296,11384,4277,2140"
15081,15081,"2343,6220,10835,2140,9072,8421,7707,5485,5532,5199"
15082,15082,"6402,6060,10352,5027,8540,6952,6011,10974,6640,4029"
15097,15097,"10326,2140,5303,6971,3950,2218,6220,4413,8235,8421"
15098,15098,"6515,5485,10916,851,10326,5303,9799,8421,13296,4277"
15107,15107,"789,1290,7120,5135,4929,10663,9962,12030,12497,13101"
15113,15113,"13296,2343,851,10326,6220,1290,6971,5545,5303,2140"
15120,15120,"4277,8421,6220,8161,10326,7707,13296,851,5303,9799"
15121,15121,"10326,4277,8421,4798,331,12990,9580,6326,10916,5485"
15122,15122,"5303,6971,5545,10916,5485,10326,13296,2140,6220,4277"
15141,15141,"6060,5760,5105,5027,10352,8540,6402,6011,10974,10441"
15143,15143,"6220,8590,1290,4576,7120,89,9799,1863,12665,13296"
15148,15148,"3950,2218,3870,3992,4602,5545,1978,6220,13110,7707"
15164,15164,"6220,1978,4277,3950,8421,5545,13296,10326,10835,2218"
15165,15165,"789,9962,5135,1290,7120,4576,10663,296,13309,4929"
15175,15175,"10326,2140,8421,12990,9580,331,2218,5545,13296,5303"
15186,15186,"789,1290,5135,10663,4929,13309,12497,12030,13101,296"
15189,15189,"10326,8421,12990,331,4679,13296,5545,6220,2218,5303"
15200,15200,"10326,851,5303,4277,6220,331,9580,8562,11282,8161"
15204,15204,"10326,8590,13296,1290,2343,8922,7120,6971,2140,5303"
15205,15205,"4576,1290,4664,11024,7120,8714,2343,10607,2989,6220"
15217,15217,"6220,2140,5303,4277,5485,10326,13296,2343,10835,6971"
15240,15240,"5135,789,10607,9962,11298,1290,1851,4576,7120,11024"
15248,15248,"4576,1290,8590,5135,6971,12030,789,10663,296,3697"
15253,15253,"3950,10835,4798,5545,5199,10326,13296,6220,2218,2140"
15256,15256,"6220,811,9942,13296,2140,1978,5545,2218,4277,10326"
15260,15260,"3950,10835,5999,5485,4679,10326,13296,6220,2218,5545"
15265,15265,"6402,5545,1978,2218,6220,7707,13110,9942,350,8188"
15274,15274,"8540,10352,6402,5027,4029,6952,13111,6306,381,6060"
15275,15275,"2140,5303,6971,2291,6220,10326,3950,2789,8421,8235"
15282,15282,"2140,8421,5545,10326,1978,2218,3950,6220,13296,7707"
15294,15294,"2218,5545,3950,1978,10326,13296,6220,7707,3870,9072"
15304,15304,"789,1290,5135,7120,9962,10663,296,4929,4576,13309"
15330,15330,"9564,7706,8590,5976,3487,4576,5545,10429,6220,1863"
15331,15331,"8421,5545,10326,1978,3950,2218,4277,6220,5303,2140"
15332,15332,"5105,5760,2769,3464,6060,6011,6402,10352,6082,1213"
15339,15339,"6220,13296,12665,5303,1978,544,5545,10835,10326,2218"
15387,15387,"10326,4277,5545,8562,13296,6220,2218,1978,7707,2343"
15391,15391,"9072,6971,12990,3870,4679,10326,5545,13296,6220,2218"
15396,15396,"8421,6326,5545,8161,11282,10326,13296,851,5303,2140"
15397,15397,"8562,5545,5199,1978,2218,6220,7707,9072,13296,4277"
15421,15421,"6220,2140,9306,7063,3950,5545,10326,2218,8562,3870"
15427,15427,"1290,7120,4576,5135,789,2989,4664,9295,296,2916"
15434,15434,"5545,6220,2218,13296,1978,11969,2343,544,7707,9942"
15441,15441,"2140,7707,10835,5545,10326,1978,3950,2218,6220,13296"
15444,15444,"5545,6220,2218,7707,1017,3870,13296,10326,1978,10835"
15457,15457,"851,8421,6220,4277,331,8562,7707,2380,10916,10326"
15466,15466,"12990,8421,5532,4798,811,5545,10326,2218,13296,6220"
15475,15475,"8421,10326,5303,3950,2140,2218,6220,6971,4798,5545"
15483,15483,"789,5135,1290,9962,7120,13309,296,3697,10663,9295"
15487,15487,"2218,8235,3950,5545,3870,10326,1978,9306,5495,6220"
15500,15500,"350,5545,1978,6402,3870,2218,4256,6060,3950,6659"
15511,15511,"10835,4117,5532,10326,13296,6971,6220,2140,5303,2218"
15515,15515,"8421,4277,331,10326,6326,9799,5303,851,2140,5545"
15519,15519,"350,8562,4277,5545,1978,2218,6220,7707,9942,3428"
15534,15534,"5545,13296,6220,2218,4277,1978,10326,2343,9072,10835"
15545,15545,"1290,4576,789,7120,9962,5135,9295,296,10607,10674"
15553,15553,"10607,7679,10674,4216,2957,83,6610,1851,4163,11918"
15556,15556,"8421,5545,10326,1978,3950,2218,6220,8562,13296,5303"
15564,15564,"10835,5303,220,11000,10326,5545,2218,13296,6220,1978"
15567,15567,"1290,7120,10607,5135,10674,789,4576,4664,296,9295"
15582,15582,"2218,10326,5545,13296,6220,3950,2140,5303,6971,8421"
15585,15585,"5303,2140,4277,10326,6971,6220,9072,12990,331,5485"
15587,15587,"10835,5199,10326,5545,13296,6220,2218,4277,5303,2140"
15589,15589,"10326,6971,10835,6220,2380,12990,10916,2140,13296,5303"
15590,15590,"2140,5545,13296,1978,10326,6220,2218,10835,2343,4277"
15595,15595,"5545,8540,6659,4256,6060,11590,6402,10352,2769,1377"
15611,15611,"5135,789,10607,2916,3697,296,12497,1244,9295,6811"
15613,15613,"4277,2140,8421,4679,7063,10326,3950,5545,2218,6220"
15632,15632,"1290,13296,7120,8590,6971,6220,10326,2343,2218,4576"
15633,15633,"7707,5545,13296,10326,6220,2218,1978,4277,2343,10835"
15639,15639,"10326,5303,6971,6220,12990,5999,1978,7707,5485,9580"
15648,15648,"851,10326,4277,331,12990,8161,10916,1180,11282,8562"
15652,15652,"5545,13296,6220,4277,1978,2218,10326,7707,2140,5303"
15683,15683,"5545,13296,6220,7707,12665,544,1978,10326,2218,10835"
15688,15688,"10835,5545,4679,10326,13296,6220,2218,2140,5303,6971"
15703,15703,"220,5610,3950,10326,2218,5545,8562,9306,2140,3870"
15708,15708,"10326,5545,2218,6220,5303,1978,2140,4277,8562,9072"
15714,15714,"10326,13296,8421,12990,5545,1978,6220,2218,2343,9072"
15719,15719,"5303,8421,12990,10835,1017,5545,10326,811,1978,2218"
15727,15727,"8922,9799,2291,851,2789,6971,2140,5303,8703,8421"
15728,15728,"1290,7120,12030,5573,3697,13101,10663,4929,2916,12497"
15735,15735,"6060,6402,5760,8540,5105,10352,6150,5027,4256,6952"
15736,15736,"8421,12990,5545,4679,10326,13296,6220,2218,5303,2140"
15739,15739,"2291,13296,6166,8562,10326,8235,2140,6971,3950,5303"
15742,15742,"3870,6220,4679,5545,1978,10326,3950,2218,13296,9072"
15764,15764,"5545,5303,8235,3870,9072,13296,10326,1978,6220,3950"
15773,15773,"2140,8421,3950,10916,10326,6326,11282,5303,2789,6971"
15774,15774,"4576,10607,1290,4664,11969,11298,9732,10389,11024,7679"
15786,15786,"6402,5027,13111,6952,6640,4029,9482,10974,6060,5105"
15789,15789,"9072,4798,10326,6220,13296,2218,5303,5545,6971,2140"
15796,15796,"1328,5545,1978,2218,6220,350,13110,1210,7707,4277"
15800,15800,"10326,6220,5545,2218,2140,5303,13296,8421,3950,6971"
15802,15802,"1290,789,7120,5135,4576,296,4664,10663,2916,9295"
15812,15812,"5303,4277,3870,6971,10326,5545,3950,2218,6220,1978"
15815,15815,"5303,10326,5545,1978,2218,3950,6220,9072,13296,2140"
15828,15828,"3950,8421,12857,6326,11384,10326,13296,5303,5545,2140"
15831,15831,"5760,5105,10352,6402,6011,6060,4256,10441,10974,2769"
15840,15840,"350,6402,5545,1978,2218,9178,6220,13110,3870,3428"
15845,15845,"8421,8562,10916,13346,10326,5545,6220,3950,13296,5303"
15847,15847,"5545,1978,2218,6220,9072,7707,8188,9942,13110,1210"
15856,15856,"6971,4798,4117,10835,5999,9580,6326,10326,10916,13296"
15861,15861,"789,1290,9962,5135,7120,10607,10674,13309,6610,4576"
15862,15862,"789,9962,5135,1290,7120,10663,4929,296,11298,3697"
15871,15871,"2218,12404,220,5545,1978,3950,6220,13110,350,3870"
15872,15872,"4277,5303,8421,12990,10326,5545,13296,2218,6220,1978"
15883,15883,"1290,789,7120,10607,3697,296,10663,4929,9295,2916"
15886,15886,"13296,2343,5545,6220,12665,4576,2218,10835,10326,11969"
15888,15888,"6220,2218,7707,6971,13110,13296,3870,10326,560,1978"
15898,15898,"10326,6220,8421,9072,4277,12990,331,7063,13296,5303"
15919,15919,"2343,10835,13296,10326,4277,6220,5545,5303,2140,1978"
15922,15922,"5135,13309,1290,7120,3697,10663,4929,9866,296,6811"
15931,15931,"1290,5135,7120,12030,4576,789,3697,5573,13101,2916"
15941,15941,"9799,6220,12680,8562,851,10326,2140,5303,13296,6971"
15943,15943,"8421,5303,3950,11000,11384,10916,10326,5545,2218,6220"
15956,15956,"13296,5545,10326,6220,3950,7707,1978,8562,2140,10835"
15958,15958,"1290,6971,6220,7120,9799,789,10663,544,4929,296"
15960,15960,"2140,5303,4277,2343,7063,10326,5532,13296,6220,2218"
15973,15973,"10326,5545,6220,2218,13296,8590,6971,8235,2343,2140"
15977,15977,"789,1290,5135,10607,9962,7120,10663,13309,4576,3697"
15994,15994,"5545,10326,2218,3950,6220,2140,7707,1978,8562,13296"
15995,15995,"1290,789,7120,5135,9962,10663,4929,12497,2916,13101"
15996,15996,"6220,9942,5545,1978,2218,4256,6402,9178,8188,6659"
15999,15999,"220,5545,1978,2218,6220,10326,3870,4277,8562,9072"
16060,16060,"8421,13296,2140,3950,4277,12990,8562,851,331,10326"
16069,16069,"3950,7707,5545,1978,2218,10326,6220,3870,13110,8562"
16076,16076,"10607,11298,1290,4664,10389,6610,9295,7120,4036,5135"
16085,16085,"6402,10352,8540,6011,6306,4256,1377,4399,6060,5105"
16089,16089,"8703,6971,7637,8922,9668,4101,6166,5549,4698,5999"
16097,16097,"8421,4277,4798,851,331,7707,10326,10916,13296,5545"
16112,16112,"3950,8562,5545,1978,2218,6220,3870,7707,13110,13296"
16116,16116,"8421,4798,13346,11384,11000,10326,5545,3950,2218,6220"
16137,16137,"8161,7063,8562,851,10326,5303,8421,2789,2140,6971"
16150,16150,"8421,2140,11843,10326,3950,2789,7723,8235,5999,5545"
16174,16174,"5545,1978,3950,2218,6220,3870,10326,13110,3992,8562"
16176,16176,"5545,1978,2218,6220,9072,10326,7707,9942,13110,2343"
16210,16210,"1290,789,4576,7120,9962,4664,5135,10607,10674,9295"
16212,16212,"9072,5303,8421,3870,5532,5545,10326,1978,13296,6220"
16230,16230,"6220,10326,8562,5545,1978,2218,4277,13110,350,1210"
16245,16245,"4277,12990,4679,8421,5545,10326,1978,13296,2218,6220"
16293,16293,"3950,8421,7707,4679,10326,5545,13296,2218,6220,5303"
16299,16299,"789,1290,9962,7120,5135,4576,4664,13309,296,9295"
16300,16300,"6060,5105,3487,3464,6402,5760,2769,6659,10352,6011"
16303,16303,"4277,8421,2140,4679,7063,5545,1978,10326,2218,3950"
16305,16305,"3950,350,3428,5545,1978,10326,2218,6220,4277,2140"
16314,16314,"5303,4277,6971,12990,4679,331,10326,13296,5545,6220"
16328,16328,"12857,811,5545,3950,10326,2218,6220,2140,1978,5303"
16340,16340,"789,9962,5135,1290,7120,10663,13309,4929,13101,12497"
16351,16351,"5545,1978,2218,6220,9178,9072,3870,4277,10326,13110"
16363,16363,"10326,2218,5545,6220,8562,7063,3950,220,5303,13310"
16376,16376,"5303,6971,5999,7063,10326,2140,851,8421,2291,3950"
16387,16387,"8421,7707,4798,6326,1912,5545,10326,13296,6220,2140"
16395,16395,"4277,2140,6971,851,8421,331,1978,13296,10326,6220"
16414,16414,"4277,6971,3950,12990,9942,10326,5545,13296,6220,2218"
16416,16416,"220,13214,5610,3950,10326,9306,2291,2218,5545,4413"
16418,16418,"10326,5303,9072,2343,6971,5545,3870,13296,6220,2218"
16471,16471,"10607,4576,10674,11298,4664,1290,11024,1779,9295,9730"
16489,16489,"6971,1978,12857,9072,10326,10916,5545,3950,6220,2140"
16497,16497,"2140,10326,2218,5545,5303,6220,3950,13296,6971,4798"
16509,16509,"2140,7707,8562,13296,5545,10326,6220,4277,2218,5303"
16510,16510,"8421,1978,7707,5999,10326,13346,13296,5303,5545,2140"
16521,16521,"10607,1290,789,7120,9962,5135,4576,13309,296,9295"
16524,16524,"6060,6011,10352,6402,5760,4399,8540,5027,10974,6306"
16582,16582,"6971,5485,3870,10326,5545,13296,6220,5303,2140,1978"
16592,16592,"6220,89,3487,4576,9564,5976,10429,2769,1863,3464"
16604,16604,"8421,12990,5545,10326,13296,6220,10835,2218,2140,3950"
16605,16605,"4576,1290,7120,4664,6610,2916,544,10663,296,6220"
16617,16617,"10607,1290,7120,296,4036,13309,4576,3539,11298,5135"
16622,16622,"789,5135,1290,7120,10607,9962,13309,4576,296,3697"
16624,16624,"1210,2140,5545,1978,2218,10326,6220,4277,9072,9942"
16628,16628,"5303,10835,5199,3950,5545,10326,1978,6220,2218,2140"
16633,16633,"1290,7120,789,4929,2916,13101,5135,6243,12030,8567"
16646,16646,"7707,350,5545,13296,1978,2218,6220,10326,9942,4277"
16651,16651,"2140,8421,10326,13296,2218,6220,5545,4277,1978,5303"
16654,16654,"6220,10835,9799,12990,4117,7707,331,5485,10326,13296"
16673,16673,"2218,3870,10326,9580,5545,6220,13296,5303,2140,4277"
16675,16675,"3950,8421,3870,10326,2140,5303,5545,13296,2218,6220"
16677,16677,"6971,9799,5303,7707,6220,12680,10326,4277,9580,8235"
16679,16679,"220,11000,11384,5545,350,3950,1978,2218,10326,6220"
16686,16686,"789,1290,9962,5135,7120,11298,13309,296,9295,3697"
16695,16695,"3950,8421,4277,13346,2380,10916,10326,5545,2218,6220"
16704,16704,"5545,1978,2218,6220,9072,7707,1210,4277,11590,13112"
16709,16709,"5545,3950,10326,1978,2218,6220,13296,8562,7707,5303"
16773,16773,"2218,5303,8562,5545,10326,13296,6220,1978,3950,2140"
16774,16774,"8421,10326,5545,3950,2218,2140,5303,1978,6220,13296"
16797,16797,"2218,3428,6402,1978,6060,8540,4256,6659,11590,3870"
16803,16803,"10326,3950,5545,2218,6220,2140,8562,1978,5303,3870"
16804,16804,"8421,851,10326,4277,331,12990,9580,10916,8161,6326"
16806,16806,"6402,10352,5027,8540,6306,6011,6952,4399,10974,6060"
16810,16810,"5545,3428,1978,2218,6220,7707,350,13296,13110,1210"
16836,16836,"2140,8421,5545,1978,10326,13296,6220,2218,9072,4277"
16844,16844,"5545,1978,2218,6220,7707,9072,3428,3870,13110,3992"
16861,16861,"789,9962,5135,1290,7120,10607,13309,10674,2957,296"
16875,16875,"10326,5303,6971,2218,2789,2380,10916,331,6326,13296"
16936,16936,"8421,3950,4277,13346,7138,5545,10326,11384,13296,6220"
16946,16946,"11000,8421,5545,1978,10326,2218,6220,3950,3870,13296"
16965,16965,"5303,10835,10326,10916,13296,851,2140,4277,8421,6220"
16987,16987,"2140,6971,4277,8421,331,10916,851,10326,5303,2789"
16988,16988,"5999,2218,10326,13296,2140,6971,5303,6220,4277,10835"
16989,16989,"6220,5545,3950,8421,7707,3870,10326,13296,560,2218"
17007,17007,"10326,6220,8421,5545,12990,9942,2218,2140,5303,6971"
17016,17016,"10835,4798,4117,7138,10326,5303,2140,13296,8421,5545"
17030,17030,"5545,2140,9072,5303,10326,3950,2218,1978,6220,13296"
17034,17034,"4277,5303,12990,8421,851,331,9580,2380,8562,10916"
17054,17054,"5303,1978,851,8421,6220,6971,10916,7063,10326,331"
17056,17056,"6402,5027,10352,8540,6011,6060,6306,6952,6150,10974"
17084,17084,"6220,4277,1978,9072,5303,8421,5545,544,5485,9341"
17098,17098,"220,5545,1978,2218,6220,3950,10326,3870,9942,13110"
17102,17102,"6220,5303,4277,6971,851,8421,5999,12990,331,7707"
17109,17109,"5545,1210,1978,2218,3870,3992,9178,13110,3950,6220"
17112,17112,"6971,10326,560,9072,10916,13296,851,4277,2140,9799"
17119,17119,"6220,4413,4798,12990,13296,10326,7723,5545,2218,2140"
17124,17124,"2218,7707,5303,3870,13296,5545,10326,5999,6220,10835"
17141,17141,"2140,5303,4277,8421,6220,851,331,13296,10326,5485"
17160,17160,"4216,2957,4163,10674,1851,9732,83,10389,11298,10607"
17179,17179,"5545,7707,10326,1978,13296,2218,6220,4277,5303,2140"
17189,17189,"6220,4277,8421,13346,811,5545,10326,13296,2218,5303"
17191,17191,"6220,2990,3870,7723,3950,5495,5545,10326,8235,2218"
17194,17194,"10326,3870,5545,13296,1978,2218,6220,4277,2140,9072"
17195,17195,"6220,10326,5303,10835,5999,6971,12990,7707,5199,13296"
17200,17200,"1290,789,7120,10607,5135,296,10663,4929,3697,2916"
17212,17212,"6971,6220,9799,4277,12680,9580,13296,10326,5303,2140"
17218,17218,"10835,8421,2343,5999,10326,5545,13296,6220,2218,5303"
17232,17232,"8540,6402,4256,10352,5027,1377,6952,6306,2770,13111"
17242,17242,"10326,4277,8421,5545,13296,1978,6220,2218,10835,5303"
17255,17255,"3950,4413,3055,3870,7707,10326,6326,2140,5303,11540"
17262,17262,"789,1290,5135,7120,10607,9962,4576,13309,6610,296"
17275,17275,"5545,2218,6220,1978,4256,6659,8188,11590,7707,6402"
17276,17276,"5545,4256,2218,1978,8188,9178,350,9341,13110,2290"
17278,17278,"4576,3487,2769,3464,5105,7679,9730,12339,6220,6060"
17283,17283,"8421,5303,851,4679,8562,1210,10326,5545,13296,1978"
17284,17284,"8421,5999,10326,13346,7723,3950,5545,13296,6220,2140"
17295,17295,"10326,2218,5545,6220,3950,5303,2140,8562,8421,7063"
17298,17298,"1290,789,7120,9962,4576,5135,4664,296,13309,10607"
17319,17319,"5545,13296,6220,2140,7707,6971,9942,10326,1978,4277"
17320,17320,"9295,4216,4163,1779,10607,11298,4576,5135,1290,10674"
17325,17325,"6220,2140,6971,10835,8922,7707,13296,10326,1290,4277"
17330,17330,"789,5135,9962,1290,7120,2916,13309,11024,3697,10663"
17334,17334,"9962,789,5135,1290,7120,13309,4576,4664,296,11024"
17346,17346,"5545,1978,10326,2218,6220,5303,2140,3950,8562,4277"
17352,17352,"4117,4798,5999,10835,10916,10326,13296,6971,2140,5303"
17353,17353,"789,5135,1290,9962,7120,13309,10663,3697,4929,296"
17396,17396,"10326,2140,5303,6971,10916,7063,4679,8421,851,3950"
17408,17408,"5545,5303,1978,4277,6220,9072,3870,8562,10326,13296"
17414,17414,"350,5545,1978,6402,4256,13110,2218,6659,3870,6060"
17422,17422,"5135,789,9962,7120,1290,4929,11298,10663,3697,12497"
17424,17424,"8421,3950,5545,13296,10326,1978,6220,2218,4277,5303"
17427,17427,"5135,789,9962,1290,7120,13309,3697,4929,296,4576"
17432,17432,"2218,3992,3950,7707,5545,1978,3870,6220,9306,8562"
17434,17434,"8590,2140,10835,4798,2380,331,9580,4101,10326,12990"
17439,17439,"5545,2218,3870,6402,5105,4256,6220,5760,8092,6060"
17442,17442,"13296,6220,9799,10326,4277,851,8421,12990,331,7707"
17449,17449,"2140,220,4679,5545,7063,1978,3950,2218,10326,6220"
17472,17472,"1017,5545,13296,10326,6220,2218,9072,2343,1978,4277"
17509,17509,"1290,789,9962,4664,7120,1779,10607,10674,296,4576"
17522,17522,"3950,8235,220,4602,7707,4413,10326,5545,2218,6220"
17527,17527,"5303,1978,8421,851,10916,7063,10326,13296,2140,5545"
17535,17535,"10607,1290,7120,4576,10674,6610,296,10389,2916,10663"
17540,17540,"10326,5303,2140,6971,2218,8421,6220,13296,8562,4798"
17541,17541,"1290,789,10607,9962,5135,4576,296,4664,13309,10663"
17551,17551,"8421,5999,10326,5545,3950,2218,6220,5303,2140,1978"
17564,17564,"10326,5303,8421,10835,11282,9580,6515,12857,851,2140"
17565,17565,"6402,6011,10352,8540,6306,4399,6815,4832,6060,10078"
17581,17581,"8421,851,9580,8161,331,10326,220,5303,2140,2218"
17596,17596,"10326,10835,851,2343,8922,13296,1290,6971,5303,6220"
17601,17601,"3950,4413,8421,8562,12857,10326,2140,5303,8235,5999"
17611,17611,"2140,851,10326,5303,8421,6971,4798,4277,2380,12990"
17612,17612,"11590,8421,4256,5545,1978,13296,6220,4277,7707,2218"
17620,17620,"3799,13346,8235,5545,3950,1978,10326,2218,6220,3870"
17627,17627,"5545,13346,1978,2218,6220,3870,9178,7707,3428,9942"
17634,17634,"2218,5545,13296,1978,6220,7707,12665,9942,11969,9072"
17649,17649,"3950,4277,8421,8590,6971,10326,5545,13296,6220,2218"
17654,17654,"5545,1978,4256,2218,6402,6220,11590,6659,13110,350"
17659,17659,"6220,2140,8562,5545,13296,10326,3950,8235,7707,10835"
17666,17666,"1290,4576,7120,10663,4929,2916,4664,789,12497,11775"
17674,17674,"10326,2140,6971,5303,6220,13296,2218,8421,8590,3950"
17684,17684,"6402,1377,8540,10352,1328,2770,8092,6306,5545,1978"
17708,17708,"8421,13296,10326,2343,6220,2218,5545,4277,9072,2140"
17709,17709,"1328,5545,1978,2218,13110,9178,350,4256,3992,3428"
17741,17741,"7707,6220,3870,8562,5303,5545,13296,3950,10835,10326"
17752,17752,"6060,6011,5105,10352,8911,10441,449,5027,10974,1213"
17765,17765,"5303,2343,10835,5999,5199,10326,13296,6220,4277,2140"
17770,17770,"9564,4576,7706,8590,3487,589,5976,10429,5545,1863"
17814,17814,"3950,4602,5545,1978,10326,2218,6220,7707,13296,3870"
17818,17818,"5545,1978,2218,4256,350,13110,6402,8188,6220,9178"
17822,17822,"789,1290,7120,9962,5135,13309,3697,10663,296,2916"
17826,17826,"8421,851,4277,2380,331,10916,10326,13296,2140,6220"
17827,17827,"1290,789,10607,5135,7120,9962,4576,4664,13309,296"
17840,17840,"10326,7707,8421,12990,8562,8590,13296,5545,6220,2218"
17843,17843,"2218,6971,3870,7063,5545,10326,13296,1978,6220,2140"
17864,17864,"3950,10326,2218,2140,6971,5303,2291,6220,13296,8562"
17871,17871,"10429,2218,5545,3487,13296,6220,4576,2343,5976,7707"
17881,17881,"10835,6220,2218,5199,5545,9942,13296,10326,4277,1978"
17928,17928,"12665,8562,5545,13296,1978,6220,2218,2343,10326,7707"
17931,17931,"5545,2218,6220,3950,9306,13310,3992,7063,13110,9178"
17933,17933,"5545,10326,6220,2218,13296,9072,1978,4277,2140,5303"
17953,17953,"5303,10835,12665,5999,7707,1017,13296,10326,6220,5545"
17970,17970,"2218,3950,5999,3870,10326,5545,13296,6220,2140,1978"
17977,17977,"6220,6971,4277,5999,8562,331,9580,10326,13296,5545"
17982,17982,"9962,1290,10663,7120,4929,12497,3697,296,13101,12030"
17995,17995,"1290,12030,7120,10663,4929,12497,3697,5573,4387,2916"
18002,18002,"10326,2140,8421,560,4679,13296,5545,6220,4277,1978"
18006,18006,"6402,6659,4256,10352,8540,1377,6060,5105,5545,2769"
18023,18023,"5303,2140,4277,4679,5545,1978,10326,3950,2218,6220"
18024,18024,"2291,2140,9306,7063,9771,10326,3950,2218,6220,5545"
18047,18047,"5545,2218,6971,9942,13296,10326,6220,2343,10835,1978"
18050,18050,"2218,8421,8562,7707,11384,13296,10326,5999,5545,6220"
18078,18078,"8421,4277,12990,331,4798,9942,9580,13296,10326,6220"
18086,18086,"789,5135,9962,1290,7120,13309,3697,296,10663,9295"
18093,18093,"11298,1290,9962,789,5135,7120,4576,9295,4664,10607"
18115,18115,"5545,3950,8421,10326,1978,6220,2218,13296,5303,2140"
18122,18122,"4576,4664,1290,3487,9730,11969,10674,7679,2989,6610"
18124,18124,"2140,4277,10835,8590,4798,5545,13296,10326,6220,1978"
18127,18127,"789,1290,7120,5135,9962,10663,13309,4929,296,13101"
18133,18133,"3950,8421,2380,13346,10326,5545,13296,6220,2218,2140"
18148,18148,"2140,10326,4679,13296,5303,2218,6971,6220,851,8421"
18155,18155,"5545,10326,2218,6220,1978,9072,5303,8562,4277,13296"
18158,18158,"1290,7120,10607,12497,296,10663,4929,2916,3697,4664"
18166,18166,"5545,10326,2218,6220,1978,5303,9072,13296,4277,2140"
18167,18167,"10326,5303,9072,6971,12990,5485,13296,5545,6220,2218"
18169,18169,"2140,8161,10326,3950,2291,5303,2218,9306,7063,11540"
18175,18175,"10835,4277,5545,3950,13296,1978,6220,10326,2218,7707"
18178,18178,"7707,5999,11384,5199,4679,10326,3950,6220,13296,2218"
18214,18214,"1290,789,7120,10663,4929,12497,6243,13101,5135,296"
18217,18217,"5303,6220,4277,851,8562,9580,10916,10326,7138,13296"
18226,18226,"1290,4576,789,7120,9962,4664,5135,9295,296,10607"
18229,18229,"5303,9072,6971,5485,8421,3870,1017,5545,10326,13296"
18236,18236,"6402,10352,8540,1377,5545,6306,6220,4256,2218,5105"
18240,18240,"5545,3870,3428,6402,4256,6060,6659,1978,8540,13112"
18262,18262,"5545,6220,7707,3870,11384,1978,10326,13296,2218,4277"
18266,18266,"1290,10607,4576,10663,296,4929,10674,12497,2916,4664"
18272,18272,"10835,5303,3870,13346,10326,5545,13296,2218,3950,6220"
18292,18292,"2140,9799,7707,10326,13296,6220,2218,5545,5303,6971"
18299,18299,"1978,8421,12990,350,5545,13296,6220,10326,2218,4277"
18321,18321,"6402,8540,10352,5027,6011,6306,6640,5760,5105,10974"
18338,18338,"2343,4277,4798,4679,10326,13296,6220,2218,5545,5303"
18339,18339,"10326,4277,8421,6971,12990,331,9580,8562,10916,13296"
18341,18341,"7723,3106,10326,3950,11540,2140,8562,2291,5999,8235"
18355,18355,"789,1290,7120,5135,9962,10663,13309,4929,3697,296"
18364,18364,"4576,1290,544,4664,6610,7120,10389,13296,5545,6220"
18368,18368,"10326,8421,12990,4277,851,10916,5545,6220,13296,1978"
18393,18393,"2140,2343,6220,5303,4277,5199,5545,10326,13296,10835"
18409,18409,"10326,5303,12990,10916,5545,2218,13296,6220,1978,2140"
18434,18434,"10326,8421,12990,3950,331,13296,7063,5545,6220,2218"
18440,18440,"3950,6220,13296,2218,7707,3870,10326,5545,2140,5303"
18446,18446,"5303,8421,12990,5545,1978,2218,6220,4277,8562,10326"
18467,18467,"8421,2140,10326,2218,5303,6220,6971,13296,3950,5545"
18475,18475,"6220,1290,8590,4576,6971,13296,5545,2218,2343,10326"
18487,18487,"3950,8421,4277,3870,13346,12990,10326,5545,13296,6220"
18489,18489,"6402,2770,10352,9482,6640,5545,4256,1978,6659,5105"
18499,18499,"5545,10326,2218,6220,4277,5303,13296,9072,1978,2140"
18505,18505,"6220,10326,7707,3950,2140,12990,5545,1978,8421,13296"
18525,18525,"5545,5485,13296,10326,4413,6220,5303,2218,4277,8421"
18530,18530,"8421,4277,4798,13346,10326,5545,5532,3950,13296,2218"
18539,18539,"4576,1290,1863,7120,13296,6220,3487,2343,544,11969"
18546,18546,"10326,8421,4277,12990,331,11384,13296,6220,2218,5545"
18579,18579,"5545,13296,9942,1978,6220,2218,10326,4277,7707,544"
18585,18585,"5999,10835,10326,10916,2218,5545,13296,6220,3950,2140"
18595,18595,"8562,3870,5545,811,1978,2218,6220,4277,9072,10326"
18648,18648,"6220,3950,8421,5545,13296,10326,2218,4277,5303,2140"
18679,18679,"3950,5303,4277,4413,10835,3870,10326,5545,2140,6220"
18683,18683,"6220,2140,1978,10326,5545,13296,2218,5303,4277,10835"
18687,18687,"2140,5545,13296,10326,6220,2218,10835,1978,2343,4277"
18718,18718,"6220,4277,7707,2140,8421,13110,13296,3870,1978,2218"
18741,18741,"11622,5610,12632,3950,13110,5545,9306,3870,10326,2218"
18760,18760,"1290,7120,9962,6610,13309,4576,4664,9295,296,10607"
18771,18771,"10835,7707,8562,5545,1978,10326,2218,6220,2343,9072"
18787,18787,"851,10326,4277,8421,331,9580,6220,10916,11282,8562"
18788,18788,"2218,5303,6220,12857,9072,10916,10326,3950,2140,8421"
18789,18789,"8562,8421,3870,5545,1978,10326,6220,13296,2218,4277"
18798,18798,"4277,8421,5545,13296,10326,6220,2218,5303,2140,10835"
18800,18800,"5545,6220,2218,4576,11969,544,2343,8188,3487,3464"
18805,18805,"5545,10326,1978,2218,6220,13296,9072,2343,4277,3950"
18806,18806,"789,9962,7120,10607,11298,3697,10663,4929,296,12497"
18812,18812,"6402,6060,5027,10352,8540,5105,4256,5760,6952,11771"
18818,18818,"6011,5105,6402,5760,10352,449,8911,4399,8540,10441"
18830,18830,"5303,3870,4798,6971,331,7063,10916,10326,3950,2140"
18835,18835,"789,1290,7120,5135,9962,10663,296,10674,3697,4664"
18839,18839,"6971,5545,9799,8562,13296,10326,6220,2140,5303,10835"
18851,18851,"2343,5199,5545,810,13296,1978,10326,6220,2218,9072"
18854,18854,"10326,8421,851,5303,331,12990,11282,9580,9799,2789"
18864,18864,"8421,4277,2140,13346,5545,1978,13296,6220,2218,10326"
18865,18865,"2343,8235,5303,6971,10835,10326,5545,13296,7983,6220"
18874,18874,"789,9962,5135,1290,7120,13309,11298,296,10663,3697"
18875,18875,"8421,5199,13296,5545,10326,6220,2218,4277,1978,2343"
18879,18879,"6060,3464,5760,11771,1213,10441,2769,5105,3487,10009"
18882,18882,"789,5135,9962,1290,7120,11298,13309,4664,296,10663"
18895,18895,"3870,8235,5495,5545,10326,3950,13296,2218,6220,1978"
18903,18903,"6220,4277,8590,1290,5303,9072,13296,10326,5545,6971"
18913,18913,"6220,4277,2140,12990,3950,7707,10326,5545,13296,10835"
18934,18934,"789,9962,5135,1290,13309,7120,10663,4929,12497,13101"
18935,18935,"544,3487,5545,89,6220,6659,13296,7707,11590,2343"
18981,18981,"4576,6220,7707,5545,13296,3487,2343,12665,11969,10835"
18985,18985,"6220,1978,4277,3870,5545,13296,2218,9942,9072,10326"
18987,18987,"5135,7120,9962,13309,10607,12497,296,2916,13101,12030"
18990,18990,"5485,10326,6220,13296,5303,5545,2218,4277,6971,8421"
18996,18996,"5545,2218,3950,10835,10326,13296,6220,1978,4277,9072"
19010,19010,"10326,8421,4277,12990,331,10916,4798,11384,13296,2218"
19016,19016,"1290,7120,789,11298,9962,4664,5135,296,10607,9295"
19018,19018,"10326,2218,5303,2140,6220,3950,6971,2291,5545,7063"
19029,19029,"10326,8421,4277,5303,2140,851,8562,7063,12990,4679"
19060,19060,"5760,5105,6060,1377,10732,6402,3464,8540,10107,4256"
19069,19069,"1290,7120,4929,10663,13101,12497,3697,296,6243,12030"
19084,19084,"5303,4277,8421,2140,8562,10835,4679,9072,4798,10326"
19086,19086,"2343,9732,3487,2769,3464,5545,6220,11969,4576,544"
19105,19105,"4576,10607,10674,1290,4664,2769,3487,7679,3464,10389"
19110,19110,"789,5135,9962,1290,7120,13309,10663,3697,4929,296"
19135,19135,"6402,10352,8540,4256,6011,6306,1377,5027,2770,6952"
19144,19144,"5303,6220,6971,13296,5545,10326,1978,2218,4277,2140"
19154,19154,"5532,5545,10326,3950,6220,2218,13296,2140,1978,4277"
19168,19168,"4277,8421,9580,8562,8161,331,7707,10326,13296,5303"
19173,19173,"1290,12030,10663,12497,7120,4929,13101,8567,5573,2916"
19187,19187,"6971,5303,4117,4413,5999,7723,13296,10326,6220,2140"
19216,19216,"5760,6402,10352,6060,6011,5105,6640,5027,10974,6952"
19227,19227,"6402,5545,1978,4256,2218,13110,6060,6220,8540,350"
19231,19231,"8421,4277,3950,851,2789,331,8161,6326,10326,13296"
19234,19234,"4576,10607,1290,6610,11024,10389,7120,9295,11298,10674"
19255,19255,"4277,10326,8421,12990,4117,13296,5545,4798,6220,2218"
19258,19258,"3950,2140,10326,5545,6220,2218,8235,13296,8562,5303"
19266,19266,"4576,1290,89,5545,13296,6220,1863,3487,2343,2989"
19296,19296,"10326,8235,2218,6220,2140,3950,6971,5545,13296,8590"
19297,19297,"5027,10352,8540,6402,6952,1521,6306,6060,5760,5105"
19308,19308,"3950,5199,5999,10326,5545,2218,1978,6220,2140,4277"
19323,19323,"6011,10352,6060,6402,8540,6306,6640,4832,5105,5027"
19346,19346,"6220,2343,5485,5545,13296,10326,4277,1978,2218,10835"
19347,19347,"7120,4929,10663,12497,2916,296,12030,13101,6243,8567"
19360,19360,"1290,7120,4576,789,9962,5135,9295,10607,3539,11298"
19364,19364,"10607,4576,1290,10674,11024,4664,6610,11298,544,11969"
19378,19378,"3950,10835,8562,7707,5545,10326,13296,6220,2218,2140"
19379,19379,"8421,5303,2218,4798,3870,5545,13296,10326,6220,4277"
19380,19380,"5303,4679,220,5199,5545,1978,10326,2218,13296,6220"
19381,19381,"10326,8421,331,9580,4277,8161,8562,11282,1180,10916"
19384,19384,"10326,5303,8421,4277,13296,6220,6971,2218,12990,851"
19385,19385,"8421,11384,12990,4798,13346,5199,5545,13296,10326,6220"
19388,19388,"789,1290,10607,9962,7120,5135,4576,4664,13309,296"
19406,19406,"851,8421,11843,2140,4277,9580,331,4798,10916,8161"
19408,19408,"6220,12990,9799,5999,7707,13296,10326,5545,2140,10835"
19415,19415,"13296,2218,8590,2343,4576,544,5545,3487,7679,6220"
19417,19417,"10835,5545,10326,13296,2218,6220,1978,2140,5303,4277"
19434,19434,"4664,5545,13296,6220,2343,2218,1978,11969,544,12665"
19441,19441,"8421,2140,851,9580,10916,331,6326,10326,13296,5303"
19461,19461,"4576,10607,1290,7120,789,5135,6610,10663,2916,4929"
19474,19474,"3950,2218,7707,5999,3870,5545,13296,10326,4277,6220"
19477,19477,"3464,5545,2769,11969,6220,2218,6659,3487,5105,8188"
19484,19484,"10607,1290,4576,4664,7120,789,11024,9295,10674,1779"
19502,19502,"5545,2218,1978,6220,13296,10326,9072,2343,9942,4277"
19503,19503,"2218,6971,4413,1634,10326,3950,2140,8562,8235,13296"
19512,19512,"5545,5303,6220,1210,13296,10326,2218,4277,10835,2140"
19515,19515,"2218,8235,5545,13296,10326,6220,2343,3487,7707,10835"
19518,19518,"2218,3870,12404,220,5545,10326,1978,13296,6220,4277"
19530,19530,"6220,13296,1978,10326,2140,9072,5303,9942,544,5485"
19559,19559,"789,1290,7120,9962,5135,4664,13309,296,2916,10663"
19576,19576,"7707,3870,5999,10326,5199,5545,2218,13296,6220,2140"
19586,19586,"2140,5545,13296,1978,10326,2218,6220,2343,7707,9072"
19594,19594,"1290,5303,6971,8590,9072,544,8922,7120,13296,5545"
19605,19605,"5545,13296,6220,2218,10326,2343,9072,1978,7707,11969"
19618,19618,"5303,3950,2380,5999,4413,7723,10326,5545,13296,2140"
19620,19620,"9799,4101,5549,7637,2199,2789,851,6971,2140,10326"
19623,19623,"5545,10326,11384,13296,6220,1978,2218,4277,5303,2140"
19628,19628,"4117,10835,5999,5532,5199,13296,6220,10326,4277,5303"
19631,19631,"10607,7120,10663,4929,296,4576,12497,2916,3697,10674"
19642,19642,"1978,7707,10835,5532,5303,5545,8421,13296,6220,10326"
19644,19644,"5545,4798,5303,7063,11384,10326,6220,3950,2140,13296"
19648,19648,"4576,12339,5545,3487,8590,6220,13296,2218,12665,11969"
19665,19665,"9340,811,5545,1978,2218,6220,13296,10326,4277,9072"
19683,19683,"789,1290,9962,5135,10607,10663,4929,296,13309,4576"
19684,19684,"8421,10326,13346,5545,13296,6220,2218,5303,2140,4277"
19693,19693,"1210,5545,1978,2218,6220,10326,4277,7707,9942,13296"
19696,19696,"5303,4277,6971,7707,4117,10326,5545,13296,6220,2218"
19707,19707,"5303,10326,5485,560,5199,4798,4679,13296,5545,6220"
19715,19715,"4117,10835,5999,5532,10326,13296,6220,5545,5303,2218"
19716,19716,"13309,1290,7120,3697,4929,10336,296,2916,12497,1244"
19729,19729,"1290,7120,13296,4929,10663,2916,12030,6220,12497,6243"
19734,19734,"3950,11000,8421,10326,5545,5610,2218,6220,8562,3870"
19758,19758,"2380,8421,2218,8562,1912,7138,8235,8161,10326,5303"
19764,19764,"8421,6220,9072,5485,10326,7707,13296,5303,4277,851"
19773,19773,"789,5135,1290,9962,13309,4576,296,4664,11024,2916"
19778,19778,"2218,13296,5545,1978,10326,6220,4277,2343,9072,12665"
19780,19780,"13296,2218,8421,8562,5545,5199,1978,3950,6220,7707"
19784,19784,"5545,1978,2218,6220,9072,2343,9942,4277,7707,13110"
19786,19786,"4277,8421,12990,5545,13296,1978,2218,6220,5303,2140"
19793,19793,"8421,4277,3950,5999,331,10916,7707,7063,10326,13296"
19798,19798,"10326,2140,12990,5545,1978,2218,13296,6220,4277,9072"
19808,19808,"11282,8161,10326,2789,9799,2140,851,5303,8421,6971"
19812,19812,"789,5135,9962,1290,7120,4664,4576,9295,10607,3539"
19821,19821,"6220,7707,2380,5545,13296,10326,8235,2140,3950,2218"
19830,19830,"1290,7120,789,4576,5135,10389,11024,296,4036,1851"
19843,19843,"10326,8421,8161,11000,2218,12104,6971,5303,7063,2140"
19867,19867,"2343,5545,13296,6220,3487,12665,1978,2218,4576,11969"
19889,19889,"2218,8421,8562,10835,5999,10326,5545,13296,6220,4277"
19893,19893,"6220,4277,2140,10326,13296,6971,5545,2218,2343,1978"
19898,19898,"789,1290,7120,5135,4576,296,13309,10663,4664,4929"
19902,19902,"6011,6402,5027,10352,6060,6952,4399,10974,6640,6306"
19905,19905,"5545,10326,8421,331,13296,3950,6220,2140,5303,4277"
19910,19910,"2140,3950,8421,331,10326,11384,5545,13296,5303,6220"
19929,19929,"6220,4277,8421,12990,7707,331,13296,10326,5545,5303"
19932,19932,"789,1290,5135,9962,10607,7120,13309,4576,296,4664"
19952,19952,"6220,8421,3950,13296,12990,10326,8235,2140,5545,6971"
19956,19956,"5303,3870,8562,5545,10326,1978,2218,13296,6220,9072"
19987,19987,"851,8421,4277,13296,12990,2140,8161,6326,13346,10326"
20008,20008,"13296,4277,5303,12990,331,1290,2140,5545,6220,851"
20018,20018,"6220,2140,7707,8421,4413,4679,3950,5545,10326,2218"
20019,20019,"4929,2916,1290,6971,2218,13296,8590,10326,7120,6220"
20020,20020,"1290,7120,4929,10663,12030,789,13101,3697,6243,12497"
20023,20023,"5303,3870,7707,5999,13346,10326,5545,3950,2218,6220"
20031,20031,"5303,8562,13296,10326,6220,4277,2140,5545,2218,6971"
20039,20039,"5545,2218,7707,6220,9072,8562,13296,10326,1978,10835"
20040,20040,"5303,8421,13346,4679,5545,10326,3950,2218,6220,1978"
20041,20041,"5545,1978,6220,2218,13110,7707,9942,350,13296,1210"
20045,20045,"3950,8421,2140,7707,4798,331,5999,10326,5545,13296"
20056,20056,"4576,1290,7120,544,10663,4929,6220,12497,10607,789"
20069,20069,"2218,4277,3950,5545,1978,4602,6220,350,13110,7707"
20074,20074,"5545,7707,4413,10326,13296,6220,1978,2140,3950,2218"
20083,20083,"6220,9072,4277,2140,5199,5545,13296,1978,10326,2218"
20085,20085,"789,1290,7120,9962,10607,5135,10663,4576,4929,296"
20086,20086,"1290,7120,6971,4576,4929,10663,296,13296,5545,6220"
20089,20089,"4277,10835,8421,5303,6971,7707,8562,13296,10326,5545"
20101,20101,"5303,9799,5999,10835,10326,13296,851,4277,2140,8421"
20104,20104,"6011,5760,6150,6060,10352,5105,10974,10441,449,8540"
20112,20112,"6220,3950,4602,5545,1978,2218,11590,7707,350,13112"
20115,20115,"6220,5303,10326,4277,2140,8421,7707,2380,331,13296"
20133,20133,"5135,789,13309,1290,10336,3697,7120,9866,10644,6811"
20136,20136,"4277,2140,2343,5545,13296,10326,6220,1978,2218,10835"
20138,20138,"789,5135,9962,13309,1290,7120,10663,11298,4929,10336"
20162,20162,"8421,12990,851,4277,3950,331,4679,10326,2140,13296"
20176,20176,"10326,6971,4277,331,8562,12990,10916,11282,851,9799"
20200,20200,"2140,8562,12990,5545,10326,3950,2218,1978,6220,13296"
20222,20222,"2140,10326,5545,13296,6220,2218,3950,5303,6971,1978"
20251,20251,"851,5303,8421,6971,331,5999,9580,8562,10916,2789"
20256,20256,"1978,3950,8562,4602,4414,5545,2218,3870,6220,7707"
20264,20264,"6220,5303,1290,6971,9072,11969,2140,7120,13296,10326"
20280,20280,"4277,12990,8421,10835,1017,10326,5545,13296,6220,1978"
20286,20286,"1290,4664,10389,11024,7120,9295,10137,296,789,4576"
20323,20323,"1290,789,7120,4929,5135,10663,9962,13101,12497,3697"
20324,20324,"6220,12665,2140,1290,6971,4576,13296,5545,2218,11969"
20336,20336,"1290,4576,789,7120,544,9962,8590,296,10663,5135"
20339,20339,"7707,8562,5545,1978,3950,6220,2218,13296,3870,13110"
20344,20344,"6971,2140,5303,5545,331,10326,13296,8235,9799,6220"
20356,20356,"13296,6220,12665,1210,13110,3428,1328,5545,7707,2218"
20360,20360,"1290,789,7120,5135,9962,13101,10663,12497,3697,4929"
20362,20362,"2343,10835,5532,5199,13296,5545,10326,6220,4277,2218"
20376,20376,"10326,3950,4277,8421,2140,8562,12990,5545,1978,2218"
20381,20381,"2218,5303,8421,4798,5545,5485,13296,10326,1978,6220"
20394,20394,"7120,789,4929,10663,5135,12497,296,13101,2916,10607"
20397,20397,"2140,5303,7707,9072,11969,6971,5545,13296,6220,1978"
20407,20407,"220,5545,10326,3950,2218,1978,6220,5303,2140,8562"
20413,20413,"789,9962,5135,1290,7120,13309,3697,10663,4929,2916"
20433,20433,"789,5135,1290,9962,7120,13309,10607,10663,3697,4929"
20448,20448,"12104,2291,10434,4877,10566,9998,10326,6971,9306,4740"
20492,20492,"6220,5545,1978,2218,13296,2343,9072,12665,4277,10326"
20505,20505,"789,1290,9962,5135,7120,11298,3697,10663,296,4929"
20512,20512,"8421,11843,3870,4798,10326,6326,3950,12857,13346,2140"
20514,20514,"12104,2291,10434,4877,10566,9998,9306,10326,7063,6971"
20533,20533,"811,8421,1210,5545,1978,10326,2218,13296,6220,4277"
20543,20543,"10326,6220,4277,12990,5545,13296,2218,9072,1978,2343"
20546,20546,"3950,8562,8421,2380,220,4679,3870,10326,2218,5303"
20557,20557,"5545,13296,2140,7707,8421,10326,5303,2218,10835,4277"
20558,20558,"4798,3950,4277,9942,10326,811,5545,13296,2218,6220"
20561,20561,"2218,8421,13346,10326,5545,3950,13296,6220,5303,1978"
20566,20566,"1290,789,7120,5135,4576,11024,296,10607,10674,11298"
20573,20573,"789,1290,5135,9962,10607,4576,7120,11298,296,9295"
20623,20623,"1290,7120,8590,10663,8922,4929,12497,296,2916,544"
20627,20627,"851,10326,12990,8421,5303,331,4277,11843,10916,11282"
20643,20643,"851,2140,5303,8421,6971,8562,331,9580,4679,7063"
20645,20645,"789,5135,13309,1290,7120,10663,10336,4576,12497,296"
20652,20652,"10326,8421,4277,2140,4798,13296,5545,6220,2218,5303"
20654,20654,"10326,4277,8421,5303,12990,851,331,8562,9580,10916"
20667,20667,"5303,6971,13296,2218,5545,6220,11969,2343,10326,544"
20670,20670,"11384,5545,1978,10326,2218,6220,3950,7707,3870,13296"
20671,20671,"5303,6971,9072,4117,5199,10326,11384,5999,5545,13296"
20676,20676,"5303,8562,8235,7707,10326,5545,13296,6220,2140,8421"
20694,20694,"5303,6971,4277,13296,1290,6220,4576,5545,2343,2218"
20709,20709,"10326,851,8421,4277,331,9580,6326,13296,5303,2140"
20716,20716,"8562,9580,10326,5303,8421,13296,2140,6220,5545,2218"
20739,20739,"13310,5545,1978,2218,6220,9942,13110,10326,3992,7063"
20763,20763,"2343,5303,6220,2140,8608,13296,1290,10326,6971,10835"
20779,20779,"789,9962,1290,5135,7120,10607,10663,4929,13309,4576"
20781,20781,"6971,5303,6220,2218,5545,7707,5999,10326,13296,851"
20790,20790,"789,5135,1290,9962,7120,13309,4576,296,10663,4929"
20792,20792,"8421,12990,4277,331,9580,8562,11282,1180,10326,2140"
20797,20797,"10326,2380,3950,12990,7707,12857,4679,5485,851,2140"
20811,20811,"5545,5303,6971,3870,13296,10326,6220,2218,1978,4277"
20821,20821,"10607,10674,1290,6610,4576,10389,4664,7120,11298,9295"
20830,20830,"2218,2140,8590,10326,5545,6220,13296,5303,3950,1978"
20861,20861,"10326,6220,2343,4277,5303,5532,7707,5999,12990,5545"
20878,20878,"5545,3950,2218,1978,10326,6220,3870,7063,8562,220"
20891,20891,"8235,10326,5545,3950,2218,1978,6220,13296,2140,7707"
20895,20895,"6220,3950,8421,11384,5545,5485,10326,13296,1978,2218"
20901,20901,"2140,8421,4277,5303,9072,4679,331,10326,5199,5545"
20908,20908,"10326,4277,2140,5303,6971,2343,9072,11969,13296,6220"
20928,20928,"789,1290,5135,7120,10607,3697,10663,296,4576,4929"
20945,20945,"5545,1978,13296,6220,4277,7707,11590,1210,9072,2343"
20971,20971,"10326,2140,8421,11843,9580,10916,3950,13296,5303,2218"
20979,20979,"6971,4277,851,8421,12990,7707,331,13296,10326,5303"
20982,20982,"5303,6971,1978,9799,4117,13296,6220,4277,10326,5545"
20991,20991,"5303,10835,10326,13296,2140,6220,8421,4277,2218,5545"
20998,20998,"5545,8421,1210,13296,1978,6220,10326,2218,4277,7707"
21006,21006,"5999,10326,3950,5303,2140,6971,8235,5545,13296,6220"
21018,21018,"6971,5303,2140,6515,11843,10916,10326,851,8421,4277"
21028,21028,"5545,6220,1978,2218,2343,7707,9072,13296,8188,9942"
21041,21041,"11384,10326,2218,6220,5545,13296,5303,2140,4277,8421"
21042,21042,"5545,1978,3950,2218,10326,6220,3870,8562,9072,7707"
21064,21064,"9962,1290,7120,13309,10663,4929,12497,3697,2916,296"
21075,21075,"5199,5545,2343,1978,2218,6220,1210,7707,3428,9072"
21078,21078,"5545,3950,10326,8421,4277,4413,7707,851,331,13296"
21081,21081,"8235,8590,7138,5532,5999,3870,10326,5545,4798,13296"
21084,21084,"10326,5303,9072,2140,6971,11969,544,13296,5545,6220"
21089,21089,"8421,5303,10326,5545,13346,13296,6220,3950,2218,2140"
21112,21112,"9942,9938,5545,13296,6220,1978,2218,2343,12665,11969"
21126,21126,"8421,8562,5999,10326,3950,5545,2218,2140,6220,5303"
21129,21129,"1290,789,7120,5135,10663,4576,296,2916,4664,1244"
21130,21130,"1978,2343,5199,5545,810,13296,3950,2218,6220,10326"
21137,21137,"3950,8421,1210,5545,1978,10326,6220,13296,2218,4277"
21149,21149,"11540,5999,4798,10326,3950,11622,2140,2218,2291,5303"
21152,21152,"2343,5532,5545,1978,10326,13296,2218,6220,4277,9072"
21177,21177,"2140,10326,5545,2218,6220,13296,5303,3950,6971,9072"
21191,21191,"7120,789,4929,10663,5135,12497,12030,13101,2916,3697"
21200,21200,"2140,10326,5545,13296,6220,2218,3950,5303,10835,1978"
21204,21204,"4277,12990,350,5545,811,1978,10326,13296,2218,3950"
21221,21221,"2140,6220,8590,2218,7707,8562,544,5545,13296,10326"
21228,21228,"8421,3950,7707,13346,5545,4679,10326,1978,6220,2218"
21249,21249,"5303,8421,5532,11384,10326,13296,2140,6220,6971,2218"
21256,21256,"3950,4413,10326,2140,5303,6971,8421,13296,9799,6220"
21261,21261,"10835,8562,8421,7707,4679,4117,5999,5545,10326,6220"
21279,21279,"1290,13296,2343,7120,544,10663,4929,8922,10326,6220"
21282,21282,"1290,789,10607,7120,3697,9295,2916,4576,296,10663"
21305,21305,"6220,8421,1978,10326,13296,5545,2218,4277,5303,2140"
21307,21307,"5545,13296,6220,2218,10326,2343,9072,1978,7707,8590"
21315,21315,"5545,1978,2218,6220,7707,9072,13110,2343,10326,1210"
21342,21342,"789,10607,7120,9962,5135,4576,296,13309,9295,3539"
21347,21347,"5303,8421,10835,851,6220,12990,3950,331,10916,10326"
21357,21357,"6402,1377,5545,1978,6220,2218,4256,8188,6659,7707"
21358,21358,"10326,6220,4277,8421,4117,12990,7707,5545,13296,1978"
21368,21368,"789,5135,9962,1290,13309,7120,10663,3697,4929,12497"
21372,21372,"4277,1328,8421,1017,12990,5545,1978,6220,3950,2218"
21373,21373,"2140,7707,11969,5545,1978,10326,13296,2218,6220,4277"
21383,21383,"789,7120,10663,4929,5135,9962,296,12497,2916,10607"
21393,21393,"6220,6971,9799,5303,1978,4117,13296,10326,4277,5545"
21415,21415,"1290,7120,789,5135,10663,4929,3697,12030,12497,13101"
21421,21421,"5545,10326,13296,2218,6220,3950,2140,1978,5303,6971"
21433,21433,"10326,1978,8421,5303,10835,1017,5545,13296,6220,2218"
21449,21449,"2343,7707,5199,5545,13296,10326,6220,1978,2218,4277"
21483,21483,"10835,6220,7707,2343,2140,6971,5545,13296,10326,1978"
21488,21488,"3950,8562,13346,5545,1978,2218,3870,6220,13110,3992"
21518,21518,"5545,1978,2218,6220,13110,9072,10326,9178,3870,350"
21528,21528,"10835,5199,10326,5545,6220,13296,2218,4277,5303,1978"
21536,21536,"789,1290,7120,10663,9962,4576,4929,10607,296,5135"
21585,21585,"4277,5303,8562,6971,4679,4798,5545,10326,13296,1978"
21598,21598,"5545,11590,1978,6220,3950,2218,7707,6402,4256,3870"
21602,21602,"10326,2218,5545,6220,5303,13296,2140,9072,4277,6971"
21604,21604,"6971,2140,8562,10916,10326,5303,8421,2218,4277,851"
21626,21626,"4798,10326,3950,2218,2140,5303,2291,6971,6220,8562"
21636,21636,"5545,6220,2140,9942,8235,11969,13296,10326,1978,10835"
21649,21649,"9962,7120,13309,10663,4929,13101,12497,3697,296,2916"
21650,21650,"5545,3950,2218,9306,7063,3870,3992,10326,13310,6220"
21655,21655,"1290,789,10607,7120,5135,9962,4576,4664,13309,296"
21662,21662,"4576,1290,7120,10674,6610,789,9962,5135,296,10663"
21681,21681,"1290,789,7120,5135,9962,296,4576,4664,10663,9295"
21686,21686,"2140,5199,5532,5545,1978,13296,6220,2218,7707,4277"
21699,21699,"10835,5303,3870,5545,5199,10326,1978,2218,6220,13296"
21702,21702,"789,9962,1290,7120,5135,13309,296,4664,3697,4576"
21709,21709,"10326,3950,12990,8421,4798,5545,9942,13296,2218,6220"
21718,21718,"6220,3950,4679,10916,331,10326,5485,13296,5303,5545"
21719,21719,"10326,8421,2140,4277,9580,4798,10916,6326,13296,5303"
21724,21724,"8421,851,331,12990,8562,9580,10916,10326,560,13296"
21741,21741,"1290,789,7120,9962,5135,11024,296,1779,10607,9295"
21746,21746,"10674,1290,10607,7120,789,4576,5135,296,1779,9295"
21751,21751,"2291,12990,8421,10326,2218,5303,5545,6220,3950,2140"
21754,21754,"6220,8421,4277,331,9580,10326,13296,5545,5303,2140"
21768,21768,"8421,4277,2380,7707,6326,10326,13296,5303,2140,851"
21775,21775,"6402,6659,8540,5760,5545,1978,4256,2218,6060,6220"
21781,21781,"10607,1290,4576,10389,7120,10674,4664,1851,296,9295"
21789,21789,"4576,10607,1290,7120,789,296,5135,2916,9295,3539"
21795,21795,"3950,5545,4413,3870,5999,10326,2140,5303,2218,13296"
21812,21812,"10835,7707,8421,8562,3870,5545,13296,1978,6220,10326"
21814,21814,"2140,4277,10835,9580,5485,10916,8161,6515,10326,13296"
21820,21820,"10835,8421,8235,4413,4277,3055,7707,10326,13296,2140"
21827,21827,"5545,6220,10326,4277,6971,7707,8562,331,10916,5485"
21838,21838,"10326,5545,3950,1978,2218,6220,7707,3870,8562,13110"
21855,21855,"1210,5199,5545,1978,4679,3950,2218,6220,10326,7707"
21881,21881,"2140,4798,8562,10326,9580,5303,2218,5545,8421,13296"
21884,21884,"2789,2140,4277,4798,331,6326,1180,10916,10326,11282"
21889,21889,"789,1290,5135,7120,9962,4929,10663,12497,3697,13101"
21896,21896,"4277,8421,3950,10835,10326,4679,5545,13296,6220,2218"
21902,21902,"8421,4277,331,12990,8161,2380,1912,9580,11282,6326"
21916,21916,"10326,4277,8421,9072,12990,5545,5485,13296,6220,1978"
21927,21927,"5135,789,9962,1290,7120,13309,11298,3697,296,10663"
21938,21938,"10326,5303,8421,4277,12990,851,1978,331,13296,2218"
21948,21948,"8421,5545,1978,2218,10326,6220,9072,4277,7707,3950"
21952,21952,"1290,7120,789,5135,4576,13309,3697,9295,296,9962"
21954,21954,"13296,10835,5999,10326,6220,2140,5303,5545,2218,4277"
21955,21955,"5545,5485,5199,1978,13296,6220,10326,4277,9072,2343"
21978,21978,"5303,8590,8922,7707,10326,13296,6971,2218,6220,2140"
21983,21983,"11298,1290,9962,7120,5135,789,11024,10607,10674,4576"
22004,22004,"10326,1290,6971,2140,5303,544,12990,7120,13296,6220"
22007,22007,"4576,1290,7120,10607,789,5135,4664,296,10674,9962"
22014,22014,"3950,3799,3509,5545,5495,6402,1978,2218,6220,4256"
22020,22020,"1978,9580,4798,10326,13296,6220,4277,2218,5545,5303"
22052,22052,"8421,8161,331,1180,2789,9799,10326,6971,5303,2140"
22056,22056,"5545,11000,3950,5610,10326,1978,2218,6220,8562,3870"
22064,22064,"13296,5545,1978,6220,2218,9942,10326,7707,12665,2343"
22072,22072,"8421,6220,12990,4798,5545,1978,13296,10326,2218,4277"
22074,22074,"8562,3870,10326,5545,6220,13296,2218,5303,1978,3950"
22102,22102,"5545,1328,220,1978,3950,11800,2218,6220,3870,13110"
22110,22110,"3870,8421,5545,3950,10326,1978,2218,6220,8562,2140"
22111,22111,"5303,8421,6971,5199,2343,4679,10326,13296,5545,4277"
22119,22119,"6220,8421,8562,10326,13296,5545,2218,6971,5303,10835"
22125,22125,"13346,10326,5545,3950,2218,6220,1978,5303,2140,8421"
22150,22150,"6971,10835,10326,13296,5303,5545,6220,8421,2218,3950"
22151,22151,"789,1290,7120,9962,5135,10663,4929,13309,12497,13101"
22154,22154,"1290,12030,7120,4929,10663,4387,12497,6243,13101,8567"
22213,22213,"3950,7707,3870,5545,13296,10326,6220,2218,1978,2140"
22256,22256,"544,5545,1978,4256,6220,8188,2218,6659,11969,3464"
22258,22258,"6971,5303,7063,12026,10326,8562,2291,851,9799,2789"
22265,22265,"2789,8421,12990,12680,851,10326,5303,9799,13296,6971"
22279,22279,"10835,7707,3950,5999,2343,5532,10326,13296,11384,6220"
22280,22280,"1290,7120,10663,4576,8590,4929,296,12497,2916,13296"
22283,22283,"2343,7707,5545,3487,13296,6220,12665,2218,11969,1978"
22286,22286,"4117,10835,5532,5999,5199,10326,5545,6220,13296,2218"
22288,22288,"4277,8922,4413,10326,9580,13296,6220,2140,5545,6971"
22321,22321,"4576,10607,1290,10674,7120,789,9962,6610,4664,5135"
22336,22336,"10326,5545,3950,10916,13296,2140,6220,8421,5303,10835"
22344,22344,"5303,4798,8421,2789,3950,10835,3055,10326,2140,6971"
22353,22353,"6011,6060,8540,10352,6402,5027,4399,10974,6815,1521"
22356,22356,"5135,789,10607,3697,4929,296,2916,12497,13101,11117"
22387,22387,"8421,5303,331,4798,13296,10326,6220,5545,2140,2218"
22427,22427,"1290,9564,89,4576,9799,5549,7120,12030,8235,3487"
22428,22428,"9962,5135,1290,10663,10336,9866,12497,7120,4929,2916"
22449,22449,"1290,789,9962,10607,11298,7120,5135,4576,4664,11024"
22452,22452,"5545,6220,2218,13296,1978,7707,544,2343,9942,11969"
22460,22460,"10674,5135,4163,1290,2957,7120,6610,10389,1851,83"
22467,22467,"1290,7120,6220,10326,10663,2916,4929,10674,12497,296"
22480,22480,"11298,9962,11024,5135,4036,789,1290,9295,10607,10674"
22481,22481,"2140,9799,1912,10326,851,5303,8421,6971,2789,4798"
22484,22484,"5303,11000,10326,3950,5545,2218,6220,8562,1978,2140"
22489,22489,"2343,10835,5532,5545,13296,6220,12665,2218,4576,1978"
22502,22502,"2769,7679,3464,2920,5105,6060,7047,6011,6082,3487"
22510,22510,"1290,4576,789,11024,9962,10389,7120,5135,10607,10674"
22511,22511,"13296,2218,8590,4576,6971,5545,6220,2343,10326,11969"
22514,22514,"5303,2140,2380,5485,1290,10326,13296,6220,5545,2218"
22520,22520,"1290,7120,789,10663,4929,3697,10607,12497,5573,12030"
22546,22546,"5303,8562,7707,11384,3950,5545,13110,10326,6220,2218"
22551,22551,"2218,8562,7707,10326,5545,3950,6220,1978,2140,5303"
22582,22582,"10607,11298,10674,1290,789,4576,2957,7120,1851,10389"
22595,22595,"5545,4277,5303,3870,8562,11969,12990,544,1978,13296"
22597,22597,"5545,1978,2218,10326,6220,9072,3870,3950,8562,7707"
22605,22605,"5545,1978,2218,6220,9178,3870,13110,350,9072,3992"
22618,22618,"2140,2343,7707,8421,8590,5545,13296,10835,10326,6220"
22641,22641,"5545,11000,1978,2218,6220,10326,13296,4277,9072,7707"
22645,22645,"5545,1978,6220,2218,4277,9072,13296,1210,7707,350"
22660,22660,"13296,1978,5999,10326,5545,2140,6220,3950,5303,2218"
22666,22666,"2140,4798,8161,220,10326,5303,3950,6971,2291,2218"
22674,22674,"4576,7120,10607,296,789,2916,4664,5135,4929,1244"
22678,22678,"9962,789,1290,7120,5135,10607,4576,4664,296,1244"
22697,22697,"1290,4576,9962,7120,9295,3539,10607,10674,2989,11298"
22698,22698,"10326,8421,7707,5999,5199,11384,5545,13296,6220,2218"
22705,22705,"5545,6220,8421,13296,9942,5485,89,10326,2343,2218"
22710,22710,"10326,5545,2218,6220,9072,13296,1978,4277,2343,5303"
22714,22714,"2218,8562,10835,5999,10326,3950,5545,2140,6220,13296"
22715,22715,"3950,10916,10326,2218,5303,5545,6220,2140,13296,4277"
22720,22720,"1978,1210,5303,5199,5545,2218,6220,13296,10326,3950"
22734,22734,"6220,6971,8421,851,4117,560,7707,13296,10326,10916"
22735,22735,"2789,10835,8235,3950,10326,2140,5303,13296,8421,5545"
22736,22736,"2140,851,11843,8562,5999,2380,10916,331,8161,10326"
22747,22747,"11969,9942,9072,4277,5545,13296,6220,12665,2218,7707"
22748,22748,"7637,9799,9668,6971,2140,6166,2789,5549,4698,9937"
22759,22759,"3950,4277,10835,5545,1978,4602,2218,6220,13296,10326"
22761,22761,"8421,5999,10835,4798,10326,13296,2140,5303,6971,6220"
22774,22774,"5545,6220,13296,2218,1978,9072,2343,4277,10326,7707"
22783,22783,"1210,8562,5545,1978,13296,6220,2218,7707,4277,10326"
22830,22830,"10835,5545,10326,2218,6220,13296,9072,1978,2343,4277"
22831,22831,"789,7120,5135,9962,10663,4929,10607,296,12497,4576"
22846,22846,"13296,10835,8421,6220,12990,6971,2380,331,5485,5545"
22850,22850,"789,5135,1290,9962,7120,10663,4929,13309,12497,3697"
22883,22883,"5532,10326,5545,2218,3950,6220,13296,2140,5303,1978"
22887,22887,"10326,4277,10835,8421,2380,7707,331,12990,13296,5545"
22893,22893,"5545,2218,6971,10326,13296,1978,6220,9072,2343,10835"
22905,22905,"6220,2343,2140,9341,5545,1210,10326,13296,2218,1978"
22923,22923,"8421,851,4798,4277,12990,331,8562,11384,10326,13296"
22956,22956,"13346,11384,10326,5545,2218,13296,6220,4277,1978,5303"
22964,22964,"6220,12665,2218,8562,1863,12606,5545,13296,3487,8235"
22972,22972,"10607,1290,789,7120,9962,4576,6610,4664,10389,296"
22985,22985,"6971,6220,5545,4413,2140,4101,8922,5549,8235,9799"
23011,23011,"10326,350,5545,1978,2218,6220,4277,9072,13296,7707"
23027,23027,"11298,10607,4576,4664,1290,9295,10674,7679,2769,11024"
23036,23036,"10326,4277,6971,7707,8562,13296,331,5545,6220,2140"
23038,23038,"5545,6971,10326,13296,2218,1978,6220,4277,5303,2140"
23046,23046,"10326,4277,6971,5303,2140,12990,331,11282,4679,1290"
23051,23051,"6220,8562,7707,5303,1210,8421,5545,1978,10326,2218"
23057,23057,"6060,6011,5760,10352,6402,10441,8911,10974,449,6082"
23062,23062,"10607,10674,4163,789,2957,5135,1851,1290,7120,10389"
23069,23069,"3870,11384,5999,10326,5545,3950,6220,2140,13296,5303"
23078,23078,"10835,2140,2343,5303,6971,5545,13296,1978,6220,10326"
23113,23113,"10326,6220,6971,7707,7063,13296,3950,2140,2218,10835"
23121,23121,"5135,789,9962,4576,4036,3539,11298,10607,6811,10581"
23123,23123,"3950,8421,851,4798,12990,13346,10326,5545,6220,13296"
23136,23136,"6971,5303,3950,7707,10326,13296,2218,6220,2140,5545"
23138,23138,"9799,5999,6971,4798,4101,8922,851,10326,2140,5303"
23140,23140,"544,1290,13296,5545,6220,10326,2218,4277,10835,2343"
23170,23170,"4277,7707,8421,3870,5545,10326,13296,1978,6220,3950"
23173,23173,"1290,7120,13296,10326,6220,2218,5545,4277,5303,2343"
23179,23179,"10326,4277,8421,2343,7707,12990,4679,5545,350,13296"
23196,23196,"4277,8421,5545,13296,10326,6220,2218,1978,5303,2140"
23199,23199,"1328,5545,1978,2218,9178,13110,6220,350,1210,3870"
23216,23216,"8562,2140,10835,8421,7707,10326,5545,2218,13296,6220"
23226,23226,"5532,220,13346,5545,10326,2218,1978,6220,13296,3950"
23233,23233,"6220,1978,7707,12665,8562,5545,13296,12606,11590,2218"
23253,23253,"6220,10326,8421,4277,5999,11384,5545,13296,560,2218"
23281,23281,"1290,7120,4576,4664,789,8590,296,11024,5135,2916"
