ID,user_id,item_id
12,12,"8421,2140,4277,2218,5303,6220,4798,11843,11000,9072"
14,14,"7637,2020,4698,9937,5149,9668,8981,6166,12663,6971"
17,17,"6402,6952,10352,13111,10107,8092,3844,2770,1796,5155"
21,21,"2140,8421,6971,2218,4798,12990,6220,8590,10326,4277"
44,44,"11298,11024,10607,1290,4576,11775,6610,4664,10581,12903"
55,55,"2218,6220,8421,8562,4798,2140,13296,10326,5545,9072"
56,56,"6971,5999,2140,8922,8590,8235,5303,12026,10835,2343"
58,58,"8421,4277,4798,11282,5303,10326,12990,6971,2218,2140"
59,59,"6220,2218,2343,9942,5545,13296,7707,3870,9072,544"
79,79,"8885,7707,544,7792,927,6220,2343,8714,8607,64"
81,81,"4929,1290,7120,6243,5135,5573,12474,789,4387,2885"
85,85,"6220,2218,5545,7707,3870,4414,13296,5303,2140,9942"
92,92,"1290,11298,10607,4576,4664,11024,11775,7120,5135,8714"
97,97,"5999,8235,3950,2140,5303,6971,12026,3055,10835,8590"
100,100,"8421,2218,4798,11000,2140,12990,10326,1634,12857,811"
112,112,"11969,6220,1017,2218,13310,9942,9072,13110,7707,2343"
122,122,"4277,851,331,4798,10326,11843,1776,1180,12990,11282"
133,133,"9375,5105,3464,6201,6060,989,2769,11771,13111,4256"
141,141,"6220,7706,7707,10429,8981,589,4698,9083,1863,5149"
144,144,"6971,9072,2343,1290,2140,8608,10608,8590,5532,5303"
149,149,"2957,4163,4216,1558,2769,3464,83,2709,1851,6201"
153,153,"2218,8421,4277,6220,10326,5303,2140,8562,4798,10916"
166,166,"6487,10107,3464,7047,7332,8723,7689,3339,13111,2436"
220,220,"8421,2789,5303,5999,6220,4798,4277,2140,10916,1912"
231,231,"12156,1017,11000,3950,652,1978,9178,791,1210,1383"
262,262,"1290,6971,7120,4387,2140,12497,12030,9295,8922,4929"
274,274,"6220,2343,2218,2380,5199,6971,4388,5999,8608,10835"
277,277,"6971,1290,8922,2140,5303,6220,5999,8235,4277,8590"
281,281,"9295,1290,5135,3539,789,10607,7120,10581,11775,5142"
291,291,"2343,7063,37,5532,2140,810,11000,5303,6795,9454"
300,300,"6220,2218,7707,13296,4277,4414,3870,5485,5303,8421"
310,310,"8421,811,2140,6220,2218,4798,12990,7197,7138,11384"
332,332,"9998,12104,8590,12474,10566,11117,5573,5135,5532,2885"
344,344,"8421,4277,2140,7197,12990,11843,10326,11000,12857,811"
359,359,"1290,7120,296,10607,4576,4929,6220,6610,2916,6971"
380,380,"13112,5532,4117,2822,2343,4053,5199,5495,4118,9178"
386,386,"6220,3870,4414,13296,2218,8421,13110,7707,13310,9942"
426,426,"8235,5545,6220,10835,2218,3950,13296,5199,2140,3870"
436,436,"6220,4277,2380,6971,5545,8421,2140,2343,13296,4798"
453,453,"8235,2343,7707,7024,2218,5875,10835,6220,5545,64"
461,461,"7120,4929,10663,12497,2916,296,6243,6971,3697,789"
464,464,"350,1017,2140,12156,992,1978,716,7063,1210,11000"
473,473,"6487,2436,6640,9365,12054,3339,2281,10107,9209,9296"
481,481,"4277,1290,6220,8421,13296,2140,2218,6971,10326,8590"
490,490,"1017,11969,11001,9178,6220,13110,3428,9942,8885,9800"
494,494,"6220,2218,7707,13296,6971,5545,2140,5303,8590,8562"
497,497,"1290,7120,544,8714,10607,4664,11775,11298,6610,11969"
510,510,"2343,9178,3428,6220,1210,13110,1017,9072,9942,9341"
511,511,"2140,5303,8421,10326,5999,8562,4798,12990,6971,1634"
512,512,"9730,8714,11775,4664,2989,3238,10674,11298,10102,13431"
524,524,"10607,5135,4163,11298,1290,789,4664,83,4688,9960"
525,525,"2218,2343,4277,1210,5199,1978,5545,9072,2140,10063"
545,545,"8421,4277,331,1180,2140,5303,11843,10326,7197,4798"
560,560,"8421,10326,331,6220,11843,851,10916,12990,2140,4798"
564,564,"2218,9072,9341,1210,9340,2343,992,4277,6220,9178"
566,566,"6220,2218,7707,5545,3870,2343,13110,10835,2140,9942"
568,568,"4277,6220,8421,2218,13296,5303,4798,5025,8562,12990"
570,570,"7707,6220,2218,4698,7706,5976,10429,9937,9083,3487"
573,573,"9178,1017,3870,6220,7707,4277,8421,2218,11000,1978"
594,594,"2218,6220,4277,3870,2140,5545,9341,8421,220,2380"
601,601,"2218,6220,1978,1210,11969,9072,7707,4277,5545,992"
605,605,"5999,11357,4117,4053,785,2905,1408,12611,7547,3950"
641,641,"2218,6220,3428,13296,7707,13110,1978,13310,12606,2343"
650,650,"6220,5545,13110,4414,1978,7707,4277,8421,9942,2218"
675,675,"2218,6220,7707,8235,2343,9942,9365,3870,5545,10835"
677,677,"1290,789,7120,3697,9962,6811,13309,4929,12030,10663"
679,679,"6220,2218,13296,5545,544,7707,2343,4277,9072,9942"
683,683,"1978,9341,12156,1210,2218,11000,9178,652,8279,3428"
687,687,"8421,11843,2140,10326,6220,9072,12990,1978,331,4798"
705,705,"2140,8421,4798,12990,10326,11000,13346,811,2169,5025"
708,708,"1290,7120,10663,2916,6243,296,12497,10607,3697,8567"
712,712,"2218,5495,4413,8707,2380,11772,7063,4321,8221,12470"
715,715,"2140,11000,8421,5610,9178,12990,10326,4798,9340,2169"
728,728,"1290,11298,6610,10607,11024,7120,10389,4576,10581,10137"
743,743,"2343,2218,13112,6220,8279,10835,1210,7707,9693,89"
753,753,"5199,7707,2218,6220,2343,3870,13112,2140,5545,1978"
757,757,"4277,8421,2140,1017,6220,10326,4798,11000,11843,5303"
768,768,"3950,6220,2218,13296,2140,7707,5545,13346,1978,3870"
797,797,"2218,6220,3799,13112,7707,3870,3428,3992,8562,9942"
813,813,"7637,4205,8703,2020,10332,5149,4698,12663,2847,9937"
832,832,"6220,2218,2343,1290,544,6971,13296,9072,11969,2537"
833,833,"6220,2218,5545,13296,9942,3870,7707,8562,4414,3428"
844,844,"8235,7024,5875,6246,12550,10023,11403,7289,5524,8015"
858,858,"4277,8421,10326,4798,6220,2140,12990,9580,10916,11843"
874,874,"2218,8421,6220,4277,10326,4798,13296,9072,2140,11000"
875,875,"4277,1210,1978,992,6220,9341,2140,9072,1017,8421"
892,892,"6220,2218,4413,13296,9799,8562,5545,2140,7707,6971"
897,897,"2218,6220,8235,5545,3950,13296,89,1978,2343,4602"
912,912,"1290,7120,4929,6971,10663,6220,13296,7707,12497,8590"
924,924,"6220,13296,7707,2218,5545,9942,4576,12606,1863,4413"
926,926,"6220,7707,2218,5545,13296,7706,3870,9942,12606,1863"
933,933,"2218,6220,13310,1017,9072,8421,11969,4277,544,11000"
944,944,"6220,2218,1478,7723,9799,5545,13296,5303,7707,3870"
951,951,"2380,2218,6971,6220,5303,13296,8562,5199,4413,2140"
974,974,"7707,6220,2218,5545,13110,3870,7792,3428,13310,11969"
1010,1010,"2218,5545,6220,3428,1017,7383,9942,13110,9072,5731"
1013,1013,"7024,8922,6971,89,10835,12662,3909,13191,12026,7289"
1016,1016,"5545,6220,3870,4414,4413,2218,9729,9942,7707,7723"
1023,1023,"6220,5303,7707,6971,2140,2380,9799,10835,2218,5545"
1035,1035,"6971,2343,2218,1290,6220,544,8590,5303,8608,9072"
1046,1046,"2343,1290,6971,9072,6220,2218,5532,544,8590,8608"
1051,1051,"6220,2218,2343,7707,5545,13296,9942,544,11969,4576"
1057,1057,"4277,331,1776,220,6971,2140,10326,8421,11843,1290"
1064,1064,"6971,5303,2140,5999,7063,1290,10326,10608,8707,8922"
1080,1080,"2140,6971,5303,12990,5999,8421,10608,10326,11000,10138"
1089,1089,"4277,8421,350,2140,1017,6220,2218,1978,4798,992"
1090,1090,"2218,8421,2140,11000,4798,8562,11384,220,10326,3950"
1103,1103,"8421,4798,10916,10326,4277,851,12990,12857,1978,3950"
1123,1123,"1290,7120,6971,2885,12030,11117,8590,4929,12497,8922"
1134,1134,"4277,3950,8421,2140,2218,6220,5303,11384,12990,10326"
1136,1136,"2218,13296,8421,5303,8562,4277,5545,3950,2343,9942"
1139,1139,"5976,6220,10429,7707,1863,2327,779,13436,7706,13296"
1154,1154,"6220,2218,13296,7707,13110,9942,11969,4414,1978,544"
1169,1169,"6220,2218,5545,7707,544,4414,2343,3870,9942,5485"
1173,1173,"7707,6220,7706,5976,1863,779,10429,3487,1983,12606"
1178,1178,"9341,2343,11000,9072,9178,1210,13112,12404,5199,2218"
1190,1190,"6971,8235,2140,5999,5303,12026,2380,3055,220,5199"
1205,1205,"8562,6220,2218,7707,5545,1478,13110,2380,4413,2140"
1217,1217,"1290,11298,11024,1851,6610,10607,2957,83,10674,7120"
1218,1218,"6220,2343,7707,13296,2218,9942,89,5545,1290,4576"
1230,1230,"8235,10835,6971,5199,4117,6220,5303,2343,3909,2140"
1250,1250,"2140,8421,5303,6971,10326,1634,2218,4277,5999,1912"
1252,1252,"5532,9942,12470,12685,13112,5199,36,5495,4118,810"
1276,1276,"2343,5532,13112,6220,9942,5199,2218,2903,10835,10063"
1279,1279,"1290,7120,5135,789,3697,9295,12030,9962,6971,13309"
1281,1281,"1328,12470,8092,3428,6220,9942,10658,5155,13306,11590"
1288,1288,"13112,12470,9178,9942,9341,652,3416,1383,5495,5545"
1305,1305,"1290,10607,11298,5135,789,83,9962,7120,9295,3539"
1320,1320,"6220,2140,8421,2218,4277,3950,5303,1978,9942,3870"
1321,1321,"2140,5303,5999,6220,6971,10835,8421,4117,4277,13296"
1328,1328,"6220,5545,9942,7707,2218,11969,3428,544,13110,13296"
1343,1343,"8421,4277,331,851,11282,4798,5303,2140,1180,9580"
1345,1345,"13110,5545,6220,3428,7707,3950,1978,3870,9942,2218"
1374,1374,"2957,1851,4163,1558,4216,11298,9732,10607,10674,4688"
1410,1410,"7707,1863,779,7706,10429,3487,12606,2327,6220,8235"
1414,1414,"8421,2140,12990,4798,4277,851,10326,11843,11000,331"
1420,1420,"2218,8562,3870,7707,5545,6220,8235,5532,8413,4266"
1440,1440,"4266,5875,7024,8235,8922,5622,2140,4117,9983,2218"
1441,1441,"6220,7707,3487,11969,2218,8188,5545,2343,13110,13310"
1443,1443,"11024,6610,12903,11298,4576,10607,1290,3222,1779,10389"
1458,1458,"10674,1851,4163,1290,2957,83,4664,12096,11775,10607"
1492,1492,"6220,2343,2218,5532,5199,8608,13296,5495,5999,10835"
1496,1496,"6971,5303,4277,8421,11282,5999,331,2380,9799,851"
1499,1499,"1210,13112,2218,11001,2897,7136,10658,3428,11969,1017"
1504,1504,"1290,6610,10607,10389,7120,11024,11298,4664,12903,10137"
1516,1516,"3464,7679,2769,7047,13431,12096,12339,6201,9732,10919"
1523,1523,"11000,8421,10326,2140,7197,12857,4798,5610,8161,1634"
1534,1534,"162,10739,5760,7220,173,12458,10732,4935,8911,2769"
1539,1539,"2343,6220,4576,544,2218,11969,9693,8714,2537,9942"
1559,1559,"4277,2218,6220,2140,8421,9072,6971,992,2343,1290"
1572,1572,"2218,6220,13296,1978,8562,5545,9072,10326,9942,8421"
1573,1573,"6220,2218,7707,5545,2343,9072,11969,544,8188,4277"
1601,1601,"6220,2218,7707,5545,1290,6971,2343,8590,13296,544"
1603,1603,"3950,12191,8562,3799,1978,11590,1328,2645,1377,3992"
1604,1604,"1978,4277,350,1017,6220,1328,1210,9072,8421,2218"
1613,1613,"6610,1290,10607,11024,10389,11298,4576,4664,12903,10137"
1634,1634,"1978,1210,6220,2218,992,4277,9072,8279,544,2140"
1642,1642,"3950,1788,8562,220,2789,11726,5700,2567,11572,4924"
1643,1643,"9295,1290,5135,789,10607,2885,11143,9962,6220,7120"
1654,1654,"2218,6220,13296,8562,3870,13110,5545,13310,12606,3428"
1657,1657,"11024,11298,12903,13431,3238,3222,6610,10389,1851,12995"
1674,1674,"2343,6220,2218,8608,9693,2537,4388,544,1210,11969"
1702,1702,"2218,13296,2140,6220,8421,7707,10326,4277,11384,12990"
1719,1719,"6060,8092,5105,8540,13111,4256,1796,1521,6952,6402"
1725,1725,"6220,2343,1017,544,9693,2218,7707,6834,13296,4277"
1726,1726,"2140,2218,3870,7707,6220,5545,13346,4798,12990,11384"
1728,1728,"3222,13431,10206,6053,7279,9732,11024,8714,2989,3464"
1735,1735,"8235,7024,89,5875,8922,3909,10835,6971,5199,2903"
1739,1739,"1290,7120,3697,4929,5135,12497,9295,10663,789,2885"
1774,1774,"4277,1210,8421,2218,9178,10658,9072,2343,992,9341"
1780,1780,"1978,4277,1210,2343,350,1328,1017,6220,9072,2218"
1799,1799,"811,13110,9729,6220,1478,3428,8421,2218,5177,5731"
1813,1813,"6220,4277,8562,2218,13296,3950,7900,8421,8279,1978"
1834,1834,"8221,3950,4413,2140,8421,9799,5303,8636,1478,7723"
1835,1835,"4277,8421,7197,2218,11000,11843,810,9072,10326,1017"
1841,1841,"1290,10607,9295,11775,3539,4929,10663,1851,5135,11298"
1863,1863,"1017,11969,9178,1210,3428,11001,7136,6220,10658,13110"
1878,1878,"3870,13110,5545,1598,3950,6220,4414,13296,7707,9942"
1879,1879,"8421,5999,5303,2140,4277,5199,10326,6220,12990,1996"
1910,1910,"1290,7120,10663,12497,5135,789,4387,6243,3697,6971"
1911,1911,"2140,5303,6220,6971,2380,4277,13296,2218,8421,9799"
1919,1919,"6220,2343,9942,544,2218,11969,13296,4576,810,3428"
1925,1925,"2957,4163,1558,4216,83,1851,3722,4688,9732,10674"
1926,1926,"11298,9295,11775,8714,4688,11024,2989,10581,7279,9730"
1931,1931,"13111,6060,6150,9482,2436,9375,13383,6952,6640,5105"
1940,1940,"2140,2218,4798,8421,6971,12990,5303,10326,4277,8562"
1968,1968,"4277,2140,8421,1290,992,6971,12990,9072,6220,11843"
1981,1981,"2218,13296,6220,4277,2380,4798,8421,10916,4413,3950"
1992,1992,"4277,8421,10326,851,2140,4798,6971,12990,2218,12857"
1998,1998,"11024,11298,4576,3222,10607,6610,12903,4664,10389,9730"
2000,2000,"789,5135,9962,1290,13309,6811,7120,9295,3697,9866"
2017,2017,"8421,4277,4798,331,851,5303,11282,12990,11843,9580"
2036,2036,"5875,8235,8188,7707,89,8015,2343,2218,12550,7792"
2044,2044,"3950,1788,11726,8505,5532,9942,11572,8746,12470,64"
2047,2047,"1290,10607,4576,6610,7120,11298,12903,10389,4664,11775"
2052,2052,"4163,10107,4688,2957,5155,7679,6659,6306,12094,5135"
2055,2055,"5760,6150,6060,4465,10739,10732,9375,8911,10974,5786"
2069,2069,"2218,2343,7707,6220,5545,8188,9942,64,10835,9072"
2075,2075,"2140,4277,2343,6220,5199,5303,8421,2218,9072,5999"
2089,2089,"8421,4277,9340,851,7197,811,2140,331,5025,1180"
2093,2093,"2218,8421,4277,2140,10326,12990,4798,6971,8562,6220"
2127,2127,"2218,6220,5545,2140,7707,13296,6971,8590,3870,8562"
2135,2135,"6220,7707,3870,2218,5545,4414,13110,13310,13296,9942"
2137,2137,"6220,7707,5545,8235,89,10835,7792,13296,2343,3870"
2141,2141,"6220,7707,12606,5545,2218,13110,779,1863,13296,9942"
2147,2147,"4664,10607,11969,11024,1290,6610,544,8714,4576,6220"
2150,2150,"2218,4277,9072,1210,2343,6220,1978,10658,9341,992"
2153,2153,"8421,5532,5999,12857,4277,2218,5199,4117,1912,8562"
2158,2158,"1290,4664,7120,544,10674,4576,10389,6610,10607,6220"
2178,2178,"6220,2218,5495,13296,2140,3950,5545,8590,12665,10835"
2180,2180,"13111,7047,989,6150,2975,4609,9482,13383,1521,10739"
2181,2181,"11298,11024,13431,6610,4664,9730,3238,12096,12903,11969"
2193,2193,"3992,13110,3428,11772,3870,8885,3950,1598,8071,9800"
2216,2216,"8421,4277,4798,12990,10326,2140,331,851,1017,7197"
2224,2224,"2343,6220,2218,9072,9942,5532,714,810,13296,5199"
2231,2231,"8235,2218,5875,2343,5532,10835,5199,4266,89,5866"
2242,2242,"11969,1017,6220,8885,544,2218,13310,3428,11449,13110"
2243,2243,"4117,5999,2343,4053,2822,11357,5199,2571,5532,785"
2247,2247,"2218,7792,6220,3870,8235,7707,2343,8608,5545,64"
2262,2262,"1290,6610,10607,11024,4576,11298,10389,4664,10137,7120"
2271,2271,"2218,13296,7707,5545,544,9942,2343,3870,8590,4414"
2284,2284,"6220,2218,2343,5545,7707,5303,3870,5495,8562,5199"
2287,2287,"2140,5999,2218,4117,4053,12857,4798,7063,8421,2822"
2291,2291,"2140,4277,11000,12990,9340,8421,5303,5999,220,11384"
2293,2293,"2343,1290,2218,6834,9693,544,12858,9340,6220,6971"
2294,2294,"1478,2218,5610,5303,4413,11000,8421,8562,6220,4277"
2301,2301,"2218,6220,4277,11969,544,9072,1017,2343,1210,9341"
2310,2310,"6220,2218,13296,5545,2343,7707,12665,8590,89,9942"
2341,2341,"6971,2140,8421,5999,5303,4798,2380,6220,3950,5199"
2345,2345,"2957,1851,4163,83,3238,4216,11024,1558,9732,2709"
2348,2348,"1290,7120,9295,11298,10607,3539,6610,4664,10663,5135"
2349,2349,"6971,5999,2343,4277,8421,2140,1290,5199,5303,6220"
2350,2350,"4277,6971,5303,2140,6220,7063,8421,5485,2380,8590"
2355,2355,"8421,4277,851,4798,331,10916,2140,10326,11843,9580"
2383,2383,"4277,8421,1328,10326,10916,3950,350,11843,4798,2506"
2393,2393,"2291,8402,5946,13214,9771,9306,4877,12871,7439,165"
2399,2399,"7120,4929,10663,12497,2916,6243,3697,296,6971,9295"
2421,2421,"2218,6220,2343,4277,8421,10326,5532,9072,13296,4117"
2435,2435,"8235,2343,7024,5875,89,8015,5545,6220,7792,9942"
2448,2448,"2343,6220,2218,5532,10835,8562,5199,13296,4266,89"
2452,2452,"1290,7120,6971,2218,9295,2343,8590,12030,12497,6220"
2464,2464,"4413,6220,13296,9799,2218,5303,1478,7723,2380,8562"
2470,2470,"2140,5999,1912,4798,12156,8421,11726,8746,11572,4117"
2478,2478,"6971,1290,7024,5303,12026,2140,8590,5999,10835,89"
2506,2506,"7707,6220,5545,13110,2218,1017,3428,9341,64,1978"
2523,2523,"8235,5875,7289,8922,6509,7489,89,11403,5524,12662"
2527,2527,"4387,12474,5573,1290,10322,12030,1132,4083,5675,7120"
2528,2528,"5495,3950,8562,2218,12857,5532,6220,1996,11540,8413"
2530,2530,"1978,3950,4277,1328,4798,6220,12990,2140,6433,8421"
2533,2533,"64,2343,5532,13112,6220,1684,4118,9942,3870,714"
2540,2540,"13110,5545,3950,3870,9942,6220,9729,1598,7087,3428"
2558,2558,"8235,4117,5999,5532,2343,10835,5199,2822,4266,4053"
2559,2559,"8540,6952,13111,6659,1796,6402,1521,3844,12257,10107"
2592,2592,"6220,7707,3870,13296,5545,2218,13110,7715,4413,5303"
2599,2599,"2218,2140,8421,6220,4277,4798,11000,1978,10326,9072"
2608,2608,"6220,2218,7707,5545,3870,9942,13296,4414,1598,2343"
2613,2613,"11298,11024,9295,11775,10607,1290,10581,3539,4576,12903"
2616,2616,"4413,6220,2140,1478,3950,7707,5303,9799,7723,13296"
2617,2617,"1017,992,9341,11969,1210,2140,6220,1978,9072,2218"
2619,2619,"3870,7723,9729,5545,1478,6220,13110,7707,4414,2497"
2622,2622,"11298,1851,3539,83,2957,4163,2709,4688,9960,9295"
2629,2629,"1290,10607,4576,7120,9295,4664,11298,789,5135,8714"
2648,2648,"1290,7120,6610,4576,5135,4929,10389,296,4664,10663"
2654,2654,"6220,6971,13296,4413,1290,9799,5303,7707,2140,2218"
2668,2668,"5976,10429,10802,779,7706,589,2327,8981,6220,5149"
2703,2703,"11000,2343,1017,7197,1210,652,7835,1978,9072,810"
2710,2710,"6220,4277,2218,9072,2343,11969,8421,13296,544,8562"
2713,2713,"8562,9942,5532,2218,810,9178,13112,5495,8505,7558"
2722,2722,"7120,4929,10663,5135,12497,2916,296,789,3697,6243"
2724,2724,"1290,7120,4929,10663,12497,2916,6243,3697,296,6971"
2727,2727,"7707,6220,2218,5545,13296,3487,8188,11969,8562,7792"
2755,2755,"2957,4216,4163,1558,13431,3464,1851,9732,12096,3238"
2769,2769,"6220,9942,11969,3428,13110,2343,5545,544,2218,4576"
2776,2776,"9998,5303,12104,5675,5999,12474,8161,6971,5573,4387"
2781,2781,"1290,7120,3697,9295,4929,12030,12497,10663,11117,6811"
2782,2782,"1290,9295,7120,11298,11775,10581,10607,3539,5135,2969"
2789,2789,"6220,5303,5199,4277,2140,2218,8421,5999,8562,2343"
2794,2794,"2140,2218,4277,5303,12990,7707,6220,2380,10608,4798"
2804,2804,"7707,6220,5545,2218,13296,13110,544,3870,11969,2343"
2819,2819,"6220,2218,2343,13296,6971,5303,2380,9799,10835,2140"
2846,2846,"6220,9937,7707,4698,6971,9799,5303,4413,2140,8981"
2851,2851,"8714,8188,9336,544,8607,11969,12809,2218,11775,10206"
2861,2861,"2343,6220,544,11969,9942,7707,9072,2218,8188,9693"
2862,2862,"6220,7707,1290,6610,1863,11024,13296,4576,11969,10429"
2867,2867,"2436,3314,9178,3428,6640,8092,6952,11590,13111,2285"
2873,2873,"2218,2140,2343,9938,8569,9072,8590,6971,11000,7835"
2880,2880,"6220,7707,2218,13296,3870,4414,7706,13310,1863,12606"
2881,2881,"8421,9072,5303,12857,837,8562,4277,7197,1996,851"
2886,2886,"1017,11969,992,1210,6220,4277,9341,9072,9942,11001"
2891,2891,"2140,6971,8235,5303,4798,3950,5999,12990,5199,8590"
2908,2908,"1290,11969,7120,2989,4576,6610,11024,544,4664,6220"
2910,2910,"7707,6220,7706,1863,779,2218,10429,12606,3487,2327"
2915,2915,"8562,1978,2218,6220,8279,12857,652,7899,5495,9178"
2935,2935,"9942,2343,2218,6220,12470,3799,3428,714,13306,5199"
2946,2946,"6220,7707,2218,544,2343,13296,1290,5545,11969,9942"
2948,2948,"3222,11298,11024,12903,7047,6053,12995,7279,2989,4576"
2969,2969,"220,2140,3950,13110,12793,3055,13296,2380,12990,6971"
2979,2979,"1290,83,2957,6610,10607,11298,4163,1851,10674,11024"
3036,3036,"5135,4929,789,10663,2885,5675,12184,9962,5573,6243"
3050,3050,"2343,2218,12470,6220,5532,5495,5199,1978,13112,8562"
3056,3056,"2770,10352,10107,6306,8540,8092,6952,10078,11461,2268"
3061,3061,"4277,8421,851,10326,7197,10916,11843,12990,9580,12385"
3066,3066,"6220,7707,2218,5545,7706,13296,8590,6971,4414,1290"
3069,3069,"8421,6220,4277,2140,2218,5303,2343,10326,1978,7197"
3094,3094,"4277,8421,5303,2140,12990,4798,6220,10326,2218,11843"
3106,3106,"6659,1377,5155,4256,1328,4097,8092,840,8540,1796"
3110,3110,"6220,2218,5545,7707,9942,13296,544,11969,2343,12606"
3115,3115,"2343,9942,6220,5199,5532,810,13112,8279,2218,2903"
3136,3136,"2218,6220,9799,5303,2380,2140,6971,13296,8562,4413"
3159,3159,"6060,1377,8092,6640,2975,1328,13111,4256,9375,6952"
3166,3166,"4277,6220,2140,2218,6971,1290,13296,992,2343,2380"
3172,3172,"2343,1290,2218,789,6220,5135,89,10607,544,4664"
3200,3200,"12470,2343,5155,2218,5532,652,9938,714,6795,9072"
3217,3217,"3799,1978,3992,8562,12470,2218,5495,13306,13112,8188"
3218,3218,"2769,3464,7047,5760,12458,2709,247,11771,13431,6060"
3229,3229,"8421,2140,4277,851,1912,4798,10326,331,12156,2218"
3230,3230,"7707,6220,2218,2140,5545,13310,4414,3870,5386,13110"
3274,3274,"2140,7063,2291,5999,6971,5303,220,7578,9771,6515"
3285,3285,"1210,350,4277,9072,1978,11969,11000,2218,1017,6220"
3316,3316,"6220,8421,13296,2218,5545,3870,5303,4798,1978,2140"
3319,3319,"4277,8421,331,2140,10326,851,4798,12990,1776,10916"
3323,3323,"4277,8421,4798,12990,2140,2218,11843,10916,2380,5025"
3346,3346,"2218,9295,8714,10464,10581,2989,8475,2343,9730,11775"
3354,3354,"13310,2218,1017,11969,7707,534,8071,5731,6220,11000"
3368,3368,"2140,1978,8421,2218,4798,4277,6220,992,11843,12990"
3374,3374,"2218,3870,7707,5545,4414,13296,9942,13110,3428,1598"
3391,3391,"4277,8421,1328,6220,1210,1978,9072,10916,11590,7197"
3397,3397,"6220,13296,2218,5545,2343,9942,13110,8235,12665,3428"
3404,3404,"7707,6220,7706,1863,779,12606,10429,1983,5545,5976"
3408,3408,"2140,6971,5303,2380,5999,5199,8235,220,3950,6220"
3416,3416,"2343,8608,6971,5999,4388,3909,5303,10835,2140,5532"
3422,3422,"6220,2140,5303,2218,9937,7707,5545,6166,4414,4698"
3423,3423,"6220,2218,2343,5545,7707,3870,7063,5303,13110,4413"
3426,3426,"2343,6220,6971,2218,1290,89,10835,5532,8235,13296"
3436,3436,"6220,2218,5545,13296,4413,9942,3870,4414,5303,8590"
3448,3448,"11000,9178,9072,2140,7197,4277,7558,12990,992,9341"
3464,3464,"13110,6220,5545,3428,7707,3799,3992,2218,9942,1598"
3472,3472,"1290,7120,6610,10607,4576,4664,296,9295,6220,2218"
3477,3477,"6220,13296,8421,4798,4277,5545,10326,8562,5303,2140"
3488,3488,"4277,6220,8421,13296,8562,5545,1978,3870,2380,11843"
3497,3497,"6220,4277,5303,8421,13296,2343,2218,2140,1017,7707"
3504,3504,"6220,7707,3487,2218,1290,9295,11024,7706,10464,9730"
3517,3517,"13346,8421,9729,11000,1478,12990,9178,3870,5610,6220"
3538,3538,"2140,5303,8421,8161,851,6971,331,1634,1180,10608"
3544,3544,"2218,5545,6220,3870,12470,9942,5495,7707,3799,8188"
3547,3547,"13110,3992,3950,5731,3428,12606,1598,8454,7087,7729"
3569,3569,"6220,2218,2140,4277,2343,1978,5199,13296,10835,6971"
3570,3570,"8092,8540,5241,6952,10107,1377,10352,9999,6306,6402"
3575,3575,"2343,2218,9072,1210,9938,6220,11969,992,1017,1978"
3579,3579,"4277,6220,8421,2140,2218,992,1210,4798,1328,11843"
3588,3588,"1290,9295,7120,779,3487,10581,1863,4576,6610,6220"
3592,3592,"7047,3464,2709,13431,2769,10687,9482,1851,12458,7679"
3617,3617,"4277,8421,2140,5303,10326,4798,11843,9072,2218,331"
3632,3632,"5545,2218,6220,13296,8235,3870,7707,5495,3950,5199"
3650,3650,"7063,2140,5545,6220,7383,8590,8235,3950,275,3870"
3654,3654,"4929,5303,5675,10663,1290,5573,12474,8590,7120,4387"
3656,3656,"7707,6220,2218,7679,4576,3487,12606,6610,2327,2870"
3678,3678,"1290,7120,4929,10663,9295,12497,296,3697,2916,6971"
3681,3681,"6640,13111,6150,6060,9726,9776,2436,4029,10732,9482"
3683,3683,"8421,4277,5303,851,2140,10326,4798,10916,331,12990"
3685,3685,"4277,2218,8421,2140,13296,5303,5545,9072,7707,10326"
3699,3699,"2769,3464,7047,12458,5760,162,6060,5105,10009,9375"
3707,3707,"2218,6220,13296,7707,4413,12606,13310,8607,9942,5545"
3731,3731,"4277,6220,2140,11969,9072,8421,5025,1017,5303,10326"
3737,3737,"8421,2140,5303,10326,12990,4277,8562,6220,11843,4798"
3739,3739,"6220,7707,2218,13296,5545,1863,8562,4413,12606,3870"
3744,3744,"6220,13296,3950,8235,2218,9942,5545,10835,2343,1598"
3753,3753,"2218,4277,10326,4798,8421,2140,12990,5303,5025,11282"
3778,3778,"5999,5199,5303,4117,3950,8562,10835,2380,2218,5532"
3786,3786,"2218,2140,8235,4413,8562,6220,5532,3870,11772,9454"
3790,3790,"4277,220,8421,4798,2218,2140,6220,8562,11843,10326"
3804,3804,"350,2140,7383,11000,8071,9306,7063,2436,9341,9365"
3805,3805,"6220,2218,2343,1978,5199,5545,8421,9942,3950,1210"
3819,3819,"2218,6220,8421,4277,13296,4798,7707,5545,10326,10916"
3827,3827,"6060,5760,9375,5105,6640,13111,10974,6150,2769,8911"
3829,3829,"9799,4413,4277,8421,5303,6220,4798,2380,13296,2140"
3841,3841,"3950,3870,7063,13110,5545,8681,9306,5731,7079,5495"
3849,3849,"1290,5135,9295,789,7120,3539,6811,10607,3697,11298"
3928,3928,"1290,7120,10607,5135,6610,4576,11298,4664,11775,296"
3988,3988,"2957,4163,4216,1558,9732,1851,83,4688,12096,13431"
3994,3994,"6220,9942,2218,12606,5545,7707,11024,3428,4576,13296"
3998,3998,"3950,13110,6220,3428,9942,1598,3870,7087,3799,3992"
4012,4012,"11622,3950,9306,6982,5700,4117,5495,3799,8018,11751"
4021,4021,"2343,6971,5303,5999,6220,2140,8608,5199,4388,10835"
4022,4022,"4277,5303,331,2140,12990,4798,6220,851,6971,11282"
4047,4047,"1983,7707,7706,1863,5149,3487,779,5976,9083,8981"
4073,4073,"6220,2218,7707,1290,7706,6971,13296,4698,5545,5303"
4099,4099,"6220,2218,13296,3428,8562,2343,3992,7707,9942,4277"
4100,4100,"2218,7707,7706,6220,8981,4250,8235,589,10429,5149"
4120,4120,"12470,2343,6220,5199,2218,5545,3545,7707,10835,8681"
4126,4126,"1290,7120,789,10607,5135,4929,296,10663,6610,13309"
4136,4136,"2343,6971,5999,8235,6220,10835,2140,5199,4117,8590"
4160,4160,"2957,4163,1558,4216,1851,83,3722,9732,4688,13431"
4173,4173,"1290,7120,4576,10607,10389,4664,6220,296,10137,11024"
4177,4177,"4277,350,10326,1978,2140,4798,4117,8421,5303,2506"
4183,4183,"8421,4277,851,10326,331,10916,11843,4798,2140,12990"
4191,4191,"6220,1426,810,9942,2218,714,11969,13306,2897,1978"
4195,4195,"8421,4277,12857,1996,5303,10916,4798,11843,6220,2140"
4213,4213,"6220,1290,544,4277,2218,2343,8590,13296,4664,7707"
4226,4226,"2218,6220,13296,2343,9942,4277,9072,7707,11969,1210"
4227,4227,"2343,1290,544,4664,6220,11969,11298,9730,10581,9295"
4232,4232,"3950,8421,8562,4798,2140,2218,13296,12990,13346,1978"
4255,4255,"4277,8421,1978,2218,2140,1210,2343,9072,12990,992"
4258,4258,"2343,8714,7922,1017,11969,544,11775,64,2218,6220"
4274,4274,"8421,4277,851,350,11843,10326,9340,4798,2140,331"
4289,4289,"7707,3487,779,3088,7706,8235,12723,1863,1290,9083"
4295,4295,"6220,13296,4277,2218,8421,13110,7707,2140,12990,3870"
4300,4300,"5495,3950,2218,5532,2343,4602,9942,6220,5199,3870"
4334,4334,"12470,8562,5532,5866,11910,5495,9942,11403,13322,810"
4361,4361,"8235,3950,11622,2567,8562,7024,5999,12026,8922,10340"
4377,4377,"2140,8421,11000,5025,13110,9178,13346,6220,4277,12990"
4412,4412,"1290,7120,5135,10607,789,9295,3539,9962,13309,11298"
4415,4415,"8562,3965,4445,5610,3870,5025,3950,811,9178,11000"
4424,4424,"8235,5545,6220,2218,7024,7707,2140,7383,12606,9306"
4425,4425,"8421,4277,7197,10326,12990,9072,717,11000,4798,11843"
4430,4430,"2218,4277,8421,6220,4453,1978,1210,9072,1017,4798"
4433,4433,"4413,9799,5303,6220,2218,2380,6971,2140,13296,5545"
4436,4436,"13110,6220,5545,5731,3428,7087,7707,9729,6641,13310"
4458,4458,"3950,11622,8421,1978,2140,4798,2218,10916,10326,6326"
4461,4461,"7707,3487,6220,7706,5976,779,1863,9083,10429,4698"
4488,4488,"2789,2567,10835,5199,3950,4602,8235,2903,6220,5532"
4497,4497,"1290,7120,4929,10663,6971,2916,12497,8590,6243,8567"
4498,4498,"4277,2343,8421,2140,544,2218,1978,1017,9072,1210"
4504,4504,"4398,9516,598,8092,11461,1426,5067,1848,11622,6640"
4510,4510,"2218,6220,11969,1290,544,2343,4664,4277,9072,9730"
4512,4512,"13111,6640,9482,6060,13383,10732,6150,5901,4465,10974"
4513,4513,"2343,544,11969,1017,6220,8885,9693,9942,1210,6834"
4516,4516,"10607,1290,4664,83,3539,11298,10674,4163,2957,6610"
4526,4526,"6220,2218,5545,13110,3428,3870,13310,13296,7707,4414"
4528,4528,"2218,6220,7707,5545,13310,3870,4414,13296,1598,13110"
4542,4542,"4277,8421,1978,1017,6220,1210,350,9072,11000,3950"
4559,4559,"1290,7120,10607,6610,11024,4664,4576,11775,11298,10389"
4572,4572,"2218,8562,4413,10326,6971,2140,220,5303,6220,773"
4575,4575,"2218,6220,5545,13296,8562,7707,3870,9942,1978,2140"
4583,4583,"4277,8421,7197,811,9072,9340,12990,10326,11843,851"
4602,4602,"6220,2218,9942,7707,5545,2343,544,13296,3870,9072"
4608,4608,"11298,10607,1290,11024,4664,6610,10389,12903,4576,5135"
4609,4609,"2218,6220,3950,8562,2140,1978,13296,7707,3870,8590"
4626,4626,"8235,2218,5532,5999,2343,7024,5199,10835,4117,2140"
4642,4642,"9942,2343,13112,12470,5495,5532,8608,714,64,5199"
4653,4653,"6220,7707,13296,2218,12606,5545,8562,6971,8235,2380"
4664,4664,"1290,7120,4576,6610,11024,4664,11298,8714,10389,9295"
4665,4665,"1290,7120,4929,12030,6971,12497,10663,5573,4387,3697"
4672,4672,"1290,7120,10607,4576,11298,6610,4664,11024,296,10389"
4680,4680,"8540,10107,5155,13111,8092,1328,1377,11590,4256,5027"
4705,4705,"2140,6971,5199,5303,5999,12990,4277,4798,220,8235"
4707,4707,"2218,6220,5532,2140,2343,7707,3950,5199,8562,8590"
4711,4711,"13112,2218,9072,6220,4277,9178,9340,810,714,9938"
4732,4732,"1017,12156,2218,11000,350,1978,9072,6626,8421,11969"
4734,4734,"1290,7120,4929,10663,12497,2916,6243,296,4387,3697"
4735,4735,"7707,3487,1863,6220,10429,7706,5976,9083,589,1983"
4749,4749,"6220,1863,7707,12606,10429,7706,2218,779,5545,5976"
4751,4751,"2140,6971,5999,8235,5303,8562,12026,5532,2380,9886"
4762,4762,"7024,10835,3909,5999,5875,2140,5303,796,4117,5199"
4767,4767,"7707,7706,6220,3487,1863,10429,2218,9083,779,2327"
4771,4771,"6220,2218,5545,9729,4414,3428,13296,13110,7707,9942"
4773,4773,"6220,2218,2343,5545,7707,13296,9072,3428,5303,544"
4776,4776,"8188,7707,3509,13110,6220,9942,7792,5545,8071,3799"
4783,4783,"6220,3428,13110,1328,5545,1978,9942,1210,2218,11969"
4788,4788,"8421,5303,3950,8221,4798,2140,4277,851,1180,12990"
4808,4808,"9178,13112,3428,11590,7197,652,10658,8092,4277,3416"
4810,4810,"3950,6220,8421,3870,5303,13296,4277,8562,2380,5545"
4818,4818,"9178,3870,2285,8562,6646,8300,5022,5610,9729,1598"
4823,4823,"7707,6220,2218,9365,13110,2343,5545,12606,7792,11969"
4829,4829,"2218,6220,7707,11000,1978,8562,7558,3870,9942,9365"
4842,4842,"6220,7707,2218,9942,5545,12606,5495,3870,13296,1598"
4859,4859,"13112,9178,4118,652,2218,1383,1684,714,9942,8562"
4866,4866,"2218,6220,6971,5303,1290,9799,7707,4413,2140,8707"
4881,4881,"2218,6220,4277,1978,2343,9938,13296,8421,9072,1210"
4908,4908,"13214,7383,7063,12871,2140,8235,383,2291,5946,5819"
4910,4910,"1290,4929,12497,296,6243,2916,3697,789,13309,9962"
4922,4922,"2140,4277,2218,6220,8421,1978,1210,12990,2343,4798"
4942,4942,"6220,11969,2218,544,3428,8188,5545,1017,7679,3275"
4976,4976,"2140,6220,2218,8562,8421,8590,13296,3950,12857,10835"
4993,4993,"3487,1863,7707,7706,779,1290,9083,5976,10429,6220"
4995,4995,"4277,8421,4798,2140,12990,10326,6220,9580,13296,5025"
5020,5020,"5760,6060,9375,8911,5105,6011,2769,6082,10441,6201"
5040,5040,"2285,11449,9178,8885,2290,7136,13112,10205,64,9800"
5048,5048,"2140,5610,9306,5819,13346,11000,5731,275,2218,11384"
5058,5058,"2343,6220,5199,9693,2218,2537,5532,8608,6971,10835"
5067,5067,"4277,1017,9340,9072,992,8421,811,7197,544,1290"
5087,5087,"4277,8421,5999,2343,4117,5199,10916,5303,6220,2218"
5090,5090,"7024,6971,8922,89,10835,5875,2218,2140,8590,5303"
5102,5102,"2218,7383,6220,7707,12606,3870,5731,13110,5545,13296"
5103,5103,"2218,2140,7707,10835,6220,2343,6971,8562,8235,8590"
5105,5105,"7707,6220,1863,2218,7706,10429,5545,12606,779,3487"
5108,5108,"3950,2140,2789,5999,1788,4117,1912,8421,6971,8590"
5119,5119,"2218,6220,2343,9942,810,12470,9800,714,544,7707"
5120,5120,"11298,11024,10607,3222,6610,12903,4664,4576,9730,9295"
5124,5124,"7197,8421,4277,1180,331,851,5025,811,9340,9580"
5132,5132,"8562,2218,13296,4413,6220,2140,5303,3950,8235,8590"
5138,5138,"6640,6487,2436,6060,9726,13111,4029,6952,10107,3314"
5144,5144,"8421,2218,4277,6220,2140,13296,5303,12990,10916,10326"
5159,5159,"3799,6220,3870,13110,5545,9729,3428,1598,12417,9942"
5167,5167,"6220,9942,5545,12470,3428,13306,1328,1978,13296,2218"
5175,5175,"9306,350,11590,1328,1377,6402,5155,12156,8540,8092"
5176,5176,"10674,12096,4163,2957,83,9732,13431,7679,1851,4688"
5185,5185,"8235,3870,5545,7707,2218,11622,3799,5495,7024,9942"
5189,5189,"8235,2140,6971,5303,8562,12026,7024,12990,5999,3055"
5191,5191,"8235,6220,2140,6971,5303,5199,10835,3950,2218,2380"
5206,5206,"7707,6220,2218,5545,7706,13110,13296,4413,779,10429"
5213,5213,"2218,6220,2343,2140,5545,7707,3870,7063,13296,6971"
5224,5224,"4277,10326,4798,331,11843,851,2140,12990,1776,10916"
5226,5226,"2140,6971,5303,2218,6220,2380,7063,9799,8590,275"
5241,5241,"1290,5135,789,11298,9962,10607,4664,4163,2957,11024"
5264,5264,"1290,11298,6610,11024,4576,7120,10389,4664,12903,11775"
5268,5268,"4277,8421,2218,9072,10326,6220,9178,13296,12990,8562"
5270,5270,"2218,6220,8421,2140,4798,13296,10326,5303,6971,4277"
5287,5287,"7197,10326,4277,9072,8421,11000,9340,12156,810,11843"
5314,5314,"6220,2218,7707,5545,3870,9942,4414,2343,13310,1598"
5318,5318,"2218,1290,6971,2343,8235,6220,7707,89,7024,7120"
5326,5326,"1863,7707,6220,3487,1290,12606,779,5976,10429,2218"
5336,5336,"2218,5532,4798,2140,2343,6220,6971,4277,8421,1912"
5343,5343,"4688,12096,7679,4163,10102,6591,2957,420,10687,4216"
5347,5347,"2343,6220,2218,13296,544,8590,10835,1290,5545,9693"
5354,5354,"2140,4798,9306,3950,10326,8562,8421,11622,5303,2291"
5356,5356,"6971,9799,1290,5303,2218,13296,8590,2140,6220,2380"
5367,5367,"6220,2218,6610,4664,1290,11024,3222,12903,10581,10607"
5373,5373,"2218,3870,7383,5545,8235,6220,5495,3950,7792,7707"
5385,5385,"6220,4277,8421,2218,1017,13296,10326,4798,9072,1978"
5458,5458,"5495,6220,4413,3950,2218,3870,8562,5199,9942,2140"
5463,5463,"6220,2218,4277,5303,5545,2140,8421,13296,10326,6971"
5471,5471,"2709,3222,4216,4688,420,2957,13431,10102,12096,4163"
5476,5476,"2343,7707,2218,6220,7558,5545,5303,5199,8562,9072"
5484,5484,"2140,6971,5303,11000,5999,8421,12990,5199,2380,8562"
5508,5508,"1290,10607,11298,6610,5135,10389,789,11024,7120,4163"
5513,5513,"6220,2218,7707,5545,9942,2343,5495,13296,4414,8562"
5520,5520,"4277,8421,350,11843,1978,992,10326,12990,1017,5025"
5524,5524,"6220,9942,2218,3870,5495,7707,4414,3428,1598,13110"
5539,5539,"2140,6220,2218,5303,5545,6971,8562,13296,7707,2380"
5554,5554,"11726,5532,11590,810,13112,12156,5155,8746,1788,11572"
5564,5564,"1408,2140,8421,6971,331,2789,4277,5303,851,10916"
5595,5595,"2140,2291,7063,6971,5303,4798,8235,9306,5999,12990"
5601,5601,"6971,8235,8590,6220,5303,2218,8922,1290,2140,12026"
5602,5602,"6220,2218,4277,8562,13296,3428,7707,3870,9341,5545"
5618,5618,"12470,5241,5495,5866,8235,6659,12029,11910,7024,9942"
5643,5643,"8235,7024,8922,6971,3909,5999,10835,12026,6529,4117"
5644,5644,"7707,6220,2343,13110,2218,7558,5545,3870,64,3428"
5651,5651,"2140,2218,6220,6971,7707,2343,8235,1978,10835,7063"
5655,5655,"6220,8235,2218,5545,9942,7707,12606,7024,5495,3870"
5658,5658,"8421,9799,11282,4798,851,10326,331,2140,1776,2169"
5660,5660,"1210,13112,2897,992,10658,9178,2343,1978,11001,7867"
5662,5662,"4277,8421,9580,4798,6971,851,10326,12990,11282,2140"
5670,5670,"5999,5303,8421,4277,8562,6220,4117,3950,10326,2218"
5676,5676,"10607,11298,1290,9295,11024,3539,11775,1851,2957,83"
5680,5680,"6220,2218,5303,5199,1478,9799,2380,5545,13296,9942"
5698,5698,"6220,2218,2343,7707,13296,544,1290,9693,5545,9942"
5710,5710,"2343,5199,4117,10835,5999,5532,8235,6220,4266,2218"
5723,5723,"11298,11024,3222,10607,12903,6610,4576,12995,10389,9730"
5742,5742,"2343,1210,5199,8235,9693,10835,7867,2903,2218,4277"
5748,5748,"6220,2140,13296,2218,3870,5545,8421,9942,1598,5303"
5750,5750,"7707,6220,8235,2218,6971,7706,13296,6166,7024,1863"
5787,5787,"3950,2218,6220,8562,3870,2140,5303,8421,13296,4798"
5798,5798,"13112,5199,2343,5532,2218,5999,12470,4117,8671,10063"
5799,5799,"9306,5946,2291,8402,9771,7439,165,4877,383,2300"
5815,5815,"789,9962,13309,9866,1290,7817,10336,7120,3697,3323"
5822,5822,"2218,2140,5303,6220,8421,2343,5199,9072,4277,9340"
5834,5834,"6220,2218,9942,2343,5545,5303,13296,7707,2140,10835"
5846,5846,"2218,6220,6971,2343,5303,4277,8421,2140,1978,9072"
5858,5858,"2789,2140,4277,6971,4798,3950,220,7578,10326,10916"
5882,5882,"4277,8421,2218,12990,11843,1210,9072,1978,13296,10326"
5892,5892,"1328,8279,1978,1210,4277,11590,9404,220,7087,4602"
5897,5897,"2218,6220,2140,5199,2343,5303,10835,8562,2380,5545"
5898,5898,"3799,5495,12470,2218,3870,11772,5545,9942,8413,782"
5902,5902,"2218,3870,7707,5545,6220,13310,4414,5495,9178,3799"
5919,5919,"6220,1290,6610,13296,4576,2218,7120,10607,7707,11024"
5934,5934,"2140,10326,8421,4798,5303,4277,8562,12990,1978,8590"
5946,5946,"1290,7120,5135,9295,789,3697,12497,3737,13309,3539"
5965,5965,"2343,5532,8608,2218,10835,5199,4388,4266,5999,8235"
5995,5995,"6220,2218,2343,5545,7707,13296,3870,9942,13110,544"
6005,6005,"6220,2343,2218,5545,13296,7707,9942,544,9072,5485"
6006,6006,"6220,5545,13296,7707,3870,2218,9942,4414,3950,4602"
6013,6013,"6220,2218,4277,4798,13296,2140,5303,10326,1478,5610"
6016,6016,"8421,2218,4277,8562,10326,6220,2140,1978,9072,4798"
6023,6023,"7120,10663,6243,12497,8567,4777,3697,13101,4387,6971"
6052,6052,"2218,8562,3870,5545,13296,5199,10835,5303,5495,8421"
6056,6056,"2343,6220,4117,8235,5199,10835,2218,5999,1978,2903"
6059,6059,"13112,1210,2897,9178,652,10658,2218,2343,11001,9341"
6064,6064,"785,11357,5999,4117,2571,4053,6971,2140,11712,2822"
6091,6091,"5999,5199,10835,2140,6971,11357,8235,5303,4053,8590"
6112,6112,"7120,11775,10663,11298,8714,10581,4664,9730,2989,6610"
6133,6133,"2140,5303,6971,2343,2218,9072,4277,7063,5999,10326"
6150,6150,"9942,5495,3950,5545,652,2218,8562,2140,64,8071"
6155,6155,"6220,8221,2218,2343,9942,544,3870,5545,4414,1017"
6157,6157,"8421,11282,331,851,2140,4277,5303,9580,1180,4798"
6212,6212,"5532,8562,7138,6220,10326,13296,8590,9072,2140,2343"
6218,6218,"1328,8421,350,4277,4453,1978,11590,12156,11843,791"
6242,6242,"6220,2218,13296,4413,2140,9799,7707,2380,7558,6971"
6243,6243,"6220,4277,2218,9072,2140,544,8421,13296,10326,8590"
6260,6260,"2140,5303,8421,6971,4798,10326,2218,8590,12857,3770"
6262,6262,"13111,6640,6060,10732,7047,5760,6150,2436,3464,4465"
6278,6278,"2218,2343,11000,1210,1017,6220,4277,1978,9072,9341"
6280,6280,"2140,4277,8421,5199,3950,6220,2218,2380,1978,13346"
6287,6287,"6971,2140,6220,4277,11000,2218,2343,8590,1290,1017"
6305,6305,"2218,8421,9178,1978,6220,11000,5610,4277,2140,4798"
6320,6320,"2343,1290,6971,6220,8590,2140,2218,13296,89,544"
6339,6339,"6220,2218,2343,10835,5199,13296,5532,5303,2140,5545"
6360,6360,"6220,2218,12470,5545,2343,3428,13112,714,13306,544"
6370,6370,"2343,6220,2218,3428,9942,9072,5545,9693,11969,7707"
6376,6376,"4277,8421,2140,10326,12990,4798,11843,7197,851,331"
6378,6378,"2218,2343,6220,7707,89,8235,7792,6971,13296,7706"
6379,6379,"6971,1290,2140,2218,8590,2343,5303,10326,6220,13296"
6398,6398,"4277,992,2897,9072,810,1210,9938,9340,11000,2218"
6422,6422,"2218,5303,8562,6220,9799,4413,2140,8421,6971,4798"
6424,6424,"2218,12470,6220,5495,5545,13112,3799,3870,5199,9942"
6436,6436,"5675,4929,5135,10663,1554,9998,5573,789,13114,12474"
6454,6454,"8608,2343,5199,2537,9693,6834,6795,5532,8671,13112"
6464,6464,"8421,4277,5303,2140,4798,12990,10326,851,9580,331"
6479,6479,"8421,4277,7197,3950,11590,11843,12156,350,10916,10326"
6485,6485,"5149,7707,1863,6220,8981,5976,9083,10429,4698,7637"
6488,6488,"2218,5545,6220,13310,8188,3428,11800,9942,12606,13110"
6490,6490,"2140,2218,6220,8562,3870,7707,5545,3950,9942,13296"
6498,6498,"6220,2343,13296,9942,4277,2218,9072,1978,544,13110"
6533,6533,"6971,5303,2140,6220,2380,5199,2218,5999,13296,8235"
6577,6577,"4277,6220,8421,3950,1978,2343,544,1017,9942,13296"
6579,6579,"4277,8421,2140,12990,851,11843,10326,4798,7197,2218"
6583,6583,"6220,4277,8421,2218,2140,9072,10326,1978,1210,12990"
6597,6597,"6971,2343,6220,5303,4277,2218,7707,12990,13296,2380"
6599,6599,"2343,544,6971,6220,1290,5545,2537,9693,10835,8590"
6607,6607,"6220,2218,5199,2140,6971,5303,2343,13296,8421,2380"
6613,6613,"6220,2218,3870,3950,5545,7707,2140,8235,13110,8562"
6622,6622,"2343,6971,6220,1290,2218,8235,5303,8590,9693,2380"
6637,6637,"7707,6220,13110,5545,3870,12606,1478,9729,2218,4414"
6644,6644,"2140,6220,5303,4277,4798,2218,6971,8590,12990,10326"
6651,6651,"1290,7120,6610,10607,11298,11024,10389,4929,4576,10663"
6674,6674,"9942,5495,5199,2903,12470,3870,5532,10835,13112,3799"
6683,6683,"2140,6971,2380,4277,2789,976,5303,5025,4798,3055"
6686,6686,"6220,1290,2218,9295,6971,7706,2343,7707,10607,13296"
6707,6707,"2343,6220,4277,5999,4117,2218,10835,9072,5303,2140"
6724,6724,"7707,5545,3487,6220,779,1863,10429,3870,9942,7706"
6729,6729,"6220,2218,13296,5545,4277,7707,13110,9942,3428,544"
6739,6739,"11622,3950,8421,6982,11751,8562,1996,12857,3799,11540"
6756,6756,"2140,4277,8421,9072,9340,5303,2218,10326,6220,12404"
6764,6764,"6220,2140,2343,5303,2218,4277,7707,9072,6971,2380"
6768,6768,"6220,5545,3870,2218,13296,4414,3428,12606,9942,1598"
6787,6787,"6220,13296,8562,4413,2218,9799,6971,1598,3950,2990"
6808,6808,"1290,789,5135,7120,10607,11298,4576,13309,4664,11024"
6811,6811,"2343,9365,7063,11000,9341,9072,3468,9693,9800,1017"
6812,6812,"13296,2218,7707,5545,3870,8562,5485,2380,1598,5303"
6831,6831,"6220,2218,7707,9942,5545,2343,13296,3870,8235,89"
6833,6833,"6220,7707,2218,2343,9942,7024,89,8188,5545,13296"
6840,6840,"2140,2291,4101,4798,5303,7715,7063,9580,5819,11282"
6842,6842,"1290,10607,7120,5135,789,6610,4576,11298,11775,9962"
6855,6855,"1290,7120,6610,10607,11298,4929,10389,11024,10663,4576"
6869,6869,"8421,4277,851,2140,12990,10326,12857,4798,331,11843"
6874,6874,"6220,7707,2218,1863,13296,779,12606,5545,10429,2327"
6879,6879,"2343,6834,9693,2537,1017,1210,5199,6795,544,8608"
6885,6885,"9365,2343,12470,1978,11000,8071,12793,7707,8015,5155"
6886,6886,"6220,2343,544,9942,2218,11969,9072,13296,4277,1017"
6902,6902,"4277,2140,851,10326,4798,11282,12990,10916,9580,6971"
6908,6908,"11298,11024,1290,10607,1851,2989,6610,9732,10389,4576"
6911,6911,"2789,2567,3950,2140,8590,6971,5303,4798,8421,1290"
6912,6912,"9942,8279,6220,13112,2218,1978,13296,810,1210,2343"
6919,6919,"1290,6610,7120,10607,11298,4576,11024,4664,12903,10137"
6926,6926,"12470,9942,6220,8188,5495,8562,7707,13306,13110,3992"
6934,6934,"13110,3950,3428,3992,1598,8562,9178,811,3870,3799"
6935,6935,"2218,6220,810,9072,9938,652,9942,1978,1210,12470"
6939,6939,"4413,9799,5303,6971,6220,2218,3888,10082,8707,13296"
7000,7000,"2343,5999,5199,4117,6971,8608,5866,2140,4388,8235"
7003,7003,"2343,6220,2218,544,9938,9072,5303,10063,4277,9942"
7005,7005,"4277,8421,2218,1017,811,7197,9234,9340,2411,4798"
7042,7042,"2140,4277,8421,2218,9072,5303,6220,11843,9341,3950"
7045,7045,"12606,2218,13296,8562,6220,3428,9942,12470,5545,3992"
7047,7047,"7707,6220,2218,5545,12606,7706,3870,9942,13296,4413"
7053,7053,"6220,2218,7707,13296,5545,4413,2343,8590,3870,9942"
7063,7063,"350,12156,5155,9178,11001,2290,11590,1328,8092,1383"
7067,7067,"2218,9341,6220,1017,992,3428,11001,1328,1210,4277"
7071,7071,"4277,6220,8421,2218,5025,13296,4798,1978,12990,2140"
7078,7078,"13110,1017,9341,1978,992,6220,9178,9072,1210,4277"
7109,7109,"2218,2140,6971,5303,1634,5532,10326,8562,6220,12990"
7118,7118,"2140,5303,6515,976,4321,10608,7063,8707,4101,6971"
7129,7129,"11298,11024,10607,10581,3222,6610,1290,12903,4664,4576"
7133,7133,"11001,1210,5155,13112,11590,1017,2897,350,9178,652"
7139,7139,"1290,8714,10607,7120,9295,11775,4576,2218,2343,10581"
7142,7142,"5303,2140,6220,6971,4277,2218,8421,2380,8562,9799"
7146,7146,"2343,2218,5199,13112,64,9072,5532,10835,5545,6220"
7172,7172,"8421,4277,2140,1017,7197,6220,9072,851,5303,10326"
7181,7181,"4277,6220,8421,2140,13296,12990,4798,10326,5303,5199"
7195,7195,"4277,331,851,4798,11282,2140,10326,5303,11843,10916"
7197,7197,"2218,5545,13296,7707,5303,13110,4277,2140,9942,1598"
7203,7203,"1290,7120,4929,10663,2916,296,5135,6243,3697,12497"
7223,7223,"5303,6220,8421,2140,4798,13296,8562,2218,3950,2380"
7235,7235,"2957,4216,3722,83,1851,10674,4688,9732,12096,778"
7236,7236,"6220,2343,2218,13296,6971,2140,7707,5303,5545,8562"
7237,7237,"7706,9083,5149,7707,8981,589,4250,10429,1863,4698"
7255,7255,"1290,6971,2140,7120,8590,4929,12497,5303,10663,2218"
7297,7297,"6220,10835,2218,6971,9693,5303,2537,5199,13296,5999"
7320,7320,"8421,2140,10326,4798,4277,5303,6971,2218,10916,1912"
7323,7323,"2218,6220,13296,5545,8235,9942,89,2343,11403,12665"
7326,7326,"4277,6220,9072,3428,992,2218,8421,1210,1978,13296"
7343,7343,"8421,4277,2140,851,10326,331,11843,12990,4798,7197"
7363,7363,"2218,5303,6220,6971,8562,2140,8590,13296,4413,9799"
7364,7364,"2140,6971,5303,7063,2343,2380,11000,12990,8235,7707"
7366,7366,"1978,6220,2343,2140,9072,8421,8590,9942,2218,3950"
7372,7372,"2343,5532,2218,6220,8608,6971,4277,5999,5303,8562"
7399,7399,"7707,6220,2218,2327,8188,3487,7706,779,5545,12606"
7402,7402,"6220,2218,8562,13296,2140,2380,4413,1478,7707,5199"
7406,7406,"6220,9942,11969,13110,2218,2343,8188,7707,1017,3428"
7421,7421,"2218,13296,2343,4277,6971,7707,5545,8421,8590,5485"
7425,7425,"1290,7120,9295,6610,6220,10607,10581,4576,4929,10663"
7431,7431,"4277,8421,851,10326,331,2140,12990,11843,9340,7197"
7447,7447,"8421,6326,4798,2218,3950,6220,8562,5545,10326,13296"
7451,7451,"6220,13296,2218,7707,1290,6610,10429,1863,5976,4698"
7453,7453,"8608,9942,4266,89,2343,6591,4388,2218,5532,64"
7456,7456,"1290,4664,3539,10607,4163,10674,9960,789,11298,6610"
7484,7484,"9295,11298,9730,10581,11775,10607,10102,12903,8714,10674"
7486,7486,"2140,5999,5303,8421,8562,12857,2218,5199,6220,9799"
7505,7505,"6220,2218,7707,7491,1290,2343,544,13296,7706,6971"
7529,7529,"4277,2218,2140,992,220,9340,12404,1210,11000,10326"
7532,7532,"11024,3222,9730,2989,8714,12903,11775,11298,3238,12096"
7548,7548,"6220,2218,8562,9942,13296,2140,8421,5199,9455,1598"
7550,7550,"1328,350,8421,4277,11590,1978,11843,10326,12156,2218"
7557,7557,"8421,4277,2140,10326,12990,9340,9072,851,11843,811"
7574,7574,"1290,9295,11775,4688,5135,3539,10607,789,10581,9960"
7586,7586,"6220,7707,1863,5545,13296,5976,3487,779,2327,12606"
7592,7592,"13111,6060,6640,4465,5760,5105,2436,6150,9375,4609"
7594,7594,"8562,6220,2218,9942,5545,4413,7707,13296,12606,3870"
7600,7600,"1978,350,1210,5155,1328,11001,11590,3428,1017,8092"
7601,7601,"2218,8562,4277,11000,8421,9340,2140,9072,12857,9178"
7642,7642,"2957,4163,1558,83,1851,3722,10674,9732,12096,4688"
7647,7647,"2218,6220,8562,13296,2343,5303,8421,4798,6971,5532"
7650,7650,"2218,6220,2140,5545,13296,7707,8421,1978,10326,9072"
7660,7660,"1290,6610,10607,11298,7120,11024,4576,10389,4664,11775"
7682,7682,"6220,9942,3428,8188,13110,544,3509,2343,11969,13112"
7712,7712,"6220,5545,2343,2218,7707,11969,13296,544,3428,3870"
7728,7728,"8806,6646,11000,3965,4445,5025,9178,5731,9502,811"
7763,7763,"6220,5545,13296,2218,3870,4414,1598,13110,4277,9600"
7764,7764,"2343,6220,544,2218,11969,9942,7707,13296,1290,6971"
7765,7765,"2343,8608,5532,4117,6834,5999,5199,810,9072,2218"
7768,7768,"6220,2218,7707,13110,2343,3428,1978,11969,13310,1210"
7776,7776,"5135,789,9962,9866,10644,3323,7817,13309,4613,13027"
7834,7834,"7063,2140,8421,4798,12990,11000,11843,12793,9473,11384"
7850,7850,"8421,4277,4798,11843,10916,851,12990,331,7197,717"
7860,7860,"6220,2218,2343,9942,13296,7707,4277,5545,5199,9072"
7879,7879,"5303,6971,2140,2380,5999,8421,11282,9799,12990,4277"
7892,7892,"1290,4664,4576,10607,10389,6610,544,789,11298,4277"
7895,7895,"6220,5545,13110,7707,3870,5199,9942,5303,2343,2218"
7901,7901,"8421,4277,4798,6220,2140,10326,13296,10916,11843,5303"
7922,7922,"4277,8421,331,12990,4798,6220,2140,851,1776,13296"
7927,7927,"6220,5303,2218,7707,6971,9799,5545,2140,13296,4413"
7931,7931,"8421,2140,5303,4277,3950,6220,10326,331,6971,11843"
7938,7938,"12470,13112,5199,2343,5532,4118,1978,810,4117,1210"
7942,7942,"9178,1210,9341,13112,1017,9072,1978,2343,9942,11969"
7964,7964,"6220,3870,5545,9942,7707,2218,1598,3799,13110,1978"
7982,7982,"11622,6982,3950,5545,12632,3870,5495,4602,11751,3799"
7988,7988,"1290,7120,789,5135,12030,2885,9295,3697,11117,2784"
7992,7992,"8421,4277,2140,4798,11843,2789,1978,851,10916,1996"
8005,8005,"6971,2218,10835,5199,7024,2140,5303,5999,12026,8922"
8019,8019,"4619,7047,5504,12458,7681,11334,6547,10009,10732,4935"
8026,8026,"6220,9942,2218,5545,3870,4414,3428,2343,5495,7707"
8028,8028,"2343,5199,10835,5532,6220,8608,9693,6971,2218,6834"
8085,8085,"6626,2770,12621,11635,12378,10107,2205,6640,4029,6060"
8103,8103,"8235,2343,2218,1290,7024,89,6220,8590,6971,11403"
8108,8108,"2218,1978,6220,13296,4277,3428,9072,811,220,1210"
8137,8137,"8608,2343,4388,5999,5199,9693,2537,6834,5532,4117"
8138,8138,"8421,4277,11282,2140,331,5303,12990,851,9580,10326"
8139,8139,"5303,5999,8421,4277,2789,6971,2905,7063,4798,2380"
8148,8148,"6220,4277,13296,8421,2140,2218,5303,6971,5545,5485"
8150,8150,"10835,2380,5199,2343,2140,5999,8235,2218,5303,3055"
8160,8160,"1290,7120,11775,11298,9295,10581,4664,4576,10607,8650"
8175,8175,"2218,11969,4277,6220,9072,9341,992,1210,1017,9340"
8191,8191,"4664,12096,11969,1290,9730,6591,544,10674,10389,3238"
8198,8198,"4277,8421,6220,2140,2218,12990,11843,1210,9072,2380"
8202,8202,"8714,11775,1851,10102,2989,5075,4688,11024,8650,6053"
8233,8233,"8235,6220,89,2218,7707,5545,3870,10835,5875,8922"
8251,8251,"13110,275,3870,5199,8221,3950,7063,6220,5731,3908"
8252,8252,"8421,851,331,4277,1180,8161,4798,11282,10326,2140"
8265,8265,"7707,8235,6220,6971,2218,6166,3088,5545,10835,2140"
8267,8267,"8161,5303,5675,5573,4929,9998,12474,12104,1662,13114"
8268,8268,"6220,3950,13296,2218,10326,8562,1978,4277,12665,8590"
8294,8294,"8608,4388,2343,6971,5999,5532,6220,2218,5199,10835"
8299,8299,"789,9962,1290,9295,13309,7120,6811,10607,3697,3539"
8302,8302,"4277,8421,2140,5303,9340,7197,11000,9072,10326,11384"
8303,8303,"1290,789,5135,296,12497,4929,3697,9866,4777,6971"
8323,8323,"7707,6220,3870,5545,13110,13296,12606,2218,7792,9942"
8327,8327,"6220,9942,3870,2218,5545,3799,5495,2343,7707,3428"
8331,8331,"8235,2380,2140,6971,2789,5303,10835,2218,5199,6220"
8332,8332,"2897,13112,5155,10658,9072,7835,9178,652,1210,2343"
8334,8334,"6220,2218,13296,5545,8562,8590,7707,9942,2140,1978"
8337,8337,"1290,9295,10607,7120,3539,4664,11298,10581,6610,11024"
8341,8341,"8421,5303,2140,8562,12990,4798,10326,6220,4277,4413"
8361,8361,"6220,5303,2140,6971,5545,7707,2218,9799,8590,4414"
8369,8369,"6220,2218,5545,7707,9942,2343,5495,3870,12665,544"
8378,8378,"6220,11969,544,2218,3428,1017,2343,13110,4576,13296"
8407,8407,"11024,11298,6610,12903,10607,4576,1290,8714,4664,10389"
8419,8419,"1290,7120,4576,6610,10607,10389,296,4664,4929,11298"
8424,8424,"5545,3870,7707,13110,4414,7792,2218,7087,13310,12606"
8425,8425,"4277,6220,9341,3428,13112,10658,992,2218,9072,1210"
8438,8438,"1290,7120,9295,3697,11117,12030,6811,2885,5135,3539"
8447,8447,"4277,8421,9340,11843,9178,4453,11000,2140,851,7197"
8458,8458,"2291,9306,7063,13214,5946,9771,4877,37,7439,12871"
8463,8463,"6220,2218,4277,13296,7707,2140,1290,5545,544,1978"
8471,8471,"5303,6971,8421,2140,4798,12990,5999,2218,11282,10326"
8472,8472,"10607,11298,83,10674,1290,11024,4664,2957,10389,6610"
8477,8477,"2343,5999,5199,5303,6971,2140,4266,2218,10835,5532"
8478,8478,"6220,1978,2218,5545,2343,3428,9072,1328,4277,12470"
8483,8483,"1290,9295,3539,10581,7120,4664,10607,10674,6610,11775"
8496,8496,"1290,2218,6971,8922,8590,5303,13296,6220,4798,7120"
8497,8497,"1328,13111,8092,11590,4256,3428,3314,11969,1017,1210"
8501,8501,"6982,8562,11751,5303,5999,10340,8413,2199,11540,5673"
8506,8506,"6220,5545,2218,13296,4414,7707,9942,3870,13110,4277"
8520,8520,"4277,8421,5303,2140,6220,9072,10326,10916,8562,7197"
8524,8524,"8421,4277,2218,4798,6220,1978,10326,11843,3950,9072"
8531,8531,"2218,6220,4277,8421,2140,13296,10326,4798,8562,1978"
8556,8556,"1978,2218,1210,4277,6220,1017,2343,9072,992,11000"
8579,8579,"11024,1290,6610,10389,11298,4576,12903,10607,4664,11775"
8585,8585,"6220,1290,7707,2218,6971,2343,2140,544,13296,11969"
8591,8591,"2218,8421,4277,4798,10326,6220,3950,10916,12990,11843"
8592,8592,"1290,7120,10607,10663,5135,4929,3697,9295,11775,3539"
8596,8596,"6220,13296,2218,13110,1598,3870,8421,5545,3428,7707"
8598,8598,"2218,2343,6220,1978,3428,1210,9072,12470,13296,9938"
8608,8608,"1290,7120,4664,9295,3539,11775,544,12497,10581,789"
8610,8610,"1290,5135,789,7120,9962,13309,4929,10663,296,9295"
8617,8617,"1290,7120,9295,3539,10581,3697,5135,11775,10607,4664"
8621,8621,"77,9178,4765,2218,64,3870,7922,13112,6834,12389"
8629,8629,"9178,11000,2436,8806,6646,2285,2936,7332,6487,7729"
8649,8649,"6220,13110,7707,3428,2218,1017,9072,9942,8188,7087"
8652,8652,"3539,9295,10607,5135,7120,4664,789,10581,10674,9962"
8714,8714,"6220,12606,7707,11024,4576,8607,3222,2218,544,1863"
8718,8718,"8235,7024,5875,5545,7707,9942,89,6220,12606,7792"
8733,8733,"1290,2343,6220,544,7120,2218,4664,13296,6610,6971"
8734,8734,"6220,5545,7707,2343,13296,2218,13110,3870,8590,544"
8754,8754,"6220,2343,2218,5303,5999,8421,2140,5532,9072,6971"
8771,8771,"4413,5303,2140,9799,2218,13296,2380,4798,6166,6220"
8791,8791,"6220,4277,11969,544,13296,13110,7707,3428,5545,2218"
8794,8794,"6220,2218,5545,13296,7707,9942,12665,8562,2343,3870"
8797,8797,"1426,8188,10107,3509,2645,7383,12029,9942,11019,10891"
8804,8804,"2218,2343,6220,10835,5532,5866,8235,5545,5199,4117"
8809,8809,"4277,8421,331,851,2140,5303,10916,10326,5999,1912"
8823,8823,"1290,7120,4929,10663,12497,6971,3697,12030,9295,296"
8833,8833,"4277,6220,2140,8421,2343,9072,11969,544,1978,2218"
8835,8835,"1290,2343,9693,789,2537,7120,544,6220,4664,11969"
8840,8840,"7063,2140,5303,8235,5999,6971,2380,220,976,10608"
8842,8842,"6971,2140,8590,6220,2218,5303,7063,1290,7707,2343"
8860,8860,"3222,11024,6053,2989,11298,12995,9730,10206,2709,8714"
8866,8866,"2140,8421,6971,4277,10326,11843,4798,5303,5999,331"
8877,8877,"8235,5303,6971,2140,10608,2218,5532,5999,2380,7138"
8887,8887,"13112,9178,9942,3428,10107,13306,714,652,2897,4118"
8895,8895,"2218,4798,10326,4277,8421,11282,12990,2140,9580,5025"
8907,8907,"1290,7120,6610,4576,5135,296,789,4664,11298,10389"
8921,8921,"13112,9178,2218,9105,8562,652,3416,5532,7835,10107"
8928,8928,"4688,6591,8714,11775,12096,10674,10102,544,4664,1851"
8936,8936,"9340,2218,4277,9072,2343,6220,2140,9341,220,992"
8965,8965,"6220,4277,5303,2343,2218,2140,6971,8421,1290,4798"
8971,8971,"9942,5495,2343,3428,6220,64,12470,8681,3799,7707"
9000,9000,"6220,7707,2218,1290,13296,1863,5545,4576,12606,6610"
9023,9023,"2343,6220,2218,9942,9072,544,11969,1210,9938,13112"
9025,9025,"6220,6971,5303,2218,4277,2343,2140,2380,13296,8590"
9031,9031,"5999,2789,5303,8235,6971,2140,4117,3950,12026,2567"
9045,9045,"2343,1210,7835,13112,9341,9072,544,9340,9942,5532"
9053,9053,"6220,3870,4413,2218,13296,5545,5303,7707,2380,7723"
9054,9054,"13110,3428,3870,5545,7136,8188,9729,9800,4414,7707"
9060,9060,"6220,5545,7707,2218,13110,5303,2343,2140,13296,3870"
9063,9063,"11000,13346,13110,3870,2218,2140,7063,12990,4798,3950"
9071,9071,"6220,8235,13296,7707,12606,2218,13110,5545,3870,9942"
9078,9078,"2343,8608,5199,5999,6220,4388,2140,10835,2218,5532"
9101,9101,"6220,2218,5545,13296,4414,9942,3870,2343,544,5485"
9108,9108,"2140,2343,1978,2218,275,3950,8590,5303,9072,7063"
9110,9110,"6220,4277,2218,8421,1978,13296,1017,13110,4798,10326"
9114,9114,"2218,6971,5303,2140,9799,6220,13296,4798,220,4277"
9144,9144,"1290,7120,10607,6610,296,11298,4929,13309,10663,4576"
9172,9172,"6220,2218,13296,7707,9799,4413,1290,5545,6971,5303"
9185,9185,"1290,7637,5149,4698,8981,2020,9083,8703,7120,7706"
9190,9190,"2140,5303,6971,6220,2199,4798,2380,9799,8421,5999"
9193,9193,"5025,2140,12990,1978,8421,11843,13346,12793,9473,350"
9198,9198,"1017,4277,9340,9341,5025,2140,9072,11000,811,992"
9200,9200,"6220,2218,4277,13296,544,9942,5545,11969,4664,1290"
9201,9201,"2218,6220,7707,8235,2343,7024,89,6971,1290,7706"
9204,9204,"2218,5545,13296,7707,2343,8590,6971,5303,2140,4277"
9215,9215,"1290,7120,4929,10663,6243,2916,6971,12497,8567,296"
9222,9222,"1290,2343,544,7120,789,5135,6220,6971,4664,2218"
9233,9233,"4929,8161,5303,10663,5675,8590,8421,1290,5573,6971"
9235,9235,"2218,6220,8562,4413,3870,7707,9942,5545,13296,12606"
9245,9245,"789,13309,9866,1290,10336,7817,3886,6625,3323,13027"
9275,9275,"8235,7024,89,5875,6971,8590,10835,2218,11403,2343"
9308,9308,"6220,2218,5545,7707,3428,3870,13296,4414,9942,13310"
9323,9323,"4277,1017,11969,9341,9072,350,9178,992,2285,1210"
9329,9329,"8421,6220,4277,2218,2140,5303,8562,3950,13296,2380"
9355,9355,"6220,2218,8562,5199,2140,6971,2380,5303,2343,5495"
9369,9369,"2140,8421,4277,5303,4798,331,6971,220,851,7063"
9386,9386,"6220,2218,7707,5545,13296,9942,4413,2343,12606,7706"
9388,9388,"6220,7707,13296,5545,2343,13310,3870,2380,9942,10835"
9401,9401,"7679,1851,11969,10674,83,9732,11298,3464,3238,12096"
9418,9418,"6220,13110,7707,2218,3870,5545,4413,9729,1598,8562"
9433,9433,"8421,4277,331,1180,851,10326,2140,9580,7197,12990"
9440,9440,"4277,8421,6220,1017,2218,9072,1978,7197,717,9341"
9446,9446,"4277,6220,2343,9072,2140,5199,2218,1978,5303,9341"
9464,9464,"6220,7707,11969,2218,3222,8607,7706,11024,544,5545"
9477,9477,"9178,11000,9365,7063,2140,64,3950,220,9341,11010"
9488,9488,"1290,10607,7120,11298,4576,10389,4664,11024,296,10137"
9500,9500,"8421,4277,6220,4798,2218,10326,13296,10916,12990,6326"
9502,9502,"2218,4277,13296,2140,8421,5485,7707,2380,1478,3870"
9507,9507,"5532,2343,12470,2218,9942,8608,5495,12253,8235,12550"
9528,9528,"3464,2769,7220,173,162,2709,13431,7681,3222,11024"
9539,9539,"2140,4277,8421,5303,6971,12990,10326,4798,11843,6220"
9566,9566,"11000,773,5532,9369,9105,10326,8505,810,12990,36"
9575,9575,"350,1978,3950,9178,1328,5545,13110,4277,8421,13346"
9583,9583,"2218,6220,13112,810,3428,2343,7558,12470,811,9072"
9589,9589,"6220,8421,5303,2218,2140,13296,4277,8562,6971,2343"
9591,9591,"2140,8421,12990,4277,4798,5303,2380,2218,6971,6220"
9617,9617,"2218,8562,5610,10326,6220,4798,2169,7707,5177,11540"
9620,9620,"11622,6982,12632,3950,12425,11795,8333,5495,4602,3870"
9622,9622,"2905,1788,11726,11572,5999,2789,4117,3950,5199,4277"
9631,9631,"10107,5155,8092,10352,13111,8540,5901,2770,9482,10221"
9655,9655,"8562,3950,5532,5199,2218,5999,2140,6220,10835,5303"
9658,9658,"2140,5303,5999,4277,6971,8421,2218,7063,2380,1996"
9660,9660,"9295,12184,10464,8608,2343,8714,6591,7964,7491,4215"
9669,9669,"5135,789,1290,9962,4387,9866,7120,3697,12497,12030"
9672,9672,"4277,1290,11969,6220,544,992,2140,13296,9072,10326"
9684,9684,"6060,8540,13111,2770,6011,2268,10352,5105,3960,10078"
9702,9702,"1290,9295,7120,789,5135,5142,2885,10607,9962,3697"
9705,9705,"2218,6220,4277,1978,9938,1328,350,10326,9072,1210"
9722,9722,"9306,5946,13214,2291,12871,9771,7439,165,4877,2149"
9732,9732,"7047,3464,7681,2709,162,173,2769,7220,3222,13431"
9781,9781,"2343,1290,2218,12156,9938,544,6626,8714,789,5135"
9803,9803,"2343,5999,4117,4388,8608,10835,6220,5303,6971,5532"
9809,9809,"3428,12470,11590,1328,13110,8092,4256,1377,4097,1210"
9814,9814,"8421,851,2140,11282,331,8161,4277,9580,6515,1180"
9818,9818,"3870,6220,2218,7558,5495,5199,7707,5545,1978,3428"
9820,9820,"9306,5858,3950,4413,220,11772,5177,10122,2981,1741"
9848,9848,"8421,4277,2343,6220,9072,1978,1210,2218,9942,10916"
9856,9856,"2218,2897,8188,810,3799,13306,8562,12029,1426,652"
9869,9869,"6220,13110,2343,3428,2218,5731,1017,7063,5495,5545"
9889,9889,"2140,5303,6971,2218,4798,8421,9799,6220,12990,4277"
9923,9923,"8421,2140,5303,10326,12990,4277,11843,4798,6220,6971"
9929,9929,"11622,3950,6982,8562,8421,11751,3870,3799,11540,1598"
9961,9961,"1290,10607,4576,6610,7120,11298,296,4036,1244,4664"
9969,9969,"1290,7120,9295,6971,4929,3697,12497,10663,3539,8590"
9974,9974,"2343,11969,6220,9730,89,544,8235,7707,9942,2989"
9976,9976,"3222,11024,13431,12903,4576,3238,3464,6610,7279,9732"
9989,9989,"6220,2218,13296,4277,8421,2380,2140,3950,13110,7707"
9993,9993,"2343,2218,7707,9942,5545,544,13296,9072,11969,3428"
10002,10002,"13111,6060,6640,6150,6952,13383,5105,8540,2268,10974"
10011,10011,"1290,11298,11024,10607,6610,12903,7120,11775,1851,10389"
10016,10016,"1290,10607,6610,789,4576,5135,9962,7120,6220,10389"
10028,10028,"8608,6971,5303,6220,1290,2218,2140,4388,4277,5532"
10029,10029,"6220,2218,13296,5545,1978,544,2343,9942,4277,7707"
10033,10033,"2343,2218,6220,8608,6971,4388,10835,5199,5303,5545"
10042,10042,"2140,6971,5303,4277,8421,12990,4798,10326,9580,11282"
10046,10046,"8421,4277,3950,811,4798,10326,2218,6220,11843,2140"
10061,10061,"4277,8421,12990,331,4798,11843,6220,2218,9580,9072"
10071,10071,"1017,9178,4277,11001,10658,1978,9341,350,1210,9072"
10084,10084,"2218,6220,13112,9942,2343,5545,3870,10063,3799,714"
10091,10091,"8221,3950,4413,9470,6220,5303,7723,9799,8421,2140"
10102,10102,"6610,10607,4929,10663,296,4664,10389,4576,2916,3697"
10104,10104,"6220,2218,5545,2140,13296,7707,4277,8421,5303,9072"
10121,10121,"789,2343,6971,1290,6220,8608,4388,5135,5999,12858"
10131,10131,"6220,2218,3428,4277,9942,1478,13296,4413,7802,9072"
10134,10134,"2436,8071,1017,5731,11001,989,7922,9365,7063,2281"
10139,10139,"1290,7120,9295,11775,3539,3697,12497,10464,4929,5135"
10144,10144,"3950,1996,8421,8562,1978,4277,11000,13346,4798,12990"
10155,10155,"2218,6220,8421,5303,4798,13296,2140,10326,5545,8590"
10168,10168,"1863,7706,779,9336,1983,11103,3487,5962,3542,5484"
10178,10178,"1290,10607,6610,11024,10389,4664,11298,7120,12903,10137"
10186,10186,"6220,2218,5545,7707,9942,13296,544,89,10835,5199"
10190,10190,"11000,9178,4277,992,7197,1210,7867,811,9341,9072"
10194,10194,"6220,2218,13110,8562,3428,5610,5731,3992,5545,6433"
10196,10196,"6220,2218,7707,5545,9942,3870,13110,13296,3428,1598"
10215,10215,"2218,5303,6971,1634,10326,8922,2140,11540,5999,4798"
10218,10218,"6220,7707,9942,5545,2218,13296,12606,8188,2343,544"
10251,10251,"6220,4413,13296,5545,9799,5303,1478,7707,2218,6971"
10252,10252,"1290,10607,7120,11298,5135,9295,789,6610,11024,9962"
10262,10262,"8235,7024,8922,6971,5875,5999,5199,10778,5303,2218"
10266,10266,"6220,2218,5545,3428,7707,13296,3870,13110,13310,2343"
10271,10271,"6220,2218,7707,9942,5545,8562,13296,2140,3428,1598"
10277,10277,"6971,2140,2218,2343,6220,5303,220,7558,10608,7707"
10282,10282,"4277,1290,2140,6971,544,13296,10326,9340,220,9072"
10286,10286,"1290,7120,12030,4387,3697,4929,12497,10663,6243,5573"
10305,10305,"4277,5999,5303,2343,5199,8421,2140,6220,10916,6971"
10309,10309,"6220,2218,13296,89,9942,2343,4576,5532,12606,7024"
10335,10335,"1290,7120,5135,10607,789,11298,4929,10663,4664,296"
10340,10340,"9732,13431,1851,3222,11024,83,10674,2957,3238,3464"
10375,10375,"6220,2218,13296,8590,8562,2140,1290,6971,9799,2343"
10388,10388,"5303,2140,6971,8235,5999,10835,12026,2380,4266,5199"
10397,10397,"4277,2218,8421,9072,6220,10326,811,11843,9340,1017"
10402,10402,"8235,2218,10835,2140,6220,5199,5545,3950,2380,7707"
10407,10407,"9942,3428,6220,13306,11969,2897,8188,9072,5545,2218"
10408,10408,"2140,3950,4798,5819,5303,8421,9306,5545,7383,2218"
10416,10416,"2218,2343,6220,12470,5495,714,810,13112,5532,9942"
10448,10448,"6220,7707,5545,3870,13110,2140,4277,5731,9729,4414"
10454,10454,"3799,13110,3870,3992,7087,2497,9729,9786,4007,3950"
10499,10499,"8421,811,4798,10326,4277,12990,2140,13296,11843,992"
10503,10503,"2343,2218,6220,544,7707,1978,8590,13296,5545,6971"
10504,10504,"11969,4576,6610,8714,4664,1290,10607,11024,11298,2989"
10508,10508,"2343,6220,2218,5303,4277,9693,7063,2140,5199,9072"
10514,10514,"13112,9942,9178,3799,714,13306,10658,6220,12470,3428"
10526,10526,"1328,4277,350,8421,1210,1377,1978,6306,5155,8092"
10540,10540,"9306,2291,13214,12871,7439,9771,4877,165,2149,5747"
10542,10542,"6220,4277,8421,13296,13110,2218,10326,2140,9072,5025"
10551,10551,"6220,2343,9942,5199,9072,4277,5545,544,7707,2218"
10554,10554,"4576,6610,10607,6220,11024,8714,4664,10389,11298,11969"
10555,10555,"6220,7707,9942,12606,5545,13110,8607,8188,2218,7706"
10556,10556,"2140,7063,8421,10326,12990,11000,11843,5303,5025,12793"
10562,10562,"2140,6971,10835,7558,2343,5999,5303,11000,5199,2218"
10575,10575,"1290,7120,5135,9295,10607,11298,3539,789,9962,11775"
10576,10576,"8421,331,10326,2140,12990,851,7197,11843,5303,4798"
10582,10582,"2218,6971,5303,2380,4277,2343,13296,7707,10835,5545"
10584,10584,"2218,6220,8562,3950,8421,13296,2140,10326,5199,1978"
10606,10606,"13110,6220,4277,1017,7197,8421,12990,3428,7707,9072"
10611,10611,"4277,350,3314,7197,11590,716,8421,811,4453,1017"
10613,10613,"8421,10326,331,6220,9072,7197,851,11843,12990,11969"
10614,10614,"7707,6220,5545,8188,9942,2218,3870,7792,89,3799"
10623,10623,"8235,7024,89,8922,2218,11403,8590,10835,12662,5545"
10647,10647,"2957,4163,1851,1558,83,4216,4688,3722,10674,9732"
10657,10657,"220,11000,2140,4277,9340,8421,7197,12990,811,11384"
10670,10670,"2140,4277,8421,5303,7063,10326,10608,12990,7197,11843"
10679,10679,"1290,9295,10607,11298,7120,5135,10581,3539,11775,6610"
10680,10680,"6220,2218,5545,7707,9729,2140,13110,3950,4414,13296"
10699,10699,"2218,6220,9942,3870,13112,8279,3428,13296,5532,5199"
10715,10715,"8235,9105,6640,9786,13110,2140,4376,9365,11000,12793"
10720,10720,"3950,10340,8421,4413,5303,7723,1996,9799,6515,8562"
10735,10735,"6220,13296,2218,5545,7707,4277,4413,5303,2343,8421"
10742,10742,"6220,3870,2218,9942,1598,8562,5545,13296,3992,3799"
10744,10744,"7197,8421,4277,3950,2140,10326,12990,11843,9072,11384"
10747,10747,"2343,9693,4277,6220,4117,13112,1210,9072,5199,6834"
10769,10769,"8608,5532,2343,5999,9132,2885,12474,789,7964,12030"
10795,10795,"8421,4277,6220,2218,11843,3950,4798,1978,11000,12990"
10817,10817,"9295,10607,1290,5135,4576,11298,3539,10581,789,11024"
10819,10819,"2140,4277,6971,5303,8421,10326,12990,10608,11843,9340"
10828,10828,"6220,5545,2343,2218,7707,11969,13296,544,3428,3870"
10860,10860,"1978,350,1017,9341,9178,1210,4277,1328,8562,3428"
10868,10868,"11024,6610,11298,4576,8714,3222,9732,2989,10389,4024"
10895,10895,"5303,4413,8562,2380,6971,5999,2140,6220,8235,13296"
10900,10900,"2140,4277,4798,8421,11282,5303,331,851,9580,12990"
10912,10912,"10009,10739,3464,13426,12339,2769,10732,4576,5504,11334"
10934,10934,"1290,7120,4929,10663,2916,6610,10607,4576,12497,10389"
10947,10947,"5999,4117,5532,2822,5199,4266,4199,2343,11357,10835"
10950,10950,"8421,2140,4277,5999,5303,11843,851,12990,7197,1788"
10964,10964,"1290,5135,789,7120,9962,10607,9295,13309,11298,4929"
10965,10965,"6220,2218,2343,7707,5545,9942,5495,7792,8608,4413"
10968,10968,"6220,2218,4277,11969,2343,1210,7707,1978,13296,2140"
10972,10972,"4277,2218,8421,4798,2140,1978,12990,6220,11843,10916"
10975,10975,"1290,6971,2140,8590,8421,4798,10326,7120,4277,5303"
11028,11028,"2218,5545,13296,3870,4414,4277,9942,8421,2140,1598"
11030,11030,"6220,7707,11969,1290,544,2218,13296,6610,2989,8714"
11044,11044,"6220,2218,3428,7792,9942,13110,3509,5545,11969,7707"
11048,11048,"3950,4798,8421,2218,5610,13346,12990,8562,2140,220"
11065,11065,"1290,6971,2343,8590,2218,6220,8608,7120,9295,4388"
11085,11085,"5135,6811,1290,789,9962,9295,3539,7120,11117,3697"
11088,11088,"2140,7063,220,12990,12793,11000,9306,6433,976,10326"
11100,11100,"10607,2957,4163,10674,1290,1851,11298,11024,6610,4576"
11102,11102,"2218,8421,2140,5303,8562,6220,4413,7138,13296,4798"
11105,11105,"5999,11357,785,4053,2571,5199,2822,4266,6971,5532"
11107,11107,"2789,2140,6971,7578,5999,4798,2567,5303,3950,11282"
11109,11109,"6220,1290,7707,1863,2218,10429,7706,13296,2327,7120"
11120,11120,"1290,11298,10607,9295,5135,7120,3539,83,789,10581"
11121,11121,"10835,2789,5199,8235,2567,3950,2140,5532,2903,5999"
11133,11133,"5675,9998,5135,1554,789,4929,7817,10644,2647,10566"
11149,11149,"8421,4798,2140,5303,3950,851,331,11843,4277,12990"
11152,11152,"11024,3222,6610,1290,11298,2989,12903,10581,10389,9730"
11160,11160,"6220,13296,3950,2218,4277,8421,13110,4413,1478,1598"
11163,11163,"2343,6220,1978,4277,2218,992,544,11969,9942,3428"
11168,11168,"5999,1912,10326,6971,1788,5532,2140,12232,11726,1634"
11193,11193,"2218,9178,13310,8188,8562,5610,9072,4277,9340,811"
11200,11200,"6220,2218,7707,9942,13296,3870,4414,3428,13110,1978"
11210,11210,"1290,7120,4929,10663,6971,6243,12030,4387,2916,3697"
11215,11215,"4277,8421,11000,2140,10326,11843,7197,9072,6433,9341"
11219,11219,"1851,7679,83,2957,4688,10687,10685,4163,2769,12096"
11243,11243,"9178,2285,13112,2897,11000,2290,3416,652,6640,2436"
11253,11253,"1290,7120,3697,5135,10607,10581,4929,789,296,10663"
11261,11261,"6220,2218,2343,5545,4277,13296,544,7707,9942,11969"
11280,11280,"4388,2343,6971,5999,5532,1290,3909,6220,10835,5199"
11285,11285,"9295,1290,2885,5142,10607,5135,11117,10464,789,4036"
11309,11309,"6220,8421,2218,1978,3950,4798,13296,4277,10326,5545"
11312,11312,"6220,2140,2343,2218,5199,5999,8562,9942,5545,5495"
11314,11314,"4277,1017,350,9072,992,1978,8421,11969,1210,544"
11325,11325,"13111,6060,9375,6952,5760,2436,6150,6640,1521,11771"
11327,11327,"7707,6220,4413,1863,7706,10429,8981,4698,5149,589"
11359,11359,"6220,9942,2343,2218,3428,13296,8221,544,8681,5545"
11366,11366,"10732,2436,7220,2936,6487,10739,7047,6150,6640,11546"
11368,11368,"1290,7120,296,10607,4929,4664,9295,10663,5135,789"
11371,11371,"12470,13111,13112,10107,10537,3428,5155,3509,6952,6640"
11376,11376,"7707,12575,6611,13110,3870,3368,8384,8562,1863,9570"
11377,11377,"8421,2140,4277,12990,4798,5303,12857,13346,10326,8562"
11383,11383,"11969,6220,1017,2989,9072,2218,3222,544,3275,9341"
11416,11416,"6402,6952,10352,13111,10107,8092,3844,2770,1796,5155"
11444,11444,"1210,1978,992,2218,1328,350,9938,4277,6220,2897"
11445,11445,"5155,8540,10107,8092,1328,13111,4256,11590,6659,1377"
11448,11448,"9693,2537,8608,6220,6834,2218,6795,4388,6971,10835"
11469,11469,"1478,4413,2218,9072,2380,10608,6220,5303,8562,7558"
11487,11487,"2218,6220,8590,13296,2343,10607,4576,7120,8714,544"
11492,11492,"5303,6220,5999,2343,10835,2199,5199,5532,8590,2380"
11503,11503,"2343,6220,2218,11969,544,9072,4277,1017,9341,9693"
11504,11504,"11000,220,5731,2140,4482,7197,11384,7063,4608,1017"
11515,11515,"6220,2218,4277,8421,5545,1210,4414,9942,13296,9072"
11547,11547,"4117,3950,5999,1978,5199,7063,2580,2822,11357,8421"
11552,11552,"6220,2218,4277,8421,10326,1978,12990,3428,717,9072"
11567,11567,"6220,2218,5545,3428,13310,13110,1978,7707,9942,13306"
11581,11581,"4277,2140,8421,5303,12990,4798,6971,6220,11843,9580"
11589,11589,"1290,5135,789,7120,10607,9962,3539,9295,13309,11775"
11591,11591,"7047,10739,6150,7220,4465,2436,10732,3464,4609,9375"
11595,11595,"1290,7120,12030,3697,5135,2885,11117,4929,789,12497"
11604,11604,"6220,4277,2218,6971,2140,8421,2380,2343,5999,9072"
11608,11608,"6220,2218,4277,2140,5545,7707,5303,8421,3870,8562"
11627,11627,"6220,2218,5545,13296,2140,8421,3950,7707,9942,4414"
11646,11646,"6220,2218,5545,3870,13296,7707,9942,1598,8562,4413"
11647,11647,"8421,4277,11843,12990,10326,2140,13296,2218,7197,4798"
11675,11675,"9178,810,5532,11000,1378,7197,9942,7558,8505,9800"
11676,11676,"1290,7120,789,5135,4664,10607,296,9962,10663,4929"
11696,11696,"13214,12871,5946,7063,8402,383,2291,7383,165,7341"
11700,11700,"2343,1290,8608,7120,6971,8590,544,5532,7964,6834"
11722,11722,"9295,1290,10581,3539,7120,789,10607,6610,5135,4664"
11754,11754,"1978,5545,6220,1328,2218,1017,1210,350,9942,3950"
11757,11757,"2218,6220,7707,5545,6971,8235,10326,2140,5303,13296"
11767,11767,"7707,5545,6220,13110,3870,7792,2218,12606,9942,8188"
11773,11773,"6220,2218,5545,7707,4414,9729,13296,13110,9942,2140"
11777,11777,"13110,3870,6220,4413,5545,3428,4414,1478,9729,1598"
11778,11778,"8714,4688,11775,2343,6591,11969,9732,2989,11024,10607"
11788,11788,"1290,10607,11024,7120,11775,9295,4576,10581,8714,3539"
11790,11790,"1290,6971,8590,5303,2140,7120,10326,9072,6220,2343"
11811,11811,"1290,7120,4929,10663,2916,296,12497,3697,8567,5135"
11837,11837,"1290,4664,6220,10607,6610,789,544,4576,7120,5135"
11859,11859,"5532,2343,8608,5495,5199,2218,5999,12470,8235,4388"
11865,11865,"2218,6220,7707,7706,4413,13296,1863,5545,12606,8562"
11867,11867,"3950,9306,13110,5545,6220,3870,7087,7383,8221,9729"
11871,11871,"2218,6220,1290,13296,544,8590,2343,7120,11969,6610"
11879,11879,"7120,10663,10607,5135,296,789,2916,3697,9295,12497"
11880,11880,"4277,8421,10326,350,1328,11843,1978,331,811,10916"
11908,11908,"2140,8421,5303,3950,4798,9306,11843,7063,5999,12990"
11912,11912,"2140,6971,4101,12990,5303,9799,4798,6166,10326,2380"
11925,11925,"1328,5155,11590,1978,1377,2218,3950,6220,8279,6402"
11933,11933,"5545,6220,2218,9942,7707,9072,13296,4414,8562,3428"
11945,11945,"7707,1863,6220,779,7706,10429,2218,4250,12723,5976"
11948,11948,"5673,3950,11795,11751,12632,8421,2140,3870,5999,11540"
11952,11952,"2140,5303,8421,6515,851,7063,9340,10608,4277,8161"
11957,11957,"1290,7120,6971,2140,4929,8590,10663,2989,13296,2916"
11959,11959,"2218,6220,2343,5303,6971,13296,9072,2140,5199,4277"
11967,11967,"5545,3870,7707,6220,4414,13110,2218,3799,7792,5495"
11969,11969,"13110,6220,11024,12606,11969,3222,4576,8607,7707,3428"
11970,11970,"2343,6220,2218,9072,4277,1978,9938,11969,1017,544"
11975,11975,"12550,10023,5766,2281,5875,8015,12470,9942,1933,13112"
11995,11995,"2343,9942,5199,9693,4266,6220,13110,3509,13112,2537"
12002,12002,"11024,8714,11298,2989,4576,9730,3222,4664,10607,11775"
12022,12022,"1290,11298,10607,83,6610,4664,3539,7120,9295,12903"
12032,12032,"162,10739,4935,10732,7220,10974,8911,4465,6150,7325"
12036,12036,"2140,1290,5303,2380,8590,5999,4277,9799,12026,6220"
12066,12066,"1017,1978,2343,6220,1210,2218,11969,350,8279,544"
12077,12077,"1290,7120,4929,10663,3697,5135,6243,2916,789,13309"
12078,12078,"8421,4277,10326,2140,12990,2218,851,5303,7197,9072"
12084,12084,"9799,4413,6971,5303,2218,2140,13296,2380,7723,6220"
12089,12089,"3870,6220,3950,2140,9942,7707,8562,5545,2218,1598"
12106,12106,"6220,2343,2218,11969,5545,1017,544,4277,1978,1210"
12107,12107,"6220,2218,13296,4413,3950,5303,3870,8421,2380,4798"
12111,12111,"6220,2218,13296,2380,2343,4798,5199,5532,8421,8562"
12131,12131,"8421,4277,2140,2218,5303,4798,10326,6220,12990,11843"
12139,12139,"5303,6971,5999,2140,10835,12026,2218,5199,8590,2380"
12141,12141,"2343,6220,5199,2218,10835,2140,5999,5545,8235,6971"
12144,12144,"5135,13309,1290,10607,9866,7120,3539,6811,3697,3323"
12150,12150,"6220,4413,2218,9799,5303,13296,8562,1478,2140,8421"
12151,12151,"6220,2218,5303,2380,2343,6971,4277,13296,5199,8421"
12162,12162,"2140,8161,8421,3950,4798,2291,11396,12990,9580,851"
12170,12170,"2291,2140,1996,5999,7063,5470,1180,5091,8421,4877"
12182,12182,"2343,6220,2218,5303,544,13296,5532,2140,1290,8590"
12185,12185,"4277,8421,6220,2218,9072,2140,1978,992,1017,10916"
12191,12191,"9178,13110,2218,13310,3428,11000,8421,9340,811,7197"
12197,12197,"5999,11357,785,4117,4053,6971,4266,2343,5303,2140"
12204,12204,"2218,6220,810,11969,12085,2897,9072,714,2343,12470"
12229,12229,"6220,2218,2343,13296,5545,6971,5485,2140,544,5303"
12231,12231,"1290,6610,11298,9295,7120,4664,10607,10581,11775,12903"
12234,12234,"7707,5545,8188,6220,2218,779,7792,2327,7725,1863"
12238,12238,"2218,6220,13296,4798,7707,3870,2380,4277,8421,12990"
12242,12242,"3950,3992,3428,13110,9729,6220,5177,1478,1598,811"
12260,12260,"8421,10916,10326,4277,12857,1978,2140,11843,331,2218"
12262,12262,"5999,4117,5199,2343,2140,5303,10835,5532,8608,4266"
12281,12281,"4277,2140,8421,6971,331,851,11843,12990,5303,4798"
12289,12289,"9693,6834,2537,6795,8608,4388,1290,6220,6971,10835"
12306,12306,"2140,2218,6220,6971,7707,7063,1978,11000,4798,12990"
12326,12326,"2140,7063,9306,2291,5303,5819,13214,4798,7824,12990"
12337,12337,"6220,8421,2140,3870,2218,3950,4277,13296,12990,1978"
12355,12355,"1328,11590,4277,1978,1210,992,350,7867,4453,8421"
12371,12371,"6220,2218,9942,2343,5545,1017,11969,3870,3428,9072"
12372,12372,"7024,5875,8235,2218,8188,7792,8015,12550,7707,13112"
12373,12373,"13110,5731,1017,8421,5025,811,13310,350,4798,11843"
12390,12390,"7120,4929,10663,12497,6243,2916,3697,6971,8567,296"
12405,12405,"2343,4388,6220,2218,6834,9693,7964,6971,5303,2537"
12407,12407,"1290,7637,8703,9564,2020,4698,5149,7120,3088,1863"
12408,12408,"9942,5545,6220,3799,2343,3870,5495,3509,64,8188"
12419,12419,"6150,10739,10974,6640,10732,4465,8911,11546,8257,7325"
12423,12423,"2218,8562,5610,6220,11540,7138,11622,4798,773,8421"
12426,12426,"11969,1290,4277,544,6610,7120,8714,6220,1017,4664"
12452,12452,"13111,6640,8540,5105,6060,9482,2770,6952,2268,13383"
12480,12480,"1290,10607,6610,4576,7120,11298,10389,4664,11024,296"
12530,12530,"7024,8235,7707,8922,4250,13191,7706,11615,5875,6971"
12546,12546,"7637,4698,5149,2020,8981,9937,8703,7706,9668,589"
12556,12556,"1290,6610,10389,10607,4576,11024,4664,7120,11298,12903"
12573,12573,"6220,2218,1290,2343,13296,6971,8590,544,5303,12665"
12592,12592,"6220,6971,2218,5303,9693,5999,4277,10835,2537,13296"
12596,12596,"8421,6220,2218,1978,4277,2140,13296,5545,10326,3950"
12599,12599,"11024,1290,9295,11298,10581,10607,12903,3539,6610,3222"
12615,12615,"6220,2218,2343,11969,7707,544,5545,9942,13296,4664"
12618,12618,"2218,2343,1210,9942,3428,9178,11969,810,13112,5545"
12624,12624,"2218,6220,2343,1978,2140,11000,1210,5545,4277,5199"
12638,12638,"2343,2218,6220,8235,9942,5199,10835,5545,2140,12470"
12641,12641,"5999,11357,785,2571,2822,5199,11712,3909,13218,4266"
12644,12644,"2343,9072,6220,4277,2140,1210,9942,2218,5199,544"
12649,12649,"7637,4698,1290,9799,9937,6971,2020,5149,8703,8981"
12654,12654,"5545,6659,11001,1328,3428,8188,5155,6220,1978,8092"
12658,12658,"12085,2218,6220,9800,2285,64,9341,9178,8885,3428"
12659,12659,"7120,4929,10663,2916,12497,6243,3697,6610,6971,10607"
12666,12666,"2218,8608,6834,9693,6220,4388,6795,6971,5999,13296"
12669,12669,"7063,4798,2218,8421,11000,1978,3950,4277,2140,5610"
12674,12674,"6220,2343,2218,13296,1290,8590,5545,2140,9942,9072"
12688,12688,"9998,5675,4929,5573,5135,11396,10663,12104,2647,10566"
12694,12694,"7707,2218,6220,2343,5545,11969,544,7792,3487,13310"
12709,12709,"4277,8421,11843,12990,4798,10326,10916,1978,5303,6220"
12712,12712,"7024,8235,5875,89,12550,10023,8015,5524,5545,6509"
12722,12722,"4321,8707,11772,7063,3965,11274,12138,8806,4877,6922"
12728,12728,"7707,5545,13110,8188,7792,13310,2218,6220,3870,2281"
12732,12732,"5999,5303,2140,2343,5199,6971,8608,4266,10835,3909"
12736,12736,"4277,8421,2140,4798,992,1978,12990,6220,350,10326"
12738,12738,"4277,8421,2140,10326,6971,1290,6220,5303,4798,8590"
12741,12741,"2218,4277,3428,5545,9072,8421,9942,1210,1978,9938"
12756,12756,"6220,7707,13110,3428,2218,5545,12470,7792,9365,3992"
12764,12764,"6220,2343,5545,2218,544,7707,13296,11969,5199,9072"
12768,12768,"6220,2218,7707,13296,5545,13110,2343,12665,9942,1978"
12773,12773,"2218,1210,1978,11969,5545,7707,8188,6220,992,6659"
12789,12789,"4277,2140,9340,9072,5303,10326,8421,12990,9341,10608"
12790,12790,"4277,8421,10326,4798,10916,2218,11843,13296,1776,331"
12801,12801,"2218,4277,8562,9072,9178,6220,1017,9340,2343,9341"
12804,12804,"4163,2957,1290,10674,1558,1851,4688,83,3539,11775"
12833,12833,"6220,4277,8421,13296,2218,8562,5545,1598,5303,9072"
12846,12846,"12611,3035,2789,3950,2140,5303,4798,8421,1788,2567"
12855,12855,"8421,4277,7197,9072,6220,2140,851,5303,10326,1017"
12860,12860,"4929,5303,10663,12474,5573,1290,2885,9998,5675,8590"
12874,12874,"2218,6220,8421,13296,4277,4798,10326,2140,12990,5303"
12875,12875,"4117,5999,2905,785,11357,2822,7547,12611,1210,5199"
12877,12877,"3464,13111,2769,6060,11771,5105,10107,6952,2975,8540"
12883,12883,"2140,6971,5303,10608,220,2380,5199,7063,3055,4321"
12890,12890,"8703,7637,5149,2020,4698,7713,12663,9668,13228,10332"
12919,12919,"2957,4163,4216,83,1851,10674,4688,13431,3722,2709"
12927,12927,"7707,8188,6220,7792,779,3222,12606,3487,11969,9730"
12955,12955,"7707,3870,13110,6220,5545,2218,4414,5495,9365,3428"
12956,12956,"8235,6220,6971,8590,2218,13296,1290,89,2140,12665"
12958,12958,"2291,7439,9771,5946,9306,13214,5747,8235,7063,362"
12965,12965,"9178,10658,11001,13112,3428,9800,2897,12470,13110,1017"
12970,12970,"6220,5545,13296,2218,7707,3870,4277,13110,2343,544"
12996,12996,"2343,6220,2218,5199,6971,9693,8608,4388,4277,10835"
13000,13000,"6220,3870,5545,2218,13296,7723,1478,4414,8562,9942"
13017,13017,"1290,4576,7120,11024,10607,4664,10389,6610,11298,11775"
13019,13019,"8421,4277,11282,10326,9580,2140,10916,331,11843,5303"
13021,13021,"8562,6220,13296,2218,7707,5545,9942,2343,1598,544"
13022,13022,"6220,2218,7707,5545,2343,13296,9072,3428,9942,12606"
13063,13063,"2218,6220,7707,13296,5545,2140,1290,8590,8562,6971"
13075,13075,"7063,2291,2140,5303,2264,6515,37,9771,6971,12476"
13076,13076,"6220,2218,2343,4277,5199,544,9942,9693,1210,9072"
13101,13101,"4117,11357,5999,785,2822,2571,2343,7547,2140,11712"
13105,13105,"1290,10607,7120,9295,11775,5135,8714,11298,3539,10581"
13115,13115,"6220,2218,4277,13296,2343,1978,8562,9072,11969,544"
13117,13117,"3222,7047,927,8714,2218,7279,10687,2709,8664,769"
13121,13121,"2140,5303,5999,6971,6515,7063,8421,11282,12990,10326"
13123,13123,"2343,6834,2218,2537,8608,6971,1290,4388,544,10835"
13125,13125,"12990,4798,10326,9098,11751,2380,220,2218,2199,11282"
13147,13147,"8421,6220,331,10326,10916,9072,12990,11843,851,13296"
13151,13151,"8421,2140,2218,6220,5303,12990,4798,4277,10326,1978"
13153,13153,"4277,331,851,10326,10916,4798,11843,1180,7197,12990"
13176,13176,"9998,12104,10566,8590,12474,8161,5532,5573,11117,2647"
13180,13180,"6220,2218,13296,7707,12606,1978,8562,8188,3799,5545"
13192,13192,"1328,11590,1978,8092,350,2218,6402,4097,5155,4256"
13194,13194,"2218,6220,2343,8590,13296,6971,544,1290,5545,2140"
13195,13195,"2218,3799,7707,1978,6220,5545,13346,8562,1328,1377"
13198,13198,"4277,8421,3950,1978,11843,12990,10326,1210,6220,9072"
13231,13231,"12232,2140,3717,7063,7835,8421,11000,10326,1912,4679"
13234,13234,"1290,7120,11298,10607,9295,4929,11775,5135,83,3697"
13240,13240,"7120,4929,12497,10663,8590,6971,296,2916,4664,4277"
13273,13273,"2789,2140,2380,5303,8235,5999,10835,5199,3950,9799"
13276,13276,"8421,2140,3950,12857,8562,6220,5303,2218,4798,6326"
13283,13283,"8421,4277,331,2140,1180,10326,12990,9580,11843,11282"
13297,13297,"2218,6220,5545,7707,13110,3870,7063,13346,2343,1978"
13301,13301,"2218,6220,7707,5303,2140,13296,6971,8562,2343,5545"
13303,13303,"2218,8421,6220,3950,3428,5545,12990,3870,8562,13346"
13321,13321,"1290,9295,3539,7120,10581,2969,3697,6811,11775,11117"
13330,13330,"1290,6220,7707,7706,1863,13296,6971,9799,4413,4250"
13338,13338,"83,11298,1851,7679,4688,9960,2957,4163,12096,11024"
13380,13380,"2140,9306,3950,5025,5545,4798,5819,8421,2218,1978"
13389,13389,"2218,1290,9295,2343,6220,8714,7120,11775,10581,544"
13390,13390,"4117,10835,5999,8235,5532,5199,2343,2903,3909,5495"
13391,13391,"3950,11000,1996,12990,2140,4117,8421,13346,220,5999"
13401,13401,"992,2140,350,4277,1210,1978,11000,12990,7867,9178"
13403,13403,"7723,6220,4413,2218,9799,5303,8636,13296,2380,6971"
13407,13407,"1290,6971,7120,6220,2140,12497,4277,8922,2218,296"
13413,13413,"2218,4798,1017,811,11000,6220,12990,6433,13310,4277"
13414,13414,"11024,4576,11298,10607,6220,12903,7679,9730,3222,2989"
13446,13446,"8421,4277,851,5303,10326,2140,331,6220,12990,1180"
13472,13472,"1290,4277,544,6220,8421,11969,7120,8590,10326,13296"
13488,13488,"6220,8221,3870,2218,2140,5303,8562,9942,8421,3950"
13502,13502,"1290,11024,6220,4576,7120,1779,6610,11298,2989,3222"
13507,13507,"1290,7120,10581,3539,10607,3697,5135,11775,11298,4664"
13512,13512,"13111,6060,9375,4465,4609,10732,5105,2436,6640,13383"
13543,13543,"4277,8421,2218,9340,9072,6220,7197,2411,811,12990"
13572,13572,"4277,2140,8421,5303,6220,6971,9072,2218,9340,12990"
13595,13595,"7707,1290,4250,7706,6220,2218,6971,3088,9295,2343"
13599,13599,"3428,11772,3992,6640,13110,7087,5731,9800,9365,12606"
13608,13608,"2140,8421,5303,851,3950,1912,837,4277,12857,6971"
13609,13609,"10352,1377,840,6402,8092,8540,8487,9453,7480,4399"
13630,13630,"6220,2218,5545,13296,3950,2140,3870,10835,8235,8590"
13635,13635,"2140,5303,5999,7063,6971,2343,2218,4117,4277,10326"
13645,13645,"2789,2567,3950,2140,6971,8590,5303,1290,4277,6220"
13673,13673,"5532,13112,4118,2218,8562,2645,2343,5199,8235,2822"
13683,13683,"6220,13296,5545,7707,4414,8421,4277,2140,5303,4798"
13702,13702,"8235,6971,2218,2140,8922,6220,7707,5545,5303,8590"
13716,13716,"6220,2218,13296,8421,8562,4277,4798,2140,6971,5303"
13724,13724,"4277,5303,6971,8421,2140,10326,2218,6220,9072,5999"
13746,13746,"2218,6220,10835,7707,5545,2140,3870,8235,5199,6971"
13752,13752,"2218,6220,3870,5545,7707,9942,13296,5495,8562,4413"
13756,13756,"1290,7120,4929,10663,4387,6243,5135,12497,2916,789"
13763,13763,"1290,7120,5135,789,9962,10607,4929,13309,9295,10663"
13774,13774,"6220,7707,2218,13296,9942,5545,2343,11969,544,9072"
13776,13776,"1290,7120,9295,3539,5135,12497,789,3697,11775,296"
13786,13786,"1290,5135,789,9962,7120,10607,13309,3697,3539,6811"
13788,13788,"13111,10107,6640,9726,7332,3314,4029,2436,9776,5901"
13791,13791,"6971,8235,5999,5303,7063,10835,8590,5199,10608,12026"
13810,13810,"1290,6220,11775,544,7120,6610,9295,11024,12903,3539"
13811,13811,"8421,851,10916,4277,4798,331,10326,12857,8161,1180"
13820,13820,"1290,6610,4576,6220,10607,7120,11024,4664,544,13370"
13826,13826,"2218,6220,13296,12606,8562,811,7707,1426,13310,13110"
13840,13840,"5675,1554,5135,4929,9998,5573,789,13027,12474,1132"
13841,13841,"4277,2140,11843,331,12990,7197,8562,4974,8161,5303"
13852,13852,"9942,7707,6220,12606,5545,8188,13110,9179,3870,13296"
13858,13858,"4698,7637,3515,2020,5149,1957,9799,4101,5549,8981"
13865,13865,"1328,11590,716,13111,6060,6640,3314,4277,1978,2436"
13871,13871,"4277,2140,10326,7197,11843,9072,12990,10916,851,4798"
13877,13877,"9998,5303,2885,8590,5573,6971,8608,12104,6846,9744"
13905,13905,"8421,4798,4277,10326,2218,851,6220,10916,6326,12990"
13924,13924,"10607,7120,11298,5135,296,4929,83,10663,2916,10389"
13929,13929,"2140,8421,4277,10326,9072,12990,6971,11843,4798,8590"
13935,13935,"2218,6220,4277,8421,8562,13296,2343,2140,9072,4798"
13952,13952,"5135,789,1290,4664,11298,10607,9962,11775,8714,6610"
13953,13953,"1290,7120,4929,10663,296,2916,12497,10607,11775,6971"
13962,13962,"4277,9341,4453,992,7197,9072,1017,6220,8421,717"
13965,13965,"2218,6220,13112,3428,9178,9072,9942,8562,9341,810"
13966,13966,"9178,350,13112,652,11754,11001,1978,7835,64,1210"
13974,13974,"1290,2957,4163,1851,1558,6610,7120,10607,10674,9732"
13982,13982,"1290,10607,4576,7120,9295,6610,6220,11024,4664,789"
13983,13983,"5999,4117,11357,2822,785,8235,5199,3909,5532,10835"
13987,13987,"8421,2140,4798,4277,10916,12990,10326,851,331,11282"
13988,13988,"4688,13431,12096,10102,5155,11298,1851,13182,9730,5934"
13991,13991,"8421,5303,6220,2140,2218,4277,4798,13296,6971,12990"
13995,13995,"6060,13111,5105,5760,11771,6150,9375,13383,8540,1521"
13998,13998,"2140,10326,3950,12990,5999,5303,13296,6220,8562,6971"
14021,14021,"6220,7707,2218,13296,4413,12606,8562,9942,5545,6971"
14028,14028,"2343,5155,64,9942,12470,6834,11001,6795,652,9693"
14042,14042,"6220,2218,2343,544,9942,3428,11969,9072,7707,5545"
14049,14049,"7637,5149,8703,4698,2020,8981,9937,9564,9668,6166"
14060,14060,"6220,13296,3950,5545,2218,3870,2140,7707,9942,5303"
14061,14061,"2343,6220,9072,2140,2218,5532,6971,13296,5199,7558"
14067,14067,"1863,10429,7707,779,6220,7706,3487,1983,5976,2327"
14079,14079,"1290,6220,2218,6971,4277,7120,2140,11969,544,2343"
14089,14089,"1978,2218,4277,1017,9072,2343,6220,1210,9341,9938"
14097,14097,"4277,8421,2218,2140,4798,5303,10326,6220,3766,11843"
14105,14105,"11969,10687,7679,6220,9942,8714,12096,5155,4163,2218"
14147,14147,"2218,2343,6220,13296,6971,5532,8562,10835,8235,1290"
14155,14155,"2218,3428,6220,5545,9942,13306,11590,1978,8562,13112"
14168,14168,"2218,6220,4277,2140,7707,2380,5303,9072,2343,9340"
14170,14170,"2343,8714,11969,544,1210,9942,6220,810,2218,1017"
14173,14173,"2989,11024,9732,4576,11969,12096,1851,11298,13431,3238"
14174,14174,"6220,2218,9942,3428,8562,4277,1478,9178,9072,1598"
14196,14196,"7707,6220,5545,8562,13296,3870,13110,9942,4414,2218"
14197,14197,"8421,12156,10326,4277,9340,7835,1912,851,7197,7138"
14202,14202,"12096,9730,3222,13431,11298,10102,2709,3238,10674,12615"
14204,14204,"9306,7383,13214,383,7715,5946,2291,3506,5819,2300"
14215,14215,"6220,2343,9942,2218,13296,7707,5545,3428,11969,9072"
14242,14242,"4277,8421,2140,2218,4798,5303,10326,6220,11000,9340"
14244,14244,"6220,2218,13296,2343,4277,5545,7707,9942,544,8562"
14249,14249,"1290,7120,6220,4576,9295,6971,6610,2218,7707,3697"
14250,14250,"9306,13214,7383,2291,8402,12871,5946,9771,8452,383"
14256,14256,"8421,4277,851,1180,10326,8161,11282,9580,10916,7197"
14258,14258,"8714,11024,11298,10607,11775,4664,1290,10389,6610,4576"
14280,14280,"6220,13296,8421,4277,8562,5303,560,4798,2380,9072"
14318,14318,"2769,7047,3464,1851,6201,7679,83,13431,10919,162"
14325,14325,"1328,350,1978,4277,1377,11590,8421,10326,3950,6306"
14328,14328,"4929,10663,5573,5675,5135,2885,789,1290,12474,6243"
14329,14329,"5495,2218,11000,5199,1996,3950,7063,2343,6220,2140"
14344,14344,"5303,2140,8562,2218,6220,4277,6971,8421,10326,13296"
14366,14366,"1290,7120,5135,789,3697,12030,9962,13309,4929,11117"
14421,14421,"7047,2709,7220,3464,173,162,2769,4216,13431,12458"
14430,14430,"2343,2218,4277,5303,6220,2140,6971,9072,8421,11000"
14435,14435,"2218,6220,2140,7707,2343,8562,3870,5610,9072,13346"
14472,14472,"5199,5999,10835,2343,8235,4117,6220,2218,5532,2822"
14501,14501,"6220,2218,9942,7707,11969,5545,2343,3428,8188,13296"
14509,14509,"5303,6971,2140,8235,5999,7063,2380,6220,12026,8590"
14516,14516,"6220,2218,5545,7707,3870,2343,9942,4414,13296,3428"
14521,14521,"2343,5199,6220,2218,4277,5999,10835,2140,8421,5303"
14553,14553,"6220,7707,7706,1863,5545,4413,10429,13296,1290,4250"
14561,14561,"5545,6220,12470,3799,13112,9942,7707,13296,3428,4118"
14562,14562,"6220,2218,2343,13296,8562,4277,2380,9942,8421,5485"
14567,14567,"7707,2218,8188,5545,6220,13110,13310,9178,5386,5610"
14575,14575,"2343,544,789,6220,11298,1290,5135,11969,9693,4664"
14581,14581,"8608,2343,6220,6971,5999,7964,5199,9693,2218,2537"
14627,14627,"8235,6971,2218,6220,4413,12026,2140,13296,7024,5303"
14634,14634,"6220,2218,7707,1978,5545,544,9942,1210,13296,2343"
14651,14651,"5303,2140,5999,12026,2380,9799,8590,6515,8421,12990"
14659,14659,"2029,3525,4117,5280,997,5999,5532,8569,1912,2822"
14670,14670,"4277,8421,2140,1017,811,9340,9580,331,12990,350"
14684,14684,"8421,4277,11843,4798,1978,10326,2218,6220,12990,2140"
14691,14691,"8235,2218,2140,6220,5303,5545,6971,7063,8922,10835"
14695,14695,"2218,7792,5545,7707,6220,7024,3870,7706,5875,2343"
14705,14705,"6220,4277,2218,9072,11969,10326,9942,2343,8421,13296"
14711,14711,"6220,2218,13296,7707,1290,4277,544,5545,8421,5303"
14723,14723,"3950,4277,8221,2343,2380,1017,220,1978,6220,5199"
14739,14739,"11298,11024,6610,12903,1851,3222,10607,2989,1290,9295"
14740,14740,"5303,2140,6971,8421,9799,2380,4277,11282,851,331"
14743,14743,"5199,5999,6220,8235,2218,10835,4277,5025,2343,2140"
14747,14747,"1978,2218,4277,8421,1328,6220,1210,4798,13296,350"
14748,14748,"6220,10835,2218,8235,2343,5545,89,12665,8590,5199"
14764,14764,"2218,5532,8562,13296,6220,9942,2343,5495,9072,5199"
14771,14771,"6220,534,11969,1017,7707,8071,2218,12606,13110,544"
14780,14780,"4277,350,8421,2140,992,1210,9340,11000,11843,10326"
14784,14784,"4277,8421,6220,2218,5303,9340,2140,10326,9072,4798"
14785,14785,"6220,2343,3428,9072,2218,1017,11969,13110,9942,544"
14798,14798,"13112,2285,8188,9942,3509,9178,12927,8885,2281,9800"
14801,14801,"6220,2343,1210,1978,2218,544,4277,1017,7707,13110"
14803,14803,"4277,2343,1210,2140,992,9340,9341,6220,8421,9072"
14821,14821,"8421,2140,4798,4277,12990,11843,2218,10326,6751,811"
14832,14832,"789,1290,9962,13309,7120,6971,9866,8590,10663,296"
14833,14833,"2343,6220,9693,789,9942,9600,89,12665,10607,4576"
14853,14853,"4277,8421,6220,2140,6971,5303,12990,13296,2218,8590"
14854,14854,"2140,5999,5303,6971,10326,2218,8421,4277,8590,8562"
14856,14856,"6220,2218,5545,7707,2343,13296,1978,3428,9942,4277"
14858,14858,"13112,9942,9178,64,1210,5545,11001,8681,5199,2343"
14864,14864,"2291,2140,7063,9306,8235,2905,9771,13214,8452,7383"
14867,14867,"1290,11298,10607,4664,10389,11775,4576,10674,5135,3539"
14880,14880,"11969,7679,9732,12096,9942,3464,11024,6220,4576,4664"
14890,14890,"64,5495,5875,12550,12470,8015,9942,7024,13112,2218"
14892,14892,"2218,6220,9072,5545,11969,3428,9178,4277,1210,10658"
14899,14899,"6610,11024,1290,11298,10607,4576,10389,4664,1851,12903"
14904,14904,"2343,12470,8235,2903,5866,89,6795,7024,5495,9942"
14906,14906,"11298,10607,1290,83,4688,5135,11775,1851,11024,8714"
14909,14909,"13111,6060,9375,6487,6150,5760,4465,6640,10732,3464"
14929,14929,"6220,5545,7707,3870,2218,9942,13296,4413,12606,4414"
14931,14931,"6220,7707,1863,13296,4413,7706,5545,1290,2218,10429"
14938,14938,"6220,8562,9942,13112,8421,13296,2218,5532,3428,4277"
14955,14955,"4277,11000,220,8421,11843,7197,9341,12990,1978,6433"
14961,14961,"5675,4929,5573,10663,8590,5135,12474,1290,8161,5303"
14969,14969,"1290,10607,11298,3539,4664,5135,11775,6610,10674,11024"
14970,14970,"8421,4277,331,851,2140,10326,4798,6971,1776,5303"
14977,14977,"2218,7707,6220,5545,3870,13310,7792,13296,4414,9942"
14991,14991,"2140,8235,5303,8590,5999,12026,9799,13296,8922,6220"
14993,14993,"2140,8421,5303,7063,4798,4277,12990,220,3950,11843"
15009,15009,"8421,4277,12990,11843,4798,5025,2140,1978,4453,811"
15014,15014,"1290,11298,4664,10607,6610,4576,7120,10389,11024,789"
15028,15028,"7120,4929,10663,12497,2916,6243,3697,296,8567,4777"
15029,15029,"8421,4277,2140,4798,851,12990,992,10326,11843,9340"
15030,15030,"7707,6220,2218,5545,3870,13110,9942,12606,3428,8188"
15033,15033,"2218,5303,2140,6220,2343,8421,5199,4277,8562,2380"
15052,15052,"8421,851,2140,1776,9580,11282,4798,12990,5303,11843"
15062,15062,"11772,7063,13381,220,4482,5532,2380,11540,5495,2140"
15074,15074,"6220,2218,2343,2140,5303,7707,5545,5199,10835,6971"
15081,15081,"2343,2218,6220,9693,7707,6834,5199,13296,4277,5485"
15082,15082,"6640,2436,9726,10732,4029,8257,13111,10107,6150,10974"
15097,15097,"2140,5303,6971,5999,2218,8590,8421,8562,2343,12990"
15098,15098,"5303,6971,4277,6220,2380,8421,10608,5999,10835,8590"
15107,15107,"1290,7120,4929,5135,10663,789,6243,3697,9962,2916"
15113,15113,"6220,2140,6971,4277,8421,2218,1290,4798,1978,13296"
15120,15120,"5303,6220,8421,4277,2218,6971,2380,4798,10835,12990"
15121,15121,"4277,8421,10326,6220,2218,4798,9072,851,12990,2140"
15122,15122,"6220,5303,2218,2140,8421,4277,6971,13296,4798,4413"
15141,15141,"5731,13110,1017,7383,2436,3314,6220,11969,8071,3428"
15143,15143,"6220,10429,1863,1290,13296,5976,7707,7706,4576,6610"
15148,15148,"2343,1210,9693,1017,3428,13110,4277,1978,11969,6220"
15164,15164,"6220,2218,5545,7707,3870,9942,13296,4414,12606,2343"
15165,15165,"1290,7120,10607,2218,4576,789,4664,296,6220,2343"
15175,15175,"8421,4277,2140,331,11843,851,7197,10326,12990,9340"
15186,15186,"1290,9295,5135,789,4929,12030,11117,10663,13309,12497"
15189,15189,"8421,4277,10326,2218,4798,2140,12990,851,6220,331"
15200,15200,"4277,6220,10326,4798,2140,5303,331,6971,13296,851"
15204,15204,"2140,6971,1290,8590,7120,8922,12497,4929,5573,10663"
15205,15205,"6220,2218,7707,5545,13296,7706,544,10429,1863,8607"
15217,15217,"6220,2218,5545,3870,10835,9942,5199,2343,5495,89"
15240,15240,"8714,11775,11969,2989,4576,11024,544,11298,6220,3222"
15248,15248,"1863,5149,10429,5976,7637,589,4698,9564,4250,8703"
15253,15253,"6220,2343,4277,9072,2218,2140,1017,8421,544,10326"
15256,15256,"13110,4277,1017,8421,6220,811,5731,3428,9178,9072"
15260,15260,"6220,8421,12990,4277,2343,5303,13296,2218,5999,6971"
15265,15265,"9942,6220,12470,7707,5495,12606,2218,2343,12085,3428"
15274,15274,"6640,13111,4029,10107,9726,5901,5027,9776,3563,2436"
15275,15275,"8235,2140,5303,3950,7063,11622,5999,11751,6220,11540"
15282,15282,"350,1017,11969,9072,4277,1978,9178,1210,992,11000"
15294,15294,"5545,6220,7024,3870,5875,2218,7707,10835,9942,796"
15304,15304,"1290,10607,6610,7120,5135,4576,11298,789,9295,4664"
15330,15330,"3487,8188,779,7707,3222,8714,1270,2989,9336,6053"
15331,15331,"13112,8562,12470,9942,3799,5495,9178,6220,13306,3428"
15332,15332,"13111,3464,6060,7047,9482,6952,2769,4609,1101,11771"
15339,15339,"6220,5976,7707,1863,779,12606,10429,7706,5545,2327"
15387,15387,"6220,7707,2218,5545,3870,9942,13296,12606,13310,4414"
15391,15391,"6220,13296,2218,4277,9942,2343,3428,13110,7707,5545"
15396,15396,"6220,5303,2218,4413,2380,5545,5999,10835,5199,13296"
15397,15397,"6220,7707,2218,5545,9942,3870,5495,2343,8188,7792"
15421,15421,"9306,383,13214,7383,2899,2300,12871,10122,5946,6648"
15427,15427,"1290,11775,5155,7120,544,2343,8714,4688,11969,296"
15434,15434,"6220,7707,5976,779,12606,1863,10429,2327,3487,5545"
15441,15441,"6220,2218,5545,9942,3870,5495,12470,7707,3428,2343"
15444,15444,"2218,6220,7707,5545,8235,2140,7792,13296,10835,13310"
15457,15457,"8421,4277,2140,6220,331,4798,12990,10326,5303,851"
15466,15466,"8421,2140,6220,2218,4277,4798,10326,12857,5303,12990"
15475,15475,"3950,2140,8421,1996,12857,4798,1978,6326,12793,5999"
15483,15483,"5135,9295,9962,789,10607,1290,11298,6811,3539,4036"
15487,15487,"7024,9942,2218,6220,7792,8235,5875,7707,12606,3799"
15500,15500,"350,11590,1017,1328,1978,9306,1377,716,6402,9178"
15511,15511,"2218,6220,12470,2343,5866,810,5495,9938,13296,5532"
15515,15515,"6971,6220,2218,5303,2380,2140,3055,10835,12026,8590"
15519,15519,"6220,2218,7707,5545,9942,9365,8188,3870,7792,3428"
15534,15534,"2218,5545,6220,7707,1978,4277,992,8188,8562,5386"
15545,15545,"11969,10389,4664,2989,11024,8714,11298,6610,1290,10674"
15553,15553,"2957,9732,1558,4163,4216,1851,83,13431,2709,12096"
15556,15556,"5495,6220,2218,5545,7707,8235,3870,3992,12470,3799"
15564,15564,"6220,2218,9942,8562,13296,5532,5545,3950,11800,3870"
15567,15567,"2957,4163,1558,83,1851,4216,10674,9732,4688,3238"
15582,15582,"2140,5303,8421,4277,6220,2218,8562,7063,10326,6971"
15585,15585,"4277,8421,2140,6220,9072,6971,5303,331,992,1978"
15587,15587,"2343,2218,6220,2140,8562,5199,9072,9942,10835,1978"
15589,15589,"6971,2140,5303,2380,5999,220,3055,5199,8590,12990"
15590,15590,"2343,2218,6220,1978,1210,5866,9072,12470,810,9341"
15595,15595,"350,5155,992,1210,1328,840,1978,4277,11590,1290"
15611,15611,"10607,9295,11298,11775,5135,3539,296,4664,10581,4576"
15613,15613,"3870,13110,6220,2218,5545,9729,7707,3428,1598,8681"
15632,15632,"2343,5532,2218,6220,1290,8590,6971,2140,89,7983"
15633,15633,"2218,6220,4277,11969,2343,1210,9072,1978,1290,2140"
15639,15639,"11000,9341,2140,4277,9340,9072,7867,1210,12404,2218"
15648,15648,"4277,851,331,2140,4798,10326,11282,12990,1180,9580"
15652,15652,"2218,6220,4277,1978,1328,1210,13296,10326,5545,350"
15683,15683,"6220,7707,13296,5545,9942,2218,12606,3870,1598,4413"
15688,15688,"6220,13296,2218,7707,9942,2343,5545,3870,1598,544"
15703,15703,"3950,3870,4413,8562,9178,2218,13110,8421,1478,4277"
15708,15708,"5199,7063,11000,9942,5532,8505,2343,13110,12085,3950"
15714,15714,"8421,1328,350,1978,6220,992,1017,11843,11590,10326"
15719,15719,"4277,1978,8421,2218,1210,2140,6220,9178,9341,11000"
15727,15727,"1230,5583,2140,9799,7723,8590,5303,454,6971,2789"
15728,15728,"6971,1290,2140,9668,5549,8707,8703,9083,12030,5303"
15735,15735,"6150,6060,5760,9375,8911,10974,10732,13383,6640,10739"
15736,15736,"8421,6220,4277,2218,2140,10326,9072,1017,2343,11843"
15739,15739,"2140,7063,7707,5303,8590,4430,6971,8703,6220,7715"
15742,15742,"13110,6220,9365,9942,5545,3428,7707,3950,1978,10537"
15764,15764,"6220,7707,5545,2218,13296,13110,3870,9942,12606,4414"
15773,15773,"2140,4798,5303,2218,8421,5999,10326,12990,3950,10916"
15774,15774,"9732,2957,4216,4163,83,4688,13431,3464,1558,12096"
15786,15786,"534,7707,6220,13110,8071,12606,11969,9365,8607,5545"
15789,15789,"6220,6971,2218,2343,2140,8590,8562,9072,810,5303"
15796,15796,"7707,8188,13310,13110,2218,7136,6220,5545,1017,9800"
15800,15800,"2218,6220,4413,5303,5545,3870,3950,8562,1598,1478"
15802,15802,"1290,6610,10607,7120,9295,11024,4576,4664,12903,10389"
15812,15812,"4277,2218,9340,9072,6220,9178,992,9341,8421,1017"
15815,15815,"7383,5025,5731,11000,9341,1017,10326,1978,220,11969"
15828,15828,"8421,6220,5303,2218,2140,4277,13296,10326,12990,6971"
15831,15831,"3464,13431,10102,7047,12096,420,2709,10687,9730,12615"
15840,15840,"10658,11590,2897,1210,10107,5155,1978,1426,13112,11001"
15845,15845,"4007,3870,2140,4413,6220,5303,2497,8562,5545,3950"
15847,15847,"2343,13112,2218,714,9942,64,6220,9800,12470,810"
15856,15856,"8421,4277,11282,4798,2140,851,331,10326,10916,5303"
15861,15861,"4163,2957,1851,1558,83,10674,1290,11298,4664,4688"
15862,15862,"1290,10607,789,2343,4664,5135,6220,11298,6610,2218"
15871,15871,"7707,6220,13110,9942,8885,2218,5545,3870,8188,11969"
15872,15872,"6220,8562,2218,7707,9942,13296,9072,2343,13306,9178"
15883,15883,"1290,9295,7120,10581,2969,6610,11298,3539,10607,3697"
15886,15886,"6220,2343,7707,2218,13296,5545,1290,544,89,9942"
15888,15888,"6220,2218,13296,4277,7707,9942,9072,8562,2140,13110"
15898,15898,"4277,8421,6220,2218,2140,10326,13296,8590,1290,4798"
15919,15919,"2343,2140,6971,5303,9072,2218,10608,5999,1634,6220"
15922,15922,"5135,9866,6811,13309,1290,4688,5142,3323,3697,9295"
15931,15931,"7706,6220,1863,2218,7707,1290,5149,10429,9083,7120"
15941,15941,"9799,9937,6220,2140,6971,5303,2218,7707,4413,4698"
15943,15943,"8421,4277,220,331,1180,5303,11843,2140,10326,12990"
15956,15956,"6220,5545,9942,7707,8562,13296,3870,3428,2343,5495"
15958,15958,"1290,6971,6220,2343,13296,2218,8590,544,5303,4277"
15960,15960,"2140,2218,7707,6971,2343,2380,5199,6220,8235,5303"
15973,15973,"8235,9306,13214,4877,7439,7024,9771,5946,12733,12871"
15977,15977,"1290,7120,9295,3697,6971,4929,296,10607,11117,2916"
15994,15994,"6220,7707,2218,1978,5545,2140,3870,9365,1017,11000"
15995,15995,"9295,1290,789,5135,9962,11117,3539,7120,3697,6811"
15996,15996,"2343,6220,11969,2218,13112,9942,10658,7707,1210,5545"
15999,15999,"4277,13112,11000,810,8562,9072,7867,9178,9341,9340"
16060,16060,"8421,5999,2218,5303,10326,8562,10916,6971,4798,4277"
16069,16069,"13110,3992,3428,1978,6220,3950,6641,5545,9365,7087"
16076,16076,"11024,9732,83,3222,13431,11298,4576,3238,2957,4216"
16085,16085,"1377,6402,350,1978,11590,840,6659,4256,6220,6306"
16089,16089,"4413,6971,5303,9937,2140,9668,7637,4698,12331,6166"
16097,16097,"8421,4277,4798,10326,331,11843,851,12990,6220,2140"
16112,16112,"11000,5025,4277,9178,6220,1017,8562,8421,9072,992"
16116,16116,"2140,9340,12156,220,6626,4277,8421,11000,10326,851"
16137,16137,"2140,2291,7063,5303,10462,5999,2789,6515,6971,8235"
16150,16150,"4277,8421,811,6220,7197,4413,1478,13110,220,1017"
16174,16174,"4413,7723,1478,6220,11772,9729,13110,7802,3888,3950"
16176,16176,"13112,11910,8015,3491,462,1007,9178,3079,12550,64"
16210,16210,"789,5135,1290,9866,9962,13309,7120,3323,10336,2343"
16212,16212,"8421,4277,6220,10916,2218,8562,12990,4798,2343,13296"
16230,16230,"1978,2218,1328,6220,1210,11590,12470,5545,8279,4097"
16245,16245,"4277,1978,6220,350,1017,8421,1328,5025,11969,6433"
16293,16293,"3950,6220,5303,2140,8421,2380,4277,13296,8221,11384"
16299,16299,"6610,1290,11298,10607,11024,12903,10674,10389,4664,4576"
16300,16300,"779,1863,10429,3487,1983,7706,7707,2327,11103,11675"
16303,16303,"5999,2140,3950,11000,5199,8421,11572,1788,7063,2218"
16305,16305,"4277,11000,8421,11843,9234,220,4798,7197,3950,12990"
16314,16314,"4277,8421,10326,6220,811,331,2140,11843,851,9072"
16328,16328,"2218,2140,8562,11000,220,6220,4277,4798,3950,10326"
16340,16340,"1290,5135,789,9962,7120,13309,296,4929,2916,10663"
16351,16351,"8071,1017,9942,64,3428,3992,6220,12470,1978,2218"
16363,16363,"2218,11000,810,7558,6220,9072,1017,7707,12990,811"
16376,16376,"2140,6971,5303,5999,8235,7063,10608,12026,8590,2218"
16387,16387,"4798,8421,2140,1978,12857,6326,2218,10916,6220,2789"
16395,16395,"4277,8421,4798,10326,2140,11843,12990,331,6971,6220"
16414,16414,"6220,13296,2218,7707,5303,5545,2140,560,6971,4277"
16416,16416,"8235,2140,6220,5495,2218,7063,5199,11772,11540,9454"
16418,16418,"2343,2218,6795,10835,9693,6220,5866,5199,6834,8608"
16471,16471,"11024,4576,4664,10389,11298,10607,1290,12903,11969,6220"
16489,16489,"6220,2218,3870,13296,8421,5545,4413,2140,4798,2380"
16497,16497,"8235,2140,9306,8922,2218,8590,6971,7024,4798,10326"
16509,16509,"2140,2218,6220,8562,5545,7707,4277,8590,6971,1978"
16510,16510,"6220,5545,3870,2218,13296,7707,5303,9942,3950,2140"
16521,16521,"1290,7120,9295,10581,11298,11775,10607,4929,11024,8714"
16524,16524,"6640,13111,10107,4029,8540,8092,5901,9726,10974,9482"
16582,16582,"6220,13296,5545,4798,10326,7707,8421,8590,3870,5303"
16592,16592,"6220,1863,12265,11103,7707,7792,4576,12723,3487,3222"
16604,16604,"4798,2140,12990,8421,7063,811,6433,12793,2218,9306"
16605,16605,"6220,1290,2218,13296,4576,6610,8590,10607,4664,7120"
16617,16617,"1290,11775,7120,11298,10607,8714,4664,4576,11024,10581"
16622,16622,"2957,4163,1851,11024,11298,83,10607,1558,1290,11775"
16624,16624,"810,13112,8562,9072,2218,9942,11000,714,1574,5532"
16628,16628,"3950,5495,7707,2140,6220,5545,1978,4798,8562,12793"
16633,16633,"1290,7120,4929,6243,2916,8567,4777,3697,296,4387"
16646,16646,"8188,7707,2343,5875,8028,8015,89,7792,7024,5545"
16651,16651,"4277,12990,2140,10326,6220,8421,6971,11843,2218,4798"
16654,16654,"8421,6220,4277,4798,2343,2140,6971,12990,2218,4117"
16673,16673,"2218,6220,2380,13296,8562,2343,2140,8421,5303,11540"
16675,16675,"8421,6220,4277,13296,5303,8562,3950,4798,2140,10326"
16677,16677,"8562,10340,6166,3055,2140,5303,9937,5293,4101,2380"
16679,16679,"2218,5303,2140,6220,7707,4413,6971,11384,5545,13296"
16686,16686,"1290,11298,6610,11024,7120,10607,12903,10581,10389,1779"
16695,16695,"8421,4277,2140,851,10916,4798,11843,1978,10326,12857"
16704,16704,"12470,2218,9942,5495,6220,5545,7707,8188,3428,13112"
16709,16709,"6220,2218,13296,8562,13110,9942,5545,7707,4413,4414"
16773,16773,"3950,6220,4277,8421,2218,13296,10326,1978,8221,9072"
16774,16774,"13110,811,5731,8421,6220,6646,4277,9729,11000,1017"
16797,16797,"13110,3428,6220,9942,7087,12606,3992,11800,3870,3799"
16803,16803,"7063,8707,4321,8221,37,12733,5610,4413,10608,5303"
16804,16804,"8421,4277,6220,10916,10326,4798,2140,5303,13296,2218"
16806,16806,"13111,6060,3464,4256,8092,3314,2436,1521,9375,4609"
16810,16810,"13110,6220,9942,5545,9072,11969,3428,544,1017,4277"
16836,16836,"8421,4277,2218,1978,6220,12857,3950,10326,4798,10916"
16844,16844,"2343,2218,6220,9693,1210,9072,1017,3428,217,4277"
16861,16861,"2957,4163,1558,83,10674,1851,1290,10607,3539,4216"
16875,16875,"2140,6971,4798,4277,5303,8421,220,12990,10326,5999"
16936,16936,"6220,8421,4277,3950,13296,4798,1978,13110,2140,5545"
16946,16946,"811,2218,5177,8421,4453,8562,4798,1328,4277,1978"
16965,16965,"5303,2140,5999,2380,4277,6220,2343,5199,10835,12990"
16987,16987,"5303,6971,4277,2140,2380,8421,9799,5999,10608,6220"
16988,16988,"10835,2343,5199,6971,5532,5999,2218,8922,7024,12026"
16989,16989,"6220,13296,8421,5545,4277,2218,7707,3870,2140,3950"
17007,17007,"2218,12470,5495,773,3870,64,9178,13112,5545,6220"
17016,17016,"2140,5199,5303,6220,8421,10835,4117,2218,6971,4277"
17030,17030,"9178,2218,11000,2285,7063,5610,3870,11010,5545,64"
17034,17034,"8421,4277,4798,2140,12990,6220,5303,8562,10326,2218"
17054,17054,"2140,8421,2218,5303,4277,4798,12990,2380,5999,8562"
17056,17056,"1377,1328,6402,350,840,10941,1948,4097,6071,11590"
17084,17084,"6220,2218,2343,5545,7707,3428,9072,11969,13296,1017"
17098,17098,"7707,3509,3870,8188,8015,5545,7792,8071,9942,12550"
17102,17102,"4277,2140,9340,2343,992,6971,12990,5303,9341,8421"
17109,17109,"7797,5155,10107,12470,8746,5241,13112,11019,9990,64"
17112,17112,"6220,4277,2218,6971,2140,8421,2380,2343,5999,9072"
17119,17119,"8421,5303,2140,851,6971,4798,6515,1912,4277,8161"
17124,17124,"6220,2218,9942,5545,13296,7707,3870,2343,10835,5495"
17141,17141,"2343,6971,5303,6220,8608,4277,5999,2140,4388,8421"
17160,17160,"2957,4163,4216,1851,83,3722,4688,9732,13431,10194"
17179,17179,"6220,1017,8421,2218,4277,9072,7707,9942,11969,13110"
17189,17189,"9178,2897,10658,1210,13112,652,992,12156,11000,2861"
17191,17191,"4413,7715,12606,7707,3870,2218,6220,7383,5819,6166"
17194,17194,"9072,4277,6220,2140,2218,1978,1210,9178,8421,9341"
17195,17195,"5999,5303,5199,2343,10835,8235,4053,5532,11357,2822"
17200,17200,"1290,6610,10607,7120,11298,11024,10389,4576,4664,12903"
17212,17212,"6220,4947,2199,5303,6971,13296,5124,9799,2218,3515"
17218,17218,"2343,6220,2218,5199,13296,5495,10835,8608,4388,5999"
17232,17232,"11590,1328,5155,350,1210,10107,1978,9072,4277,8092"
17242,17242,"4277,1978,350,1017,1210,9341,5025,992,11000,8421"
17255,17255,"2218,8562,5999,8413,2380,5532,5303,5199,4413,11751"
17262,17262,"1290,10607,7120,5135,11298,11775,11024,789,3539,4664"
17275,17275,"7707,8188,2218,11969,3487,6220,7792,5545,8607,13310"
17276,17276,"2285,9800,8071,3428,1017,8885,7922,2281,13110,534"
17278,17278,"3487,779,10429,1863,7706,5976,9083,1290,7707,9564"
17283,17283,"8421,4277,811,6220,11843,12990,2218,4453,10916,9072"
17284,17284,"3950,2789,4798,2140,12990,6971,5303,8421,1996,1408"
17295,17295,"6220,8421,2218,1978,8562,2140,10326,3950,4277,13296"
17298,17298,"6610,11298,11024,10607,1290,10389,4664,4576,12903,10137"
17319,17319,"6220,13296,5545,7707,2218,3428,4277,3870,9942,544"
17320,17320,"1851,11024,83,11298,10607,11775,12903,2957,3238,1290"
17325,17325,"6971,6220,9693,1290,2537,10835,8608,5303,2218,4388"
17330,17330,"9295,1290,2885,10464,8235,7024,7707,11403,2343,7120"
17334,17334,"10607,11024,1290,4163,2957,11775,4576,83,6610,8714"
17346,17346,"7707,6220,9942,13110,2218,5545,12606,3870,8607,1598"
17352,17352,"5999,4117,785,6971,2140,5303,2571,4053,2822,5199"
17353,17353,"9295,5135,9962,1290,11117,789,5142,3539,10581,10607"
17396,17396,"2140,8421,5303,5999,6971,4798,2218,12990,8562,11843"
17408,17408,"6220,4277,13296,2218,8421,8562,10326,2140,9072,1978"
17414,17414,"8092,1377,10107,11590,13112,6402,12156,7480,6640,6659"
17422,17422,"4163,10607,2957,83,11775,11298,8714,4688,4576,1290"
17424,17424,"1978,992,2343,350,2140,2218,6220,1328,4277,11590"
17427,17427,"5135,789,9962,4688,9866,10644,7817,3323,8935,6811"
17432,17432,"3428,3992,13110,9178,3870,1598,3799,8562,2218,3950"
17434,17434,"1290,7120,6971,4929,6243,10663,331,8567,9580,10326"
17439,17439,"3464,3428,13110,11969,544,9730,3222,11449,1017,6220"
17442,17442,"5999,11357,5303,5199,4053,6971,10835,2140,785,4277"
17449,17449,"3870,5545,6220,2218,9942,8562,4413,4414,9178,1598"
17472,17472,"6220,2218,2343,13296,1978,9942,544,12665,5545,8590"
17509,17509,"6220,1290,544,4664,9295,11024,6610,10581,2343,2218"
17522,17522,"6220,2218,13296,8235,2380,3870,4413,7707,10835,7723"
17527,17527,"2140,8421,4277,11843,12990,4798,851,331,9340,10326"
17535,17535,"11298,1290,10607,9295,4664,4576,11775,11024,10581,8714"
17540,17540,"2140,8421,12857,1996,4798,5999,5303,3950,2218,2169"
17541,17541,"83,10674,1851,2957,4163,12096,10389,1558,9732,3238"
17551,17551,"2140,8421,11000,11843,12990,220,10326,9340,2291,7197"
17564,17564,"8421,4277,11282,331,5303,2140,851,1180,9580,4798"
17565,17565,"10352,6306,1377,840,6402,3733,11590,8092,9453,7337"
17581,17581,"2140,9340,7063,8421,7867,9178,13346,2861,2218,11000"
17596,17596,"6971,1290,2140,5303,6220,4277,10326,8421,7120,4798"
17601,17601,"3870,4413,7723,5303,2140,3950,8562,10340,11540,9799"
17611,17611,"2867,12378,12295,11635,8421,4277,851,2205,1788,10916"
17612,17612,"4277,350,11590,1978,8421,1210,992,4453,716,6220"
17620,17620,"6220,2218,13296,3870,8235,3950,5545,5532,8562,9942"
17627,17627,"2218,992,7383,9365,11000,8279,1210,64,2140,1978"
17634,17634,"7707,5545,6220,8188,2218,9942,7706,64,1863,3870"
17649,17649,"4277,2218,6220,8421,9072,2343,1210,992,13296,1978"
17654,17654,"13112,3428,10107,8092,9178,6952,13306,10658,2218,6641"
17659,17659,"8703,4698,7637,5149,9937,7707,8981,2020,6166,2140"
17666,17666,"1290,7120,2343,6220,544,8590,6971,10663,4929,10607"
17674,17674,"8421,9340,10326,2140,5303,851,4277,6515,4798,10138"
17684,17684,"10107,13111,350,11590,5155,1328,8092,1210,10658,12621"
17708,17708,"2343,2218,6220,544,6971,9072,1017,9693,5303,1290"
17709,17709,"9178,3870,64,1383,9942,12156,652,7707,7922,2285"
17741,17741,"7024,1100,10835,3909,12026,5199,5875,5999,2218,89"
17752,17752,"10739,162,8911,4465,10732,4935,10974,6150,7220,173"
17765,17765,"2343,6220,5199,6971,2218,5303,10835,8608,5999,4388"
17770,17770,"3487,779,7707,7706,11103,2327,1863,10429,7106,11615"
17814,17814,"13110,3428,9942,7087,3992,6220,5545,6641,3870,1598"
17818,17818,"6220,1426,810,9942,2218,714,11969,13306,2897,1978"
17822,17822,"6220,1290,13296,6971,5545,7120,7707,8590,5303,8922"
17826,17826,"4277,8421,9340,7197,1017,811,2218,9072,9341,11384"
17827,17827,"11298,6610,10607,12903,4576,1851,1290,10389,83,11775"
17840,17840,"7707,6220,13296,2218,1290,2140,6971,5545,544,6166"
17843,17843,"2218,6220,13310,13296,5545,7707,4413,3870,8421,8562"
17864,17864,"10326,8421,4798,2140,12990,331,11000,4277,1776,220"
17871,17871,"5976,3487,7707,10429,779,7706,1863,10802,2327,6220"
17881,17881,"2343,6220,5199,1978,2218,9693,10835,6971,2537,9072"
17928,17928,"7707,6220,5545,2218,7792,9942,13110,11969,3487,4414"
17931,17931,"8590,2218,6220,5135,2140,5532,10326,789,5303,8562"
17933,17933,"2343,2218,5532,5199,6220,5495,10835,9942,5866,4117"
17953,17953,"2343,6220,2218,7707,10835,5199,4388,8608,9942,544"
17970,17970,"6220,3950,2218,13296,5545,5495,3870,10835,5199,9942"
17977,17977,"6220,2140,4277,2218,13296,7707,6971,5303,13110,2380"
17982,17982,"9962,10644,7817,13027,3886,4613,1290,3323,6811,9837"
17995,17995,"6971,9799,1290,5303,4413,2140,8590,7723,7120,12026"
18002,18002,"2140,4277,8421,7197,9072,11000,9340,10326,11843,12990"
18006,18006,"3464,2769,6220,12606,7679,12339,5545,4576,3487,7047"
18023,18023,"7063,2140,6220,7383,5545,1978,5731,9365,2218,7707"
18024,18024,"8235,9306,11772,7024,4877,9771,10122,5939,448,12733"
18047,18047,"6220,13296,2218,5545,9942,7707,4413,8562,3870,1598"
18050,18050,"6220,2218,2343,13296,7707,9942,10835,544,6971,5545"
18078,18078,"2218,4277,6220,9072,8421,13296,544,10326,1017,5545"
18086,18086,"1290,9295,10607,7120,5135,789,3539,4664,6610,296"
18093,18093,"1290,8714,10674,11775,9295,2989,4664,7120,11024,10607"
18115,18115,"1978,8421,1017,2218,6220,4798,12990,11000,4277,811"
18122,18122,"7706,7707,3487,10429,779,6220,1863,5545,2218,2327"
18124,18124,"5199,2380,3950,8562,2218,3340,220,2140,10835,4277"
18127,18127,"1290,7120,9295,4929,5135,296,10663,2916,12497,3539"
18133,18133,"8421,4277,8562,10326,10916,12857,2140,6220,810,2218"
18148,18148,"2140,6971,5303,8421,8590,2218,6220,10326,4798,12990"
18155,18155,"544,4277,13296,2218,6220,1558,1978,9942,2957,8421"
18158,18158,"1290,7120,10607,10663,4929,1851,2916,5135,11775,296"
18166,18166,"2343,4117,1210,2218,5199,9938,1978,13112,5532,9072"
18167,18167,"4277,992,1978,9072,2140,8421,10326,9341,350,1210"
18169,18169,"2291,9306,3950,2140,12871,13214,12632,8746,8402,8235"
18175,18175,"5545,7024,7707,5495,7792,6220,9942,2218,10835,3870"
18178,18178,"6220,2218,2140,3870,13296,8562,3950,8421,7707,13346"
18214,18214,"1290,7120,4929,10663,6243,12497,8567,296,4777,3697"
18217,18217,"4277,8421,6220,2218,9072,10326,2140,5303,12990,11843"
18226,18226,"11969,10389,4664,2989,11024,8714,11298,6610,1290,10674"
18229,18229,"2140,2218,6220,5303,8562,9072,4277,11000,6971,220"
18236,18236,"2343,9942,12470,4117,5866,810,5532,5999,5155,5199"
18240,18240,"5545,6220,3428,9942,13110,3870,3799,2218,3992,5495"
18262,18262,"6220,5545,2218,9942,3870,13110,7707,2343,13296,12665"
18266,18266,"1290,10607,6610,11298,10389,4929,4576,10663,296,4664"
18272,18272,"8562,4277,2218,8421,4798,1978,10326,3950,810,11000"
18292,18292,"7707,6220,8235,10835,2140,2218,9942,6971,7983,8590"
18299,18299,"4277,2218,6220,11000,350,1978,1017,10326,11969,6433"
18321,18321,"13111,5155,8540,6640,9482,10221,3314,9726,12621,6952"
18338,18338,"6220,13296,2218,2343,4277,7707,8562,6971,5303,544"
18339,18339,"8421,4277,2140,5303,10326,331,6971,4798,6220,11843"
18341,18341,"4413,8235,7707,5303,2140,6166,7715,7723,7024,5545"
18355,18355,"1290,7120,5135,9295,789,10607,3697,3539,9962,296"
18364,18364,"2218,6220,11969,2343,7707,8188,9730,8714,544,4664"
18368,18368,"8421,4277,6220,2218,5303,4798,10326,811,13296,12990"
18393,18393,"5545,3870,7707,6220,5386,13110,1978,5025,2218,4414"
18409,18409,"8421,4277,6220,2218,11843,3950,4798,1978,11000,12990"
18434,18434,"8421,5025,12990,2140,10326,7197,11843,811,9072,13110"
18440,18440,"6220,2140,2218,8421,5303,13296,4277,4798,10326,5545"
18446,18446,"4277,7197,7835,7063,2140,8421,2861,9340,1788,12385"
18467,18467,"2140,6971,8590,2343,5303,2218,6220,8562,10326,9072"
18475,18475,"6220,2218,7707,5545,13310,13296,3870,11969,544,4414"
18487,18487,"13296,6220,2218,8590,1290,4576,7707,12606,12665,8235"
18489,18489,"992,11969,9340,9341,1210,1017,9072,10658,2343,11001"
18499,18499,"5532,9072,2343,810,2218,13112,4117,6517,10326,8421"
18505,18505,"13110,3428,1328,1210,5731,7087,9942,6220,3992,1598"
18525,18525,"4277,8421,331,10326,10916,4798,4453,9340,8562,2218"
18530,18530,"2218,8562,13296,6971,10326,8590,2140,4798,12990,8421"
18539,18539,"7706,3487,7707,6220,779,1863,10429,11024,5976,1983"
18546,18546,"1290,2218,6971,4277,6220,13296,8421,8590,10326,2343"
18579,18579,"6220,2218,13296,7707,11969,9942,4277,9072,544,5545"
18585,18585,"5999,4117,2343,5532,10835,5199,5866,4199,8562,4266"
18595,18595,"3428,9942,6220,13112,13306,9178,2897,5545,2343,1210"
18648,18648,"8421,4277,2140,6220,10326,3950,4798,2218,11843,12990"
18679,18679,"8235,6220,2218,10835,5303,5545,2140,5199,7707,2380"
18683,18683,"6220,2218,7707,5303,2140,5545,4413,13310,13296,6971"
18687,18687,"5303,8235,2140,6971,2343,2218,7063,2380,10608,3055"
18718,18718,"6220,7707,2218,13296,12606,9942,3870,4414,8607,544"
18741,18741,"3950,9306,13110,9786,10122,383,2899,12632,11622,11772"
18760,18760,"9295,11298,10607,1290,11024,10581,12903,3539,5135,4664"
18771,18771,"4117,5999,350,2029,7835,8569,5155,3525,1210,785"
18787,18787,"2140,331,8421,7063,4277,851,6971,4798,11282,5303"
18788,18788,"8421,2218,13346,5303,5610,2140,12857,12990,8562,11843"
18789,18789,"6220,7707,2218,5545,2343,13296,9942,544,13110,3870"
18798,18798,"6220,13296,2218,3950,5545,1598,8421,2343,4414,3870"
18800,18800,"2343,9730,8714,3222,6591,4576,2989,11024,6220,12096"
18805,18805,"2218,6220,1978,9942,3428,5545,8562,810,3992,3870"
18806,18806,"11298,4688,789,83,4163,9962,6811,2957,10607,9960"
18812,18812,"12470,5155,13112,5495,8188,6402,7707,4256,2218,64"
18818,18818,"6150,13111,6060,8911,13383,5760,10739,10974,9375,10732"
18830,18830,"2140,5999,5303,6971,8562,2218,9799,8421,2380,12026"
18835,18835,"1290,7120,789,5135,10607,4664,6610,9295,9962,544"
18839,18839,"2218,7707,6220,2343,6971,2140,5545,10835,5303,5495"
18851,18851,"7707,6220,2343,5545,2218,3870,9942,64,13110,10835"
18854,18854,"5303,6971,8421,2140,11282,9799,4277,9580,4798,10326"
18864,18864,"4277,1210,9341,9072,7197,9340,8421,2343,992,6220"
18865,18865,"8235,7063,2140,6971,5303,5999,10835,3909,7024,8707"
18874,18874,"5135,11298,1290,10607,789,9962,7120,4688,4664,11775"
18875,18875,"2218,4277,2343,6220,9072,1210,10326,11969,9341,13296"
18879,18879,"3464,4216,2769,13111,2957,13431,4163,9732,7047,1558"
18882,18882,"1290,6220,7120,4576,6610,4664,10607,11969,2218,2343"
18895,18895,"8235,5875,12470,7839,6246,3799,2903,12606,12550,9179"
18903,18903,"4277,6220,1290,8421,2218,6971,13296,5303,8590,2140"
18913,18913,"4277,8421,10326,2218,12990,992,7867,9340,9072,11000"
18934,18934,"789,5135,9962,13309,1290,10644,10336,7817,4613,7120"
18935,18935,"64,13112,8279,1210,9341,7867,5199,8681,992,8188"
18981,18981,"8235,7024,5999,10835,5875,4117,5866,11403,2822,8746"
18985,18985,"5545,9942,6220,7707,2218,3428,3870,13110,3509,8188"
18987,18987,"7120,9295,12497,6811,6243,3539,5135,12030,4387,2916"
18990,18990,"8421,4277,5303,5999,1978,12990,10326,2343,11843,4798"
18996,18996,"6220,2218,9942,5545,2343,3428,8562,13296,7707,3870"
19010,19010,"4277,8421,331,851,10326,9580,2140,10916,12990,1776"
19016,19016,"4664,9730,8714,11775,3539,10674,1290,9960,9295,12096"
19018,19018,"1290,4277,8421,10326,5135,8590,12156,2140,544,6626"
19029,19029,"8421,2140,4277,12990,851,9340,220,5303,2218,11843"
19060,19060,"9942,12470,3464,8188,10107,10687,12096,7679,5155,6659"
19069,19069,"1290,7120,9295,10607,4929,3697,10663,789,5135,296"
19084,19084,"8421,8562,2218,4277,13296,6220,2140,10916,5303,10326"
19086,19086,"3487,3222,11024,2989,8714,7707,9720,13431,2218,9730"
19105,19105,"1290,5135,789,9295,2343,7120,4664,9962,544,10963"
19110,19110,"1290,5135,10607,789,7120,9962,3539,9295,83,13309"
19135,19135,"1328,5155,8092,11590,350,1377,10107,10352,6306,840"
19144,19144,"2218,6220,2343,5545,13296,7707,5495,12665,9942,5199"
19154,19154,"12156,350,3950,9178,6626,11010,11000,1210,2140,11590"
19168,19168,"4277,2218,13296,6220,4798,8421,2140,8562,11384,2380"
19173,19173,"1290,4387,7120,4929,5573,10663,12474,12497,4083,1132"
19187,19187,"6220,2218,7707,13296,8590,6971,5545,2140,1290,8922"
19216,19216,"6640,10732,13111,2436,10739,6487,6150,9726,4465,10107"
19227,19227,"6220,5545,13110,3870,3799,3428,3992,2218,13310,9942"
19231,19231,"5199,5999,10835,2218,6971,2140,5303,3055,2380,6220"
19234,19234,"11024,6610,4576,11298,2989,6220,11969,12903,12995,3487"
19255,19255,"6220,13296,2218,7707,2343,6971,8562,10835,8590,8235"
19258,19258,"3950,220,4798,8562,2140,2789,12990,8421,7715,13296"
19266,19266,"64,2218,9942,5545,6220,8235,3428,5532,6641,13110"
19296,19296,"12232,8569,3717,10326,5999,1912,3770,4117,2291,2140"
19297,19297,"13111,6640,6150,4935,13383,10732,6060,4465,4609,11546"
19308,19308,"5495,5545,2218,64,3870,7707,12470,8188,8015,13112"
19323,19323,"8540,6640,10352,13111,8092,2268,11461,4832,6060,6952"
19346,19346,"6220,2218,4277,2343,5545,13296,8421,1978,7707,9072"
19347,19347,"7120,4929,10663,12497,2916,296,6243,8567,6971,3697"
19360,19360,"1290,7120,9295,6971,8590,2885,12030,6220,3697,2218"
19364,19364,"2709,13431,12096,3238,3222,11024,3464,7279,9730,6053"
19378,19378,"5532,5999,4117,5199,2218,3950,8562,6638,3870,6220"
19379,19379,"6220,5303,2343,2140,4277,1017,2218,275,6971,8421"
19380,19380,"4277,8421,2140,331,4798,10326,6220,2218,11843,1017"
19381,19381,"4277,8421,331,4798,2140,10326,851,9580,11282,5303"
19384,19384,"4277,8421,2218,6220,5303,6971,4798,8590,9072,12990"
19385,19385,"6220,2218,5545,3870,7707,4414,4413,13296,1598,9942"
19388,19388,"9295,1290,8714,11775,10607,3539,9960,10674,4688,4664"
19406,19406,"8421,4277,2140,5303,4798,331,12990,10326,13296,6971"
19408,19408,"5999,11357,4053,785,5199,2822,2571,10835,11712,4266"
19415,19415,"6220,7707,2218,3487,7706,1863,5545,13296,10429,12606"
19417,19417,"8235,2140,6220,89,64,2218,2343,10835,8279,8590"
19434,19434,"11969,1017,6220,544,7707,2218,2343,8607,8714,534"
19441,19441,"8421,4277,12990,10326,2140,4798,11843,9580,331,6220"
19461,19461,"1290,10607,11298,4664,7120,9295,11775,5135,10674,789"
19474,19474,"8235,5199,10835,6220,5545,931,5999,2380,2343,6971"
19477,19477,"5155,2218,1210,9938,2343,7835,11969,9340,9072,7679"
19484,19484,"11298,11024,1851,6610,9732,12995,10389,12903,4028,2957"
19502,19502,"11000,9340,9072,4277,7197,9178,1017,2218,2140,9341"
19503,19503,"6220,2218,7707,13296,6971,8590,8562,8235,2140,1290"
19512,19512,"6220,13110,2218,3428,3870,5545,9942,4414,13296,7707"
19515,19515,"8235,7707,2218,5545,7792,6220,11615,89,12606,3487"
19518,19518,"6220,13296,7707,13110,2218,4277,7558,2343,3870,11969"
19530,19530,"6220,2343,544,4277,64,13296,13110,9942,11969,7558"
19559,19559,"1290,6610,11024,10389,4664,4576,11298,12903,10607,10674"
19576,19576,"8235,7024,2218,6971,5532,5875,89,2140,10835,2343"
19586,19586,"64,2343,13112,9942,12470,2903,5866,5155,1684,6795"
19594,19594,"8608,2343,8235,7964,4388,89,4266,2537,64,5532"
19605,19605,"6220,5976,7707,1863,10429,4576,7706,12606,779,5545"
19618,19618,"2218,6220,10835,2140,8590,5999,3950,5545,5303,5495"
19620,19620,"9799,9937,5303,4101,4698,6971,2140,2199,7637,9668"
19623,19623,"6220,2218,4277,8421,5545,9072,1978,3428,7707,13296"
19628,19628,"5999,4117,2343,11357,4053,5199,8235,785,8608,3909"
19631,19631,"7120,10607,10663,11298,2916,83,296,5135,10389,4929"
19642,19642,"3428,9942,6220,13112,12470,5545,3799,13110,1978,13306"
19644,19644,"2140,7063,2291,6971,9771,4798,9306,8235,8590,5303"
19648,19648,"3487,11969,7707,779,7725,7792,8188,6220,3464,3222"
19665,19665,"2218,2343,6220,7707,9072,9340,11969,8885,992,9341"
19683,19683,"1290,6610,10607,10389,4929,11298,4664,4576,11024,296"
19684,19684,"8421,10326,4277,851,7197,4798,12990,2218,9072,12857"
19693,19693,"4277,9340,11000,1017,2140,5025,8421,4798,11384,2218"
19696,19696,"6220,2218,2140,4277,13296,5303,8421,2380,5545,7707"
19707,19707,"6220,4277,2140,5303,8421,4798,5545,13310,9072,2380"
19715,19715,"5999,4117,5532,2822,5199,2343,11357,4053,6971,10835"
19716,19716,"1290,7120,10607,6610,11298,9295,4664,3539,11024,10581"
19729,19729,"2218,6971,4413,6220,5303,2380,13296,1290,8562,7723"
19734,19734,"7197,9178,11000,8421,1017,12990,811,9072,4277,2343"
19758,19758,"6971,2140,5999,2218,8235,5303,2380,5199,6220,10835"
19764,19764,"8421,4277,2218,6220,4798,5303,12990,6971,11843,5999"
19773,19773,"1290,11024,6610,10674,10607,11298,4664,12903,1851,8714"
19778,19778,"6220,13296,2218,5545,13110,12606,7707,4413,3428,8562"
19780,19780,"6220,2218,4277,11969,3428,5731,13296,1210,1978,5025"
19784,19784,"2218,9938,12156,652,5155,1978,1210,9072,810,350"
19786,19786,"6220,2218,4277,8421,8562,1978,13296,9942,7707,13346"
19793,19793,"8421,4277,2140,4798,2218,11843,3950,6220,10326,1978"
19798,19798,"2343,13112,2218,1684,1210,652,9178,810,9942,5532"
19808,19808,"6220,9799,5303,2218,1478,7723,13296,5545,8421,2140"
19812,19812,"4688,8714,10102,9295,9730,11775,3222,2989,12869,10581"
19821,19821,"6220,8981,4413,7707,9799,2218,6166,13296,4698,5303"
19830,19830,"11298,1290,8714,11024,10607,11775,4576,2989,4664,10389"
19843,19843,"4929,10663,5675,1290,5135,5573,7120,4387,6243,12474"
19867,19867,"6220,7707,5545,2218,2343,9942,11969,4414,13296,7706"
19889,19889,"6220,2218,13296,9072,4277,8421,8562,2343,5545,10326"
19893,19893,"6220,7707,2218,13296,1863,5545,7706,12606,2327,779"
19898,19898,"1290,9295,11298,4664,6610,10581,10607,7120,11024,10389"
19902,19902,"13111,6640,13383,6060,9482,6952,8092,10974,6150,3960"
19905,19905,"2218,8421,4277,4798,6220,10326,8562,13296,5303,10916"
19910,19910,"8421,4277,11843,331,10916,10326,4798,7197,2140,851"
19929,19929,"4277,8421,6220,4798,1978,13296,2140,1017,10326,2218"
19932,19932,"6610,10607,11298,1290,4576,10389,4664,10137,12903,7120"
19952,19952,"7707,6220,5545,3870,13296,13110,2218,4414,3487,1983"
19956,19956,"13110,1017,6220,9072,7063,275,3870,5731,7707,2140"
19987,19987,"4277,2140,2218,8421,5303,5545,6220,9072,11000,10326"
20008,20008,"4277,8421,12990,331,4798,11843,6220,2218,9580,9072"
20018,20018,"11622,3870,3950,5545,6982,4413,6220,4602,11795,4414"
20019,20019,"2885,4929,789,5135,1290,10663,5573,7120,12474,9998"
20020,20020,"1290,7120,4929,10663,12497,12030,3697,5135,6243,13101"
20023,20023,"8562,1978,2218,4118,3799,13112,3950,5545,5532,810"
20031,20031,"6220,2218,13296,7707,5545,8590,1290,6971,5303,2140"
20039,20039,"6220,2218,5545,13296,7707,4413,3870,13110,1598,8562"
20040,20040,"220,2380,2140,2218,8562,976,4413,11384,1478,5199"
20041,20041,"6220,7707,11969,2218,3222,8607,7706,11024,544,5545"
20045,20045,"6220,8421,3950,13296,2218,8562,2140,5303,4413,4277"
20056,20056,"2218,11969,9730,2989,8714,3222,4664,6220,1290,6591"
20069,20069,"3275,11969,992,2218,6220,7707,1210,8188,1017,13110"
20074,20074,"6220,4413,2218,9799,5303,5545,13296,2140,9942,3870"
20083,20083,"6220,2218,5545,13296,4277,9072,7707,9942,1978,544"
20085,20085,"1290,7120,10607,4929,296,10663,5135,2916,4576,6610"
20086,20086,"6971,2343,8235,5303,6220,10835,2218,8590,2140,8608"
20089,20089,"6220,2343,7707,13296,2218,10835,2140,5545,6971,7558"
20101,20101,"8235,2140,10835,2343,5999,2218,7024,5199,5303,6220"
20104,20104,"5675,5135,4929,789,1554,10663,9998,5573,7817,10644"
20112,20112,"6220,2218,2343,3428,1017,1978,5545,9942,13310,1323"
20115,20115,"6220,2218,13296,2199,8421,2380,8562,10835,4798,11751"
20133,20133,"2957,4163,4688,5135,9960,3539,11775,9295,1576,8650"
20136,20136,"2343,6220,4117,9693,4277,1017,11969,5199,350,1978"
20138,20138,"5135,789,9962,1290,13309,10607,4613,11298,10644,9866"
20162,20162,"2140,5999,8421,5199,5303,11000,4277,10835,4117,7063"
20176,20176,"6220,4277,2140,6971,8421,2380,2218,9799,5545,5999"
20200,20200,"13110,6220,3428,3992,13310,1598,3870,2218,9729,5545"
20222,20222,"6220,2218,3870,3950,2343,8590,13296,5303,2140,12665"
20251,20251,"2140,6971,5999,5303,12990,2380,11282,6515,4798,220"
20256,20256,"12470,13112,3799,11622,652,9942,9990,9178,5199,2897"
20264,20264,"4277,1290,6220,2343,9072,11969,6971,2140,2218,13296"
20280,20280,"4277,1978,8421,992,2140,11843,10326,350,6220,6433"
20286,20286,"9730,7707,6220,9295,4664,11024,11298,2343,9942,3487"
20323,20323,"1290,7120,4929,12497,10663,3697,12030,9295,6243,5135"
20324,20324,"6220,2218,8590,13296,5545,1290,2140,89,6971,9942"
20336,20336,"1290,6220,544,2218,4664,9693,11969,2537,8590,6971"
20339,20339,"3870,13110,3428,5545,7087,4007,3799,9729,2497,12417"
20344,20344,"5303,2140,8421,6220,6971,2218,4413,9799,8590,10326"
20356,20356,"6220,4277,2218,13296,1328,5545,3950,8562,13110,3428"
20360,20360,"1290,2885,12030,9295,7120,12497,12474,3697,12184,11243"
20362,20362,"2343,9693,2537,8608,6834,4388,6220,2218,544,10835"
20376,20376,"2140,7063,1978,2343,8421,2218,6220,5303,12990,992"
20381,20381,"6220,7707,5545,7706,2218,13296,12606,13110,9942,2327"
20394,20394,"7120,4929,10663,2916,296,12497,6610,3697,10607,10389"
20397,20397,"2343,4277,1210,1978,992,9938,2218,9072,544,9693"
20407,20407,"2140,2218,6220,3950,8235,13346,7707,13296,11000,220"
20413,20413,"1290,9295,5135,7120,3539,3697,6811,789,10607,12497"
20433,20433,"1290,7120,5135,3539,10607,789,4664,9295,9962,3697"
20448,20448,"9998,12104,12474,10566,8590,5573,5532,5135,11117,7964"
20492,20492,"8562,2218,4277,6220,6971,7558,2380,2140,13296,10326"
20505,20505,"1290,11298,5135,7120,3539,83,3697,6811,789,6610"
20512,20512,"8421,5303,6220,2218,4798,4277,8562,2140,2380,13296"
20514,20514,"9998,12104,10566,8590,12474,5135,11117,5532,2647,5573"
20533,20533,"1017,11969,4277,9072,6220,11449,544,10658,811,9341"
20543,20543,"4277,11000,9340,9072,12404,9341,2343,2218,6220,7197"
20546,20546,"8421,7197,9178,4277,9340,11843,11000,811,12857,5610"
20557,20557,"2218,13296,5545,4277,7707,5303,9942,2140,8421,2343"
20558,20558,"2140,6971,6220,8562,2218,8421,1290,9072,811,4277"
20561,20561,"2218,6220,8562,3870,5545,3950,13296,1978,4277,9942"
20566,20566,"11298,11024,6610,10607,9295,12903,4576,4664,3539,1290"
20573,20573,"1290,4576,11024,9295,10607,6220,4036,6610,7120,3539"
20623,20623,"1290,6971,8922,7120,2140,9668,5303,6220,2218,8590"
20627,20627,"8421,331,851,11282,10326,1180,4277,8161,9580,4798"
20643,20643,"7063,2140,2291,5303,2264,6515,6971,10608,37,8421"
20645,20645,"6610,1290,10607,4664,11298,10389,4576,11024,5135,12903"
20652,20652,"4277,8421,6220,2218,13296,10326,9072,4798,1978,10916"
20654,20654,"8421,4277,10326,851,331,11843,4798,10916,12990,9580"
20667,20667,"992,9340,11000,2218,11969,1210,2140,9072,2285,1017"
20670,20670,"2218,2343,8235,5495,5532,10835,1978,796,64,8279"
20671,20671,"2140,8562,8421,6971,4798,12990,5303,13296,5532,13346"
20676,20676,"5303,2140,6971,7063,2218,2380,6220,2343,5999,4277"
20694,20694,"6220,1290,13296,2343,11969,4576,8590,2218,544,10326"
20709,20709,"2218,8421,773,10326,6220,5545,5610,4277,9072,7707"
20716,20716,"2140,5303,4413,4798,2218,9799,6971,2380,8421,12990"
20739,20739,"6220,9942,2218,2343,810,3428,1017,9072,11800,1598"
20763,20763,"8608,4388,2343,6971,6220,2218,1290,5999,5532,5303"
20779,20779,"1290,10607,789,6610,5135,9962,4576,11298,7120,3539"
20781,20781,"2380,6220,2218,5303,13296,10835,5199,8235,9799,6971"
20790,20790,"1290,9295,789,3539,4664,7120,10581,2343,5135,11775"
20792,20792,"8421,4277,331,1180,11282,2140,1776,10326,5303,6515"
20797,20797,"2140,2380,6971,2218,4413,5303,6220,9799,1478,7707"
20811,20811,"6220,2343,9942,2218,5199,13296,3950,2140,5532,3870"
20821,20821,"11024,11298,6610,10389,1851,12903,3238,13431,3222,4024"
20830,20830,"8421,2218,4277,6220,2140,10326,5545,3950,4798,5303"
20861,20861,"2343,6220,2218,5199,2537,5545,8608,4388,9942,7707"
20878,20878,"3870,8015,8071,7707,3799,8188,2218,9454,13310,5495"
20891,20891,"7024,8235,2218,6220,5875,89,2343,7707,10835,7792"
20895,20895,"6220,2218,5545,1478,7707,13296,4277,8421,5303,8562"
20901,20901,"2140,8421,4277,2218,5303,12990,4798,6971,6220,10326"
20908,20908,"4277,9072,2140,2343,2218,10326,7063,5303,8421,11969"
20928,20928,"1290,9295,11775,10607,4664,10581,7120,3539,8714,11024"
20945,20945,"6220,5545,13310,3428,11969,7707,1017,4277,3275,4414"
20971,20971,"2218,4277,13296,2140,6220,5025,8421,8562,10326,4798"
20979,20979,"2218,4277,2140,5303,13296,6971,8421,7707,5545,2380"
20982,20982,"2218,6971,6220,5303,2380,2140,4277,5545,4798,9799"
20991,20991,"2140,5303,4798,9799,2380,12990,8421,6220,8562,13296"
20998,20998,"6220,2218,13296,5545,8421,4414,2343,3428,1598,7707"
21006,21006,"3950,2140,4798,5999,8562,8421,6971,1912,4117,8590"
21018,21018,"2140,8421,6515,8161,5303,851,4798,1634,11282,331"
21028,21028,"12470,9942,2343,6220,8188,11800,3509,13306,13112,3799"
21041,21041,"8421,4277,2218,10916,6220,12857,13296,811,11843,4798"
21042,21042,"2218,6220,3428,5545,3950,1978,3799,3870,9942,4602"
21064,21064,"1290,9962,7120,13309,4929,10663,296,9866,2916,3697"
21075,21075,"2343,5199,9693,6795,4117,6834,5532,8671,2537,2903"
21078,21078,"2218,5303,4413,8421,6971,13296,2380,2140,1478,8562"
21081,21081,"6220,8235,5545,5495,2218,7707,10835,2343,89,1978"
21084,21084,"2343,6220,2218,9072,5303,544,4277,6971,11969,1290"
21089,21089,"4277,8421,331,10326,851,10916,11843,2140,12990,1180"
21112,21112,"7707,6220,2218,5545,8188,9942,12606,4414,13296,13310"
21126,21126,"4413,3950,6220,1478,3870,9729,9942,8421,7723,1598"
21129,21129,"1290,9295,3539,7120,11775,10581,789,4664,10607,6812"
21130,21130,"13110,3428,6220,3870,64,9942,5545,3509,8681,7707"
21137,21137,"6220,2218,5545,7063,3428,2343,9942,1978,3870,5199"
21149,21149,"11622,8562,3870,6220,3950,6326,13296,7707,1598,2140"
21152,21152,"2343,8608,2218,6220,6834,4388,2537,5532,9693,6795"
21177,21177,"5532,12470,5495,2218,4117,8608,2343,8505,5999,2822"
21191,21191,"6971,7120,12030,4387,4929,5573,10663,12497,6243,8922"
21200,21200,"8421,4277,2140,10326,11843,5303,331,12990,9580,4798"
21204,21204,"2218,9178,11000,2140,2343,13346,9072,652,1210,7707"
21221,21221,"6220,2218,13296,7707,5545,6971,2380,5303,4413,9799"
21228,21228,"5819,2380,2140,2218,8235,8562,8452,5303,4798,3055"
21249,21249,"2343,2218,6220,8608,2140,9072,4277,544,5199,5303"
21256,21256,"6395,4947,6220,3515,5303,5124,2199,3870,4698,11396"
21261,21261,"6220,8421,8562,3950,3870,2140,2218,5545,4798,13296"
21279,21279,"6220,2218,2343,6971,13296,4277,10835,5199,5303,1290"
21282,21282,"10102,4688,420,3222,4216,2709,12615,2957,9730,4163"
21305,21305,"4277,8421,6220,10326,4798,9072,2218,10916,13296,1017"
21307,21307,"11000,350,1017,1978,4277,10326,992,9340,4798,5025"
21315,21315,"6220,1017,13110,3428,2343,9942,2218,11969,9800,3992"
21342,21342,"6610,4664,4576,8714,10607,7120,2989,11024,11298,11775"
21347,21347,"2218,6220,2343,2140,5303,2380,13296,8562,10835,5199"
21357,21357,"7707,6220,2343,5545,11969,64,2218,7792,3870,544"
21358,21358,"2140,8235,5025,7063,5199,6971,5303,220,1978,11000"
21368,21368,"5135,789,9295,9962,1290,2885,11117,13309,3697,7120"
21372,21372,"6220,2218,5545,1978,3428,4277,7707,1210,13110,1328"
21373,21373,"4277,9942,3428,350,1978,6220,11969,1210,13110,9072"
21383,21383,"7120,4929,10663,296,6610,2916,10607,12497,10389,6243"
21393,21393,"2218,6971,6220,5303,2380,2140,4277,5545,4798,9799"
21415,21415,"1290,7120,9295,3697,12030,5135,4929,11117,789,6971"
21421,21421,"6220,2218,8421,2140,9072,13296,2343,11000,9942,5303"
21433,21433,"2218,6220,7063,2140,4277,8421,13296,2343,4798,5303"
21449,21449,"2343,2218,9072,6220,1210,13112,1978,9938,5199,9341"
21483,21483,"6220,5545,2218,9942,3428,7707,544,13296,4414,2343"
21488,21488,"9482,6150,2285,1516,2290,6952,9916,8092,9178,2436"
21518,21518,"5155,11001,652,2897,64,350,1210,2436,11000,9178"
21528,21528,"2218,6220,7707,5545,5495,13296,9942,8562,2343,5199"
21536,21536,"1290,7120,4664,9295,544,10663,2343,10607,4929,4576"
21585,21585,"6220,7707,9942,5545,13296,3870,4414,544,2218,11969"
21598,21598,"8235,7024,2140,5875,10835,8922,89,6971,7063,7707"
21602,21602,"2343,5532,8562,2218,8421,810,9072,1978,6220,2140"
21604,21604,"11000,5199,6433,5303,7197,7063,4277,810,5610,11384"
21626,21626,"3950,4413,13296,8562,7723,10326,2990,5532,12606,8636"
21636,21636,"6220,2343,1978,11969,1210,2218,13110,3428,9365,9942"
21649,21649,"7120,4929,3697,10663,4387,12030,12497,6243,9295,2885"
21650,21650,"6487,2436,8071,2285,9178,9365,7383,2281,9025,8188"
21655,21655,"1290,10607,6610,11024,4576,7120,10389,4664,11298,12903"
21662,21662,"1290,4576,6610,7120,10607,10389,11024,4664,11298,10137"
21681,21681,"1290,9295,7120,5135,10607,3539,4664,3697,11298,11775"
21686,21686,"4277,350,1978,1017,6220,1210,8421,11969,9341,10326"
21699,21699,"5545,2218,7707,6220,8235,7792,5495,3870,13110,12606"
21702,21702,"11298,10607,1290,6610,11024,4664,4576,12903,5135,10389"
21709,21709,"6220,4413,5303,5545,2218,13296,7723,3870,3950,8562"
21718,21718,"8421,12990,4277,4798,11843,3950,1996,12857,7197,11000"
21719,21719,"4277,8421,2140,851,12990,11843,10326,331,4798,9580"
21724,21724,"8421,10326,4798,331,12990,11843,2140,6220,10916,851"
21741,21741,"11298,11024,83,1851,3238,12903,13431,12096,10389,10607"
21746,21746,"83,2957,1851,4163,10674,9732,1558,3238,4216,13431"
21751,21751,"2218,2140,811,5610,1598,2169,5177,8562,11000,7899"
21754,21754,"4277,8421,2140,4798,10326,6220,12990,11843,1017,331"
21768,21768,"2140,6220,5303,4277,6971,2380,13296,2218,8421,10835"
21775,21775,"7707,5545,8188,12606,6220,2218,3487,6659,12470,7383"
21781,21781,"11024,11298,9732,4576,2989,10389,12995,1851,6610,4024"
21789,21789,"1290,6220,4576,4664,544,6610,10607,13296,7120,11298"
21795,21795,"5532,5999,10835,8235,5199,2140,4199,4117,3950,8562"
21812,21812,"2218,5495,6220,2343,12470,5532,9942,10835,5199,13296"
21814,21814,"8421,2140,4277,5303,6971,851,331,10326,11843,12990"
21820,21820,"11622,2140,3950,4798,8421,4117,5999,11751,10916,5303"
21827,21827,"8421,4277,6220,2218,5303,2343,2140,12990,5199,13296"
21838,21838,"6220,7707,13110,13296,2218,2380,2343,8562,2140,560"
21855,21855,"8235,2343,7024,7707,7063,2771,9365,8015,3509,5875"
21881,21881,"6626,1788,12378,11635,4277,2867,9340,8421,11572,220"
21884,21884,"8421,2140,5303,4798,4277,331,851,10326,9799,11843"
21889,21889,"1290,7120,3697,10663,789,4929,12497,5135,12030,9295"
21896,21896,"2140,11000,220,4277,12990,8421,1634,9340,4798,11843"
21902,21902,"8421,4277,331,4798,2140,1776,10326,11282,1180,12990"
21916,21916,"4277,8421,1978,9072,10916,1210,10326,350,992,2218"
21927,21927,"1290,7120,9295,11298,3539,5135,10607,10581,789,3697"
21938,21938,"4277,8421,5303,10326,2140,851,12990,1290,6971,331"
21948,21948,"6220,13110,1017,9072,7707,11969,4277,7558,1978,3428"
21952,21952,"9295,1290,11117,789,2885,12030,2218,7120,3697,3539"
21954,21954,"2343,6220,5999,5199,2218,10835,5303,2140,8590,6971"
21955,21955,"3428,1210,4277,2343,6220,9178,992,9341,13112,10658"
21978,21978,"2218,7707,8188,12550,6220,12606,7024,7792,5545,9942"
21983,21983,"2343,8714,10607,1290,10581,544,11298,4664,11775,9730"
22004,22004,"1290,2140,2218,6971,6220,13296,544,4277,7120,2343"
22007,22007,"1290,9295,7120,11775,8714,10581,4664,10607,11298,11024"
22014,22014,"8235,7024,12470,12541,5866,11403,5532,5495,5875,89"
22020,22020,"6220,2218,13296,8421,4277,2343,9942,9072,2140,5303"
22052,22052,"8421,4277,331,1180,2140,10326,4798,11282,8161,12990"
22056,22056,"13110,2343,1017,9365,6220,7063,3428,1978,11000,3992"
22064,22064,"6220,7707,2218,4413,3870,9942,13296,5545,7723,2343"
22072,22072,"11969,13110,1210,1978,1017,11001,7707,544,9341,7136"
22074,22074,"2140,8421,2218,6220,4277,3950,4798,10326,13296,5303"
22102,22102,"13110,6220,3870,9942,5545,8071,4414,7087,2497,7707"
22110,22110,"3870,6220,9729,5545,1598,4414,2218,13110,7707,13296"
22111,22111,"4277,8421,2140,1978,4798,6220,12990,9072,811,10326"
22119,22119,"6220,1290,8235,2218,6971,8590,2140,89,13296,5303"
22125,22125,"3950,2218,8562,6220,8421,4798,12990,1978,2140,13296"
22150,22150,"4117,11357,6971,4053,10835,8235,2822,5303,2343,8590"
22151,22151,"1290,7120,9295,3697,12497,4929,10663,12030,4387,2916"
22154,22154,"1290,7120,4929,12030,10663,4387,6243,8703,9668,3697"
22213,22213,"6220,5545,2218,7707,13296,3870,9942,4414,13110,13310"
22256,22256,"11969,3428,9072,10658,6220,2218,13112,12085,2343,544"
22258,22258,"2140,10462,2291,6971,5303,6515,5999,3950,2789,7063"
22265,22265,"4413,9799,6220,2380,8562,2140,13296,1478,5303,2218"
22279,22279,"6220,13296,2140,9799,6971,4413,5303,8590,2218,2380"
22280,22280,"6220,2218,544,1290,7707,2343,8590,2140,6971,4277"
22283,22283,"4576,11024,3464,11298,11918,2989,11775,10607,7047,3238"
22286,22286,"6220,2218,7707,3870,5545,8562,9942,4277,5495,13296"
22288,22288,"6220,2218,2343,13296,6971,544,1290,8608,5303,8590"
22321,22321,"6610,4576,11024,1290,11298,10607,10389,12903,4664,10137"
22336,22336,"2140,8421,4277,5303,6220,8562,12990,3950,10326,3870"
22344,22344,"8421,2140,4798,8590,851,10326,6971,12990,5303,12857"
22353,22353,"10107,9482,13111,6640,2770,5901,8270,632,8540,6952"
22356,22356,"3697,4929,9295,5135,3539,6811,2916,10607,10581,6243"
22387,22387,"2140,8421,4277,5303,12990,10326,6971,13296,2218,8562"
22427,22427,"7637,8703,8235,3562,5149,9564,2020,6971,1487,4250"
22428,22428,"5135,9962,9866,1290,10336,7817,7120,3323,9295,3886"
22449,22449,"6610,11298,10607,11024,1290,4664,10389,12903,4576,83"
22452,22452,"6220,11024,3487,7707,3222,8607,6610,4576,11969,544"
22460,22460,"2957,4163,1558,83,1851,3722,4688,12096,9732,10674"
22467,22467,"8421,10326,2218,9072,6220,4798,9938,12990,10916,851"
22480,22480,"11024,3222,9295,12903,1290,7679,4664,3539,10674,6610"
22481,22481,"5303,2140,7063,4277,8421,6971,2218,6220,2380,12990"
22484,22484,"11726,1788,8746,11572,3950,5700,2789,3317,10462,4436"
22489,22489,"2343,9693,6795,6834,5532,2537,5866,8608,544,1290"
22502,22502,"2769,3464,2957,83,4163,7679,4216,12096,1851,1558"
22510,22510,"11298,11024,6610,10389,4576,10607,12903,10137,2989,9730"
22511,22511,"6220,7707,2218,2343,1290,5545,13296,544,8590,9942"
22514,22514,"4277,8421,6971,5303,2343,6220,2140,2218,10326,9072"
22520,22520,"4387,12474,5573,5675,10322,1132,12559,12030,6133,4083"
22546,22546,"2140,5303,6971,12990,8235,5025,5999,3055,8562,7063"
22551,22551,"2140,2218,6220,3950,8562,4798,7707,3870,5545,1978"
22582,22582,"9295,11775,11024,11298,2989,1851,10581,3222,2709,1290"
22595,22595,"6220,2218,7707,5545,13110,3428,4414,3870,13296,9942"
22597,22597,"13110,7707,6220,3428,5545,9178,2281,3870,9800,6641"
22605,22605,"9341,810,9072,10658,13112,9178,1017,12470,652,11000"
22618,22618,"2218,6220,2343,1290,8590,544,13296,6971,7707,10835"
22641,22641,"12156,4277,6626,992,1210,1017,3430,8421,9072,350"
22645,22645,"1017,4277,992,10658,1210,9178,9341,11001,9072,811"
22660,22660,"6220,2218,2140,3950,13296,4277,5545,8421,4798,1978"
22666,22666,"8421,2140,2169,5303,10340,8161,8562,1223,851,331"
22674,22674,"7120,4929,296,2916,12497,6243,10607,4664,6610,4576"
22678,22678,"1290,7120,10607,4576,296,4664,11298,9295,8714,5135"
22697,22697,"1290,9295,10607,8714,4576,7120,2218,2343,6220,11775"
22698,22698,"2218,6220,5199,2343,5532,2380,10835,3950,13296,2140"
22705,22705,"6220,13296,1290,6971,2218,7707,5545,5303,9799,4576"
22710,22710,"4277,9178,9072,9340,9341,8421,11000,2218,6220,2140"
22714,22714,"8235,8922,4117,5999,2218,11622,10835,8590,6971,3950"
22715,22715,"6220,2218,2343,9942,5545,2140,5199,5303,13296,12665"
22720,22720,"1978,1210,2218,6220,3428,4277,992,9072,9942,13112"
22734,22734,"2140,6971,2218,6220,5303,7707,2380,4798,8590,4277"
22735,22735,"2218,5303,6220,2140,10326,8421,4277,6971,8562,2380"
22736,22736,"2140,6220,2218,5303,3870,4798,5545,3950,12857,4277"
22747,22747,"7707,6220,1290,12723,11969,11024,2989,779,2140,1863"
22748,22748,"7637,9668,4698,9937,2020,5549,5149,9799,6166,6971"
22759,22759,"6220,2218,7707,13110,5545,2343,9365,3870,3428,13296"
22761,22761,"5999,6971,2140,5303,2218,5199,2343,10835,8590,12026"
22774,22774,"6220,5545,2218,7707,9942,3870,64,544,13110,3428"
22783,22783,"7707,6220,2218,7706,5545,779,13296,3870,10429,1863"
22830,22830,"9942,9178,12085,64,2343,13112,3428,6220,13110,9072"
22831,22831,"7120,10607,296,4929,10663,4576,5135,2916,4664,789"
22846,22846,"6220,8421,5303,6971,2140,13296,2218,1978,5545,10326"
22850,22850,"10147,3737,7856,12762,5135,1290,789,10202,13309,9962"
22883,22883,"2218,4277,10326,8421,5025,13296,11000,8562,6220,4798"
22887,22887,"6220,5199,5999,10835,2218,9693,4388,8608,6834,4117"
22893,22893,"2218,6220,9942,13296,12470,810,8562,5545,7707,9938"
22905,22905,"6220,2140,2218,13296,7707,8590,6971,9072,1290,8562"
22923,22923,"2140,8421,5303,4277,2218,6971,4798,7063,11843,10326"
22956,22956,"4277,7197,3950,1788,11000,10326,12156,11843,851,1210"
22964,22964,"6220,1863,7706,13296,5545,5976,12606,779,2218,4413"
22972,22972,"2957,1851,4163,83,1290,11298,10607,10674,1558,11024"
22985,22985,"2140,5303,8235,5819,2218,8922,3088,4798,6971,9668"
23011,23011,"4277,992,9072,1210,9938,10658,2897,1978,1017,9341"
23027,23027,"11024,2769,7047,12903,83,2709,11298,3222,1851,13431"
23036,23036,"6220,2218,5545,13296,9942,3870,7707,4414,544,8562"
23038,23038,"4277,2218,6220,8421,13296,9455,4798,10326,10916,8562"
23046,23046,"789,4929,5135,1290,10663,5303,2885,8590,7120,12030"
23051,23051,"1210,2343,11000,992,9072,7867,9341,9178,2140,2218"
23057,23057,"6640,6150,10732,10974,13383,4465,10739,6060,9482,9776"
23062,23062,"2957,4163,1558,1851,2709,3722,13431,4688,12096,9732"
23069,23069,"6220,5545,8421,3870,3428,4798,13296,8562,4414,5610"
23078,23078,"6220,2218,7707,2343,8188,5545,9942,1978,3799,13296"
23113,23113,"11622,2218,4117,5999,5199,8235,10835,2140,8562,6220"
23121,23121,"9295,1863,4036,3222,7706,11992,1290,11117,4576,5142"
23123,23123,"8421,4798,10326,851,2140,4277,10916,11282,12990,331"
23136,23136,"2140,5303,2218,2380,9799,6971,6220,7707,4413,3055"
23138,23138,"3950,2140,6971,5303,2905,9799,454,1788,8590,1408"
23140,23140,"2218,6220,7707,5545,11969,8188,13296,7792,544,9942"
23170,23170,"2218,4277,1978,6220,13296,8421,4798,2140,12990,10916"
23173,23173,"2218,6220,13296,7707,8590,2380,5545,5532,1978,2343"
23179,23179,"2343,9072,6220,11969,4277,2218,1210,544,992,9341"
23196,23196,"4277,2343,6220,8421,2140,9072,1978,2411,5199,5485"
23199,23199,"2343,2218,12470,13112,5495,6220,8608,5532,64,3428"
23216,23216,"2140,11000,7707,7063,2218,9178,992,220,12793,5025"
23226,23226,"13112,9942,3428,9178,2218,9072,810,5532,8562,6220"
23233,23233,"6220,2218,5545,3870,13296,4414,7707,1978,9942,8562"
23253,23253,"8235,2343,5199,10835,6971,2140,6220,4117,5999,2218"
23281,23281,"6220,13296,5545,2343,7707,6971,1290,9072,13310,5303"
