ID,user_id,item_id
12,12,"331,7515,7128,12875,6515,4974,6513,2158,3781,8562"
14,14,"12030,7637,4698,9937,9668,1400,6971,2020,10332,12622"
17,17,"6402,8540,3698,4256,11395,10974,9817,711,7763,7878"
21,21,"13296,5964,8562,12404,5545,4277,3870,2158,1426,9234"
44,44,"12995,7864,1576,3721,8589,13431,5934,11896,7553,9399"
55,55,"6971,331,2140,10326,4798,5303,8590,8421,12990,2218"
56,56,"2238,6971,11289,8922,9799,2380,1100,5999,10835,12665"
58,58,"12404,331,7197,9340,6128,4525,13257,4277,4974,837"
59,59,"2218,12404,9942,5303,4413,13296,8562,3870,10835,5545"
79,79,"8235,1746,1598,4413,454,8562,8018,10546,6326,8413"
81,81,"8235,1746,8018,13367,1598,454,4438,10546,4413,8562"
85,85,"2140,5819,2990,6326,454,1634,3950,7024,6515,8235"
92,92,"2990,8235,1746,1598,8018,4413,10546,8562,6326,13367"
97,97,"6971,3950,2990,5999,2199,9504,10340,10326,454,2822"
100,100,"4277,4525,217,11396,11000,6513,7197,2158,4623,11572"
112,112,"769,7922,2940,1788,4692,11726,11572,618,2370,4623"
122,122,"851,331,11282,1180,10916,4798,4277,8161,11843,837"
133,133,"10974,7878,8257,4256,8540,10732,6659,6640,3987,4684"
141,141,"5149,8981,5976,7706,1983,8608,9564,8475,7064,4266"
144,144,"6220,1290,2218,1863,7491,5866,8562,13296,8590,4277"
149,149,"8775,2769,12447,11337,5105,9482,1213,247,1126,7047"
153,153,"2140,5303,8562,1421,2218,6971,10326,2380,4798,11384"
166,166,"2140,1746,8235,1598,8018,4413,10546,13367,454,8562"
220,220,"5999,10326,2343,11282,4277,12990,12385,8562,11572,1328"
231,231,"5545,1426,5495,9942,7644,8188,350,9025,1323,992"
262,262,"7120,12497,5608,8922,4798,1132,4387,11214,5573,8590"
274,274,"1863,13296,8562,7558,6220,7948,13090,8445,3870,810"
277,277,"6971,4679,9799,12680,4277,10529,2140,13296,13309,7474"
281,281,"3697,2885,1290,9295,11243,8554,7120,10530,6811,13348"
291,291,"8235,454,1746,8018,1598,13367,8562,4413,10546,6326"
300,300,"13296,2140,4277,544,331,1978,2380,12665,2218,9799"
310,310,"2228,2905,11407,2007,13090,11000,7063,3545,10881,13249"
332,332,"4413,10340,8235,1746,8018,1598,13367,10546,6326,454"
344,344,"11396,8019,10473,7723,3317,796,11726,11572,12584,10841"
359,359,"11024,10607,4036,8475,1863,2784,3539,3998,179,2391"
380,380,"7041,782,5884,9908,7742,9195,4264,7465,1361,13387"
386,386,"3317,11960,3870,796,4118,5964,1426,10835,13296,9826"
426,426,"5999,931,1598,11289,1978,4053,2567,4117,4199,9560"
436,436,"4277,331,9799,6971,8421,2140,3275,5199,9982,13014"
453,453,"3950,6326,682,5875,5292,13302,12232,12680,12793,3428"
461,461,"7120,789,4929,9962,10663,12497,6243,296,8567,13309"
464,464,"8714,1453,13310,652,5514,7922,9917,9732,9025,969"
473,473,"598,9482,3520,11162,5514,6299,12447,11337,10221,769"
481,481,"2140,5999,5545,1598,8562,11289,6326,8235,2343,3950"
490,490,"1746,8235,8018,1598,4413,13367,10546,8562,8413,6326"
494,494,"2218,4414,5545,4266,1202,3799,3428,131,3870,9908"
497,497,"1290,7120,10663,4277,8714,1244,13309,4929,5135,3697"
510,510,"8188,1323,9917,7922,9025,11038,341,7236,12417,1079"
511,511,"7462,2362,12138,4786,3506,4974,5610,2958,5293,1868"
512,512,"8562,4602,2990,5545,3950,1598,12232,11289,2158,12253"
524,524,"126,6704,12666,9685,13432,8525,1270,1016,5142,4215"
525,525,"4305,1323,4118,4453,9182,1978,1692,7182,8894,7814"
545,545,"4798,6128,8161,12857,10916,220,7833,13257,8421,6515"
560,560,"11282,7197,4525,10326,1328,331,1978,4025,10063,11495"
564,564,"10326,2140,4277,6971,8421,12359,4322,2291,9880,4525"
566,566,"6220,5303,3950,2140,8562,4798,8590,11540,9733,1746"
568,568,"1328,8421,4025,4277,9455,6442,1978,2771,7197,1323"
570,570,"5976,9374,9564,1156,3122,9748,1669,589,5386,1779"
573,573,"6515,6326,3950,2990,682,12232,8562,10124,2158,454"
594,594,"1426,1254,11661,6513,2325,8361,10993,11520,8916,3870"
601,601,"8590,8562,6220,2218,3870,13296,5545,10835,1598,5866"
605,605,"1996,2199,11357,4053,1408,785,2905,9504,3035,5999"
641,641,"2771,11661,3112,3799,64,217,1323,1433,8188,8607"
650,650,"652,5964,350,12404,9826,13028,2645,4518,4118,3112"
675,675,"12606,13296,2343,8562,5976,6220,7707,5495,9570,3467"
677,677,"9962,789,13309,1290,7120,3697,9866,6811,9405,9837"
679,679,"8562,6220,2343,5545,1863,13296,2218,6971,5866,10607"
683,683,"9895,1195,10658,12085,5703,598,8540,1574,9138,8188"
687,687,"4388,4798,10916,544,8590,1290,5545,8714,7120,1421"
705,705,"4163,797,1558,4216,12335,4838,238,2957,7063,37"
708,708,"6610,1779,6576,1290,7120,10663,296,6243,10607,2916"
712,712,"5835,9504,1833,4499,13249,10326,1035,10792,11000,8083"
715,715,"469,10954,2629,8041,13094,4463,3029,3769,2149,1242"
728,728,"1290,7120,6220,5545,544,8590,5866,4277,13296,10607"
743,743,"5545,5532,11784,8235,1746,8018,1598,4413,13367,454"
753,753,"5545,3870,6220,4414,1937,4007,3950,9729,2497,811"
757,757,"8421,10326,9580,4798,4277,8590,2140,5303,5999,2218"
768,768,"7558,3870,8483,11800,7079,1937,6925,7652,13346,2645"
797,797,"9786,682,8746,7303,3950,10915,12029,13367,12232,107"
813,813,"4205,10332,7637,2847,13228,5149,1078,6938,12663,8703"
832,832,"2218,10607,2537,2343,9799,9356,4277,13296,10389,5532"
833,833,"13296,13110,9942,8188,6314,7725,9826,5545,3870,13436"
844,844,"12152,9942,4414,11661,7792,1049,12253,3967,5669,1669"
858,858,"11357,4525,5775,6096,6788,7814,7197,649,5196,7182"
874,874,"9580,11726,11284,8562,1788,13257,4798,11572,13150,10326"
875,875,"9410,992,8188,4012,10288,1370,1478,9025,9942,4118"
892,892,"453,3274,12566,7707,13005,1459,8995,383,6509,9558"
897,897,"8562,3950,3799,3317,6091,9786,7707,8505,782,3428"
912,912,"6220,12606,7792,3947,2990,2019,11006,3967,4946,4838"
924,924,"5976,1863,7707,2343,10802,2537,779,4327,3487,1669"
926,926,"1863,6220,11675,13296,2218,13377,7892,4036,89,5976"
933,933,"7653,3365,981,12085,11543,8188,4928,7933,8557,9970"
944,944,"2567,931,10835,10082,2497,9799,7723,11622,4633,13045"
951,951,"6971,5303,12779,9799,2140,5999,2380,11000,10326,4277"
974,974,"3509,8188,8092,6489,12775,5811,64,933,10680,11815"
1010,1010,"7341,9306,5436,2065,6648,5946,37,165,8693,7655"
1013,1013,"7024,1326,13191,7289,1432,6089,12888,5622,12632,2943"
1016,1016,"3870,1323,5502,4118,5866,4602,5545,2497,13110,2989"
1023,1023,"2140,12665,4430,9799,2218,1100,6971,13191,7723,4698"
1035,1035,"5303,9799,10326,6971,2140,4277,4865,7487,13296,2380"
1046,1046,"1863,633,1576,12538,11117,28,10607,4036,1453,7856"
1051,1051,"1863,9570,6834,11024,5420,9693,8188,2501,10537,12253"
1057,1057,"10326,8161,11282,12779,220,851,8575,4315,7197,6515"
1064,1064,"6971,4387,6660,12030,2286,11243,5573,1290,5303,12133"
1080,1080,"12990,6971,9880,10326,11396,976,5303,5999,4321,8707"
1089,1089,"4117,3275,12085,5775,7835,10446,1254,6198,9014,9846"
1090,1090,"10122,37,2065,13294,7341,10899,4838,7063,2633,4937"
1103,1103,"8421,12990,1180,10326,1996,8161,851,331,10138,2158"
1123,1123,"9646,11569,12184,11117,2339,5962,2885,65,1863,12021"
1134,1134,"2228,8562,8300,13249,769,11000,992,9025,2065,618"
1136,1136,"3950,1978,350,3870,7280,12646,9729,5977,5545,454"
1139,1139,"779,13436,5976,1863,11675,2327,1669,1983,10802,8445"
1154,1154,"9942,4414,2903,341,4118,8714,1426,2989,544,4277"
1169,1169,"6971,5545,6220,7707,4277,12665,544,13110,5866,10835"
1173,1173,"2218,89,12026,6971,8922,5149,6892,6220,7723,8562"
1178,1178,"1254,1426,13112,350,8188,9179,4077,5881,9014,4118"
1190,1190,"6971,4101,2140,10241,3106,5303,7487,7948,2220,8452"
1205,1205,"12575,11696,2966,3799,1273,1049,10785,11661,64,2305"
1217,1217,"10674,10607,4036,11024,11298,9730,11918,13370,4576,83"
1218,1218,"89,2343,10607,8608,11024,4036,12253,6834,1863,11298"
1230,1230,"4053,4117,2822,1978,9799,931,1598,2238,4388,2494"
1250,1250,"9234,9846,5147,13005,6144,2502,9767,7923,4453,9719"
1252,1252,"8188,9025,4012,4859,1370,5495,961,11963,10914,12417"
1276,1276,"9942,11800,8018,8156,350,4637,1049,1937,64,10224"
1279,1279,"1290,7120,789,10663,3697,5135,13309,1977,4929,11846"
1281,1281,"981,1118,4077,12397,3368,7897,716,1020,711,1948"
1288,1288,"9786,5495,13249,11396,11010,5022,3950,13346,4053,854"
1305,1305,"10648,1290,10607,83,11298,1556,10389,4036,8635,11719"
1320,1320,"5999,782,2537,2881,1045,443,13072,9908,3799,7014"
1321,1321,"4199,5545,1978,931,12668,11289,2238,12680,3428,10063"
1328,1328,"9942,2989,11024,9730,2497,11127,290,11520,1323,11056"
1343,1343,"4798,2291,851,8421,331,11282,6515,11843,2140,12875"
1345,1345,"3870,7079,7792,13310,1323,3428,4118,10595,6925,12775"
1374,1374,"4576,10648,10607,4028,11024,11298,9732,10137,8714,4036"
1410,1410,"4036,8525,2784,12207,9567,3088,1012,7471,11923,2774"
1414,1414,"851,1408,9504,2905,10916,6128,4525,7833,8161,8421"
1420,1420,"8746,7667,13380,6123,454,7303,5700,107,11289,6687"
1440,1440,"5402,9786,3509,9734,12566,8333,6611,9570,4012,10915"
1441,1441,"8562,2140,1746,8235,1598,4413,454,10546,8018,8413"
1443,1443,"10607,11298,9348,4036,5535,11532,6554,3721,9571,3570"
1458,1458,"1851,8714,4890,12995,1576,4216,83,290,5168,7404"
1492,1492,"1478,7939,7723,454,4090,6982,9504,3888,5532,3950"
1496,1496,"11751,8161,12875,8421,331,1912,851,8043,4315,8205"
1499,1499,"8188,12348,10974,933,9970,7933,11520,12775,10537,8589"
1504,1504,"10607,6610,1290,10389,12373,13370,10581,8254,7120,5969"
1516,1516,"8673,6640,4569,9759,1599,10974,6011,8257,7878,4859"
1523,1523,"4692,2767,6513,4623,448,4525,8714,12796,652,6183"
1534,1534,"162,10739,7496,173,4619,4609,10732,1219,1317,10974"
1539,1539,"4576,10389,4664,10607,2343,4036,11024,2537,8608,6834"
1559,1559,"6971,5303,331,4277,13309,4679,9962,2140,1290,789"
1572,1572,"3428,7024,1017,131,10173,4602,6041,3509,12248,64"
1573,1573,"217,4305,4928,4277,1323,6407,8188,3799,4118,13104"
1601,1601,"6971,1290,6610,6220,10389,544,8254,7707,4388,10429"
1603,1603,"5177,5700,5317,7503,8082,13399,9786,12566,7079,11147"
1604,1604,"6580,6151,6849,11520,1118,810,9846,2076,8257,3033"
1613,1613,"8254,10137,10389,10581,13370,2989,6610,10607,11024,9960"
1634,1634,"4576,9942,2989,1007,8607,8714,11918,1017,640,5866"
1642,1642,"4947,3950,11784,454,6091,1957,11396,3317,2567,9443"
1643,1643,"1863,4036,10777,85,4576,11143,7856,12207,10090,2591"
1654,1654,"2218,8922,4277,2990,4266,10326,5545,2140,2343,8562"
1657,1657,"8714,2989,4890,10674,1851,3238,12869,9732,4024,9348"
1674,1674,"6220,7707,13296,12606,6283,1863,2218,12253,9570,4946"
1702,1702,"4388,2218,5999,10326,2343,8562,4277,2140,5303,8590"
1719,1719,"6815,3883,6402,12988,12024,4256,9040,9453,5194,1088"
1725,1725,"1746,8235,8018,1598,4413,13367,8413,8562,10546,454"
1726,1726,"7063,9771,9306,238,37,8300,4877,3064,7558,10241"
1728,1728,"2940,5514,11151,769,598,7922,11019,808,6248,11162"
1735,1735,"8590,6220,6166,9799,1747,13191,6971,5303,3909,3877"
1739,1739,"7120,1290,2885,3697,10663,2916,8302,11569,6243,11117"
1774,1774,"2140,1746,8235,8018,1598,13367,454,10546,6326,4413"
1780,1780,"2158,1328,331,2411,9234,7197,4974,4277,2205,6513"
1799,1799,"2771,217,350,4277,1323,10326,12310,4798,4305,11843"
1813,1813,"9560,4602,2108,8539,8156,12646,6902,12425,9968,13346"
1834,1834,"8221,4482,11396,3317,8636,11784,11405,3799,2199,2990"
1835,1835,"2958,12232,6442,682,8156,3950,9807,2990,607,13249"
1841,1841,"9888,12811,10097,83,4642,11299,6960,6054,4552,10963"
1863,1863,"6220,8235,1746,8018,1598,4413,10546,454,13367,8413"
1878,1878,"4219,4398,7652,11178,453,419,6848,1530,11147,12566"
1879,1879,"4798,11282,10326,4315,331,4277,11288,1180,8421,1776"
1910,1910,"7120,1290,10663,6243,4387,3697,1132,4083,10581,5573"
1911,1911,"8075,5811,453,436,12566,9268,5601,4985,8806,12923"
1919,1919,"8562,9942,8714,4028,2343,5545,9732,11918,11024,4277"
1925,1925,"2957,4163,4216,1558,3722,13280,1851,7047,420,6299"
1926,1926,"7817,290,969,8714,10068,1293,1576,7404,9732,7387"
1931,1931,"1746,8235,8018,1598,13367,4413,6326,8413,10546,7207"
1940,1940,"2140,6971,8590,4798,8421,5303,8161,11751,9098,11282"
1968,1968,"4277,6220,13346,5545,2140,13296,5866,544,11000,2343"
1981,1981,"6971,1180,9602,1996,11384,2218,2140,331,10916,8421"
1992,1992,"2218,9580,2140,6971,12680,8562,4321,7063,10326,1634"
1998,1998,"1746,8235,1598,4413,8562,8018,10546,13367,454,6326"
2000,2000,"6960,5135,789,9837,9962,12254,9684,6811,4973,5142"
2017,2017,"12857,331,6128,851,8421,1180,8161,4525,4974,9234"
2036,2036,"8092,5304,6196,12024,2077,6254,8450,8430,3992,3428"
2044,2044,"11726,8633,4436,13249,8714,4322,1426,11572,3781,12990"
2047,2047,"10607,10389,4664,11918,83,969,4036,4024,9730,7279"
2052,2052,"10201,6883,613,1328,4630,4097,10431,12339,3002,4158"
2055,2055,"6425,5760,7721,10974,7496,87,10739,4609,4641,2251"
2069,2069,"5866,9410,10288,7707,7725,3870,11675,1863,2218,660"
2075,2075,"2771,3799,3428,5545,4414,1254,5861,3870,8562,7707"
2089,2089,"275,10785,811,5177,4025,9942,4305,4692,3870,8051"
2093,2093,"11396,2567,1408,4525,13114,2395,8421,10473,2789,1180"
2127,2127,"10980,10743,11900,3636,12939,10034,6332,5965,12438,5946"
2135,2135,"2940,11518,10732,4256,11019,11395,9076,13202,769,9560"
2137,2137,"2140,8235,1746,454,4413,1598,8018,10546,4438,13367"
2141,2141,"8188,11520,1323,13112,1695,3689,2325,1254,5168,208"
2147,2147,"12995,4216,1558,3998,5168,7937,1851,11938,13127,2957"
2150,2150,"11969,3275,9846,6580,13338,7835,2076,981,2394,9014"
2153,2153,"4012,4077,3870,8505,4946,9942,7558,1273,13028,8188"
2158,2158,"10674,10389,11024,7279,4664,11918,2957,12096,8714,8650"
2178,2178,"8562,7063,11572,37,1788,8300,13346,11726,4838,2065"
2180,2180,"10974,6425,5760,10732,12458,7047,7721,4935,9274,162"
2181,2181,"7279,179,6053,5514,6613,11024,8490,9935,10021,10974"
2193,2193,"9562,4466,1245,6238,10207,2422,221,9209,8197,2143"
2216,2216,"4974,2158,4277,331,10326,1180,12990,10916,4525,8562"
2224,2224,"1254,8361,12575,12861,4077,3365,7653,10446,2559,13112"
2231,2231,"7707,8562,9942,1863,2218,10288,7948,8633,13296,6925"
2242,2242,"8714,4028,9732,8607,1576,10137,2537,10607,11969,1091"
2243,2243,"5999,5545,2822,1328,5532,2506,2903,1598,8421,5502"
2247,2247,"11635,12414,6626,7383,4985,12378,12156,4213,4026,719"
2262,2262,"4576,10607,6610,8714,2989,10137,11024,10389,8254,9348"
2271,2271,"4576,8562,1863,5545,7707,8608,2343,13296,4388,9730"
2284,2284,"4012,9942,8562,4946,9264,1841,13150,6220,5495,2645"
2287,2287,"5819,454,9886,8235,12680,3950,6326,1872,3340,7024"
2291,2291,"4277,10326,5303,9799,11384,6971,8562,2140,8590,331"
2293,2293,"6128,11495,275,8633,3112,6560,13257,12404,12302,7503"
2294,2294,"6971,2218,7138,8562,6220,13296,4277,5545,4865,10529"
2301,2301,"9942,8714,11969,12152,4414,4890,4077,10674,6626,2903"
2310,2310,"4277,10389,5866,4388,8254,6610,5969,3998,2343,5782"
2341,2341,"5303,8590,1290,12990,6971,2140,8922,10326,4798,9799"
2345,2345,"83,12909,8589,3721,7679,2769,9732,5251,5480,12995"
2348,2348,"10607,1290,3697,6243,7120,10663,12497,9295,1132,1851"
2349,2349,"11495,4865,12990,773,7197,5964,4277,4117,7138,8562"
2350,2350,"6971,2140,4277,5303,4798,5025,544,8590,12404,1421"
2355,2355,"8421,1180,10326,4974,331,4277,7197,10916,13346,2158"
2383,2383,"4525,3143,4025,217,1328,331,7197,4277,9455,2158"
2393,2393,"9306,5946,13214,12871,9771,2291,4877,8402,7504,7439"
2399,2399,"7120,4929,10663,3697,6243,296,12497,9295,8567,1400"
2421,2421,"4602,11800,1661,1978,11572,3829,652,9560,11951,10105"
2435,2435,"8188,341,1254,9942,6973,10537,11520,13336,11024,5669"
2448,2448,"2218,12359,4277,2537,217,11384,2343,5025,4388,8633"
2452,2452,"4083,1132,5675,4387,3737,6733,633,10202,7856,4286"
2464,2464,"7707,1478,5532,3870,10835,5545,3950,9410,5502,7939"
2470,2470,"12232,2958,7303,6442,682,4321,9836,8870,8300,1872"
2478,2478,"9799,1100,2789,2567,12579,931,4430,11795,2979,7024"
2506,2506,"3799,3870,11006,9786,12368,9983,9908,7079,1742,8505"
2523,2523,"7289,4602,2181,3016,2943,8235,131,7708,10124,7179"
2527,2527,"4083,6846,9646,12184,6660,11243,10322,8994,6003,3779"
2528,2528,"8562,5545,10835,3870,2218,5532,4413,7723,13296,1598"
2530,2530,"9262,10914,6751,11019,8301,12295,6626,3015,992,1017"
2533,2533,"8235,1746,1598,4413,454,8018,13367,6326,7207,10546"
2540,2540,"4602,11800,6091,8156,8300,931,6198,9449,1572,12310"
2558,2558,"5999,3888,2238,8562,10608,10835,5532,2218,6123,265"
2559,2559,"2541,3887,7325,6815,13383,10720,8911,1599,5194,632"
2592,2592,"6971,10326,8421,2218,2140,2380,5303,6220,7138,13296"
2599,2599,"331,8018,716,8562,7515,11800,1908,13346,12680,6220"
2608,2608,"5545,341,8562,131,1323,3870,12163,6925,11056,660"
2613,2613,"83,12615,7279,8947,5480,9399,420,11743,9517,1542"
2616,2616,"6971,2140,8922,5999,6326,2990,8235,4413,7723,9580"
2617,2617,"11001,328,5189,968,8839,11019,12532,3888,7504,1779"
2619,2619,"12249,1118,4239,2469,9734,11099,1020,598,2426,10736"
2622,2622,"10727,5480,13196,10186,83,13280,420,9399,1922,3916"
2629,2629,"7120,1290,10607,4036,4286,9348,8590,10581,4929,10389"
2648,2648,"10648,4036,8475,10389,11719,6610,2391,4958,9398,5672"
2654,2654,"2140,8235,8922,7024,9668,1156,6474,5875,4430,7578"
2668,2668,"11298,5976,10802,1669,13377,3487,3542,13436,8445,11675"
2703,2703,"7742,6630,4848,6626,12417,5884,9807,5528,6502,12156"
2710,2710,"1290,6971,7120,8590,4576,6220,4277,8562,13296,2140"
2713,2713,"4413,2343,8235,1746,8018,1598,454,6326,10546,13367"
2722,2722,"7120,10663,4929,5135,789,6243,13309,9962,4777,3697"
2724,2724,"2140,8235,6326,8922,5303,2990,6515,9744,8590,11289"
2727,2727,"2823,6973,6797,11675,1669,13436,7725,12183,9303,207"
2755,2755,"2957,4216,4163,1558,1576,13280,8714,1851,7279,6299"
2769,2769,"5964,7792,13143,1863,13004,4637,7542,1316,630,3967"
2776,2776,"2140,8235,1746,8018,1598,454,6326,13367,4413,10546"
2781,2781,"3697,1400,4929,1290,11117,11846,7120,11243,9405,10530"
2782,2782,"2140,10326,8235,1746,8018,1598,4413,13367,10546,8562"
2789,2789,"5422,4414,6220,4798,3770,7138,11540,3870,3950,8454"
2794,2794,"8361,4623,4928,8397,3365,6395,6238,4070,1369,10993"
2804,2804,"1863,131,2327,8445,6168,3487,7471,5669,6268,5976"
2819,2819,"4277,2218,5545,8562,1978,1598,6220,3870,5866,4602"
2846,2846,"7637,2020,4698,9937,8981,3852,4362,10332,8703,13255"
2851,2851,"8235,1746,8018,1598,4413,13367,10546,6326,8562,454"
2861,2861,"1079,8454,8607,8714,9942,4946,8633,7707,11661,3112"
2862,2862,"11918,1863,11024,10607,4036,5672,9348,6610,10389,2343"
2867,2867,"12152,12397,4077,10519,5763,10657,3526,4012,981,7933"
2873,2873,"7578,11024,10124,11508,6515,6630,2343,12875,7024,2990"
2880,2880,"7707,1983,5976,1863,13296,8608,10802,10835,8562,6268"
2881,2881,"9942,12538,4012,8562,1323,1426,10288,1254,12404,8714"
2886,2886,"12232,682,6326,6515,8235,2158,3950,10124,8018,5292"
2891,2891,"11282,4798,2567,2789,454,9449,4414,5999,1478,2562"
2908,2908,"9072,9942,2989,8714,4277,544,5135,4077,4576,12404"
2910,2910,"7725,8188,7495,779,660,5669,7937,12775,1118,3487"
2915,2915,"4219,4821,10913,3317,785,7392,1882,6164,2402,9788"
2935,2935,"1254,618,2325,1792,8188,4118,2559,9560,3365,4602"
2946,2946,"5669,11675,11240,7725,12183,12152,3056,9942,6018,4077"
2948,2948,"1244,10607,4036,9348,11024,2989,9730,11298,11719,4576"
2969,2969,"598,11019,12939,8190,4765,1242,631,11635,11159,11900"
2979,2979,"2957,10674,10389,6053,12869,7553,4890,12096,7279,7937"
3036,3036,"13367,5532,1746,8235,4413,1598,10546,2343,9733,8018"
3050,3050,"10326,5532,3870,7707,5545,13296,4277,3545,12680,2158"
3056,3056,"6815,10720,4256,8911,632,10118,7250,4029,12978,11395"
3061,3061,"10326,1746,8235,8018,1598,4413,13367,6326,8562,4438"
3066,3066,"6971,1863,779,2218,6166,2303,8981,265,5976,3888"
3069,3069,"12990,12779,11384,4798,2140,2287,220,6751,9719,4865"
3094,3094,"2140,10326,8421,8161,851,331,11282,2499,5025,12990"
3106,3106,"12024,9040,3883,12988,8908,8092,6815,7250,4256,1796"
3110,3110,"8607,3870,4266,5866,2218,8633,2989,7723,8608,2990"
3115,3115,"10288,1426,8188,4277,8562,4525,217,660,11000,9942"
3136,3136,"2218,8421,2990,8562,275,3870,5177,5303,7487,8633"
3159,3159,"8092,4256,1948,6402,10974,12507,6659,5155,598,3698"
3166,3166,"2218,8562,4277,5545,2343,1598,10326,13296,5999,331"
3172,3172,"2140,2380,3870,1598,9733,6220,6971,12793,8562,5303"
3200,3200,"8562,8235,1746,1598,8018,4413,7207,454,10546,8413"
3217,3217,"12417,3143,3509,8188,5861,6198,1323,7922,1254,13112"
3218,3218,"2769,1213,247,9375,5105,11771,3464,5760,6082,2732"
3229,3229,"4525,1996,11384,220,12779,4679,10916,9767,12359,12404"
3230,3230,"4798,9968,13310,11751,7383,220,5364,3733,7208,9901"
3274,3274,"2291,2140,9733,4877,9771,4798,8452,10792,621,7504"
3285,3285,"8562,7667,6513,13143,9917,3052,12454,11951,6123,7922"
3316,3316,"6220,5999,454,2567,2789,931,3317,8562,5545,2822"
3319,3319,"11282,4798,4315,9580,4025,12857,7041,9968,12875,8819"
3323,3323,"8421,331,1776,4315,6107,11288,1180,6280,4798,11282"
3346,3346,"9609,7937,10186,11513,12615,10359,7663,8947,1112,9517"
3354,3354,"6220,2218,6971,5303,7707,4277,5545,8562,3870,5866"
3368,3368,"6442,8746,9234,6183,10869,1331,10690,3950,3980,1347"
3374,3374,"8562,13296,3870,5545,7652,1598,6925,12368,4007,1937"
3391,3391,"9826,4077,1323,4118,2305,9908,782,5502,6910,6489"
3397,3397,"2064,4602,2771,341,1323,131,12253,9908,10224,290"
3404,3404,"2343,5545,5524,4266,2537,11289,758,6795,5866,1598"
3408,3408,"4798,4262,6751,9968,4315,2789,9473,6302,960,10637"
3416,3416,"2140,2218,3909,2343,9799,2537,8590,5532,4388,5866"
3422,3422,"13249,9799,12990,4277,8562,2140,10835,9410,2218,4117"
3423,3423,"131,8394,6489,3967,6611,5304,7301,10870,4339,12371"
3426,3426,"2140,4798,2218,13310,5866,7983,1453,10389,8590,11969"
3436,3436,"2218,131,9799,5545,12665,6925,6220,8562,3428,2238"
3448,3448,"8235,1598,8562,6220,10326,1746,8018,4413,454,10546"
3464,3464,"12575,2645,10224,782,9908,2305,11800,64,3799,10431"
3472,3472,"3539,10648,10607,11024,8475,11743,4036,1576,11719,11299"
3477,3477,"6971,5199,5999,1978,5545,6220,1598,3870,10916,4277"
3488,3488,"11495,8608,4277,11960,4974,331,13296,8421,717,2395"
3497,3497,"8590,2140,10326,6166,275,4798,4388,10916,5025,5303"
3504,3504,"8188,8607,1091,933,9356,8714,10537,13028,9942,13115"
3517,3517,"4012,12689,3327,986,7093,10519,10548,9085,6119,4669"
3538,3538,"2140,8043,10792,8161,5470,2291,5302,10608,1769,2861"
3544,3544,"1598,8505,13296,6220,2771,5545,1323,4602,8279,782"
3547,3547,"1316,13294,3947,4623,11006,9983,3159,6183,12253,8019"
3569,3569,"7024,5524,2990,5875,5545,12990,5999,13380,7303,9836"
3570,3570,"11876,233,4630,10774,10257,5740,13335,7480,4158,5796"
3575,3575,"9340,11000,12359,992,544,6849,8188,2537,4277,11555"
3579,3579,"4277,331,4525,717,11960,7197,3870,2494,5199,11495"
3588,3588,"2823,2838,2796,533,4147,12002,9858,2784,7727,2244"
3592,3592,"7047,363,10919,11334,4216,173,390,4281,7220,12458"
3617,3617,"13346,220,4798,9262,7197,2169,7138,4865,11726,12404"
3632,3632,"12249,11910,13045,931,4764,4602,1478,1459,2013,3950"
3650,3650,"10122,7383,6168,10413,11038,2899,9942,5976,5436,7341"
3654,3654,"13310,1079,1453,10420,10785,5337,9917,9025,2645,3056"
3656,3656,"11130,7892,7652,6268,5669,2327,4256,10974,644,1863"
3678,3678,"1290,7120,3697,4929,4036,10663,5135,5190,10581,9295"
3681,3681,"10326,8235,1746,4413,1598,8018,13367,7207,454,10546"
3683,3683,"4798,4865,8421,1180,10326,10916,11282,13114,6326,4025"
3685,3685,"2218,5545,8562,1598,1978,12665,2380,3870,10835,13110"
3699,3699,"2769,9375,5760,1213,3464,10009,5105,12698,11771,10493"
3707,3707,"12606,7723,779,9358,5177,12887,3888,1863,3026,1316"
3731,3731,"4798,851,8421,3770,8590,4025,331,837,4277,11282"
3737,3737,"10340,4219,3340,6982,2789,10913,12793,4053,2567,8707"
3739,3739,"3799,7707,1863,4946,5976,5545,9570,6220,8505,13296"
3744,3744,"5545,7303,6091,13380,6646,11910,3428,5524,6168,3799"
3753,3753,"6971,2218,6220,10326,8421,4798,5303,2140,8922,9580"
3778,3778,"11784,12104,2567,2789,9443,10778,12788,5673,931,2199"
3786,3786,"4452,13380,11019,7303,8719,7922,7392,6091,6646,10087"
3790,3790,"220,4798,4854,2789,11506,3770,11194,9968,5489,2567"
3804,3804,"275,10473,7465,11396,4162,4525,652,9573,2370,11637"
3805,3805,"7515,331,4974,716,6513,2158,8018,11800,1908,7128"
3819,3819,"4053,9410,4117,9729,3428,931,6489,131,1978,4453"
3827,3827,"5760,9375,5105,516,4713,1521,1213,6060,4641,6425"
3829,3829,"11282,5999,10916,8421,4413,4798,6971,4277,5303,6220"
3841,3841,"2645,9025,1323,9733,1426,7484,2305,4838,6220,350"
3849,3849,"10644,10097,12254,11743,1576,4642,4973,2312,12455,1132"
3928,3928,"10607,4576,11024,1851,11298,9730,12995,13127,10137,83"
3988,3988,"9732,8714,4028,10581,11024,1851,10919,11918,10607,969"
3994,3994,"10919,9732,652,363,4281,7220,7047,7864,2989,8714"
3998,3998,"3799,782,7014,12417,9786,1572,7667,6091,652,6164"
4012,4012,"9786,6164,3317,13380,6646,4053,7014,10915,6091,7303"
4021,4021,"2140,6515,7578,10608,1017,5470,3545,6354,11922,12846"
4022,4022,"4277,5999,10916,9580,2140,11282,12385,1180,6971,331"
4047,4047,"8235,1746,8018,1598,4413,13367,10546,454,8413,6326"
4073,4073,"4798,6220,2218,8922,7383,6971,12800,11117,6166,7345"
4099,4099,"12000,8361,4609,2940,8397,1799,11711,1521,6613,8911"
4100,4100,"8253,13436,7792,5402,10777,1669,6900,4897,2461,4997"
4120,4120,"3870,13296,6220,5545,7707,3545,2140,9637,5866,7558"
4126,4126,"1290,7120,10607,4929,789,10663,296,4576,12497,3697"
4136,4136,"2218,1100,4266,5999,2343,7024,8922,4388,9799,8981"
4160,4160,"2957,1558,4163,4216,3722,9913,1851,13280,83,7971"
4173,4173,"8254,10607,10389,4576,2989,5969,6576,9746,12373,8167"
4177,4177,"9098,4315,9580,11282,8421,4798,851,9968,9455,2004"
4183,4183,"4277,8421,4525,331,2158,8562,11000,7197,992,4679"
4191,4191,"652,13143,6849,9970,1426,10537,8188,7653,13028,10106"
4195,4195,"6971,8421,11282,9880,10326,5999,331,8562,4277,2140"
4213,4213,"11024,8714,4277,10389,4576,5866,10607,11918,13296,544"
4226,4226,"9799,8608,11396,5999,5532,2343,10326,13296,4277,7707"
4227,4227,"1863,7937,11024,11038,3487,1779,208,13066,5976,1669"
4232,4232,"11540,3950,11726,3317,13346,6326,3340,6091,9786,5610"
4255,4255,"9340,10326,12359,544,4974,4277,13249,11000,4525,2537"
4258,4258,"4413,2140,5532,8235,1746,8018,1598,13367,8562,10546"
4274,4274,"1328,8092,2085,1916,9453,2338,12824,3733,4684,2257"
4289,4289,"12871,1400,11117,8554,7504,6900,11846,9297,7637,13142"
4295,4295,"9470,9786,12566,782,11396,4053,8084,6164,8746,5351"
4300,4300,"6220,5545,8235,7024,7900,3950,11289,9729,3870,4602"
4334,4334,"941,4637,1937,9560,12646,7542,10224,10859,12550,4602"
4361,4361,"2567,9449,454,931,2789,4602,1937,7539,2038,2562"
4377,4377,"12887,8084,454,9449,796,4943,7392,2789,10913,2567"
4412,4412,"11743,9888,3539,10963,83,11020,126,10581,12811,12254"
4415,4415,"7341,13418,6648,173,2108,9560,5107,4623,5504,162"
4424,4424,"9229,8816,7465,5875,13387,7024,3947,7289,1669,8571"
4425,4425,"8235,12990,1290,12026,3055,6971,2140,5303,8590,10326"
4430,4430,"10270,1245,5881,9488,7121,1112,596,2006,7933,9562"
4433,4433,"10082,2789,3888,5999,2567,4266,6964,3909,8608,1478"
4436,4436,"618,2181,13112,9192,3358,1668,9014,11572,3096,12859"
4458,4458,"11622,8413,11784,3950,2567,796,2910,5673,7723,6091"
4461,4461,"1202,5149,1863,9748,2303,8981,779,2218,12265,6218"
4488,4488,"4602,2567,9449,2789,796,454,6091,9560,11910,3317"
4497,4497,"7120,4929,6610,1290,10663,6243,2916,12497,8567,13101"
4498,4498,"961,1254,652,11967,1878,12404,4453,6513,8562,11520"
4504,4504,"12566,4398,1530,8190,598,3496,5067,9786,12100,6640"
4510,4510,"1598,5545,9799,11289,1978,4117,11357,2343,785,4053"
4512,4512,"10974,4641,9482,5760,11757,6425,11162,3987,10660,8257"
4513,4513,"6220,8235,1746,8018,4413,1598,13367,454,10546,4438"
4516,4516,"2957,1558,10581,83,4163,10389,10674,13370,10607,7553"
4526,4526,"6220,5545,9942,8562,13296,4277,1426,5866,2497,10835"
4528,4528,"1323,8188,10537,1355,3509,13112,290,12417,2305,10224"
4542,4542,"8421,9580,12026,5999,4798,6326,3770,8590,3950,12857"
4559,4559,"10674,83,10581,1851,12903,1779,13067,12869,10607,9746"
4572,4572,"6971,8922,13296,8562,9454,6220,4413,8076,5303,2218"
4575,4575,"13296,10326,9942,331,6220,8562,6971,4277,7138,12990"
4583,4583,"8980,3139,12296,2006,7933,11978,11696,1254,7377,7653"
4602,4602,"5135,9962,3323,1269,9837,9935,11024,12254,1195,12858"
4608,4608,"5168,2989,9348,10206,10581,4545,5535,10903,740,5318"
4609,4609,"8018,3950,6326,1598,2140,10546,11289,5292,8235,8413"
4626,4626,"782,453,5304,13005,5811,5209,11800,5336,7079,9908"
4642,4642,"1746,8235,8018,1598,8562,4413,13367,6326,10546,454"
4653,4653,"7707,2990,13436,8505,646,1983,10802,1669,8450,5976"
4664,4664,"10137,8607,4036,7679,3487,13127,779,3721,12207,1863"
4665,4665,"11117,12030,2286,5573,4083,4387,8302,2885,3779,1290"
4672,4672,"10137,1576,8714,7553,4890,10389,3998,12869,11918,11024"
4680,4680,"4256,1328,10105,4684,5027,7878,8925,2770,8857,12447"
4705,4705,"3950,8746,7079,7392,12857,6769,1331,1408,10986,9867"
4707,4707,"11396,6091,11960,11726,997,2990,652,3317,12641,3112"
4711,4711,"6613,598,2940,8257,1020,10974,11337,11672,4684,13112"
4732,4732,"5881,6390,11178,12454,7667,3810,13143,652,9271,6368"
4734,4734,"4387,13309,4286,7120,10663,1290,4929,6243,5573,2916"
4735,4735,"7937,7725,9735,7257,1669,11675,11417,1863,6268,3487"
4749,4749,"6220,1863,5976,779,12606,7707,10429,2218,3487,5545"
4751,4751,"6971,2218,6166,12680,13249,5999,2140,10326,12944,4266"
4762,4762,"5999,2343,2822,782,9908,11396,997,3317,4053,6123"
4767,4767,"11675,7937,7725,13436,684,779,207,1863,12660,1669"
4771,4771,"10224,1323,12927,4460,7652,11154,5826,12296,782,2305"
4773,4773,"12417,12887,1017,10914,13310,3428,1978,6326,6626,1323"
4776,4776,"13431,10797,10813,3811,10743,9271,670,11178,3967,6640"
4783,4783,"10732,8188,10974,9025,9917,4281,11038,6896,6640,7922"
4788,4788,"5999,851,11282,10326,11396,331,10916,8421,1996,1408"
4808,4808,"13112,12371,7922,4339,1792,5978,3810,11113,6183,12641"
4810,4810,"454,9504,3950,5999,1408,2567,1872,3340,9729,931"
4818,4818,"6238,3365,6839,9562,8361,10065,7933,5881,5151,8957"
4823,4823,"11019,12348,5402,13066,9025,4859,8188,10221,5514,769"
4829,4829,"9786,6091,7079,6164,12566,3799,7667,8746,3317,10915"
4842,4842,"7707,8608,8633,8562,8607,9570,2537,1863,10835,3317"
4859,4859,"8188,3365,1254,5775,11337,598,3034,7933,9138,981"
4866,4866,"12788,7257,13072,377,6040,9374,6854,11488,7138,6283"
4881,4881,"2903,11712,3829,2771,5775,4118,4414,4976,8447,11424"
4908,4908,"2291,2140,13214,7063,2602,383,9771,5946,2065,12871"
4910,4910,"1290,4929,12497,6243,789,9962,3697,296,2916,13309"
4922,4922,"5022,796,3950,13134,9234,7197,7835,8483,1331,761"
4942,4942,"10674,4077,11938,2537,12547,9052,5480,12909,12339,6053"
4976,4976,"10224,4637,4118,5826,11800,652,3509,10661,1323,941"
4993,4993,"13436,1669,779,5976,1779,9748,9374,589,1863,12265"
4995,4995,"10916,13249,9504,12779,1408,5999,8452,7462,5091,649"
5020,5020,"5760,5105,9375,1213,2769,6060,10441,1521,5396,6082"
5040,5040,"1226,1245,2204,221,9522,8980,8154,7490,11749,12397"
5048,5048,"37,4937,3769,797,9306,9771,1274,2065,448,4877"
5058,5058,"10537,3509,64,3799,1202,4602,6091,6538,3884,10915"
5067,5067,"2140,2499,9340,11000,10326,992,5025,6515,12156,4277"
5087,5087,"4798,4525,4277,4679,331,8562,7197,11282,6971,8421"
5090,5090,"3877,6509,5875,7489,13121,6962,6089,12632,1326,1220"
5102,5102,"13296,10288,6220,8562,7558,1863,7063,7383,2140,5386"
5103,5103,"5303,3950,9454,2140,4924,7138,275,3106,11048,12990"
5105,5105,"1863,8562,7491,9942,2327,3870,10835,779,9570,13296"
5108,5108,"5999,11396,10473,2395,13114,7392,1996,9953,3596,7425"
5119,5119,"4413,6220,3950,8235,1746,8018,1598,13367,7207,4438"
5120,5120,"12606,5545,8562,1598,2990,12253,1421,13004,6220,2140"
5124,5124,"2065,652,350,220,11726,4436,37,11572,7197,4525"
5132,5132,"7383,2899,7341,6648,12733,10122,9306,11295,2300,10899"
5138,5138,"1763,7341,6648,7303,2899,2958,8156,37,2594,7383"
5144,5144,"5545,11289,6326,1598,8562,3950,2158,2990,12232,2140"
5159,5159,"782,7079,4118,9908,4602,8483,8293,12282,12417,3870"
5167,5167,"6640,13431,6956,12909,9707,8384,8092,8723,11162,8673"
5175,5175,"3089,5337,5471,11609,10785,11568,13090,11194,275,220"
5176,5176,"9854,12316,9214,5105,8227,11602,2769,5480,12615,12397"
5185,5185,"10835,9799,5999,7723,5532,4413,2343,13296,12944,10326"
5189,5189,"8235,7024,5875,12680,7578,12662,3515,12944,5966,9744"
5191,5191,"5667,11887,10591,11560,10986,2257,3611,11288,12680,10860"
5206,5206,"9287,513,8470,1602,7948,6287,11416,5835,9138,10851"
5213,5213,"3509,3950,8300,5495,12680,9786,5545,7207,2411,2645"
5224,5224,"331,12857,12990,9580,10326,4277,4798,837,1328,4025"
5226,5226,"1100,5303,4798,2140,9968,8421,9580,12813,6751,8590"
5241,5241,"9732,4216,4163,12995,10581,8714,8589,5142,290,11743"
5264,5264,"11024,9348,8714,11298,10137,10389,4028,2989,4036,5672"
5268,5268,"11572,1323,11282,4277,12990,9942,7197,217,10326,1640"
5270,5270,"6220,11540,4266,11751,4413,7723,10340,4798,8922,9733"
5287,5287,"12104,9775,10434,9998,10566,12575,5351,1719,1864,3672"
5314,5314,"8505,854,4946,3870,3799,796,11661,7138,1273,9570"
5318,5318,"7024,12339,4266,1779,341,8235,12253,7937,11024,131"
5326,5326,"3967,4452,7868,10451,8078,6630,13004,3052,11518,5179"
5336,5336,"12857,331,6128,8421,13257,10916,8161,1180,851,13114"
5343,5343,"5766,5168,6973,5606,7933,4823,7301,12927,1254,10359"
5347,5347,"5545,4602,6091,3870,2645,64,3950,6220,12368,7652"
5354,5354,"8452,3064,1606,7063,8746,8300,9306,383,3506,37"
5356,5356,"9083,6166,5149,8981,8922,6892,10918,6971,9668,12829"
5367,5367,"13296,10607,6283,4576,6220,5866,1863,4036,2218,5545"
5373,5373,"3870,8562,13296,6220,10835,10529,7707,6971,1863,10288"
5385,5385,"3870,3950,1328,9234,7707,1978,5495,5506,1426,11491"
5458,5458,"6630,11301,12240,6382,6502,1872,256,6442,7360,4740"
5463,5463,"8562,4277,13296,1684,5022,11000,12404,12359,10835,12779"
5471,5471,"1576,8714,10581,11743,9732,4036,11918,11024,5318,1851"
5476,5476,"5135,1290,5142,12254,10644,5675,10336,7120,10607,7817"
5484,5484,"9983,9470,8019,2108,11396,6395,12072,3515,4623,2990"
5508,5508,"8714,11024,10607,2989,1851,10137,6610,10674,4576,10389"
5513,5513,"5579,3509,5826,7933,941,7792,13119,2676,5881,11348"
5520,5520,"10916,7197,2140,4277,4525,11000,1328,992,5025,4974"
5524,5524,"8562,8188,7707,11520,9942,9025,1863,6314,1426,4946"
5539,5539,"8413,5673,11622,6982,9234,6220,9637,3870,3308,7079"
5554,5554,"8770,3866,10087,630,6183,10744,2206,10548,221,7633"
5564,5564,"5999,2140,8421,10326,1408,4499,5835,11712,9799,4525"
5595,5595,"3950,2218,454,9729,5700,5293,2990,6326,10159,8413"
5601,5601,"7383,9901,2958,12857,2140,4798,5819,5302,7715,9309"
5602,5602,"4798,9733,6220,3870,8562,7383,4414,5819,1323,9942"
5618,5618,"5826,941,12550,9560,1937,6611,12646,11099,4637,7542"
5643,5643,"6509,2567,2199,3055,6962,2789,6089,8235,6982,3877"
5644,5644,"131,12775,207,7079,6925,2218,1863,6489,3428,7542"
5651,5651,"13310,9358,11326,11910,9560,9733,4798,796,1453,7087"
5655,5655,"8590,12990,2140,6220,5545,8562,13296,8505,1598,2218"
5658,5658,"11396,3596,7425,5999,1957,10841,8608,10326,2990,11405"
5660,5660,"4277,1598,2537,2343,5532,997,2140,9340,10326,11000"
5662,5662,"6971,12404,5025,4277,2140,2218,9340,11320,8421,11495"
5670,5670,"13249,8505,4679,3799,3545,9807,2771,1045,443,2903"
5676,5676,"83,12748,13280,5168,9685,4216,7937,3721,420,740"
5680,5680,"10835,8562,7474,13381,4007,5964,2497,4199,10529,6971"
5698,5698,"12493,9705,2301,4605,9730,13115,3222,131,11896,12163"
5710,5710,"6220,2140,773,7138,4266,5999,4413,1598,10835,11843"
5723,5723,"8235,1746,1598,8018,4413,4438,13367,2343,10546,7207"
5742,5742,"8608,217,4277,4976,4305,3143,1328,8188,8607,3799"
5748,5748,"5545,6220,2990,3870,8562,2218,1598,13296,7707,13310"
5750,5750,"8235,1290,5999,7120,12497,2530,8922,6971,1244,8981"
5787,5787,"7558,2038,3950,8300,4679,4414,2065,8995,11608,4838"
5798,5798,"2379,4623,4692,11726,11572,652,4466,4436,13273,13294"
5799,5799,"2140,8271,9306,2291,9771,5946,2149,7439,165,8402"
5815,5815,"789,1290,9962,13309,9866,9837,10336,7817,10644,5008"
5822,5822,"2140,992,7063,4679,4525,2065,12404,1426,2038,13249"
5834,5834,"2218,6971,2140,5532,5303,10326,5999,12944,2990,4266"
5846,5846,"4525,992,8671,3275,2905,4798,11000,4277,5025,6971"
5858,5858,"5999,4321,8707,8472,11282,1634,1180,2567,1996,7392"
5882,5882,"1254,4118,652,8188,1323,4077,12417,350,981,6513"
5892,5892,"5490,9750,1363,8148,10335,4730,53,618,10377,7854"
5897,5897,"6971,5303,2789,5999,10529,2567,10835,491,316,3888"
5898,5898,"8235,1746,8018,1598,4413,454,10546,13367,6326,7207"
5902,5902,"8188,9025,12796,961,12417,13128,4692,64,4466,13294"
5919,5919,"4664,2769,10389,5976,13377,1779,8475,179,9746,11298"
5934,5934,"4798,4315,11282,4277,837,8421,8590,5303,10326,2343"
5946,5946,"11299,1290,5135,7120,10147,7856,10963,3737,12811,9888"
5965,5965,"2287,8562,1793,4266,6971,10326,13235,4452,3992,7474"
5995,5995,"8188,3509,6168,12348,6425,10914,11800,5251,457,5861"
6005,6005,"7707,4277,13296,5545,2343,6220,1328,12858,10063,3545"
6006,6006,"2567,2789,2990,7723,9449,454,4452,8562,6091,931"
6013,6013,"11000,13249,9014,5495,8300,3545,2158,5022,4277,1978"
6016,6016,"11726,11572,796,11661,4436,1788,8916,1878,7197,4692"
6023,6023,"7120,10663,6243,8567,12497,4777,13101,5573,789,4083"
6052,6052,"3950,2380,9968,6164,2910,11772,4117,8707,11326,4602"
6056,6056,"6220,1220,931,4602,12579,4413,10063,8235,10529,8922"
6059,6059,"1746,8235,8018,1598,13367,4413,454,10546,8562,7207"
6064,6064,"9799,6971,785,11357,2571,11712,5999,4117,4053,4266"
6091,6091,"4053,5999,6925,12680,3340,9504,11357,11784,3950,9729"
6112,6112,"1779,7120,4576,10607,4036,1576,10581,9348,8714,10648"
6133,6133,"9799,2140,12680,2218,3992,7986,2380,7578,11289,12665"
6150,6150,"5819,13249,4162,4525,1769,5999,1017,12464,2990,9449"
6155,6155,"8562,2343,5545,6220,1598,5866,13296,4602,9942,1978"
6157,6157,"1634,11282,8161,1180,4315,8421,851,4798,6280,9968"
6212,6212,"2140,6515,3950,1598,6326,454,11289,8562,2990,5545"
6218,6218,"3365,11315,1792,1254,7933,8361,8188,2325,578,9192"
6242,6242,"9799,10608,1020,1872,5123,12249,3992,3545,1490,1574"
6243,6243,"9693,1978,2537,1017,13249,11572,13310,1328,992,3314"
6260,6260,"8452,4877,1769,7439,5747,2140,10506,5470,9340,2291"
6262,6262,"11395,4641,3987,10660,10441,5760,4569,4029,11757,10974"
6278,6278,"4413,2343,9733,1746,8235,8018,1598,13367,10546,8562"
6280,6280,"5673,11622,9968,3950,9443,11751,2567,2789,8221,2478"
6287,6287,"4012,5402,7093,2304,2518,10241,3769,4452,9954,68"
6305,6305,"220,3491,13310,5471,12404,8413,1937,12733,7088,7484"
6320,6320,"12030,2343,5999,6971,12858,9799,8608,4388,2218,1290"
6339,6339,"5545,8562,9733,6220,1978,3870,2380,5866,11326,1323"
6360,6360,"5545,6220,3467,7087,1863,9730,933,8333,660,10835"
6370,6370,"1254,8188,8361,2559,3275,12861,4077,2497,13112,8957"
6376,6376,"4525,4623,8562,11572,652,11726,9767,2502,6151,3402"
6378,6378,"3509,1262,5528,11019,6391,11151,769,5514,7196,10420"
6379,6379,"9799,2140,6971,10608,8590,5303,633,7487,1400,2380"
6398,6398,"6580,8067,10658,12085,4928,598,10980,8361,12939,11627"
6422,6422,"6971,11282,2789,7723,2567,8922,4413,5673,4798,3106"
6424,6424,"6613,7878,11337,10221,598,12447,9482,11757,11542,4684"
6436,6436,"12232,6326,3950,682,1598,12029,2158,11289,8018,6123"
6454,6454,"7020,2771,11520,2379,5861,1323,217,579,11572,8188"
6464,6464,"10326,5303,6326,3950,8235,2140,11289,8562,1598,6515"
6479,6479,"3870,13296,9826,5964,4277,3781,6513,9942,4946,8562"
6485,6485,"8981,13255,4205,9954,5149,10332,1078,2847,9083,9748"
6488,6488,"4602,1598,1323,3509,6198,12417,1978,10537,6489,11951"
6490,6490,"2218,13346,8562,5545,2990,2287,7667,131,12680,3428"
6498,6498,"6220,4798,3870,2218,8562,5386,5545,2140,5025,9733"
6533,6533,"11540,4798,9668,5303,6166,4101,8922,2140,4262,7578"
6577,6577,"9942,350,1254,4118,4414,12152,9826,1323,4861,4077"
6579,6579,"6971,2218,2140,1640,4798,11282,6626,837,7465,7138"
6583,6583,"7197,4525,8293,12404,4277,7835,2228,1426,717,11455"
6597,6597,"11568,12733,11320,7383,275,3723,12404,6724,1421,11359"
6599,6599,"9799,11282,6971,4277,5179,11495,12858,9693,8421,10326"
6607,6607,"4277,11495,12404,8562,6971,2140,331,12680,9234,5303"
6613,6613,"64,2645,4602,4821,9786,12887,7079,6091,1024,11772"
6622,6622,"1290,2218,5303,2140,560,7120,8590,6971,9799,5866"
6637,6637,"3317,13045,12093,2903,3799,8450,6611,7495,9786,10237"
6644,6644,"5303,4277,10326,8590,12990,6220,4798,9968,8922,220"
6651,6651,"4664,6610,10607,9348,7120,4036,11024,8167,10137,10648"
6674,6674,"13112,10303,341,8450,1254,8188,6248,1056,11520,3520"
6683,6683,"13381,2905,9443,2789,8646,11506,4854,9968,4827,6134"
6686,6686,"4036,1863,4327,5962,5976,1983,6456,9748,9570,6283"
6707,6707,"4277,1978,5545,3428,4525,11000,1328,13249,3545,13028"
6724,6724,"10802,9748,5976,3542,12157,1669,2731,1078,5051,3487"
6729,6729,"1598,2218,8235,9942,6220,5545,2140,3870,8922,8562"
6739,6739,"7742,9560,6982,12249,12425,5700,12784,12541,10913,7674"
6756,6756,"12636,9234,11800,12249,2228,12276,5022,1948,4219,12191"
6764,6764,"6971,12990,2291,7063,647,4827,5819,3064,8562,8300"
6768,6768,"8188,10914,11520,3689,1328,4416,64,1323,5251,6060"
6787,6787,"3909,6166,2218,4388,5999,1100,10608,12944,5532,265"
6808,6808,"6220,2140,5545,2990,8562,1598,8235,1290,11289,89"
6811,6811,"9306,2990,2065,5819,7063,8562,9771,7383,2287,11117"
6812,6812,"1290,7707,6971,2218,2140,5303,9799,8590,8562,13296"
6831,6831,"2140,10326,2218,2537,2343,5532,5703,9340,3545,10608"
6833,6833,"3461,9410,2497,119,12575,931,11780,9691,13074,2903"
6840,6840,"13214,12871,2291,7439,4877,9306,5946,9865,9771,7777"
6842,6842,"83,10607,3539,11024,10674,1556,4036,7553,8475,6811"
6855,6855,"5672,10581,10607,8635,8714,10648,4024,6610,4036,7120"
6869,6869,"9938,5999,6123,5703,9287,12376,13249,12556,1302,1682"
6874,6874,"7715,10122,7063,6551,10776,4838,7682,2899,797,5436"
6879,6879,"7922,769,3096,13112,9917,11899,9903,7667,10732,12454"
6885,6885,"8235,1598,10546,10340,2140,1746,8018,4413,13367,8562"
6886,6886,"5545,9942,8714,4277,4028,8562,2343,9732,5866,2287"
6902,6902,"2140,4277,1328,10916,12385,12990,12779,4798,9340,717"
6908,6908,"10919,2957,7864,9732,4708,10581,1851,4216,4163,2340"
6911,6911,"6971,2567,2789,931,454,5999,9443,1100,4525,8922"
6912,6912,"12085,9895,9138,598,1020,8450,2599,1602,1195,2077"
6919,6919,"420,11127,12832,290,9730,1542,341,11896,9705,3222"
6926,6926,"1017,7922,11019,9895,6123,6287,9025,9807,13302,13249"
6934,6934,"12156,6626,2205,12295,11159,3960,4848,5763,6391,11019"
6935,6935,"11006,64,9983,3799,13347,3689,1323,6091,8188,7236"
6939,6939,"8981,10082,7064,5149,4698,5966,3888,4266,6166,6768"
7000,7000,"9799,9410,5199,4605,1692,5179,931,11712,4266,4199"
7003,7003,"9785,11546,3636,8257,7575,4935,4159,3887,12226,12000"
7005,7005,"6971,4865,4277,13296,11726,331,10326,12990,2158,11572"
7042,7042,"11572,1788,6370,11726,3402,12232,4436,7712,7197,4525"
7045,7045,"5775,4077,2497,2287,3840,12861,2771,13090,1254,5490"
7047,7047,"6166,9799,2218,3909,4388,9689,7707,13191,1863,7723"
7053,7053,"1863,7707,6220,2218,5976,5545,5962,10288,3487,7706"
7063,7063,"8235,1746,8018,4413,454,1598,13367,4438,10546,8413"
7067,7067,"4277,11520,10416,4928,4271,10106,6504,5251,11249,4070"
7071,7071,"3870,2771,5545,8221,811,6925,331,13346,3428,1742"
7078,7078,"2158,2140,5545,3950,682,10546,6326,11289,8235,8562"
7109,7109,"5303,2140,8590,8421,6971,12026,3055,10138,4798,6899"
7118,7118,"5303,331,8421,6971,2140,2291,851,4798,7063,1996"
7129,7129,"10581,1851,83,9284,4216,11486,2957,11743,4215,10464"
7133,7133,"769,9209,7922,12204,4466,9917,2940,10034,12454,10732"
7139,7139,"2957,4216,4163,1558,1851,3722,11117,7047,7937,3544"
7142,7142,"4798,11282,2218,6971,5303,8421,6220,6899,8562,2140"
7146,7146,"2771,341,3992,11000,8505,10063,13296,2903,5545,4277"
7172,7172,"345,4277,3628,9877,4025,6128,7867,4798,992,12385"
7181,7181,"2140,7578,6971,5999,9799,12579,8922,12680,3670,8235"
7195,7195,"331,11282,4798,851,10916,1180,4277,8161,5303,6128"
7197,7197,"1598,1220,8177,5545,1978,8562,3870,7707,6645,9600"
7203,7203,"1290,7120,4929,10663,6243,296,2916,10607,10648,3697"
7223,7223,"2990,12026,9799,13296,331,6971,8421,7578,2218,2140"
7235,7235,"2957,4216,3722,9913,12808,4218,778,9723,5738,8342"
7236,7236,"4012,4838,448,797,12253,1316,13143,2602,2767,8730"
7237,7237,"3929,65,6283,6040,10777,1863,6366,9374,8525,207"
7255,7255,"5303,5135,6971,1290,12030,2140,11569,8922,10241,7120"
7297,7297,"10326,4266,9799,8562,5999,2537,9693,8608,4388,5545"
7320,7320,"10326,5999,10916,12779,13249,2140,11384,4277,11000,11396"
7323,7323,"1863,3870,2327,5976,12606,6220,5545,10429,1983,779"
7326,7326,"3870,8562,6220,11000,7558,2158,7063,5545,13296,238"
7343,7343,"4277,3628,5025,9340,8421,1421,8590,2158,837,11320"
7363,7363,"2343,8608,5999,4388,2537,9799,4266,5532,1100,3909"
7364,7364,"11667,8707,5819,8300,4321,220,11572,9968,7138,638"
7366,7366,"11289,7462,8707,12887,11396,12787,8084,4053,9182,7392"
7372,7372,"10326,8562,3950,1788,796,4924,13249,1426,5495,1841"
7399,7399,"6053,13280,2793,12128,4793,11337,7096,1601,3702,7553"
7402,7402,"2140,9799,6971,491,1100,3670,5999,10608,2238,7707"
7406,7406,"12232,682,3950,6326,454,2990,8018,10451,5292,10546"
7421,7421,"1220,4277,7707,5545,13296,3870,12635,9600,5932,12055"
7425,7425,"8922,1598,5545,11289,2990,2140,8562,8590,4943,5303"
7431,7431,"8421,12990,4525,7197,331,2158,851,6128,11572,11282"
7447,7447,"4518,773,3799,1878,10548,5964,11696,4974,10479,6119"
7451,7451,"6220,13296,1863,10288,7707,6971,8562,11675,2218,7948"
7453,7453,"6971,5303,7120,1746,9771,7063,4877,2602,275,8562"
7456,7456,"1851,1576,11024,12254,5142,83,4163,12096,2957,10581"
7484,7484,"5168,7301,1576,10359,12438,7937,6973,7873,9609,7933"
7486,7486,"10340,3870,11622,6982,9504,1408,9729,454,5700,9733"
7505,7505,"6220,6971,1220,7948,8562,13296,1863,5485,1788,7707"
7529,7529,"5168,1576,8714,2989,4940,6973,208,4890,7491,4028"
7532,7532,"1576,8714,12995,11060,9348,1098,8635,7404,1736,11024"
7548,7548,"10224,4118,5826,12417,1254,1323,652,2305,1049,6250"
7550,7550,"1328,4097,12191,10431,233,134,12898,9817,5796,7480"
7557,7557,"8421,12385,4525,2158,7197,1328,717,12359,9846,4277"
7574,7574,"8235,7024,11289,12312,5545,2140,1017,2343,1598,6515"
7586,7586,"5976,1863,6893,3542,13296,5875,6220,7467,13377,3487"
7592,7592,"12029,8235,682,11289,12232,8018,5524,1598,7303,11871"
7594,7594,"8235,8562,3950,2903,4266,2038,10326,3340,4414,4332"
7600,7600,"10974,11461,4256,13111,12447,9040,11542,8188,1101,5155"
7601,7601,"217,9807,6788,12232,1045,2771,4162,1052,125,10326"
7642,7642,"4163,1558,2957,3722,7047,4218,8342,1851,363,5738"
7647,7647,"220,11326,9262,4798,796,1478,10916,2580,2220,9182"
7650,7650,"8300,12191,7558,5495,350,3509,5022,9262,1978,13310"
7660,7660,"10607,6610,10674,1851,83,10581,4024,11024,2957,10389"
7682,7682,"2990,3950,5545,6326,8562,454,12232,5964,8018,682"
7712,7712,"8562,2497,9410,1254,12404,10288,4414,2989,1426,3998"
7728,7728,"1746,8235,8018,1598,4438,454,4413,13367,10546,8413"
7763,7763,"4277,3428,5545,1254,4414,4118,9410,8562,1978,1426"
7764,7764,"3870,7792,2989,1863,6220,8607,13296,4576,2591,779"
7765,7765,"2990,2218,2343,4388,5999,5532,5545,8590,10326,2140"
7768,7768,"1017,9942,10793,1007,11272,1779,10288,9025,3089,10919"
7776,7776,"10068,4036,5135,5142,1554,7020,13143,10644,7817,1269"
7834,7834,"2291,8161,2158,1996,2140,851,4525,1769,10326,9580"
7850,7850,"4277,11495,4679,9404,13249,13257,4322,7197,773,1426"
7860,7860,"8188,5545,8505,5495,13028,11000,9942,9410,4077,1210"
7879,7879,"2789,11282,4798,2567,6971,8421,12185,9982,9968,9449"
7892,7892,"7078,4855,8560,2342,6231,12617,3322,3962,9517,12835"
7895,7895,"3317,8450,6123,4724,3799,1045,11424,8719,9287,7667"
7901,7901,"4277,12385,4679,4525,6971,992,12779,9340,544,11000"
7922,7922,"2140,6971,8590,7578,6515,4277,9580,8421,331,11495"
7927,7927,"5338,4388,3670,5149,4430,5999,7637,3909,2343,7948"
7931,7931,"6971,6638,6220,2199,4463,9234,9767,4798,4323,2789"
7938,7938,"631,1020,598,12007,11019,12575,4669,5775,5806,2940"
7942,7942,"1746,8235,8018,13367,1598,10546,454,8413,4413,4438"
7964,7964,"8235,682,12232,3950,6326,454,11289,8018,3340,5292"
7982,7982,"13380,5999,7303,6646,11357,4053,785,3545,3317,5524"
7988,7988,"2784,11923,1290,8302,65,2885,11569,7120,11117,5135"
7992,7992,"2228,6849,7835,5471,981,2905,7197,5022,7653,4765"
8005,8005,"2380,6220,3870,11326,9733,11751,2218,9968,8413,8562"
8019,8019,"4619,10919,5504,3567,7047,11334,12508,6629,7681,7938"
8026,8026,"131,10224,12371,2064,3428,13347,6399,6489,3509,1323"
8028,8028,"6489,9410,8454,3839,4414,13322,13310,1598,453,7438"
8085,8085,"12417,1323,7922,3509,9025,2287,1793,3992,10420,13112"
8103,8103,"6220,1863,6168,1788,7383,7505,7619,13252,7256,12414"
8108,8108,"3799,5861,652,1045,4928,7922,4623,3689,8188,4692"
8137,8137,"3275,9410,3829,1692,6489,6499,2989,5179,1323,8671"
8138,8138,"5303,12857,6326,9968,4315,8421,331,11282,10916,12875"
8139,8139,"12990,647,4827,8161,6971,7063,4798,9968,8421,11751"
8148,8148,"4798,4277,544,8590,5866,6220,6302,1421,5025,5545"
8150,8150,"1746,12067,9799,4947,6925,12331,8562,5199,13090,3810"
8160,8160,"5168,2989,11967,3544,630,12995,7301,11938,4036,1863"
8175,8175,"6299,8188,5168,1558,4890,12096,8714,2957,6973,12348"
8191,8191,"1851,9960,2957,13370,9732,10581,7864,4163,4216,1558"
8198,8198,"11357,10835,5199,3870,9799,11993,8421,3275,4277,7266"
8202,8202,"6220,8235,1746,8018,1598,4413,6326,10546,13367,454"
8233,8233,"64,12253,10224,3799,2305,8505,11772,8279,5495,2771"
8251,8251,"10785,11568,12733,7063,11609,7138,4012,220,3089,9306"
8252,8252,"7197,851,8161,4277,5999,331,8421,11282,10916,1180"
8265,8265,"2218,2140,2380,9799,6971,10241,8707,9098,9668,7948"
8267,8267,"8018,8235,1746,1598,4413,13367,10546,454,6326,8562"
8268,8268,"652,10919,350,6168,4416,8188,11520,9942,3689,961"
8294,8294,"5532,9799,3870,8608,2343,4388,5999,4277,10835,13296"
8299,8299,"4576,10963,4036,10607,3737,7856,9888,3539,1290,12811"
8302,8302,"6515,5196,2861,9182,6849,8746,12779,8452,6788,2158"
8303,8303,"1290,789,5135,4929,10336,12497,3697,9837,8567,6971"
8323,8323,"1049,9942,1273,4414,6250,11403,12253,1742,10122,3799"
8327,8327,"8562,1598,3950,454,5545,10124,10546,6326,9449,8235"
8331,8331,"6982,4413,5999,2567,7723,1478,5673,2789,454,7939"
8332,8332,"11178,1638,10106,3810,787,7667,6390,2940,813,5881"
8334,8334,"6220,13296,5545,8562,10835,7707,3870,1863,10288,4277"
8337,8337,"1290,9295,10429,10607,4036,1851,4576,7120,13432,11117"
8341,8341,"6982,11622,3340,11751,3950,12425,12680,11795,454,8483"
8361,8361,"1290,6971,3998,4177,4679,7707,13381,836,7474,10288"
8369,8369,"6220,13296,7707,9799,4602,5524,4266,1598,5545,10835"
8378,8378,"9609,5514,2189,12128,8490,11896,7553,5230,11417,6973"
8407,8407,"11024,10607,11918,4028,10389,4036,1290,10581,2343,7120"
8419,8419,"6610,1290,1244,10607,7120,11024,8254,9348,13309,12373"
8424,8424,"10122,12966,10413,9013,383,6859,778,2594,4163,4216"
8425,8425,"5027,8332,3314,9817,3448,5413,5155,2507,10766,9453"
8438,8438,"1290,3539,7120,3697,9405,11117,11846,11088,12254,8554"
8447,8447,"4525,4798,8562,10326,10785,4277,7138,9942,1640,7383"
8458,8458,"2140,7439,5946,9771,7063,2149,2291,4877,13214,9306"
8463,8463,"10288,9410,5545,7707,3275,5025,2012,13296,13025,13375"
8471,8471,"4679,4525,12404,6513,6198,8562,4692,10661,3402,7197"
8472,8472,"10581,8714,11024,11918,10389,6812,10607,11743,4664,8135"
8477,8477,"12030,8922,1290,7120,10663,4929,6971,6243,5573,2916"
8478,8478,"4798,9262,5471,8562,11969,11272,1421,8590,6220,796"
8483,8483,"1290,7120,4929,789,10663,9962,10607,5135,13309,6243"
8496,8496,"6971,2291,4798,8472,9668,2140,9580,9886,9083,61"
8497,8497,"12988,10078,3883,11602,8227,449,12316,6402,9453,6815"
8501,8501,"3696,9105,13259,121,5214,10473,9880,12928,13114,1347"
8506,8506,"6509,3461,10346,12047,8788,2903,742,1589,11563,2167"
8520,8520,"4277,5545,13296,992,544,12359,1426,7707,10288,4416"
8524,8524,"4277,7197,8590,9877,4798,5866,1978,557,1328,4865"
8531,8531,"8562,2218,2140,4798,10326,13310,10916,9340,4277,5545"
8556,8556,"9025,13310,1453,11019,1007,769,5514,12887,11038,9917"
8579,8579,"10607,11024,1851,8714,11918,11298,4028,10389,4036,10581"
8585,8585,"2218,9799,5303,560,4388,2343,12665,2140,10389,6166"
8591,8591,"1978,6769,4798,220,931,12646,9560,11289,12249,7835"
8592,8592,"4576,1851,4036,11298,11024,10137,4664,10674,11775,1779"
8596,8596,"4277,1290,7120,544,9799,6220,8590,2343,5545,13296"
8598,8598,"11800,7652,652,13143,11147,4460,2645,961,5579,3033"
8608,8608,"1290,4576,7120,1576,3998,4890,8714,6812,12832,13370"
8610,8610,"1290,7120,1244,5135,4576,10663,4929,2916,789,4036"
8617,8617,"8475,3539,10607,4036,1576,6053,11024,9609,12212,7553"
8621,8621,"3950,12232,8235,682,8018,6515,2140,2990,6326,11289"
8629,8629,"12454,12887,462,11019,8746,11178,8084,7377,9085,769"
8649,8649,"11038,5168,7937,9942,6973,7383,10122,1558,3428,1323"
8652,8652,"5142,4163,83,3539,10607,11846,1280,1576,6811,12455"
8714,8714,"4452,9570,3888,2537,12887,9454,5495,5402,2218,6123"
8718,8718,"9942,1323,10914,8714,12348,8188,350,10919,9025,7644"
8733,8733,"6610,5545,2989,544,11024,4277,13370,7020,8714,8293"
8734,8734,"8562,8714,10914,8188,11520,1254,6168,12348,12404,4416"
8754,8754,"1328,9234,11357,4117,1978,3448,12680,9767,5545,8483"
8771,8771,"8922,9886,8235,6772,12579,11403,4332,2140,7024,5819"
8791,8791,"4576,1290,7120,6220,265,2343,6971,5545,9799,5532"
8794,8794,"1478,3799,3428,9410,3870,4414,7079,13045,5177,2489"
8797,8797,"454,2990,12232,682,3950,3428,1598,8562,6326,6123"
8804,8804,"6091,3870,10224,3950,8221,64,6220,1742,3317,4602"
8809,8809,"6515,7197,8421,2158,4315,11357,1912,11282,2905,851"
8823,8823,"1290,7120,4929,13101,10663,2916,11117,3697,4387,1977"
8833,8833,"5866,10389,5545,4220,1978,10288,5025,8714,4024,6490"
8835,8835,"9693,2343,10607,2537,8608,12858,5179,1244,5782,10648"
8840,8840,"12335,5884,8053,9167,5610,2899,2218,2958,4877,11341"
8842,8842,"8084,8663,4985,4452,9469,349,6739,2113,5721,6611"
8860,8860,"11024,7937,1576,11918,4216,1851,9730,208,4163,1558"
8866,8866,"10326,2199,5303,6326,4798,9580,4315,66,8922,2789"
8877,8877,"8638,7667,6849,1195,6788,11000,12668,10658,1196,550"
8887,8887,"9790,12927,10413,2899,5436,7341,2594,8917,4823,5826"
8895,8895,"4321,4915,13249,11000,1957,7487,4452,11396,11627,3545"
8907,8907,"789,10648,4036,3539,1290,8475,11024,7120,10389,11719"
8921,8921,"7922,4466,4940,2940,10743,10087,9209,6640,8384,11162"
8928,8928,"2940,2204,1698,4001,6231,12645,13418,12397,7575,8185"
8936,8936,"4939,4216,3769,2883,6299,5224,11520,13027,1215,2065"
8965,8965,"7707,2343,9693,4117,4053,5999,2537,11712,5022,13296"
8971,8971,"7792,5826,3870,6220,2645,8454,4637,12253,4414,12550"
9000,9000,"1863,13296,5962,5976,13377,4250,2327,1983,7707,6220"
9023,9023,"11871,6326,3950,5545,1598,2990,8562,11289,682,8235"
9025,9025,"8922,931,6220,8149,6971,3055,12665,5303,4798,11289"
9031,9031,"2789,2567,5999,2199,3071,12104,10434,931,11357,10841"
9045,9045,"7707,1007,9570,11969,1017,1779,11918,13066,8607,8590"
9053,9053,"2218,6220,7723,10835,8562,4266,3870,5545,9365,8333"
9054,9054,"2940,12575,1245,2204,1020,598,8908,6613,3563,7127"
9060,9060,"6168,1254,11520,10413,3509,9560,1937,10034,4637,7389"
9063,9063,"5999,11396,7723,1957,4452,10473,3888,13114,7487,2395"
9071,9071,"3509,10537,2645,7792,4637,9786,12368,6611,782,9942"
9078,9078,"5964,8562,13296,3870,6220,1598,2218,5485,4277,5545"
9101,9101,"8608,3275,13296,1843,8681,5782,9410,6610,12577,5866"
9108,9108,"6326,5545,682,3950,11289,8235,1598,8562,5292,12232"
9110,9110,"1017,10034,11024,2181,3428,8719,2537,11042,10288,8450"
9114,9114,"6971,10835,9799,2140,2218,11000,12321,8562,3870,1978"
9144,9144,"1290,7120,1244,4576,296,10607,11024,4036,10648,6610"
9172,9172,"9799,10607,6971,1290,8922,4430,2343,10389,8277,3539"
9185,9185,"8703,5149,13255,10332,9083,8981,1078,7637,9954,6474"
9190,9190,"6971,6395,2199,3071,12104,11396,13114,4947,10473,6382"
9193,9193,"2220,7087,11502,1478,4765,811,992,5166,3870,4305"
9198,9198,"4798,7707,4277,8562,8607,11969,8633,5866,8714,10326"
9200,9200,"789,5135,1290,9866,7120,8567,2916,13027,12497,296"
9201,9201,"7024,12339,4266,1779,8235,341,12253,12312,11024,7937"
9204,9204,"6971,5545,544,1978,12665,1328,4277,13296,13110,7707"
9215,9215,"4777,10663,4929,1290,7120,6243,8567,4387,12497,1132"
9222,9222,"5303,10607,4576,4277,9799,7120,6971,1290,8590,2885"
9233,9233,"8235,1746,8018,1598,4413,6326,13367,454,10546,8413"
9235,9235,"10241,5351,8707,4321,3247,1719,12632,4452,3992,4266"
9245,9245,"789,1290,3697,7120,13309,9866,10336,9837,3323,7817"
9275,9275,"1290,7120,2990,7024,8235,7578,8590,8922,5875,9550"
9308,9308,"3870,4414,1323,4460,3799,4007,796,9600,3655,6489"
9323,9323,"11151,550,3247,6674,4321,3992,5351,6123,8707,5703"
9329,9329,"1478,10916,12857,3950,10986,1978,6326,7392,10913,2789"
9355,9355,"6220,3870,9454,7558,7723,5495,5386,4946,8413,3950"
9369,9369,"2140,4877,2291,4798,7063,5471,11843,3089,12990,13249"
9386,9386,"11520,1863,11896,2989,6015,1118,7725,6555,779,9730"
9388,9388,"8235,3950,1978,6220,4414,4602,5545,3870,12768,5502"
9401,9401,"4048,10674,10201,4152,12339,7417,496,8679,2054,3570"
9418,9418,"2140,2343,2537,5999,13249,11712,4117,2530,10326,2218"
9433,9433,"7197,6971,331,12990,8421,2140,851,1180,4277,4865"
9440,9440,"8562,2497,9410,1323,1426,1680,7667,8188,12417,3428"
9446,9446,"2771,3428,13249,3545,9504,1978,4525,5999,8300,11000"
9464,9464,"8562,1598,11000,6925,5545,3509,1978,7087,13150,4602"
9477,9477,"11289,2958,682,6326,12232,3950,2990,454,6515,10546"
9488,9488,"11024,10607,10389,9348,11719,8135,8714,8721,8254,9732"
9500,9500,"5999,10326,2343,4277,11396,785,9693,2537,11712,8608"
9502,9502,"1220,6326,8221,782,13346,3799,854,11384,3317,8562"
9507,9507,"8235,2343,1746,8018,1598,4413,454,6326,13367,8413"
9528,9528,"12029,5545,13004,8018,6709,2065,12253,12339,10546,1598"
9539,9539,"4277,12990,11384,331,13211,1776,4525,2990,8421,11508"
9566,9566,"4053,2989,4117,9942,4576,3509,11969,8607,10537,5502"
9575,9575,"9817,3314,12447,4684,1848,9014,10974,2770,10105,6425"
9583,9583,"5155,10224,1143,5826,4889,8190,4398,941,2594,598"
9589,9589,"8562,6971,331,4277,12858,10326,3545,12680,4525,1978"
9591,9591,"8421,6971,5303,6107,2199,12331,4101,9937,4646,11282"
9617,9617,"9550,4332,8235,7024,8205,7578,12875,11784,6382,12680"
9620,9620,"6646,6164,13380,10915,9786,3317,6091,9817,782,5839"
9622,9622,"4968,2905,9504,1408,4463,8746,9393,12566,598,1864"
9631,9631,"10974,4256,12978,7250,1848,6541,6640,47,1101,8257"
9655,9655,"8562,7558,6220,5495,3870,13296,5545,13346,11000,4946"
9658,9658,"5999,2789,7392,491,10473,13114,3596,10841,5497,3888"
9660,9660,"13280,7937,5514,1542,5168,12835,7389,3520,5738,6973"
9669,9669,"1290,6971,5135,7120,2286,10663,4387,8922,5303,10326"
9672,9672,"5545,4277,5866,6220,13296,2771,1978,2343,1323,10835"
9684,9684,"5103,10729,6060,6011,11757,3987,10974,7878,6393,7739"
9702,9702,"10607,9962,1244,5135,4036,9837,789,8475,10648,1576"
9705,9705,"6391,2506,1623,7447,13335,2925,9180,5241,6118,2467"
9722,9722,"4877,5946,165,9306,2291,13214,12871,9771,6878,383"
9732,9732,"7047,12458,162,4281,390,173,1317,11802,6629,363"
9781,9781,"5545,5495,7922,12887,12454,11000,8300,6123,13249,7667"
9803,9803,"331,11357,9799,5999,785,8421,7578,3909,2822,1408"
9809,9809,"10974,9375,7878,5105,12988,449,2732,11757,704,9817"
9814,9814,"11282,10138,8421,851,4315,8161,1180,331,12990,3770"
9818,9818,"10993,1788,13134,3810,13273,2228,11726,9023,1937,4012"
9820,9820,"8746,9443,12611,7063,37,11784,13346,11726,3106,2108"
9848,9848,"3950,2990,6326,12232,682,454,8235,1598,10546,8018"
9856,9856,"3950,10340,8235,1746,8018,1598,4413,13367,10546,454"
9869,9869,"6220,4602,931,2905,12425,8483,12193,11622,321,8899"
9889,9889,"2140,12331,6220,2218,12321,8562,9799,4430,11289,12680"
9923,9923,"1180,12857,8421,4117,2506,6096,12680,1640,2172,6515"
9929,9929,"12417,3428,3992,1323,6442,6391,12895,9798,9195,4266"
9961,9961,"1244,9935,11024,4036,9684,10607,9957,13309,789,179"
9969,9969,"6971,5303,4798,2291,2140,10326,8562,9580,7063,8590"
9974,9974,"3799,9570,64,12253,8183,2537,6091,11439,8607,12641"
9976,9976,"13127,290,9730,7937,3222,10206,10919,740,5168,12995"
9989,9989,"2789,1723,11506,2567,12965,4854,9182,6769,4798,8646"
9993,9993,"8188,4118,1323,9826,12417,2305,6314,2325,3689,8454"
10002,10002,"8257,7325,8911,7689,3887,215,5742,8540,6640,3269"
10011,10011,"1851,2989,4028,11024,10581,8635,10137,1576,4024,5719"
10016,10016,"10607,1290,6610,8254,1244,8608,6576,10648,6734,9693"
10028,10028,"7487,12928,10592,2220,4929,621,10712,11396,6395,4101"
10029,10029,"1598,13296,5545,4277,5025,1328,544,992,13249,1978"
10033,10033,"9799,6925,1118,6220,3870,1863,2218,10389,6610,3275"
10042,10042,"10326,2199,851,1180,12875,11282,8421,9580,12857,10778"
10046,10046,"7667,1661,4525,12249,9485,1347,652,11572,11960,6151"
10061,10061,"8421,4277,11282,11495,851,9580,4679,6971,331,2140"
10071,10071,"8235,1746,8018,454,4413,1598,10546,13367,6326,4438"
10084,10084,"350,10124,1937,4637,652,11800,13143,9942,11497,3052"
10091,10091,"9470,7723,3317,12104,4482,5999,7392,10434,454,11784"
10102,10102,"10648,789,4576,4929,4036,6610,1244,10607,6576,9746"
10104,10104,"1254,7814,4453,8293,8562,10993,4007,6489,7182,9826"
10121,10121,"789,1290,5135,10663,544,6971,13309,12497,4277,7120"
10131,10131,"13310,3112,652,12887,9358,796,9733,349,11326,1453"
10134,10134,"8413,2140,12321,1746,8235,8018,1598,10546,13367,4413"
10139,10139,"11775,10581,1576,8714,1851,9732,4216,11486,8342,11743"
10144,10144,"7392,3317,3950,8084,10913,13259,5177,7462,2337,1358"
10155,10155,"1634,8922,5999,4943,11396,4602,12793,10124,2990,8205"
10168,10168,"8235,1746,8018,4413,1598,454,10546,8413,13367,4438"
10178,10178,"6610,10648,10137,11024,10607,4024,4028,8721,5672,9348"
10186,10186,"2140,13296,6220,7707,8590,8608,1598,5545,8607,4576"
10190,10190,"2140,8235,1746,1598,8018,4413,13367,6326,8562,454"
10194,10194,"10288,11019,9242,13025,2238,2497,12668,7667,2903,11215"
10196,10196,"4118,1323,9942,2497,1254,8188,9826,1937,4007,1695"
10215,10215,"8421,10326,2218,6971,4865,8562,10608,12680,6589,4277"
10218,10218,"11417,2301,7301,8560,11815,8188,9763,10537,11240,11038"
10251,10251,"6638,12665,8562,4602,2013,12249,931,9558,11289,9799"
10252,10252,"6811,296,1290,5135,13309,6243,3697,9295,2916,1851"
10262,10262,"8981,7723,4698,1487,5149,6166,5966,7064,13228,3909"
10266,10266,"1370,3829,4220,2702,1639,4890,2989,8188,9942,5109"
10271,10271,"3870,5545,796,4414,3799,2497,5386,3428,4946,9942"
10277,10277,"2140,10288,5025,992,5386,9340,11000,1210,2218,12359"
10282,10282,"6626,4077,1254,6973,12156,8188,9942,12417,1323,4118"
10286,10286,"12030,2885,1290,7120,4929,10663,6243,8567,4387,5573"
10305,10305,"4679,810,13296,8562,4277,11000,1426,10063,8505,13249"
10309,10309,"10326,10340,8235,1746,1598,8018,4413,10546,8562,454"
10335,10335,"7120,10663,10607,6812,1290,10581,3539,10389,4036,10648"
10340,10340,"10903,4281,8560,5480,420,13431,5168,12995,3222,7047"
10375,10375,"6971,2218,7138,6220,4576,8922,8562,1290,9942,11969"
10388,10388,"7064,7723,4452,6382,9470,5351,2990,3506,1052,4482"
10397,10397,"4277,2499,220,4798,10326,5025,11000,12779,5534,3628"
10402,10402,"5999,2238,3545,2903,2038,13249,454,9504,12668,6925"
10407,10407,"350,7063,7558,4838,5495,9942,9264,716,238,8018"
10408,10408,"8452,11286,3064,3506,9085,1606,7063,7824,4648,2038"
10416,10416,"6220,8235,1746,8018,1598,4413,454,10546,13367,8562"
10448,10448,"5303,10288,2140,5386,2218,5025,2380,544,10835,968"
10454,10454,"682,10224,782,9786,2305,3799,3052,6183,9908,6091"
10499,10499,"2140,2291,6515,4277,10326,9340,5025,12990,2158,11000"
10503,10503,"3314,12085,7078,4928,2940,5514,12835,769,11543,9903"
10504,10504,"3275,11896,6299,4807,7937,208,12148,1542,4271,12835"
10508,10508,"9098,3770,4798,11282,2499,9580,1668,220,5303,976"
10514,10514,"2899,10785,128,796,2990,11661,4414,7341,2562,10224"
10526,10526,"5155,8054,1328,4054,9568,8332,10352,5027,652,9817"
10540,10540,"9771,4877,2291,9306,13214,165,7439,12871,2149,7063"
10542,10542,"2343,2537,1328,3428,5545,12694,9340,5532,1017,3545"
10551,10551,"9942,1254,8188,12417,9800,10785,8714,9025,961,4118"
10554,10554,"11024,10607,10389,12869,3238,1972,4890,10137,7553,11532"
10555,10555,"6220,2140,8235,1746,1598,4413,8018,13367,10546,6326"
10556,10556,"5471,2577,4798,1046,9262,220,11572,8690,11969,769"
10562,10562,"5819,6971,2140,10326,8922,8590,5303,4798,9580,1290"
10575,10575,"1779,10581,10607,3989,1290,1851,2957,10648,7120,4467"
10576,10576,"10326,5303,10916,331,11384,1180,12359,5025,9340,4798"
10582,10582,"6971,2218,8590,3055,9799,5303,4277,12665,3275,5199"
10584,10584,"6971,1426,8562,4679,9942,5964,13296,7558,6220,11000"
10606,10606,"4679,7063,4414,8562,2038,12404,9449,5819,12779,9942"
10611,10611,"1219,769,6169,9750,9645,786,6110,162,12454,12672"
10613,10613,"10326,331,11495,7142,7197,8421,12858,12385,1328,851"
10614,10614,"5766,9899,7933,1254,8188,11800,5811,5579,3509,5669"
10623,10623,"7024,12312,5524,8235,3536,7289,7261,12632,6071,12339"
10647,10647,"83,4163,2957,11020,7279,6053,1851,10674,11024,1558"
10657,10657,"5495,3870,13346,1323,9733,11000,7558,13249,8562,8505"
10670,10670,"851,5303,10326,4277,2140,6971,8421,9340,8161,9580"
10679,10679,"7120,10581,1779,10607,4036,1851,11024,10389,11918,9348"
10680,10680,"2218,3545,5545,7707,2380,10288,992,5386,11384,1035"
10699,10699,"7558,13257,4322,1426,3870,773,13296,4277,5495,13249"
10715,10715,"2291,7063,9771,9306,4452,8562,6502,9449,12184,1746"
10720,10720,"11784,5999,11282,4413,6326,4482,9470,9968,11396,7392"
10735,10735,"6638,131,3870,861,8562,4602,6220,12193,1220,4414"
10742,10742,"3509,12417,9798,1279,6924,2305,6489,10224,13128,782"
10744,10744,"8421,9733,5495,3950,1323,10561,4798,13346,13310,350"
10747,10747,"5514,3275,8188,11896,6000,10974,8257,12835,1254,4271"
10769,10769,"4605,9730,7087,4602,4053,4256,1972,8607,2989,3222"
10795,10795,"2228,11520,1914,1426,4525,4012,981,8188,13257,7667"
10817,10817,"1290,9295,7471,3697,4036,10581,126,13142,10884,2989"
10819,10819,"6971,2140,2380,5303,7138,8452,2218,11384,9098,560"
10828,10828,"2497,9410,1254,12404,10288,4414,2989,1426,8562,3998"
10860,10860,"618,12417,10639,13112,7462,5098,3365,7814,9895,1878"
10868,10868,"11024,10389,7553,7279,12869,10674,208,11918,8490,10607"
10895,10895,"4798,6971,4262,11384,220,5303,275,13381,976,621"
10900,10900,"6971,13249,2140,10326,10608,6515,1769,8161,12359,9340"
10912,10912,"3567,4935,1317,11546,10739,7496,10732,1219,8313,6169"
10934,10934,"1290,4929,2916,1244,10674,7120,10663,12497,6610,6243"
10947,10947,"2343,9799,8421,5199,2822,11712,3909,5532,6026,3950"
10950,10950,"2291,7093,4012,13090,9193,3769,2304,11609,1242,3064"
10964,10964,"5135,789,10607,9962,11143,10648,9837,4036,2391,5008"
10965,10965,"8663,11749,349,2113,9076,9469,11178,7241,2940,12272"
10968,10968,"6220,13310,3870,5866,7558,1453,5545,5495,4946,1323"
10972,10972,"7303,13380,2958,12232,6442,5999,6326,9836,2990,7024"
10975,10975,"2140,1290,7120,6971,8922,12030,4929,5303,9083,1400"
11028,11028,"5545,3428,1978,13296,10063,13110,4277,12665,10288,3870"
11030,11030,"1558,2957,1863,9942,11967,7864,8714,4216,7383,5866"
11044,11044,"7301,961,11749,5579,7933,5152,3967,5766,8412,7792"
11048,11048,"1478,11898,13249,7079,12389,4846,2330,1741,5610,7717"
11065,11065,"7120,10607,1290,1244,4929,10326,9083,5149,2140,8981"
11085,11085,"11743,1576,12455,12254,9935,4216,10607,83,3539,10097"
11088,11088,"6626,8452,7093,3769,8690,11635,8271,3064,5471,7305"
11100,11100,"2769,6053,10674,247,7553,12615,9231,12909,8475,3979"
11102,11102,"2343,2990,7024,2218,5999,5532,7578,3428,1100,1017"
11105,11105,"10326,10607,2140,5999,4053,6971,1290,12680,9799,2571"
11107,11107,"2789,2567,3071,9443,5673,491,12928,2199,2220,4101"
11109,11109,"1863,7792,779,2327,207,3870,10777,13436,10429,8710"
11120,11120,"1290,7120,5135,4036,9730,10581,11024,10607,8714,4576"
11121,11121,"2789,2567,4602,9449,454,796,2497,9729,6091,3829"
11133,11133,"12454,682,7922,12232,128,2065,9917,12029,5436,4531"
11149,11149,"220,2789,2567,454,3950,11751,5731,11506,9968,5700"
11152,11152,"7120,1290,4036,11117,10581,10607,1779,4929,9348,8714"
11160,11160,"4602,3509,6091,12417,11661,4637,10537,10224,64,4118"
11163,11163,"7087,4859,5022,8188,12249,660,3509,10288,9410,5545"
11168,11168,"9771,6630,10124,9306,6502,4035,2291,7063,6515,13214"
11193,11193,"11286,8452,3064,9454,1769,8707,13094,10506,491,4321"
11200,11200,"1598,350,1978,1328,3428,12898,12191,4602,64,10105"
11210,11210,"1290,5303,4387,4929,8567,6971,12030,2885,7120,11117"
11215,11215,"7667,12085,8300,9807,7653,12796,8557,1030,4692,6198"
11219,11219,"10685,2769,13431,5480,12316,7679,8092,9854,247,6201"
11243,11243,"598,1020,12566,8190,12299,7653,8300,1262,6613,1245"
11253,11253,"6553,2957,12903,12373,3697,12096,4467,10581,296,8090"
11261,11261,"1328,13296,3275,544,10972,12668,1879,7707,7136,11056"
11280,11280,"10326,2343,4388,5999,2537,4266,10835,5532,9693,7723"
11285,11285,"4036,1863,9348,11024,5142,131,10607,7937,6283,9684"
11309,11309,"2537,5251,9262,9693,1328,11614,3143,652,557,9877"
11312,11312,"5999,2343,2537,12668,1017,4388,2218,9901,5545,8450"
11314,11314,"7558,331,7197,12990,716,2158,350,7063,9257,238"
11325,11325,"7739,10729,5760,11757,4641,4713,11660,12949,5105,5103"
11327,11327,"10802,1983,8981,5149,12704,6893,13436,3852,7444,7707"
11359,11359,"10340,8235,1746,1598,8018,4413,454,8562,10546,13367"
11366,11366,"769,4216,10658,12226,12204,9025,5197,4466,10034,786"
11368,11368,"789,9962,1290,7120,4929,3697,2916,5135,296,10663"
11371,11371,"11555,9917,9025,2436,6060,4940,8188,6640,8723,12226"
11376,11376,"2218,2990,9287,1135,4266,9763,4213,7948,11488,7383"
11377,11377,"1634,10778,8421,1776,331,1180,11282,10326,5303,6971"
11383,11383,"9942,8188,6973,10034,10914,8714,12404,1558,11555,9025"
11416,11416,"6402,8540,3698,4256,11395,10974,9817,711,7763,7878"
11444,11444,"2228,618,11520,1254,2497,8188,3402,9942,1680,10446"
11445,11445,"4256,1328,10105,4684,7878,8925,8857,9453,2770,12988"
11448,11448,"4277,2537,9693,5782,8608,6834,3525,5179,12858,4605"
11469,11469,"5999,1100,10326,2140,9504,1957,8421,9799,1996,3950"
11487,11487,"5545,6220,4602,1323,9826,7652,1598,5861,3509,3870"
11492,11492,"13296,5999,4117,8562,9799,10529,4053,7707,4199,10835"
11503,11503,"7120,1290,10663,6971,4929,8922,220,5303,4387,4798"
11504,11504,"4798,1007,10581,1017,6751,2127,11518,10914,9262,6490"
11515,11515,"10993,1254,6314,7933,9620,8188,3799,1426,2497,8361"
11547,11547,"2220,9799,4101,4117,11357,11712,5999,785,2571,4459"
11552,11552,"652,11800,11726,11878,8557,10537,64,1661,2645,11951"
11567,11567,"1328,782,3781,1598,9826,8092,2537,9908,9356,13028"
11581,11581,"8922,5303,6971,2140,8562,4798,10778,6220,560,10326"
11589,11589,"1290,5135,789,7120,13309,3697,10607,4036,9962,6811"
11591,11591,"10326,4277,11396,997,5280,3525,12793,5999,2343,2029"
11595,11595,"4387,1290,4083,6660,7120,10663,9405,3697,13101,5573"
11604,11604,"9799,2380,6971,8421,2140,9982,4277,11993,4798,647"
11608,11608,"3992,1864,8430,11357,2571,5351,13162,8450,1957,6382"
11627,11627,"9799,12665,8562,5545,2218,6220,2013,1478,10986,12321"
11646,11646,"6220,8562,10835,3870,13296,7707,4946,5545,9410,2218"
11647,11647,"8562,4602,3870,5545,1598,331,13296,3340,6925,3950"
11675,11675,"1598,8562,2140,8235,1746,8018,4413,10546,454,13367"
11676,11676,"1598,2990,8562,5545,2140,6326,8235,11289,6515,5303"
11696,11696,"13214,5946,9771,12871,165,2291,383,7063,4877,7439"
11700,11700,"1290,3737,7120,7856,10963,4929,5135,10663,6971,4286"
11722,11722,"789,4036,6812,12455,9684,3539,11719,10607,1576,12254"
11754,11754,"9942,9826,13322,4118,3428,10891,4388,544,4414,1323"
11757,11757,"2218,8922,5303,9886,8562,7383,12680,4266,5819,1017"
11767,11767,"4985,598,9138,384,11019,935,11131,10087,9451,8190"
11773,11773,"2218,6971,6220,4414,13296,5545,7707,9410,13110,2497"
11777,11777,"8235,1746,1598,4413,8018,454,13367,8413,10546,4438"
11778,11778,"4216,6896,5152,12204,1851,4619,10919,786,173,4281"
11788,11788,"11024,1576,8714,4890,10607,12869,3998,7937,1098,10389"
11790,11790,"7120,1290,6971,4929,3697,5303,10663,11384,8562,4877"
11811,11811,"1290,4929,7120,10663,12497,8567,3697,2916,296,789"
11837,11837,"12096,7937,7553,6053,9705,7279,11918,10674,11024,8475"
11859,11859,"6220,2218,8333,4266,7723,3870,8562,5502,8235,11403"
11865,11865,"3870,6220,5545,2218,13296,8562,131,6925,12253,1598"
11867,11867,"11910,8413,12566,4633,11622,8681,5177,4425,9788,5839"
11871,11871,"6971,5135,10663,789,1290,7120,8590,10607,4664,11024"
11879,11879,"7120,10648,4576,789,296,9962,4036,1244,10607,6576"
11880,11880,"5155,1328,1916,9453,8332,8054,3314,12152,3358,11834"
11908,11908,"6515,7063,9771,9306,8452,9865,5819,13214,2149,5946"
11912,11912,"13114,12104,4648,9470,9550,4482,960,10637,3506,6040"
11925,11925,"2158,2140,1432,2506,1328,6883,3950,350,12191,8235"
11933,11933,"4576,11024,3998,11896,10389,6812,2989,8714,5969,6610"
11945,11945,"1863,779,13377,5976,10429,12265,7892,9748,2327,10090"
11948,11948,"4413,5673,11751,11795,3950,454,9729,12632,8413,5700"
11952,11952,"8421,4798,9580,331,10326,10916,2140,4277,1180,4525"
11957,11957,"13296,4838,6220,4946,3870,9733,1316,1746,275,13004"
11959,11959,"7303,13380,3545,6646,5524,12668,782,6402,1220,8232"
11967,11967,"10224,782,2064,10690,11800,2305,4602,11328,8156,9908"
11969,11969,"12909,1576,1779,12438,8714,1079,5168,11938,10206,6075"
11970,11970,"11000,992,2076,11520,4525,8188,8378,1426,12404,4277"
11975,11975,"8188,10537,5669,12641,1669,11815,2206,11439,13376,7725"
11995,11995,"13296,11024,9356,4563,2343,7707,6925,12163,341,10288"
12002,12002,"4216,10581,2957,1851,1558,4163,11117,11486,5759,83"
12022,12022,"2957,83,4163,11024,11918,11020,1558,10389,10137,11298"
12032,12032,"4935,7325,10739,4609,4159,12735,7496,6169,12508,10732"
12036,12036,"8922,9799,13309,7120,12030,1400,5303,1290,2140,4679"
12066,12066,"7667,2645,11951,5495,13143,4012,7484,8188,12775,2228"
12077,12077,"1977,10581,6243,10663,4929,13101,7120,1132,1290,2916"
12078,12078,"4525,4453,4025,13328,4765,992,10980,4118,6128,4974"
12084,12084,"9072,13296,6971,2218,2140,5303,2380,9799,12331,6166"
12089,12089,"3799,9786,7079,3317,8681,4669,5402,1878,782,5964"
12106,12106,"8562,9449,4602,3870,11951,5545,1598,6925,796,5485"
12107,12107,"454,9580,6326,8235,3950,6515,11289,1598,8018,682"
12111,12111,"9449,6091,796,1788,4637,9023,11726,121,8562,6902"
12131,12131,"6971,2140,5303,4679,331,12990,10326,4525,12359,8562"
12139,12139,"5999,11396,3950,2395,11712,5532,3317,7425,13114,8707"
12141,12141,"5875,453,10860,2112,1498,7707,12665,10429,13255,779"
12144,12144,"5135,9866,10648,13309,1290,1241,11298,3323,10607,6625"
12150,12150,"9799,8421,2380,4413,6220,5303,4266,13296,2822,11540"
12151,12151,"4277,1290,5303,12990,6610,6971,9799,8421,10063,6220"
12162,12162,"4053,11396,1408,4117,2337,4947,6395,12793,5999,11357"
12170,12170,"8575,851,2291,8161,1912,12875,1180,7063,2808,10679"
12182,12182,"6220,8922,5999,1290,7120,4266,8590,2218,2140,4576"
12185,12185,"7708,4054,3428,6509,6286,2925,12888,3257,7447,6089"
12191,12191,"3950,11800,6091,3810,7652,5495,9786,1530,3870,8413"
12197,12197,"3525,997,4459,5999,7578,11712,785,2343,5179,12464"
12204,12204,"8293,11800,9970,6195,8447,1004,7653,1254,4077,4070"
12229,12229,"10326,2343,8608,2537,4388,9693,5532,3525,5782,5999"
12231,12231,"1290,10607,7120,11024,5135,789,4576,4664,4036,13309"
12234,12234,"8188,7725,5669,933,9570,3509,779,660,10537,7087"
12238,12238,"8590,10326,6971,2218,2140,3870,8562,10835,13296,8505"
12242,12242,"598,7933,2676,1254,5881,8188,961,7667,3365,7653"
12260,12260,"12232,5196,10204,10690,682,9692,9953,6646,7814,4848"
12262,12262,"4117,5999,11712,2903,13249,7707,2822,3545,7948,2038"
12281,12281,"6971,7063,2140,6515,2158,8421,12990,8575,8161,11000"
12289,12289,"5999,3525,9693,6834,2537,5179,2029,8608,997,4388"
12306,12306,"4798,13310,220,9733,3499,9968,1978,9262,11910,652"
12326,12326,"2140,7824,10506,11286,1872,3506,8022,7777,3064,1769"
12337,12337,"8562,3950,3870,2218,6220,4798,7138,4117,9733,12990"
12355,12355,"8421,6971,4277,11495,9072,4679,3275,4646,12385,4514"
12371,12371,"11289,2990,8562,3950,6326,10546,5545,1598,1746,8413"
12372,12372,"4602,1326,10224,2943,2064,11800,7708,131,6911,12495"
12373,12373,"6630,11396,1634,12793,6091,2335,6326,10124,4943,12856"
12390,12390,"7120,4929,6243,10663,12497,8567,2916,296,4387,789"
12405,12405,"7707,5866,8607,4388,217,3799,4890,10132,1323,5545"
12407,12407,"7637,8703,583,12704,6900,3363,5149,5631,9083,1863"
12408,12408,"2645,10537,933,8188,3509,9570,12775,2501,660,12368"
12419,12419,"6150,8257,1636,2123,6169,8911,2251,4609,10283,3635"
12423,12423,"9449,2567,931,4413,454,3340,5999,9443,2789,2038"
12426,12426,"11024,992,8714,11969,1290,10389,7120,8590,10674,2499"
12452,12452,"8257,6150,8750,3563,3887,4029,3635,6640,2695,6110"
12480,12480,"9971,10389,11024,10607,4024,4028,11918,8714,2343,544"
12530,12530,"7064,5342,8981,13114,5149,10473,7344,4452,3515,10094"
12546,12546,"8981,5342,4205,5149,12704,9954,7637,7064,10094,13228"
12556,12556,"4576,1290,10607,7120,6610,8714,10389,2989,10674,8254"
12573,12573,"8562,5545,13296,5485,2218,9799,6220,3870,7491,9410"
12592,12592,"5999,2537,5782,9693,3525,8608,4388,6834,4277,997"
12596,12596,"12857,8421,3950,12793,7867,12302,4974,4162,7717,5783"
12599,12599,"11024,208,9348,5672,10607,4036,1851,11298,4024,8635"
12615,12615,"7922,10658,12454,9917,7047,6896,7389,9025,8300,7667"
12618,12618,"8235,1746,8018,1598,4413,454,13367,10546,6326,8413"
12624,12624,"11282,8562,331,5413,11572,2905,11000,13346,4798,4891"
12638,12638,"2218,13296,8562,3870,796,11396,5545,2990,4947,6091"
12641,12641,"6971,5303,11357,785,11712,2571,4459,5999,9799,8707"
12644,12644,"716,12152,1254,8188,9942,8505,350,9826,4118,4861"
12649,12649,"1290,7120,2140,5303,9083,8703,6971,5149,12030,6166"
12654,12654,"4413,8235,1746,1598,8018,454,10546,6326,8562,7207"
12658,12658,"11396,10326,4692,2537,9489,7197,217,12359,4277,5534"
12659,12659,"7120,4929,10663,12497,6243,2916,8567,3697,1244,789"
12666,12666,"2140,8421,5999,10326,11396,4277,12990,13296,9799,6971"
12669,12669,"11000,11572,12359,13249,4436,11384,5038,4243,7138,5534"
12674,12674,"4277,9799,10389,1453,12665,11024,992,11969,6610,8590"
12688,12688,"7024,5292,2140,8235,1746,4413,454,1598,8413,10546"
12694,12694,"5532,8590,2218,2343,4388,9557,5866,6220,1779,2140"
12709,12709,"9807,6788,2537,2411,782,5763,13249,12779,984,7197"
12712,12712,"8235,7024,5875,64,9411,11772,3992,12339,12632,6391"
12722,12722,"5978,6183,12342,11113,10548,10402,12454,11219,796,8019"
12728,12728,"1598,11289,3950,6326,682,454,5545,8235,12232,2990"
12732,12732,"6326,7024,5875,3950,8235,782,9908,12632,4266,7289"
12736,12736,"6626,9473,12295,11635,1723,649,12378,9968,4566,9901"
12738,12738,"9799,2343,2537,4388,4277,8590,10326,8608,5866,2140"
12741,12741,"3799,1273,8505,782,4077,9908,12152,4305,1254,4118"
12756,12756,"2108,37,5351,8300,4339,10690,1719,7653,7667,638"
12764,12764,"4277,8562,12404,8714,5545,6168,1426,10288,4414,1254"
12768,12768,"6971,275,2218,4277,5545,544,6220,13296,3870,4388"
12773,12773,"10326,5999,8562,331,1634,4266,3770,11282,4315,2218"
12789,12789,"5196,3526,1623,10257,2172,2861,1833,9014,5775,9380"
12790,12790,"8590,5999,2140,10326,7138,4798,2218,5303,9098,6971"
12801,12801,"1634,4413,4798,11282,10326,9580,8562,12990,4277,2158"
12804,12804,"4216,4163,2957,420,1558,5738,3722,6299,9874,5224"
12833,12833,"4118,1254,3870,8293,782,6925,11800,4117,8483,1937"
12846,12846,"3035,1408,9504,12611,9449,331,2199,5999,9393,2567"
12855,12855,"10326,5999,4277,331,4798,11282,8562,217,11572,4525"
12860,12860,"8235,1746,4413,1598,8018,454,10546,13367,7207,8562"
12874,12874,"4798,8608,8590,6971,5303,2218,10326,4277,2140,2343"
12875,12875,"2905,12611,4117,773,9504,5999,3035,2199,9393,11357"
12877,12877,"6402,4256,11834,12024,64,4602,9040,2771,6091,7763"
12883,12883,"6971,5303,2220,9799,10241,2380,2905,491,4177,2140"
12890,12890,"8703,10332,9954,5631,13228,12996,7637,6938,5149,7344"
12919,12919,"2957,4163,4216,83,1851,740,3721,3722,8589,13280"
12927,12927,"8532,5766,9785,7301,12289,7670,3034,13336,644,6906"
12955,12955,"2218,2343,2537,7707,5532,5545,5866,5999,6795,4266"
12956,12956,"3091,9550,9470,6040,6648,5549,4482,1763,7723,11077"
12958,12958,"9771,7439,5946,2291,7063,11609,9306,2602,10246,12871"
12965,12965,"10326,2140,2537,11396,2343,7707,997,1957,6123,13249"
12970,12970,"1254,4414,2497,5545,8562,9410,1426,3509,1937,4602"
12996,12996,"9962,1290,331,1244,9799,2140,6971,12858,4277,13296"
13000,13000,"8562,11784,3870,5545,4414,3317,6091,7707,9786,3950"
13017,13017,"5135,544,4028,11024,10607,4024,8714,6610,5672,1290"
13019,13019,"6515,12779,9182,11888,1769,649,11416,6751,7986,12154"
13021,13021,"796,9620,6489,10718,3139,434,4414,2006,8253,1937"
13022,13022,"13310,52,12641,6640,12887,10087,8092,6956,5226,11772"
13063,13063,"2218,1863,6220,7707,1983,13296,779,5976,13377,4576"
13075,13075,"2291,8402,5946,4877,165,9306,9771,10462,2140,7063"
13076,13076,"3275,5381,7182,1328,4976,12191,4199,4679,5775,8671"
13101,13101,"5199,4117,8421,773,12793,2822,2140,11843,3770,8590"
13105,13105,"83,4163,2957,1558,10674,11020,1576,8650,4216,4688"
13115,13115,"3839,796,8681,4414,773,4305,13310,5471,3799,9798"
13117,13117,"2537,2343,997,5280,6123,6834,5703,9570,9693,10607"
13121,13121,"13114,10473,2789,2567,11572,5999,491,9443,8472,10841"
13123,13123,"6834,2343,5179,2537,5782,8608,12858,4277,9799,3525"
13125,13125,"6166,6395,3515,1378,10473,4101,13114,1662,6900,8243"
13147,13147,"10326,5199,217,331,11495,7197,1328,8421,7142,4865"
13151,13151,"3545,13249,2771,9901,13346,11000,1978,8300,3428,3950"
13153,13153,"10916,331,4525,9489,851,4025,7197,4277,11282,4974"
13176,13176,"12321,1746,8235,8018,1598,10546,13367,8562,4413,6326"
13180,13180,"10224,1254,1323,3799,4602,2559,11800,64,2305,1049"
13192,13192,"2140,11289,6326,8235,3950,1598,7024,682,7900,1017"
13194,13194,"6220,4602,10240,12193,1326,7579,1062,4637,11800,10224"
13195,13195,"11590,4054,652,1328,4219,10078,7652,9234,7900,5155"
13198,13198,"2380,6751,9968,2343,5025,9877,7986,4277,5866,8301"
13231,13231,"12232,10124,10196,8819,4525,9449,11508,682,1813,618"
13234,13234,"1244,7120,10607,1290,4576,9348,5142,5135,13309,4036"
13240,13240,"4929,13309,4277,7120,12611,9799,3035,6971,11712,4117"
13273,13273,"13296,8235,9799,4413,6925,2140,8205,454,2199,4430"
13276,13276,"4798,7392,220,2789,6326,5999,10916,1478,6751,9968"
13283,13283,"8161,8421,331,1180,11282,7833,6128,1776,2140,6515"
13297,13297,"6515,13302,12417,3428,9901,3992,11154,4453,1978,9895"
13301,13301,"4452,8707,7078,769,12249,6849,76,10658,4257,5225"
13303,13303,"3509,8300,12249,2228,1254,6613,8188,1574,7087,1020"
13321,13321,"1290,10607,4036,5142,7856,5135,10963,9405,12254,11024"
13330,13330,"1290,7120,10608,6971,4664,13309,8922,11846,11363,5135"
13338,13338,"83,4163,4216,12615,9874,3722,9685,2957,4973,1558"
13380,13380,"9306,383,2065,2264,7341,12966,3089,10899,10122,220"
13389,13389,"131,11117,4036,7937,11024,1851,8302,290,6283,9348"
13390,13390,"6220,7723,13381,3071,836,3888,4947,2199,12788,2789"
13391,13391,"12990,6902,3000,2108,5307,5292,4436,8011,854,3622"
13401,13401,"2140,11843,13249,7867,851,12733,2004,6626,9598,12156"
13403,13403,"1290,8235,8922,3515,2990,12704,2530,9550,5875,6971"
13407,13407,"12030,6971,1290,4277,4777,12497,9799,1400,7120,5303"
13413,13413,"5337,7383,4951,6626,9306,3089,10785,12966,5471,10899"
13414,13414,"1851,7047,10919,13426,6896,4216,11024,4024,8635,83"
13446,13446,"1912,4315,1180,6589,10326,2140,7578,8520,1776,11288"
13472,13472,"4277,8714,8590,4028,4929,10674,331,717,837,9732"
13488,13488,"8019,11396,4452,9983,796,3159,11006,4482,10473,12104"
13502,13502,"11024,10607,7279,9935,11743,5759,11060,969,8475,7848"
13507,13507,"2140,1290,5303,5545,2990,8562,1598,6326,1583,9306"
13512,13512,"3987,4641,10660,8540,215,11757,1599,10974,11395,9375"
13543,13543,"4277,1323,3770,4025,2989,4118,9908,837,11661,3870"
13572,13572,"2140,11508,8421,331,12858,851,9340,11495,4277,8161"
13595,13595,"11006,7444,13436,131,6040,9983,207,12660,684,13265"
13599,13599,"9786,8746,5053,782,11178,10915,10224,12641,4339,7079"
13608,13608,"2140,2158,4321,1180,4438,1912,6515,12232,1883,5470"
13609,13609,"13342,9408,3733,134,10257,840,7621,8115,7973,12824"
13630,13630,"931,8922,4414,6220,2567,8562,4266,4199,1598,5545"
13635,13635,"4277,4525,992,12359,2287,5025,1769,3628,275,9340"
13645,13645,"4798,2567,2789,454,931,9443,3950,796,4602,4525"
13673,13673,"1273,4012,1669,8505,773,933,10087,8188,3012,9142"
13683,13683,"1453,3275,7986,12404,9799,2380,12665,1118,8562,7707"
13702,13702,"2218,6166,4413,8922,7723,9358,9454,8413,6982,3888"
13716,13716,"8562,8590,1978,2380,1598,6971,6220,12026,8922,89"
13724,13724,"5303,11384,10326,6971,2218,2140,8590,4865,4277,1747"
13746,13746,"7558,12404,9454,7063,11609,5495,7093,8413,1210,8562"
13752,13752,"6971,2218,6220,8562,3870,5999,5545,12680,5532,4266"
13756,13756,"9405,5135,12030,4929,1132,10663,4083,6243,4387,7120"
13763,13763,"1290,7120,296,2916,789,10663,10607,6243,4929,4036"
13774,13774,"10835,796,3870,6220,2218,8562,5545,9942,13296,4946"
13776,13776,"789,3539,10607,11143,10963,4036,8475,7856,4552,12811"
13786,13786,"5135,789,10607,9962,4664,10147,83,12762,6960,4163"
13788,13788,"8257,8750,5901,2940,6640,6169,2123,4609,7325,1799"
13791,13791,"9799,5835,1100,6971,4499,6166,10792,8235,2380,12331"
13810,13810,"4036,2989,7937,10840,11117,9960,1863,9730,131,4576"
13811,13811,"2380,8922,2140,2218,9799,6971,8562,10835,10326,5999"
13820,13820,"4036,6554,6283,295,4576,9730,9571,10607,7020,3487"
13826,13826,"12204,4623,10732,1045,9271,4281,670,3689,11520,652"
13840,13840,"12232,3950,682,6326,2158,1598,12029,8018,11289,7900"
13841,13841,"8235,1746,1598,4413,454,8018,13367,6326,10546,8562"
13852,13852,"9179,9942,8188,10919,12348,11520,8714,7047,10914,1323"
13858,13858,"2199,3515,5149,7637,1957,7064,4698,11396,5549,3071"
13865,13865,"1328,5027,5155,652,6060,2975,12898,12191,10974,3798"
13871,13871,"6971,8562,2158,12404,13257,2140,7063,9340,11000,5022"
13877,13877,"4413,2140,1746,8235,8018,1598,8562,13367,10546,6326"
13905,13905,"2140,8421,8161,10326,10916,851,6515,13257,4798,12857"
13924,13924,"789,5135,10607,10648,10644,9962,7817,11719,4973,1241"
13929,13929,"2158,10124,6515,6354,1180,11508,4525,13249,11000,3343"
13935,13935,"3870,8562,5545,4277,6513,13296,9846,6151,10993,1323"
13952,13952,"8714,9732,10581,2957,1558,4028,4277,4216,11918,4286"
13953,13953,"8714,11024,1779,10389,10607,544,10581,4024,1851,4028"
13962,13962,"11572,4623,1788,8557,7667,6354,11726,3402,2228,11705"
13965,13965,"769,7922,3314,7078,9014,618,6248,2599,9817,13112"
13966,13966,"64,10915,4602,5495,12887,6091,2771,2645,7922,9786"
13974,13974,"8650,10674,2957,4664,4163,1558,1851,544,10389,11024"
13982,13982,"10607,1290,4576,11024,8475,3539,10389,11992,4664,7937"
13983,13983,"4117,5999,11357,11712,2571,785,11289,4459,8707,6925"
13987,13987,"8562,10916,8161,11000,331,2158,2140,4277,13249,7063"
13988,13988,"8560,11743,4281,3962,13418,11249,2342,12617,644,12123"
13991,13991,"331,4277,13346,13296,11000,10916,8421,10835,3870,2218"
13995,13995,"6425,6060,7047,12458,5760,10974,6016,9375,5027,9274"
13998,13998,"2537,8638,12668,1045,8450,11624,11000,6788,6123,8557"
14021,14021,"9570,7707,1863,2343,11024,10607,2537,11396,5999,13296"
14028,14028,"5545,3950,8562,1598,6326,2990,2158,10546,454,682"
14042,14042,"10034,9025,12417,12454,10413,6168,961,8188,1254,6973"
14049,14049,"8703,8235,3122,589,12663,9564,5149,5976,6893,5549"
14060,14060,"2013,5199,5545,9799,3870,6220,9729,1978,5999,8562"
14061,14061,"5999,1776,11396,4623,6395,4277,12858,8019,8846,6834"
14067,14067,"5875,8235,11289,7024,6326,10546,5524,2990,1598,5545"
14079,14079,"1290,6971,13309,10529,9072,10063,4266,2499,3670,4414"
14089,14089,"6326,12232,682,3950,8018,6515,1598,2158,5292,2958"
14097,14097,"5303,6971,12990,6220,4277,9455,4679,11843,11282,10063"
14105,14105,"7047,10919,10974,12458,2957,4281,9482,3222,4619,1101"
14147,14147,"7707,11024,10288,13296,11969,9570,4576,1863,6220,9942"
14155,14155,"5177,9826,3799,9426,7652,77,9908,8454,4765,6956"
14168,14168,"5999,8421,11396,13114,2395,10473,11284,10326,1180,997"
14170,14170,"6220,8235,1746,8018,4413,1598,10546,13367,454,6326"
14173,14173,"10607,4576,9732,4028,8714,2989,10581,11024,9348,8607"
14174,14174,"1254,4077,10446,8051,9846,716,7515,9942,350,5775"
14196,14196,"1254,2497,9942,8293,8188,4118,11800,810,10993,6489"
14197,14197,"2140,6515,2158,10792,9504,10608,4438,2291,1912,4811"
14202,14202,"1851,4216,5168,4163,3722,13418,12995,2957,7864,5152"
14204,14204,"9306,2065,383,3064,8271,7383,5436,7715,3506,8452"
14215,14215,"8188,9942,11520,1863,5545,4946,3870,1426,6314,8562"
14242,14242,"6220,13346,782,10661,3509,3870,2411,5495,3950,8483"
14244,14244,"5545,4277,4679,8562,1426,11000,3428,4416,12191,4199"
14249,14249,"6610,8254,7120,1290,11992,2784,9567,12030,1779,2286"
14250,14250,"7383,9306,8452,5819,8271,6626,7063,7341,10899,10122"
14256,14256,"8452,11288,8421,6515,5091,1408,1180,8161,7833,4315"
14258,14258,"1576,8714,4028,10581,9732,8635,10607,4024,1851,11918"
14280,14280,"2990,5999,4452,4321,8707,2537,3247,11396,2140,5497"
14318,14318,"5545,1598,12029,350,12606,2645,11289,13004,3950,1432"
14325,14325,"1328,8092,10105,12191,9817,4684,2085,7878,11590,12029"
14328,14328,"4413,6220,8235,1746,8018,1598,13367,454,10546,8413"
14329,14329,"652,4525,7667,11572,6513,2158,9014,12454,11154,4436"
14344,14344,"5819,220,1017,12779,7383,12404,9942,9901,11751,8626"
14366,14366,"1290,13101,7120,4929,10663,11651,10963,11088,3737,10202"
14421,14421,"4281,10732,2940,4609,8257,4216,7047,10974,12226,5197"
14430,14430,"6220,5545,8562,5866,9733,1598,2218,2380,2140,13296"
14435,14435,"4798,10326,3950,10340,13381,2567,454,2789,9443,12793"
14472,14472,"6220,4414,13296,2903,4117,4679,10529,2497,4199,4007"
14501,14501,"8188,9609,8560,7937,7725,10311,11417,5514,3034,1112"
14509,14509,"12779,13249,9901,6326,8562,4798,6515,1769,2218,8452"
14516,14516,"5545,3799,64,1742,1323,6220,4946,3870,2771,4414"
14521,14521,"1598,5999,1100,8922,4414,4602,1978,5545,13296,12990"
14553,14553,"7937,7725,779,11675,684,11674,1863,207,12265,11230"
14561,14561,"7792,5669,1370,9910,9620,8028,12205,453,7467,8412"
14562,14562,"1290,13296,6971,6220,8562,9449,4277,4414,5545,8922"
14567,14567,"966,1746,2228,7063,4623,238,11726,6513,4243,3112"
14575,14575,"5135,789,10644,6834,9693,2343,12253,10607,12858,997"
14581,14581,"5545,2343,8608,5999,3909,2537,5532,6964,4266,8274"
14627,14627,"1290,4929,6971,7120,8922,8235,8302,10663,2140,12030"
14634,14634,"6220,11800,3870,350,10431,1937,5545,2497,9600,10224"
14651,14651,"8707,12680,11282,5999,4321,11357,4679,12331,2199,4798"
14659,14659,"4117,1323,4053,9942,9195,12417,8333,5964,8562,796"
14670,14670,"9072,2158,11000,12779,2140,6788,9340,6515,12359,10608"
14684,14684,"11282,4277,331,4798,8421,10916,837,851,4525,11843"
14691,14691,"10122,11568,3064,2899,5606,12335,6332,7383,7467,7757"
14695,14695,"9942,10122,6168,5766,2823,5007,7933,7467,5187,5669"
14705,14705,"1328,2172,7578,9340,5147,3428,2158,6515,8421,2506"
14711,14711,"12722,2181,618,3527,2077,9046,6849,10293,3428,10236"
14723,14723,"4798,11282,6971,9580,9449,4525,8922,12990,4929,10326"
14739,14739,"4413,1746,8235,1598,8018,454,8562,10546,13367,4438"
14740,14740,"5303,2140,8421,2291,8161,851,2264,10792,1912,6589"
14743,14743,"6220,4277,10835,11969,217,10326,13296,12990,2771,5866"
14747,14747,"6442,2958,12310,66,8156,9750,4602,840,682,2606"
14748,14748,"2789,4602,2567,9449,454,2497,4007,11751,4414,6489"
14764,14764,"9942,1323,10914,3840,1007,13306,12417,5866,12348,9410"
14771,14771,"2633,2065,37,8300,769,2108,13294,4838,7063,4623"
14780,14780,"4679,8421,11455,7197,9234,12404,4974,7835,761,2370"
14784,14784,"11289,12668,1328,10591,1681,13014,3545,5147,1684,9719"
14785,14785,"11038,9917,769,10732,7922,4281,10034,9025,12204,10658"
14798,14798,"5292,6220,8235,1746,1598,8018,4413,13367,454,10546"
14801,14801,"2989,1323,9730,8607,4602,3222,11951,8714,290,5866"
14803,14803,"350,11320,8421,4798,6128,837,7197,5353,5964,13310"
14821,14821,"12990,7128,4865,7197,2158,4525,4277,9455,12359,4322"
14832,14832,"9962,789,1290,10607,4929,10663,2916,7120,13309,10644"
14833,14833,"10326,6834,9693,4277,2343,2989,12858,341,5866,9348"
14853,14853,"2140,10916,6971,2218,4798,4277,8421,5999,4388,6166"
14854,14854,"8707,13072,5621,4321,6164,782,7138,4053,3247,2411"
14856,14856,"3428,1254,4118,2497,6489,3509,12768,4007,1323,9826"
14858,14858,"8188,1323,2305,9025,11038,12152,4077,9942,6626,4118"
14864,14864,"5946,8402,9085,4877,165,8041,1058,2149,2291,11286"
14867,14867,"9732,10389,10607,1576,11024,8589,11020,9730,10581,8714"
14880,14880,"13431,10919,208,640,5480,11024,12339,3487,13280,7937"
14890,14890,"8235,1746,1598,4413,8018,454,13367,10546,8413,7207"
14892,14892,"11282,9693,4277,11969,10326,11000,4605,5866,11572,9730"
14899,14899,"11024,7279,10389,588,8721,10607,83,11918,10674,8714"
14904,14904,"8188,10537,341,9942,11024,290,1323,2301,7725,11038"
14906,14906,"9732,1851,2989,4036,10137,9348,7864,9730,4545,83"
14909,14909,"11162,8723,9209,6640,6487,4641,10732,10974,7496,6060"
14929,14929,"2990,6326,11289,3950,8235,1598,454,5545,7024,10546"
14931,14931,"5976,131,7467,11403,6893,1863,9942,5927,1983,6168"
14938,14938,"8562,5545,1863,3870,9942,7667,10835,2218,10529,13296"
14955,14955,"7197,652,9710,981,7835,3314,8156,10446,9892,7653"
14961,14961,"8413,8235,1746,8018,4413,13367,10546,1598,454,6326"
14969,14969,"10607,5135,4664,83,11024,11298,8475,8635,7279,10336"
14970,14970,"6515,5303,8590,6326,2140,3950,8562,2158,1598,5545"
14977,14977,"10288,11024,2218,3992,10608,2238,7707,1453,13310,12680"
14991,14991,"5999,2140,12779,10608,491,8922,10326,12680,9799,9580"
14993,14993,"8452,12378,328,3089,7504,11019,12156,4877,11635,5946"
15009,15009,"2220,4277,811,331,4974,12385,468,11495,717,1408"
15014,15014,"8714,4576,10581,9730,11024,2989,10137,9348,10389,9732"
15028,15028,"7120,6243,12497,4929,10663,13101,3697,8567,5135,13309"
15029,15029,"8562,11396,4525,2158,4623,2990,10326,4277,1045,217"
15030,15030,"5495,1598,8333,7087,7207,9786,6220,11289,12368,1978"
15033,15033,"10326,13257,7462,4025,11282,8562,837,11572,4798,5814"
15052,15052,"6971,4865,12990,4525,851,11495,7197,8421,717,9234"
15062,15062,"2140,7578,8590,4798,8421,10326,5303,11540,3055,1747"
15074,15074,"12779,2238,12668,1158,7667,8638,3428,992,13014,9242"
15081,15081,"8562,782,13296,4277,13346,11000,1328,7197,6513,5555"
15082,15082,"2436,6640,10732,12226,4641,4029,2893,10974,8257,7496"
15097,15097,"4117,7558,8333,10241,2265,13381,2518,4877,6220,4012"
15098,15098,"331,6971,5303,8421,9799,647,4798,2218,8590,6166"
15107,15107,"9405,789,2885,12497,5135,1290,10663,9646,6243,6811"
15113,15113,"12665,10916,331,6515,12990,4277,2140,5025,4798,9340"
15120,15120,"6971,9799,5025,12665,8421,1978,3275,12680,10916,4798"
15121,15121,"10326,12857,2140,11282,8421,4798,851,9580,8161,331"
15122,15122,"6971,6220,5303,4277,4414,8562,7138,2218,2140,12990"
15141,15141,"6425,6060,10974,2975,12226,8188,6640,9375,87,9025"
15143,15143,"9799,6166,5976,1863,3122,9564,10429,13377,7707,1983"
15148,15148,"598,981,5775,7653,8190,11666,9138,1020,4012,7379"
15164,15164,"3428,8505,12635,3317,7707,2771,782,5545,6956,8188"
15165,15165,"10389,10607,1779,11918,10674,11024,544,2218,4664,5866"
15175,15175,"2140,13257,11384,6515,6128,2158,4525,331,10326,12359"
15186,15186,"1290,5135,9646,11117,1977,6811,12184,9295,11569,2784"
15189,15189,"2140,4525,2158,7197,4277,12990,11000,1328,13249,7138"
15200,15200,"4277,5303,331,11384,4865,12385,6971,4679,13296,9455"
15204,15204,"633,11117,9771,2602,12254,5946,11569,9306,11846,11764"
15205,15205,"8590,8608,13296,6220,2218,5866,1863,2343,8607,7707"
15217,15217,"838,11520,12249,1661,12430,7933,5010,12348,9166,10980"
15240,15240,"1746,8235,8018,13367,10546,454,1598,4413,8413,3950"
15248,15248,"9405,8235,5149,8302,6971,1290,6474,12704,8922,7064"
15253,15253,"4277,8590,2343,2218,5545,2140,9938,6971,4664,544"
15256,15256,"1746,8235,8018,1598,13367,10546,4413,6326,8562,454"
15260,15260,"4053,8562,6220,4117,5964,13296,4602,5485,6925,3870"
15265,15265,"8235,1746,8018,1598,4413,10546,454,6326,8562,13367"
15274,15274,"4413,2140,8235,1746,1598,8018,10546,13367,454,7207"
15275,15275,"9886,383,7715,2899,7341,7383,7063,5819,2958,11784"
15282,15282,"12575,1273,4692,4466,7653,6438,8300,638,7873,9138"
15294,15294,"6402,7303,12024,8178,13380,8092,4821,6646,1377,682"
15304,15304,"789,7120,10607,4036,11024,1244,9962,6610,1290,11298"
15330,15330,"4452,5402,5351,3888,8707,10614,9998,10700,10087,1957"
15331,15331,"8384,12940,8770,10548,11985,6848,8980,12642,961,10657"
15332,15332,"12397,8257,6150,2940,6640,4029,3887,2782,2204,8540"
15339,15339,"2058,1863,5976,13436,779,13377,2327,1669,3487,10802"
15387,15387,"8562,2990,1598,11289,5545,6326,6515,2140,12232,3950"
15391,15391,"9799,10326,8590,4277,6971,6220,2140,13296,8562,5545"
15396,15396,"11289,9799,2218,4266,3992,11751,10986,931,8421,8483"
15397,15397,"11784,7558,12632,8413,9786,5495,12566,8300,1742,9454"
15421,15421,"8271,6648,2899,10122,9306,10413,5436,10889,383,6540"
15427,15427,"6020,11743,12371,12254,12123,13418,8560,6754,2569,3962"
15434,15434,"7301,131,9735,11038,1602,10359,6973,3786,2301,11539"
15441,15441,"6489,1937,2497,3509,4007,3428,131,9410,12550,1254"
15444,15444,"5386,7383,1558,2957,7558,10122,4163,7063,4679,4827"
15457,15457,"10326,1328,4277,8421,331,4798,851,11282,9455,12990"
15466,15466,"2140,5999,2990,11000,10326,1017,11396,8562,7487,519"
15475,15475,"7392,12857,3950,12156,6326,4162,8321,2958,1996,9473"
15483,15483,"789,5135,83,10607,11556,11024,11992,9405,6811,8733"
15487,15487,"9942,4838,7138,7558,7063,4946,7383,10122,8505,12253"
15500,15500,"6626,9750,769,8148,10639,4466,12796,7047,618,3314"
15511,15511,"8590,12339,5866,5545,1323,12253,11024,10389,11918,6220"
15515,15515,"7303,7578,5875,12680,6646,13380,840,1220,11301,7164"
15519,15519,"10122,12575,4985,12550,6438,2899,9790,12604,6724,5606"
15534,15534,"5545,5532,1978,2218,1598,13296,9410,8562,7948,3870"
15545,15545,"3222,1972,11896,11024,13370,6555,12096,2989,12048,9517"
15553,15553,"13280,2957,4793,2709,6053,1558,5168,4216,13431,4163"
15556,15556,"12606,4946,7792,3799,64,5177,9786,7652,6611,6091"
15564,15564,"2140,4664,11024,2343,10607,8475,7707,179,1863,5127"
15567,15567,"10674,4216,2957,4163,1558,3722,5738,7047,4793,5224"
15582,15582,"7063,8562,4012,4838,238,13090,1746,5495,7558,1426"
15585,15585,"9877,4277,3275,5025,8421,4798,2499,4646,2140,9340"
15587,15587,"6220,12990,2380,11843,8562,6971,9733,5303,10835,4798"
15589,15589,"8421,10326,9580,2140,6515,5303,6971,10608,5025,12680"
15590,15590,"8188,2085,2771,5861,1328,1323,11520,4976,11624,6613"
15595,15595,"3525,3793,2571,2164,5179,11712,11357,1100,13218,9693"
15611,15611,"10607,10581,4036,1576,4216,2957,1098,11743,7864,83"
15613,15613,"3870,9942,4414,2497,796,4118,1937,9410,5964,4007"
15632,15632,"6971,11289,4430,8922,2343,2140,8235,8562,10326,8590"
15633,15633,"13296,6220,5866,3870,5545,13310,1453,8562,2218,1323"
15639,15639,"8562,4277,2140,11384,10326,5303,8590,2218,6971,3295"
15648,15648,"6971,851,331,4277,8161,11282,1776,11495,4514,4798"
15652,15652,"6971,6220,12990,4097,350,12191,716,4277,9408,2631"
15683,15683,"6326,5545,1598,8562,3950,11289,2140,10546,6220,8235"
15688,15688,"2140,89,4388,6220,2218,8590,3870,6971,9799,13296"
15703,15703,"11784,454,3950,7723,796,2567,3317,4413,5999,3340"
15708,15708,"2140,2218,11540,9886,2990,9454,6220,8413,9083,12414"
15714,15714,"2771,217,8188,8505,1328,1323,9826,3799,4118,5861"
15719,15719,"981,9895,12085,3365,8188,4466,9138,598,3314,4928"
15727,15727,"4947,1230,5583,4698,9937,7637,6638,2020,6395,12622"
15728,15728,"9295,11117,12184,10322,2885,8862,12021,10530,12030,8342"
15735,15735,"6150,2251,6169,1636,5901,4619,4609,7220,3635,2893"
15736,15736,"2218,13249,11000,5495,2158,8300,5545,8505,8562,2411"
15739,15739,"7063,1156,165,9083,7715,9454,2140,12829,7383,9306"
15742,15742,"12606,453,12646,5145,6015,11178,2869,13004,7280,3509"
15764,15764,"2218,779,6015,3870,13110,12606,4859,7707,9410,1118"
15773,15773,"4315,5470,6515,6626,6503,8575,12378,6280,8870,12875"
15774,15774,"4466,9209,2940,808,769,11981,1219,786,7922,2550"
15786,15786,"2633,2065,37,13294,769,3769,4452,5436,4937,3064"
15789,15789,"8562,11000,11384,12359,4277,7707,13296,5545,7487,4623"
15796,15796,"652,966,12796,13143,2228,4623,3314,9264,6513,8189"
15800,15800,"2218,6971,5303,4277,4413,2343,8562,6220,10835,13296"
15802,15802,"10607,83,10674,7553,10389,7679,8475,12869,3539,6053"
15812,15812,"2287,8562,1793,2218,2990,7667,13249,8505,6788,3428"
15815,15815,"10743,6640,1601,11555,12397,3811,10658,8723,469,6801"
15828,15828,"6630,6326,3950,66,64,6902,6091,4602,2958,5292"
15831,15831,"4413,10546,8235,1746,8018,13367,1598,454,6326,8413"
15840,15840,"652,6849,7653,8188,9970,13143,11404,10106,13112,1426"
15845,15845,"6220,8562,5964,1937,796,1788,4007,11572,3870,1863"
15847,15847,"6721,1245,7490,8361,6238,2204,1112,8980,12397,6049"
15856,15856,"5303,11384,8421,11282,4277,4798,6971,10326,2140,4865"
15861,15861,"2957,1558,4163,10674,83,9732,4216,11020,3722,4708"
15862,15862,"1290,9732,9960,10607,2957,10389,10581,11918,11024,4036"
15871,15871,"9942,8562,7667,8300,6925,6091,1426,1788,1598,5964"
15872,15872,"1100,3950,3909,7578,454,7024,5999,2990,8235,4266"
15883,15883,"10607,1779,4036,11024,10389,9348,1851,8714,10648,1576"
15886,15886,"6834,2537,2343,3525,997,12858,5280,2029,5782,8608"
15888,15888,"4277,3428,4414,8562,1978,6220,3870,1254,4602,9600"
15898,15898,"4277,12404,4679,9942,7558,4525,13296,1210,4012,8562"
15919,15919,"2657,9014,1780,5471,10446,3314,7305,5381,5072,12310"
15922,15922,"1576,5168,5224,10359,9609,12455,11967,5142,11598,7404"
15931,15931,"1863,1669,85,12426,9371,12067,10429,8525,5672,8445"
15941,15941,"6971,5303,9668,2140,4698,9937,9799,4101,11751,4430"
15943,15943,"9771,220,6128,3769,13257,2007,7462,11384,1996,1242"
15956,15956,"6971,10835,8562,6220,2140,13296,9799,4277,10529,5199"
15958,15958,"2218,2380,5545,6220,8562,6971,6638,12680,10063,3870"
15960,15960,"4637,9560,5826,7341,1937,941,5745,12296,10785,13418"
15973,15973,"9748,9570,12253,1669,3542,5839,13377,9374,6283,1863"
15977,15977,"1290,10607,11992,2784,295,4036,3539,5318,8475,756"
15994,15994,"782,4053,3317,12417,9195,8450,6164,4117,3509,8681"
15995,15995,"11569,2784,9405,533,3539,4036,11992,7856,8525,6554"
15996,15996,"13143,37,716,966,652,350,5436,2594,4518,9826"
15999,15999,"4007,2497,12417,1937,1695,2966,8300,6198,1323,3509"
16060,16060,"9942,350,544,7383,341,12339,1937,1851,8714,12253"
16069,16069,"8188,4928,3365,4077,8361,217,12939,981,3689,3314"
16076,16076,"10919,290,9732,969,9730,3222,7047,2989,4281,11918"
16085,16085,"4097,10941,12898,134,6306,13342,10257,9817,6883,9516"
16089,16089,"7637,9937,12331,8981,4698,8703,4205,5342,6474,10332"
16097,16097,"5303,11384,4277,331,11843,12990,2158,8421,4525,4974"
16112,16112,"4077,4277,9942,8505,8714,11000,1323,1426,350,9340"
16116,16116,"4765,9800,6640,3811,77,5168,8384,10743,8051,5881"
16137,16137,"5303,2291,851,10511,7439,12378,8452,10462,8271,9848"
16150,16150,"9799,2140,9504,1408,4947,2905,11000,6925,4525,1978"
16174,16174,"598,8190,1020,6640,11019,5514,4398,6110,9025,9726"
16176,16176,"6849,11520,2940,9970,4012,3327,769,4940,1576,7667"
16210,16210,"12621,6299,2695,12397,10754,10221,4029,10660,11162,8257"
16212,16212,"10124,8562,6513,1323,1937,3870,4414,9942,2158,11508"
16230,16230,"9750,2085,2860,3358,840,8241,10335,8148,53,6306"
16245,16245,"4525,8300,2497,5495,1254,4118,981,1426,2228,13249"
16293,16293,"4413,12787,9449,2567,454,2789,2562,931,796,11357"
16299,16299,"11298,179,10963,11024,8475,10607,2831,3539,83,4664"
16300,16300,"1669,11675,13436,11759,12660,10090,7725,779,13377,5669"
16303,16303,"77,4765,11960,2191,9573,3365,652,11159,961,4118"
16305,16305,"331,3112,11960,4277,1328,4765,811,652,4525,1426"
16314,16314,"2158,8562,6849,7835,2140,5022,11000,12779,6515,1978"
16328,16328,"457,3509,10034,11038,12348,8188,5495,64,4940,11555"
16340,16340,"1290,5135,7120,12497,2916,6395,4929,6243,789,296"
16351,16351,"6220,7792,1863,89,2218,8562,12606,3870,4036,12253"
16363,16363,"8452,5351,1719,5884,9807,4213,3672,9775,4026,6720"
16376,16376,"2380,7063,6220,7558,647,4827,6971,12389,2065,11609"
16387,16387,"12566,598,7392,406,112,3035,9692,13249,8190,1020"
16395,16395,"10326,2140,9580,331,4277,8421,851,11843,11282,11495"
16414,16414,"2140,7707,4430,5303,6971,9799,560,2238,8562,2218"
16416,16416,"8018,7715,383,2300,2958,12414,7063,2899,5436,2019"
16418,16418,"6971,5303,10326,2140,5999,2530,2343,12990,8235,12680"
16471,16471,"2343,10607,10389,11024,2537,8608,6834,8254,9730,11918"
16489,16489,"4798,11772,6326,7723,9968,6751,4413,11289,10986,9901"
16497,16497,"7063,5303,9306,7383,220,10899,5819,7341,165,13214"
16509,16509,"2380,8590,9799,2140,2218,13296,5303,5545,6971,331"
16510,16510,"2903,3950,2038,4602,5999,4679,2567,3317,2199,796"
16521,16521,"10607,789,10644,1556,3323,9405,9962,5135,6811,179"
16524,16524,"13398,8257,6640,4029,6110,6150,3635,9726,5901,2695"
16582,16582,"2140,12665,4943,8590,6220,3870,5866,89,12793,5545"
16592,16592,"4556,8253,11600,10141,5351,2270,5915,9407,6196,7444"
16604,16604,"8421,12331,4947,9504,9799,6395,6925,4117,1957,1408"
16605,16605,"10607,10389,5545,3998,6610,7964,7707,6220,8607,1290"
16617,16617,"7864,4708,8589,13418,1639,10919,5168,9732,4940,640"
16622,16622,"11024,10607,10389,8714,9732,10581,1851,10137,11918,1779"
16624,16624,"2218,11019,4452,4117,5402,796,4266,1564,1007,3888"
16628,16628,"13380,6646,8300,8746,11971,7809,3950,1361,6091,682"
16633,16633,"1290,7120,4929,6243,4387,8567,2916,13101,4777,5573"
16646,16646,"9942,1254,4118,131,8188,3509,1323,9826,3428,4602"
16651,16651,"2140,5199,4277,331,8421,8562,9340,12404,11000,12779"
16654,16654,"2140,6326,3950,1598,8235,11289,8562,2990,5545,2158"
16673,16673,"2789,11540,4798,2567,1700,2199,8472,9443,9449,10340"
16675,16675,"5545,3950,5303,8562,4277,2218,3870,13296,12990,3781"
16677,16677,"4459,2571,4499,8205,9504,11712,5835,13218,4843,6382"
16679,16679,"6971,2218,6220,331,8562,5545,4277,5303,1598,13296"
16686,16686,"12615,2312,10963,1200,83,6329,8475,9360,4793,8970"
16695,16695,"331,9449,4525,1408,2562,11282,3950,10916,8421,454"
16704,16704,"10993,8188,8447,7667,11315,6580,10990,7653,787,8450"
16709,16709,"131,6091,12783,1530,3317,6925,2890,12371,8746,9786"
16773,16773,"7653,7667,4623,8746,12299,8300,981,2228,12085,11672"
16774,16774,"2380,2140,11772,12156,7138,9340,9733,13310,6391,12813"
16797,16797,"3950,5999,1746,8235,1598,4413,454,2343,10546,5532"
16803,16803,"220,142,9105,13040,860,11219,3672,11937,1634,9560"
16804,16804,"10916,4277,1328,9767,4199,5545,9234,12779,12404,6151"
16806,16806,"7047,53,11493,8188,6016,8148,390,9750,5490,4461"
16810,16810,"10914,6626,1254,8188,5204,10785,618,7305,1219,9750"
16836,16836,"2158,2537,2343,9340,6123,12359,5552,11396,2218,6849"
16844,16844,"7922,3799,6091,217,3317,1045,8450,8145,64,2771"
16861,16861,"4163,2957,1558,83,11020,10963,11299,9888,8650,9960"
16875,16875,"2218,2140,8421,4266,7138,10326,12813,4117,12990,5866"
16936,16936,"4525,11572,1328,11726,3143,9693,8232,1978,1788,4436"
16946,16946,"10326,2140,3950,4798,837,12404,13249,3870,3781,220"
16965,16965,"12757,4277,9799,2199,5303,4679,1400,12331,12680,4101"
16987,16987,"2140,2380,8562,7063,12404,6971,13090,4679,13296,810"
16988,16988,"11772,5177,9707,11341,9763,3799,13436,8729,9426,1135"
16989,16989,"5545,13296,1978,7087,1328,1478,1598,9410,3870,10835"
17007,17007,"12940,11985,10519,8384,4691,12928,10087,3769,4780,631"
17016,17016,"4277,12990,4117,11357,10326,11396,1996,2822,13249,773"
17030,17030,"5177,7079,782,7503,13310,773,9786,11491,4117,4012"
17034,17034,"5999,5022,12779,6971,11282,331,10916,2140,8421,11000"
17054,17054,"11384,12779,13249,10916,7063,8452,220,9309,4679,1996"
17056,17056,"4097,1328,12339,1432,6883,10431,12191,11999,6071,9742"
17084,17084,"12417,4118,10914,1323,4305,1978,7536,5098,4453,12249"
17098,17098,"10607,2218,5545,8714,12253,2343,2990,11024,4036,5866"
17102,17102,"4798,11320,3770,12404,275,2577,837,220,9262,12733"
17109,17109,"8235,8562,6220,10326,2343,1746,1598,4413,8018,13367"
17112,17112,"6971,2140,9799,8421,9982,4277,11993,4798,647,11282"
17119,17119,"4277,6971,5303,8421,10326,2218,8590,4798,275,11282"
17124,17124,"13296,8235,12606,3487,8505,5976,2038,7707,6220,1983"
17141,17141,"2343,5999,12668,9693,8638,4277,6834,2238,2537,1220"
17160,17160,"4413,3950,1746,8235,1598,8018,13367,10546,8562,454"
17179,17179,"4277,8590,5303,1100,4798,10326,5025,2140,2218,8562"
17189,17189,"1746,8235,1598,8018,4413,454,13367,8562,10546,6326"
17191,17191,"5436,3064,2899,7093,6332,11568,1606,6724,3026,4838"
17194,17194,"598,9138,11162,808,4029,6640,11757,631,2940,8257"
17195,17195,"8562,4199,11357,8707,5999,4053,2199,11282,4321,12680"
17200,17200,"1290,10389,10581,10607,11918,12373,10137,4576,8254,8714"
17212,17212,"4947,3515,11396,2199,1957,10841,3071,5124,10473,8608"
17218,17218,"9340,2343,2537,3525,1017,997,3428,1978,6593,4388"
17232,17232,"8421,1328,4277,9877,7197,7835,10105,11338,1978,4684"
17242,17242,"618,4765,4767,3365,77,10639,3314,652,12417,1792"
17255,17255,"3950,11622,2038,9729,9786,9504,7079,8483,3340,454"
17262,17262,"10648,6610,10607,11024,11719,10389,6053,8475,10137,4036"
17275,17275,"7301,786,10224,10903,7933,64,8560,9271,3782,11006"
17276,17276,"221,1245,686,4339,1441,9562,2594,10179,11113,6075"
17278,17278,"6962,4698,3088,589,2774,3122,9564,7471,6893,12663"
17283,17283,"4499,11712,2571,5775,12464,9935,598,9451,5835,1864"
17284,17284,"3950,1996,1180,11396,331,5060,13346,4463,1776,9953"
17295,17295,"3950,8505,7667,5022,5495,8300,13249,13150,2411,9786"
17298,17298,"13370,6610,2989,11298,4036,1851,10137,7864,10607,4576"
17319,17319,"1478,13306,9410,5545,3870,5866,6220,1323,544,7087"
17320,17320,"1576,11598,12835,5168,9874,4216,7104,8969,4163,126"
17325,17325,"5999,7578,2537,8608,4388,5532,11396,9799,12858,3909"
17330,17330,"7471,2885,1851,5927,774,7453,2823,7306,4215,5142"
17334,17334,"7279,11024,83,10607,7553,8475,5480,10674,10389,11918"
17346,17346,"9942,1863,131,13004,4637,4602,8562,6220,1746,3509"
17352,17352,"6971,12104,785,8707,4117,5999,4321,11712,4053,4459"
17353,17353,"533,2784,11600,295,9405,11923,2838,8525,11569,11143"
17396,17396,"10916,2140,8421,1769,1996,7833,13249,1180,9504,12636"
17408,17408,"6849,12493,8558,12385,5022,5999,12359,4053,9767,4928"
17414,17414,"10078,2869,1328,1432,2541,13383,6735,5494,10766,12898"
17422,17422,"4163,2957,4216,1558,1851,3722,8650,11024,12808,83"
17424,17424,"10741,1328,10257,9138,7835,1680,4080,9846,12779,8300"
17427,17427,"1290,7120,5135,789,10663,9962,4929,10644,4036,9405"
17432,17432,"7667,3428,6123,8450,13112,5775,9895,5109,1158,1538"
17434,17434,"5303,1634,4315,8421,6589,9098,2140,4865,6971,9580"
17439,17439,"9560,2989,9449,4637,9555,4602,4576,796,1466,9730"
17442,17442,"11357,4053,11712,2571,785,4459,8421,9799,5999,6971"
17449,17449,"6515,6326,3950,682,12232,8746,11289,8235,454,8018"
17472,17472,"9807,8318,8300,7922,1045,12085,9895,2903,4416,6788"
17509,17509,"10607,11024,4036,3222,7937,8589,9730,12995,1851,11778"
17522,17522,"4602,6091,64,3799,2771,5861,11910,1742,931,13004"
17527,17527,"2291,2140,6128,851,12779,8161,9309,8421,2169,10916"
17535,17535,"1290,7120,4929,1779,1244,10607,4036,11024,11918,10389"
17540,17540,"8271,9306,2958,7063,2899,5436,2065,5939,13214,10899"
17541,17541,"1576,7576,8714,12096,8589,12832,11719,12995,13431,3721"
17551,17551,"4798,8421,6326,9580,12857,9449,1634,12793,4315,11282"
17564,17564,"5303,11384,6971,2140,8421,4798,331,11282,4315,1776"
17565,17565,"4054,1916,6306,9453,8092,3733,10352,9516,4399,840"
17581,17581,"4798,8421,13257,6128,10916,12793,1302,7503,11396,7833"
17596,17596,"4277,1328,9767,2502,6371,12858,1978,5545,1644,1996"
17601,17601,"4413,5999,8707,4321,8562,7667,12680,4053,2238,10835"
17611,17611,"11635,12378,12295,6751,6503,9473,2867,10395,8452,1640"
17612,17612,"4277,134,5545,1978,217,6306,1323,5866,12898,544"
17620,17620,"4414,9942,6220,3870,5502,9410,2497,3950,2903,8505"
17627,17627,"6640,2436,11162,4029,8257,8723,9726,11337,3811,10743"
17634,17634,"2218,1202,1863,3012,3467,1779,8475,9374,1669,7707"
17649,17649,"2771,217,4305,13028,1323,8505,8188,5861,1680,3314"
17654,17654,"8188,5766,8092,10974,11800,3799,3509,1254,961,4188"
17659,17659,"2218,6971,9799,5303,5149,2140,10241,1863,1290,12704"
17666,17666,"1290,4929,10663,789,2916,7120,10607,4576,6610,1244"
17674,17674,"2380,2140,10608,9799,2218,9340,8110,10792,8590,9454"
17684,17684,"3950,682,11289,12232,1598,8018,6326,8235,10546,5292"
17708,17708,"598,5514,11019,7922,12417,4940,9025,2897,10420,10537"
17709,17709,"11178,7667,12249,787,5881,10106,5915,11249,8742,4339"
17741,17741,"6724,2899,10572,131,8980,10122,1937,9085,12927,6438"
17752,17752,"4935,11546,12226,8257,7325,2893,6169,4609,2123,4159"
17765,17765,"2218,13296,3950,3870,8562,8505,4414,796,4118,9826"
17770,17770,"769,8663,12729,3520,3683,12645,4452,8793,7341,2940"
17814,17814,"3428,12163,1323,782,9908,131,6925,4118,9826,5545"
17818,17818,"652,13143,6849,9970,1426,10537,8188,7653,13028,10106"
17822,17822,"2784,11992,7706,1863,8475,7937,11569,11744,8302,1012"
17826,17826,"5514,1323,12417,3520,11019,9014,9025,6849,1793,10420"
17827,17827,"10607,11918,10389,4036,4028,4024,83,10581,1779,4664"
17840,17840,"2218,5545,1863,9942,10835,9410,7491,8562,10288,9730"
17843,17843,"13310,7079,2218,3870,453,12606,3428,10986,968,7986"
17864,17864,"10326,2140,4277,331,5999,8421,11000,1408,10916,4798"
17871,17871,"5976,1669,9748,10802,5149,13377,9564,1438,1983,1863"
17881,17881,"9799,5545,2343,2218,5532,4388,1598,1017,6220,4277"
17928,17928,"11520,9025,1254,10974,9942,10128,6314,660,10288,9826"
17931,17931,"9733,2140,1746,8235,4413,1598,13367,8018,8413,10546"
17933,17933,"10537,13143,4940,10034,7667,12348,769,8188,9970,7922"
17953,17953,"5999,1045,443,2990,3799,8450,4452,11396,8608,646"
17970,17970,"5999,6091,4414,3950,1598,931,5545,8562,6220,3317"
17977,17977,"12026,4525,6971,2140,1421,3766,5999,12793,1100,10608"
17982,17982,"7817,9962,13027,11298,4973,1241,4613,9837,10644,8604"
17995,17995,"2140,10663,5810,6971,1290,7120,8922,8302,9083,12030"
18002,18002,"6849,5147,2629,764,2007,10933,10658,7653,5587,4811"
18006,18006,"1669,10802,7725,4859,779,1202,11759,5669,8188,8607"
18023,18023,"8188,9942,11520,3870,1323,2497,961,8562,4946,1426"
18024,18024,"8235,2343,2140,1746,1598,8018,4413,13367,10546,8413"
18047,18047,"13296,6220,3870,9799,1863,5545,2218,7707,6925,8562"
18050,18050,"6220,6971,8562,1290,5303,89,13296,7120,12026,4277"
18078,18078,"8300,5495,1914,3314,12454,7922,652,638,11000,2065"
18086,18086,"7856,12254,4163,10147,1576,2312,4216,12762,11299,126"
18093,18093,"4216,5168,5224,10359,13336,1851,3487,83,5152,786"
18115,18115,"2140,2380,2218,9580,10326,11396,5303,6971,4277,1180"
18122,18122,"6220,6971,2218,1863,5545,5866,3870,8562,10288,7707"
18124,18124,"7986,10862,1723,4373,9138,4546,10980,1872,3015,1302"
18127,18127,"1290,13101,7120,4929,10663,6243,2957,4163,1558,10581"
18133,18133,"8562,13249,11000,11572,8300,5022,9014,6198,1426,7197"
18148,18148,"10326,5999,1017,2990,519,2343,3428,4162,13249,7392"
18155,18155,"13296,6971,4277,8562,9942,1863,6220,7707,5545,4946"
18158,18158,"11020,12254,10607,5127,83,1576,11024,12866,5142,10963"
18166,18166,"9014,12417,598,3992,9138,5775,13028,761,13112,4824"
18167,18167,"4525,4277,992,11000,4974,1328,717,5025,331,7197"
18169,18169,"13214,3064,8452,9306,165,12138,8217,383,8402,5946"
18175,18175,"12368,3870,1323,9826,8454,3799,7079,12470,8188,9707"
18178,18178,"2567,2789,6769,11424,3950,10237,931,3428,7392,6581"
18214,18214,"4929,6243,10663,12497,7120,3697,1400,1290,8567,4777"
18217,18217,"6971,2140,11282,4277,12990,1421,6220,7197,8590,11320"
18226,18226,"3222,1972,11896,11024,13370,6555,12096,2989,12048,9517"
18229,18229,"4679,7063,12779,8300,8452,7254,3064,4177,7948,1524"
18236,18236,"2016,3481,1623,6391,5298,13369,5241,7447,13194,2467"
18240,18240,"3829,6489,2989,4118,10859,4414,1323,3839,6499,9560"
18262,18262,"3799,6956,13115,3509,2301,131,782,6091,1742,9786"
18266,18266,"10607,11024,11298,10137,10389,1851,4576,4664,6610,4036"
18272,18272,"2362,1347,1878,782,6183,10548,5155,12689,4518,961"
18292,18292,"12026,9799,12680,2218,3992,12944,6925,3870,4602,4117"
18299,18299,"331,2990,8562,10124,12875,2172,9908,4492,4025,8421"
18321,18321,"682,12232,8746,7303,6326,12887,12029,6123,10204,4531"
18338,18338,"4798,10326,4277,6220,8590,2140,6971,5303,13296,275"
18339,18339,"4277,1290,331,7120,6515,6971,2140,10326,5303,8590"
18341,18341,"4821,8746,5749,2891,13380,9393,5172,12575,10690,4219"
18355,18355,"789,5135,1290,3697,9962,13309,10336,296,7120,10607"
18364,18364,"4036,2218,1863,11024,10288,7937,3998,12538,9942,3668"
18368,18368,"10916,4798,6326,12875,2789,12857,3770,851,220,9580"
18393,18393,"2990,8562,12253,12990,10326,6971,4277,4414,4602,10124"
18409,18409,"2228,11520,1914,1426,4525,4012,981,8188,13257,7667"
18434,18434,"3870,8562,9786,782,13346,4053,5964,8505,4117,6513"
18440,18440,"12990,2158,1978,4277,4525,5545,1017,3428,13249,5532"
18446,18446,"2905,9880,4463,9023,2789,6128,9443,4798,8421,10916"
18467,18467,"6326,9580,8235,12232,3950,8018,682,454,6515,11289"
18475,18475,"10607,2218,5545,544,8714,11024,1779,1863,5386,13310"
18487,18487,"2218,121,6638,1230,8562,1863,11951,7491,7792,5485"
18489,18489,"4216,1558,2957,4163,6299,3722,11967,7047,5738,8051"
18499,18499,"7558,4077,4012,8188,13028,1210,9942,933,1254,1323"
18505,18505,"2771,782,3428,8450,10993,9908,131,12163,341,9826"
18525,18525,"598,11614,3314,6640,11757,8190,5027,4029,3960,2695"
18530,18530,"544,9459,12404,5964,8562,992,2106,2989,1426,5969"
18539,18539,"12265,779,1863,7345,10429,13436,1491,2303,1779,2218"
18546,18546,"1290,5303,7120,4277,2218,6971,9799,8562,10529,6220"
18579,18579,"11869,2064,4414,6489,9942,3509,13002,1355,6250,6442"
18585,18585,"3799,13380,6442,6646,3317,7303,9908,782,9807,7014"
18595,18595,"350,9942,6220,8562,9264,7063,8018,1323,4838,7383"
18648,18648,"12249,7536,3689,5098,12417,7802,1328,4453,1196,11019"
18679,18679,"4602,8235,3950,5875,6326,2910,11751,11622,11540,12632"
18683,18683,"2218,8562,5964,4199,2562,796,10835,10529,9560,10990"
18687,18687,"2140,11969,1017,5025,9340,6626,2287,10288,12378,9454"
18718,18718,"8188,779,7725,3487,12606,1695,1863,3870,7545,7840"
18741,18741,"10224,6091,3799,2108,11661,796,6183,64,3950,6995"
18760,18760,"2957,1779,11775,1851,11024,83,10607,208,4036,4024"
18771,18771,"1323,8188,8505,2771,9942,4416,5545,217,3799,7707"
18787,18787,"851,8421,2140,8161,6971,5303,11282,331,4262,7439"
18788,18788,"7462,12857,6326,2958,12875,6515,3770,7041,8421,2506"
18789,18789,"7933,11520,8188,961,5766,5669,1112,4817,12348,7301"
18798,18798,"6971,10326,6220,2343,9799,13296,4277,10835,3870,8608"
18800,18800,"8235,1746,8018,13367,10546,4413,8413,1598,6326,454"
18805,18805,"350,1788,8562,4637,11726,8018,11572,6220,11497,4602"
18806,18806,"9733,8235,1746,1598,4413,2343,8018,10546,13367,5532"
18812,18812,"4256,6815,8540,6528,11602,1832,704,3987,7739,9040"
18818,18818,"10974,4935,5760,10732,4609,10739,7496,7325,8911,11546"
18830,18830,"8452,13249,6788,12779,7063,8300,12611,11384,6818,12359"
18835,18835,"9348,10607,4036,2989,9730,4576,11024,13370,10137,5135"
18839,18839,"5025,10389,5179,8590,7983,9799,1100,1453,5866,8421"
18851,18851,"9942,11661,796,8562,1323,10537,6091,1793,6513,8505"
18854,18854,"1634,9880,1776,6971,2199,9580,10326,5303,11282,10778"
18864,18864,"11572,11520,1788,3810,11726,9023,8557,10993,4623,4436"
18865,18865,"6166,10241,12321,9799,3870,2218,8562,1863,6925,6220"
18874,18874,"4413,6220,8235,1746,8018,1598,8562,13367,10546,454"
18875,18875,"13249,5999,11000,4117,4053,10326,7667,12680,11712,12359"
18879,18879,"10919,4216,10732,7047,2709,4281,13280,12226,2957,5168"
18882,18882,"10581,10607,1779,1290,7120,10464,2530,1132,11743,11486"
18895,18895,"7289,8235,12253,12662,5875,2506,2990,3950,12026,10224"
18903,18903,"6971,1290,2140,7120,4277,1421,6220,12990,5545,8590"
18913,18913,"11282,12990,4277,10326,8421,4865,12858,331,11495,6834"
18934,18934,"5135,789,7817,10644,9962,6625,5008,9837,1241,3323"
18935,18935,"12575,1219,6994,5427,12861,11542,7127,1143,9592,4609"
18981,18981,"121,5583,1230,3430,10592,3139,7708,4101,2337,9004"
18985,18985,"9287,8450,7301,3520,11038,4452,4724,5915,11539,3992"
18987,18987,"5135,7120,13309,9962,6243,9837,12497,4777,2916,296"
18990,18990,"12758,1640,10326,8018,3950,9886,9580,2958,6971,8562"
18996,18996,"10288,8188,7087,13306,9410,13110,5545,9942,10914,5386"
19010,19010,"4413,6220,1746,8235,8018,1598,13367,454,10546,8413"
19016,19016,"8714,1576,13370,3998,4890,2989,11896,12995,10137,12096"
19018,19018,"8590,10897,10068,4028,13426,8018,4664,6071,13004,1290"
19029,19029,"7063,3769,8452,9085,4877,9771,6726,37,8300,4452"
19060,19060,"786,1089,6896,4935,10732,989,5155,11546,587,12204"
19069,19069,"1290,7120,5135,10607,789,4929,12254,3697,10581,11117"
19084,19084,"4623,4692,7138,4525,8019,4322,5497,12990,11726,220"
19086,19086,"3487,13376,1863,5669,8560,779,4855,12135,6268,7725"
19105,19105,"12152,1328,8775,5105,5755,4077,7480,6307,9375,6306"
19110,19110,"1290,7120,3697,9962,789,5135,6811,83,6960,13309"
19135,19135,"2338,5027,4684,6060,10729,11614,9165,9516,10352,7878"
19144,19144,"11289,6220,5545,8562,13296,89,1863,2218,3870,6971"
19154,19154,"3870,8562,13310,2218,6220,1453,12680,12321,6638,7707"
19168,19168,"11384,8421,10916,1180,2395,2140,13114,5147,331,11396"
19173,19173,"4083,5573,10663,4929,7120,1290,6243,13101,12497,8567"
19187,19187,"1290,13436,1863,8608,1983,13296,5962,7964,5976,2339"
19216,19216,"11546,10732,4935,2893,2123,6169,6640,11178,7325,12226"
19227,19227,"12575,11113,598,2108,6238,754,618,9710,37,1254"
19231,19231,"4974,5386,13257,12404,2140,3870,11384,13296,4012,5025"
19234,19234,"3487,8394,4036,9730,1863,779,8560,13127,11024,1098"
19255,19255,"6220,5545,89,7024,5524,12253,2990,4266,13296,8562"
19258,19258,"3950,220,10785,4798,9443,9733,1478,2108,2567,9449"
19266,19266,"37,941,5826,4637,11800,9979,1937,966,716,8156"
19296,19296,"2990,2958,2899,3532,1763,6630,3606,7715,12875,9470"
19297,19297,"4413,5532,5545,1746,8235,8018,1598,454,13367,7207"
19308,19308,"7079,4053,4117,782,5700,9786,4189,773,5177,7792"
19323,19323,"632,7878,4814,4832,5820,4684,6393,8122,6011,8876"
19346,19346,"5545,4277,3870,13296,6220,544,5866,1978,8562,2218"
19347,19347,"7120,10663,4929,6243,2916,8567,3697,6971,5135,13101"
19360,19360,"7937,65,1012,1863,8525,3544,5187,13432,4036,4545"
19364,19364,"6973,786,4216,8034,5168,6896,4940,7453,13418,5691"
19378,19378,"1598,5999,2199,8562,10835,12990,4413,6971,13296,2822"
19379,19379,"6220,6971,2140,2218,6166,7138,5303,4798,275,8590"
19380,19380,"4525,7197,4277,9309,13249,12359,12779,2158,11384,11000"
19381,19381,"1180,8421,2158,12680,10916,10326,12990,5999,11357,9489"
19384,19384,"11726,11572,652,4436,7197,3314,1046,2228,2577,2370"
19385,19385,"7667,3545,6925,7707,8562,12249,4199,1598,1118,2238"
19388,19388,"5168,7301,7933,3967,630,11967,12296,2326,2823,10718"
19406,19406,"11568,797,7063,4838,10776,7138,10122,10785,8051,11194"
19408,19408,"12990,4053,11357,11712,785,2571,4459,5999,8707,9799"
19415,19415,"1863,5976,1983,9748,10429,13377,13436,6893,2327,8113"
19417,19417,"64,3799,6091,3317,6183,2305,11661,11772,5495,4946"
19434,19434,"2140,4576,11969,1779,8590,10389,10674,544,8714,2343"
19441,19441,"4798,11282,851,8421,331,4277,10916,12857,4025,3870"
19461,19461,"4281,969,12835,5168,9874,290,12617,1542,9732,11830"
19474,19474,"2789,11540,931,8922,2567,5673,11751,4413,5999,12579"
19477,19477,"12621,11162,8257,2695,12397,10221,4029,10660,8723,11614"
19484,19484,"1576,4940,7279,10607,5979,11743,11060,8714,8490,11024"
19502,19502,"4798,5497,4877,10326,4277,1007,4322,11969,12359,8633"
19503,19503,"11384,5303,8562,6971,2218,12404,7948,6220,13296,2140"
19512,19512,"3840,1323,6490,217,12348,10914,13104,2287,3159,5866"
19515,19515,"8562,1863,8445,131,6168,2327,9942,1937,12431,5723"
19518,19518,"12404,11000,2287,9340,5495,1680,12779,9938,4243,8562"
19530,19530,"6123,11960,997,6640,2537,6834,5280,7667,8450,7922"
19559,19559,"4576,8714,2989,11024,10137,10581,1851,9732,11918,10389"
19576,19576,"2038,9786,3870,7079,12632,131,6925,7558,8681,2506"
19586,19586,"2343,2537,8608,8144,8981,7064,8475,5149,4452,1202"
19594,19594,"1746,2218,89,6220,11171,6638,12606,1598,8562,4602"
19605,19605,"6220,2218,1863,5976,12606,9570,7707,1156,779,12265"
19618,19618,"6220,8922,8562,5999,2218,4266,4413,9799,1598,11289"
19620,19620,"1957,11396,10473,6395,3515,4947,5124,13114,5999,12331"
19623,19623,"4118,3799,12417,1254,8188,10914,796,4453,1426,7087"
19628,19628,"5199,11282,10326,11712,5999,11357,13218,785,4459,4266"
19631,19631,"10607,83,4163,11648,5127,2957,4664,6960,1576,1558"
19642,19642,"1937,630,2989,5766,4007,1323,2966,1254,644,5168"
19644,19644,"2140,2291,4877,5946,9771,7439,7063,2149,8452,8402"
19648,19648,"10106,8560,10732,6231,4281,644,787,8394,6355,3962"
19665,19665,"10980,6238,8901,7873,7301,12763,10065,45,3683,3365"
19683,19683,"1290,12373,10607,10389,9746,6610,12903,3570,4036,10648"
19684,19684,"2140,12404,8562,6513,13346,2158,7063,4277,331,11000"
19693,19693,"2343,8505,13296,5545,2537,8608,9356,4277,217,10835"
19696,19696,"6151,11572,810,12249,11960,11000,4525,13328,4453,7197"
19707,19707,"8562,6638,11097,331,12331,8421,1276,1776,12857,6518"
19715,19715,"11357,2571,785,4053,4117,5999,4459,11712,8707,9504"
19716,19716,"1290,7120,13309,83,2885,4929,6243,6960,9837,3697"
19729,19729,"5303,11384,4277,5999,12990,6971,7948,7487,12359,4865"
19734,19734,"3950,9449,3340,4602,454,8235,10124,6091,11784,11622"
19758,19758,"5303,9799,6971,4865,7487,13346,2380,4413,6326,8562"
19764,19764,"12404,10661,8562,6513,4243,1937,12796,3402,4007,13346"
19773,19773,"12615,3721,12995,2989,9231,83,1851,11896,5168,11640"
19778,19778,"12417,11696,6391,5333,3733,1987,8626,6442,64,13069"
19780,19780,"5532,5703,2537,6123,3545,8450,13249,9138,4053,513"
19784,19784,"11019,5514,10974,1017,7922,997,2537,12556,6410,6640"
19786,19786,"3870,13090,1937,7558,1426,1746,8562,4007,4637,5964"
19793,19793,"13249,5999,2380,7138,4117,2140,8707,1681,10916,11289"
19798,19798,"8188,1254,6849,1323,5109,4118,3689,4077,12417,9025"
19808,19808,"5999,7723,2199,11396,10835,10326,9799,8608,8636,2822"
19812,19812,"6220,8235,1746,8018,1598,4413,454,10546,13367,8562"
19821,19821,"8981,8235,5524,7024,4266,3536,12757,6166,12704,8922"
19830,19830,"10607,8254,11024,10389,4036,10137,11298,8475,10648,12869"
19843,19843,"10068,8714,9942,6626,4028,1851,11969,10326,1017,9732"
19867,19867,"3487,1863,9748,779,5976,12606,9570,3467,64,1156"
19889,19889,"8562,13296,6971,5485,6220,2343,1598,4277,4199,7707"
19893,19893,"1863,9942,4012,6075,7892,10087,13377,4946,5386,7558"
19898,19898,"10963,6054,7856,3737,11143,10202,9888,12811,11299,1200"
19902,19902,"6640,8257,6393,7878,10974,7250,4935,12978,6110,7325"
19905,19905,"4798,8421,12857,331,10916,1180,6638,6107,4025,1478"
19910,19910,"652,2370,7197,9105,1878,9234,1661,1347,8916,4025"
19929,19929,"6326,11572,12990,9968,4277,1328,4798,4865,11282,3770"
19932,19932,"1290,10137,7120,10607,9730,6283,1863,4576,9348,12253"
19952,19952,"8235,9799,10340,2140,5303,7578,8205,4117,4266,4947"
19956,19956,"4798,10913,4219,8084,4615,11178,10986,13310,5145,5177"
19987,19987,"3950,8421,4798,1408,12793,10916,1996,12680,9504,5999"
20008,20008,"2140,2808,8421,4277,11282,11495,851,9580,4679,6971"
20018,20018,"6220,8413,2497,1937,2038,7558,4007,11622,4414,8995"
20019,20019,"4413,6220,3950,9744,8235,1746,1598,8018,10546,13367"
20020,20020,"13309,3697,6811,10336,1132,12030,12497,10663,4083,1290"
20023,20023,"1323,8562,3870,10835,796,5964,1598,5545,4266,4118"
20031,20031,"6220,11384,6971,8562,1453,13310,2218,9365,7491,1978"
20039,20039,"5545,7707,6220,4602,64,3428,4414,1598,9410,8562"
20040,20040,"37,7063,2633,2065,13294,2108,8300,4838,4937,638"
20041,20041,"8562,1598,11000,6925,5545,3509,1978,7087,13150,4602"
20045,20045,"4117,5999,8450,2903,4266,4602,4053,12668,12680,4199"
20056,20056,"8947,11743,234,13067,3101,15,6062,12660,29,1576"
20069,20069,"7835,7867,3275,12835,8896,7438,8941,12895,12417,10446"
20074,20074,"3888,10082,1478,6982,4859,5673,4388,5592,7087,277"
20083,20083,"4602,13310,1017,10288,3509,1978,10537,64,10034,12887"
20085,20085,"10607,8254,1290,6576,7120,6610,10648,7590,4036,10389"
20086,20086,"6395,3515,4947,121,1863,5962,11726,11572,2199,12474"
20089,20089,"1290,7120,8608,6971,7948,5999,6812,12858,4277,9799"
20101,20101,"4266,7024,8235,5524,9799,12579,1100,3909,7578,5875"
20104,20104,"2343,1598,10326,2140,1746,8235,4413,7207,8018,10546"
20112,20112,"2218,6220,7383,64,7707,7558,1007,9942,8505,5482"
20115,20115,"3870,8421,11495,4414,6141,9410,4277,11561,1517,4453"
20133,20133,"6220,8235,1746,8018,1598,13367,4413,454,10546,4438"
20136,20136,"9014,3992,12085,12779,5381,9807,598,12668,1195,11000"
20138,20138,"7817,5135,1851,5008,10644,4613,4973,10068,1554,789"
20162,20162,"4525,618,7197,4025,6513,1323,10980,2394,7305,4453"
20176,20176,"6971,8421,9799,2140,560,4798,3055,4101,2380,12026"
20200,20200,"2140,6220,8562,6971,7063,13296,5303,9733,12990,7558"
20222,20222,"5351,4321,12232,3672,4452,6326,11170,1719,7487,10566"
20251,20251,"8205,1634,6515,12875,8421,4315,6382,5999,11357,6280"
20256,20256,"598,8190,3496,1020,12152,4077,12047,4600,1948,3526"
20264,20264,"4525,4277,992,9340,8714,11969,5545,2140,1978,11024"
20280,20280,"350,8378,4277,4525,4679,810,11520,2228,11000,1328"
20286,20286,"11024,1863,10389,2343,2537,208,1453,11918,5866,12869"
20323,20323,"2916,1977,4170,4083,1132,4929,5573,7120,13101,1290"
20324,20324,"1290,4929,8714,10336,544,7383,7120,7030,13309,4664"
20336,20336,"10607,2537,6834,11024,9693,12858,8608,6610,10648,4664"
20339,20339,"3950,1661,4012,773,3112,8454,8681,1433,9607,5495"
20344,20344,"3274,13316,7777,12680,11848,7625,6792,5392,13014,5788"
20356,20356,"11461,3799,10974,4859,9817,6640,8092,64,8857,2771"
20360,20360,"1316,11730,3967,4452,13418,8482,5675,12184,8478,7453"
20362,20362,"2218,2343,2537,4388,5532,5999,4266,5179,5866,1100"
20376,20376,"8746,5196,2158,4604,13072,10679,9807,5351,8452,9836"
20381,20381,"6220,6166,2218,2303,8562,9410,10820,12265,9319,3870"
20394,20394,"7120,4929,10663,6243,3697,2916,8567,296,12497,10607"
20397,20397,"11896,12096,3275,12493,7553,3222,2775,4605,8135,12832"
20407,20407,"3950,4637,8413,9786,7558,5495,8822,7079,3870,3491"
20413,20413,"2957,83,4163,11556,1779,9671,1558,5075,1851,11020"
20433,20433,"10581,13370,11743,83,10607,9960,11299,11719,10137,10097"
20448,20448,"6220,8235,1746,8018,1598,454,6326,3950,13367,4413"
20492,20492,"1453,11019,969,3992,10420,11024,1017,9917,13310,9903"
20505,20505,"83,11298,1576,11719,10648,12212,8475,11938,2957,8284"
20512,20512,"6971,5303,8562,5964,121,796,2562,4637,2199,3577"
20514,20514,"8235,5532,1746,8018,4413,1598,13367,454,6326,10546"
20533,20533,"6431,1669,131,11038,2250,7301,6973,11024,3967,13167"
20543,20543,"331,13257,4798,11282,10916,1407,2577,9580,4277,8161"
20546,20546,"4623,3402,2379,37,6513,2108,2158,4525,1030,8300"
20557,20557,"1978,5545,3428,4602,12680,2112,145,12668,11289,12665"
20558,20558,"6971,5303,1290,2140,13101,7715,4213,61,7505,8053"
20561,20561,"8562,4679,1426,5964,13296,11407,4012,11000,8505,13249"
20566,20566,"11743,5142,9732,2989,9730,4855,126,83,11020,12878"
20573,20573,"5142,5135,4036,2784,11024,1012,10963,10607,3487,11117"
20623,20623,"7637,8981,5149,4698,8703,6166,589,2020,10332,9083"
20627,20627,"4525,1996,8421,851,8161,6128,10916,331,11282,4974"
20643,20643,"2291,6515,2140,10792,8421,1287,1912,1223,4167,8520"
20645,20645,"789,1290,7120,10389,6610,6812,10607,11024,4890,13370"
20652,20652,"4277,12779,10326,5534,11000,2537,1328,2343,6751,8301"
20654,20654,"331,4277,8421,9489,4525,851,4974,2158,10916,717"
20667,20667,"8235,2140,1746,8018,1598,4413,13367,10546,454,8562"
20670,20670,"9807,7922,13249,3509,10658,9895,5495,12232,6287,12085"
20671,20671,"10326,5025,4798,4525,796,4277,2567,10916,8421,331"
20676,20676,"9799,2140,12680,5532,2218,12321,2238,3992,11289,5999"
20694,20694,"8590,2140,8421,4277,6971,13296,544,10326,275,8562"
20709,20709,"4798,8421,331,7503,12857,7491,2218,10132,4277,11282"
20716,20716,"8452,12085,9085,10658,598,7777,4534,9138,2517,7667"
20739,20739,"8562,11000,9942,13296,1426,5545,4679,8300,5495,4277"
20763,20763,"4388,1290,8608,2343,10607,13296,11396,5866,5545,8274"
20779,20779,"6610,10648,1290,10607,8254,6576,1244,9746,10389,4664"
20781,20781,"8922,6971,3909,2218,4266,5999,12579,7578,9799,1100"
20790,20790,"4216,4163,1558,2957,7047,5738,3722,173,12808,12917"
20792,20792,"331,1776,1180,1996,7833,4974,13257,10594,6128,9733"
20797,20797,"6971,8235,9799,2140,12680,12331,10608,3545,2218,4430"
20811,20811,"6220,3870,1598,4602,782,4414,796,8562,4053,4117"
20821,20821,"8714,11024,9348,208,10389,9730,4028,10137,11918,3238"
20830,20830,"4277,13296,8562,7667,5964,1158,5545,4199,6151,3428"
20861,20861,"1978,3870,8562,5545,11960,5964,1323,1598,1426,7087"
20878,20878,"4915,8452,4452,12454,9771,2149,12887,5468,4321,8084"
20891,20891,"6220,6971,2218,8235,4266,12680,7024,5875,12253,12026"
20895,20895,"2380,5999,5545,4117,3545,6925,11289,931,131,2218"
20901,20901,"2140,3992,9014,6925,12680,5022,7667,8638,810,3545"
20908,20908,"10326,11000,2140,4277,12359,13249,2158,9340,11384,12990"
20928,20928,"1576,4664,8714,11024,10607,10137,9730,2957,11298,4036"
20945,20945,"1304,12249,3275,660,4859,6925,8188,6580,1453,4239"
20971,20971,"11357,6513,1864,11396,4117,2571,4321,10871,4604,10566"
20979,20979,"2380,1220,6971,5303,9799,2140,4277,12665,2218,8590"
20982,20982,"5303,9668,9799,647,6971,2140,4827,1400,7063,8703"
20991,20991,"5999,8562,10326,4266,10529,3992,4117,10608,2218,12680"
20998,20998,"2771,4602,3799,4118,4414,10224,3428,3870,64,2305"
21006,21006,"3545,12668,13249,7707,10589,2238,5999,10288,13381,265"
21018,21018,"6515,8452,1769,5091,8110,2140,5302,5747,2291,7833"
21028,21028,"1746,8235,8018,1598,4413,454,10546,13367,6326,7207"
21041,21041,"4637,9449,11726,8018,3950,1788,3829,8293,10196,11572"
21042,21042,"1254,9942,3428,350,2497,9826,2559,8188,1323,4414"
21064,21064,"1290,9962,7120,4929,10607,10663,2916,6243,13309,3697"
21075,21075,"10326,8235,1746,4413,1598,8018,8562,10546,454,13367"
21078,21078,"13346,12331,8562,1478,7707,11097,2013,2218,810,10993"
21081,21081,"6220,2218,9942,8590,13296,3870,544,6971,4277,7707"
21084,21084,"8608,10581,7964,10607,2339,5866,377,7020,7236,2916"
21089,21089,"1328,2158,7197,350,9455,12990,716,4525,4679,12152"
21112,21112,"8188,4859,6640,11162,6425,7725,10974,11159,12348,11019"
21126,21126,"11784,4413,454,3950,8746,6326,11289,3340,8235,10546"
21129,21129,"7120,3697,789,4929,1290,3539,10663,11143,9962,5135"
21130,21130,"7933,5766,5579,7301,4677,9522,1245,5151,961,8334"
21137,21137,"8707,4053,4321,5999,4117,3247,3340,8084,7667,4615"
21149,21149,"13296,7707,9799,4277,8562,3870,2218,5545,10835,1598"
21152,21152,"4915,11555,7667,7707,4012,5402,9454,2106,5495,13310"
21177,21177,"4413,8235,2140,9744,1746,8018,1598,6326,454,13367"
21191,21191,"9646,5033,9405,610,5190,3805,2133,4083,4638,2286"
21200,21200,"11843,851,9504,4525,8421,1408,5999,11712,10326,3950"
21204,21204,"6326,11289,5700,7900,3950,6515,682,2140,4615,2158"
21221,21221,"4413,8562,2218,6971,4414,2990,6220,5303,9942,9449"
21228,21228,"2199,4219,2789,2478,1594,3793,2905,3071,2567,491"
21249,21249,"5025,2343,4277,5999,5532,10326,11000,2218,2140,10608"
21256,21256,"5999,11396,3545,8638,6688,11784,7667,4327,3317,6123"
21261,21261,"3950,8300,2038,3545,5022,4679,12668,1680,6442,3799"
21279,21279,"2140,1290,6220,9799,6971,8421,4277,12331,12858,5303"
21282,21282,"1290,4576,7120,5135,11298,4036,10607,10581,11743,9730"
21305,21305,"5545,5999,1634,6326,2990,1598,3950,8562,12232,10326"
21307,21307,"4277,9340,5025,8714,544,10326,11000,2140,350,4974"
21315,21315,"8235,4413,2140,1746,8018,1598,10546,454,6326,8562"
21342,21342,"11967,1558,4216,4163,8589,2957,4218,2502,1576,8714"
21347,21347,"4277,5999,5545,1978,4199,10063,931,4679,7182,12668"
21357,21357,"5187,9942,1937,11520,1254,4012,4838,3327,9620,2497"
21358,21358,"9799,12680,8421,3275,8707,11282,11993,6128,9637,7503"
21368,21368,"3737,10147,12762,10202,11088,2784,2838,8525,9405,295"
21372,21372,"2264,7063,5819,7715,12310,321,7341,931,1062,7383"
21373,21373,"618,9750,10446,4602,6626,4525,12417,12213,5098,1640"
21383,21383,"7120,4929,10663,6243,2916,12497,4777,789,296,6610"
21393,21393,"647,6971,2140,4827,5303,1400,7063,9668,8703,2291"
21415,21415,"1290,7120,9295,12030,6243,4929,5135,6811,3697,11117"
21421,21421,"8235,5351,8746,7303,10451,1719,9744,107,12680,4321"
21433,21433,"3545,2228,11000,4525,13249,2140,13090,1996,1426,2815"
21449,21449,"8188,2076,11520,11000,992,9903,1680,10288,10914,13025"
21483,21483,"9707,3870,3799,1323,8607,9826,5545,8454,4118,1433"
21488,21488,"2140,8235,1746,4413,454,1598,8018,4438,10546,13367"
21518,21518,"12550,5811,4339,2921,8828,9979,12566,12574,11971,5436"
21528,21528,"7087,11326,7986,3799,9410,782,11772,4305,3870,8681"
21536,21536,"10607,10648,7120,1290,4929,6610,11992,10389,10663,11024"
21585,21585,"779,1863,3467,5402,12396,10090,11675,12265,11507,9570"
21598,21598,"4679,7715,7063,2038,37,754,8279,7558,8300,13072"
21602,21602,"11006,10224,6091,9983,4637,64,11661,796,1323,12368"
21604,21604,"6220,3950,8235,1746,8018,1598,13367,4413,6326,10546"
21626,21626,"4321,10566,1719,9998,5351,11357,8707,10434,3672,785"
21636,21636,"4602,11951,12368,9983,6091,11800,1323,2645,10224,3052"
21649,21649,"6243,7120,3697,4929,10663,12497,4083,1977,1132,4387"
21650,21650,"4452,6630,5351,6502,3672,12454,8707,3247,4321,1719"
21655,21655,"10607,4576,3238,11024,10389,10581,4036,11743,8135,8714"
21662,21662,"4036,8714,11024,4028,9732,10607,6610,10137,9348,13370"
21681,21681,"5168,2989,7301,442,1576,11967,7933,9065,9364,7873"
21686,21686,"8092,11337,6849,7878,10680,11555,5480,1328,1601,2537"
21699,21699,"7708,6489,9622,8334,10993,5128,8532,13404,7641,10115"
21702,21702,"11024,10607,10389,11298,10137,11918,4664,83,1972,9730"
21709,21709,"8562,3950,2990,1598,5545,454,2140,10546,11289,8235"
21718,21718,"5964,8562,4974,7197,13257,10661,12404,13346,4525,9234"
21719,21719,"6515,12779,1328,2172,5196,5147,11683,1180,3545,12668"
21724,21724,"12385,10916,5999,10326,13249,9234,1180,12359,8421,11384"
21741,21741,"4664,6610,11024,10389,10607,10674,544,2957,1851,1779"
21746,21746,"8714,1576,4890,12373,3238,10674,2773,10607,8721,2989"
21751,21751,"8333,5673,8300,5819,9637,8717,6982,9262,3064,7063"
21754,21754,"10916,4525,4453,11572,10293,1328,7835,9182,2245,2411"
21768,21768,"5999,1478,5545,4798,2567,10835,10916,1598,2199,5964"
21775,21775,"8188,9375,10802,5669,10974,3799,2769,9910,64,8092"
21781,21781,"10389,3720,11024,12869,11918,10919,969,208,8721,3570"
21789,21789,"7937,5545,11024,3222,131,3509,208,2213,11918,9730"
21795,21795,"4277,8562,13296,3870,13346,11000,12990,6220,2140,10835"
21812,21812,"1323,7491,8188,1254,11520,9942,8562,12404,3870,5964"
21814,21814,"8421,1180,6515,4315,7833,2140,10326,331,7578,8161"
21820,21820,"3950,8562,454,6220,9729,9449,3340,8413,4414,11784"
21827,21827,"11357,11282,2789,5999,8421,4679,6971,9799,4277,10916"
21838,21838,"11540,11772,1291,5226,2518,5386,457,5731,5177,9374"
21855,21855,"8188,341,1254,3428,131,8450,1323,9826,3992,1695"
21881,21881,"3314,11696,3022,11533,4765,8188,6640,3811,4466,9025"
21884,21884,"8421,5303,6971,331,1776,12990,8161,2905,11282,4101"
21889,21889,"1290,4929,7120,789,9962,5135,10663,2916,12497,296"
21896,21896,"13259,4798,12385,976,11282,9877,4865,220,4669,2577"
21902,21902,"3950,8421,2789,2567,4525,10916,9449,811,1408,7392"
21916,21916,"10326,4277,12990,2140,11000,13249,2158,8421,11843,4679"
21927,21927,"789,11743,1576,10607,4036,3539,11918,8475,11846,11024"
21938,21938,"13257,10124,12875,1634,7462,2158,851,11282,6505,4525"
21948,21948,"11396,6123,9155,10608,9953,5351,5147,550,4162,9807"
21952,21952,"7937,5759,11764,12538,12254,1012,2838,650,4216,2823"
21954,21954,"3799,8221,11772,782,9470,3317,4853,6091,9908,5177"
21955,21955,"2140,8235,1746,8018,1598,10546,4413,454,8562,13367"
21978,21978,"5610,2990,454,6326,1598,5545,3950,8413,10546,8235"
21983,21983,"9348,2989,7553,1972,11024,9705,9730,9356,10137,6610"
22004,22004,"4452,4083,8507,1576,5675,10592,7487,2647,8449,3967"
22007,22007,"12368,8188,64,1323,10537,9942,3509,12417,9025,5495"
22014,22014,"3950,5826,12541,12632,4602,128,10224,9560,5875,4637"
22020,22020,"13296,1273,8188,9826,8505,4077,9410,3870,9942,4118"
22052,22052,"6515,331,2291,8161,10916,2140,7833,8421,10792,1769"
22056,22056,"1746,8235,454,8018,1598,4413,10546,6326,8413,13367"
22064,22064,"9942,1863,12538,7937,8562,341,4012,7892,10990,8188"
22072,22072,"10106,6640,11178,3810,13112,11154,7922,11453,4339,6123"
22074,22074,"2140,10326,7723,1017,7392,2343,5999,6326,2537,4162"
22102,22102,"64,5861,12253,10224,11800,2305,652,13128,3314,12796"
22110,22110,"8505,3870,796,5386,9410,4414,9942,2218,5964,1478"
22111,22111,"5999,1100,4162,491,1769,10608,9504,5025,11712,7578"
22119,22119,"2218,1863,8562,6220,2343,13296,5962,7948,7964,6971"
22125,22125,"2140,2218,1634,8562,5999,1286,4798,6326,1598,3950"
22150,22150,"11282,12026,6326,11540,3770,8922,9968,220,6971,4798"
22151,22151,"4929,6243,7120,10663,2916,1400,1290,789,5135,4083"
22154,22154,"12030,4387,4083,4929,1290,10663,7120,1132,6243,2286"
22213,22213,"7707,3950,9637,6220,13296,5545,2497,3870,8562,4414"
22256,22256,"8450,3992,4724,5514,513,9287,9935,7236,8501,8490"
22258,22258,"2291,10462,5303,9771,2140,13214,10511,9668,4877,5747"
22265,22265,"9504,8205,2140,6515,9799,1408,1912,11508,7578,10792"
22279,22279,"7707,13296,8608,10835,6220,5545,3870,4388,4277,8562"
22280,22280,"10326,2218,5999,2140,8590,7723,7487,2343,8922,2530"
22283,22283,"208,7937,11024,10389,11918,4024,1863,1779,10674,12869"
22286,22286,"5471,9014,10446,4976,9903,3314,6198,9892,618,2228"
22288,22288,"11572,5471,12310,1788,4436,4891,9014,11726,11000,618"
22321,22321,"8254,10389,4576,12373,1244,1290,10607,6576,5969,7120"
22336,22336,"2789,2567,10340,10124,8205,12857,4798,12875,959,3950"
22344,22344,"2199,2789,2567,9443,9580,4798,9449,3071,976,220"
22353,22353,"10732,587,8257,2893,3635,7496,10974,6150,4935,6640"
22356,22356,"5135,2784,8525,5142,4973,5493,6028,5507,2838,295"
22387,22387,"2218,8421,5303,12026,331,2140,6971,7138,12990,9072"
22427,22427,"9954,4205,3562,11733,5149,10332,6938,6474,13228,8703"
22428,22428,"5135,1290,9962,7120,9837,4929,4111,10663,4576,9866"
22449,22449,"10607,10389,11024,11918,8135,6610,13370,11719,208,83"
22452,22452,"9917,5480,13280,12763,12835,5248,4940,9209,6973,5514"
22460,22460,"4163,2957,1558,3722,7047,5738,6299,778,12808,9913"
22467,22467,"2140,9072,10326,6971,5303,851,8421,331,9580,12858"
22480,22480,"5142,131,11127,1851,2989,341,9348,11024,9730,3544"
22481,22481,"6515,10591,2861,11629,12680,10888,3241,8121,331,5147"
22484,22484,"4623,11726,11572,4436,1788,1996,2108,4692,4322,5307"
22489,22489,"5999,2343,8608,9356,2537,6834,8607,9693,5179,5866"
22502,22502,"1851,7047,10919,2957,83,4163,12458,4216,3505,2769"
22510,22510,"8562,10326,1746,8235,8018,1598,4413,6326,10546,13367"
22511,22511,"7120,1290,4576,6610,1863,1244,296,10607,2916,4111"
22514,22514,"6971,8562,11572,9449,4679,1788,12680,4602,9886,931"
22520,22520,"12030,6133,5573,5675,4083,4387,8478,8994,1132,10322"
22546,22546,"1158,3888,6997,2567,8822,454,2238,5386,11396,2165"
22551,22551,"64,7792,3487,3509,12606,5601,131,457,6611,4946"
22582,22582,"4216,5168,420,1576,12615,1542,5224,4163,9517,3722"
22595,22595,"6220,6925,7723,5545,4602,6091,131,931,1598,8562"
22597,22597,"1598,3950,9744,8235,1746,8018,4413,6326,454,8562"
22605,22605,"5495,5022,2587,9786,11396,11010,13249,13346,854,2158"
22618,22618,"2343,6220,8608,5545,1598,8562,10835,5866,13296,4388"
22641,22641,"4865,652,6849,6198,2228,11572,2370,10576,7835,9459"
22645,22645,"7922,7667,769,10106,787,2940,11637,11178,76,1638"
22660,22660,"6326,9968,4798,12857,4315,6515,5999,10916,6751,66"
22666,22666,"8421,5303,1769,8161,8707,4798,2291,2140,1223,1180"
22674,22674,"12096,11896,12832,1576,7864,7576,7553,4890,1901,7279"
22678,22678,"9170,10607,10389,11024,4036,8475,8714,4576,1576,10137"
22697,22697,"9960,3010,179,7533,2372,3539,7937,3642,8475,3521"
22698,22698,"11424,2038,13249,11173,2077,13045,9292,8505,4679,12668"
22705,22705,"8733,6971,11024,4430,9799,5545,6220,10389,2218,1290"
22710,22710,"4077,12152,1254,8188,11800,630,4118,716,8505,1273"
22714,22714,"454,11784,9470,6382,11622,2567,8221,12579,2199,8205"
22715,22715,"2140,9799,8590,12680,2380,8235,10326,5999,4266,7578"
22720,22720,"9970,6513,3159,11006,1045,4692,7301,3052,7236,4623"
22734,22734,"9668,2789,3055,8472,491,647,5303,8922,4798,6971"
22735,22735,"12404,4798,491,8626,8452,5025,9410,968,9262,10132"
22736,22736,"1202,5884,9908,5875,3950,5292,782,2958,12026,3781"
22747,22747,"5976,10607,11024,4024,7848,8475,10648,10802,13376,2537"
22748,22748,"12030,1290,4698,5549,7637,9937,9668,8981,8922,5149"
22759,22759,"10914,12417,13310,7087,10913,12348,12887,11951,10132,7802"
22761,22761,"6971,8421,5999,9799,10608,454,2140,2567,5303,10326"
22774,22774,"4413,10326,8235,1746,1598,8018,454,10546,6326,8562"
22783,22783,"513,10288,13025,8450,7725,9735,5775,9287,3275,9138"
22830,22830,"4077,12152,8188,1254,1323,8505,630,1273,4118,9826"
22831,22831,"7120,296,789,4929,4576,10663,6243,5135,12497,4664"
22846,22846,"8562,10326,2140,6971,9799,5545,2218,2380,6220,10916"
22850,22850,"9405,3737,7856,10147,10202,12811,12762,6054,9888,3093"
22883,22883,"2218,3317,5177,7723,9358,1202,12887,3159,11006,5145"
22887,22887,"2140,6971,6589,10326,5999,1220,4266,11282,443,12680"
22893,22893,"4859,6395,11396,8608,1957,4947,10087,5010,660,9213"
22905,22905,"8562,6326,2140,6220,8235,2990,1598,5545,3950,11289"
22923,22923,"2140,10326,8161,851,1769,331,4525,11282,4798,10916"
22956,22956,"11572,11726,7197,1788,4436,4525,11960,11000,6513,652"
22964,22964,"6971,1863,589,6220,9799,13191,1290,4388,9689,8710"
22972,22972,"10581,10607,1851,83,11024,4028,2957,10137,10919,8589"
22985,22985,"8922,2140,9083,10241,5819,9886,11751,2264,6772,560"
23011,23011,"2228,10658,7922,5495,11000,11627,11019,1030,13249,6849"
23027,23027,"11024,290,11298,9348,11918,10137,4036,1851,9730,8714"
23036,23036,"1598,4414,3870,6220,2497,5545,13296,9410,13110,4007"
23038,23038,"5471,10914,3089,9942,12966,220,9262,10785,4118,6621"
23046,23046,"10326,1746,8235,8018,1598,4413,454,8562,13367,6326"
23051,23051,"9733,8235,1746,8018,1598,4413,454,13367,10546,6326"
23057,23057,"1636,8257,13398,8750,10660,2695,12397,6640,8911,5742"
23062,23062,"13280,8519,3722,4163,5738,11337,12615,6299,12397,9482"
23069,23069,"3950,12249,6925,7079,7667,796,4602,454,9786,12299"
23078,23078,"9942,4414,2989,1323,341,4602,2064,290,1254,131"
23113,23113,"5999,4388,4266,5502,10288,5532,2343,8608,10835,5866"
23121,23121,"8922,3950,2990,8235,11289,454,7024,6326,10546,1598"
23123,23123,"4798,8421,10916,851,1180,8161,12857,6128,7833,5025"
23136,23136,"2990,1161,5007,4679,4177,11568,8562,293,4887,11967"
23138,23138,"3071,931,454,2199,4798,7723,1700,5999,5673,976"
23140,23140,"2218,5866,3870,1323,11969,6220,5545,13296,7707,1433"
23170,23170,"6442,4602,2958,11751,6641,66,3428,9750,12310,8483"
23173,23173,"6220,3870,7652,13296,13004,1863,5964,1746,5545,7792"
23179,23179,"8188,9942,11520,1426,11000,9025,3112,2076,2228,350"
23196,23196,"6220,6971,2140,9799,13296,12990,1598,8562,3950,5999"
23199,23199,"10658,9653,769,11178,12113,8190,8084,12566,11019,10500"
23216,23216,"5946,7439,2149,1058,12928,550,9167,4877,7785,764"
23226,23226,"3950,796,8562,9570,9786,5964,2218,10835,9454,3509"
23233,23233,"3428,9901,8092,1978,4803,4054,6391,8115,5545,1017"
23253,23253,"8562,454,3950,2567,3870,9449,5999,1478,2990,3317"
23281,23281,"5147,544,1453,6518,10389,12665,4388,4192,8475,13310"
