ID,user_id,item_id
12,12,"331,6433,7515,7128,12875,2990,6515,4974,6513,2158"
14,14,"12030,7637,4698,9937,9668,1400,2020,12622,9799,5149"
17,17,"6402,8540,3698,11395,4256,711,10974,3883,9817,7878"
21,21,"13296,5964,12404,5545,8562,1426,12359,4277,3870,5022"
44,44,"7864,12995,1576,11896,3721,8589,9399,13431,7576,5934"
55,55,"6971,331,10326,2140,4798,5303,8590,4915,13296,3950"
56,56,"2238,6971,11289,2380,9799,10835,1100,12665,8922,2789"
58,58,"12404,6128,331,7197,9340,12359,4525,13257,4277,797"
59,59,"12404,2218,9942,5303,4413,13296,10835,5545,8562,7474"
79,79,"8235,1746,8018,1598,4413,3950,454,13367,8562,5292"
81,81,"8235,1746,8018,13367,1598,454,3950,4438,5292,10546"
85,85,"2140,5819,3950,2990,8235,6326,454,1634,10326,7024"
92,92,"2990,8235,1746,8018,1598,13367,3950,4413,10546,5292"
97,97,"6971,3950,2990,10326,9504,2822,5999,2199,8235,10340"
100,100,"4277,4525,217,11396,11572,4623,11000,6513,7197,2158"
112,112,"769,7922,1788,2940,11726,11572,618,4692,4623,9025"
122,122,"851,331,11282,11843,1180,10916,4798,4277,8161,10326"
133,133,"7878,10974,8540,8257,4256,6640,3987,4684,10732,6659"
141,141,"5149,8981,5976,7706,1983,9564,7064,1863,9748,8608"
144,144,"6220,1290,1863,7491,13296,5545,2218,275,5866,8562"
149,149,"2769,8775,11337,5105,12447,1126,9482,1213,247,11757"
153,153,"1421,10326,2140,5303,2380,8562,2218,6971,5545,4798"
166,166,"2140,1746,8235,8018,13367,1598,3950,4413,10546,5292"
220,220,"5999,10326,2343,11282,11572,10835,4277,3143,12990,12668"
231,231,"5545,1426,5495,9025,9942,7644,8188,350,660,9179"
262,262,"7120,12497,5608,8922,11214,4798,1662,1132,4387,5190"
274,274,"13296,1863,7948,13090,8562,7558,6220,10990,8445,3870"
277,277,"6971,9799,12680,13296,7474,13309,4679,7948,4277,4117"
281,281,"3697,2885,1290,9295,11243,8554,7120,13348,9671,5142"
291,291,"8235,454,8018,1746,13367,3950,5292,1598,8562,4413"
300,300,"13296,2140,1978,12665,2380,4277,9799,544,5025,331"
310,310,"11407,13090,2228,2905,2007,11000,5022,12611,7063,3545"
332,332,"4413,10340,8235,8018,1746,13367,3950,1598,5292,10546"
344,344,"8019,11396,11726,796,11572,10473,7723,3317,12584,6091"
359,359,"10607,1863,11024,2784,4036,8475,11992,3539,3998,11298"
380,380,"782,7041,9908,4264,5884,1361,7742,7465,9807,9195"
386,386,"3317,796,10835,13296,1426,11960,3870,4118,5964,4460"
426,426,"5999,1978,4053,2567,4117,931,1598,11289,11357,3950"
436,436,"4277,331,9799,3275,6971,2380,8421,2140,11993,12665"
453,453,"3950,5875,5292,6326,12680,682,13302,4821,12232,10913"
461,461,"789,9962,7120,4929,10663,13309,12497,6243,296,8567"
464,464,"13310,8714,7922,1453,652,11019,5514,9025,969,9917"
473,473,"598,11162,9482,3520,769,5514,6613,11337,6299,10221"
481,481,"2140,5999,5545,3950,8235,2990,1598,8562,10326,11289"
490,490,"1746,8235,8018,13367,1598,4413,3950,10546,5292,8562"
494,494,"2218,4414,5545,1202,131,9908,646,4266,3799,3428"
497,497,"1290,7120,10663,4277,1244,8714,13309,5135,13370,4929"
510,510,"7922,8188,9025,1323,9917,7236,11038,341,208,5168"
511,511,"7462,2362,12138,3506,2958,4786,4422,352,9030,4974"
512,512,"8562,4602,3950,2990,5545,12253,5292,1598,8235,8018"
524,524,"6704,126,13432,8525,12666,9685,5142,4215,1270,12207"
525,525,"1978,4305,1323,4118,1692,4453,7814,9182,7867,7182"
545,545,"4798,6128,8161,12857,10916,6134,220,1407,7833,13257"
560,560,"11282,7197,10326,1978,4525,1328,331,5545,4025,10063"
564,564,"10326,12359,2291,2140,851,4277,6971,8421,4322,1957"
566,566,"6220,5303,3950,11540,10326,1746,275,2140,8562,4798"
568,568,"1978,1328,8421,2771,4025,4277,9455,6442,5545,7197"
570,570,"5976,9564,3122,9374,9748,1669,5386,1156,13377,5149"
573,573,"6515,3950,2990,6326,2958,8018,5545,682,12232,8562"
594,594,"1426,2325,10993,1254,11661,11520,6513,8361,8916,3870"
601,601,"8590,13296,5545,10835,8562,6220,2218,3870,1598,5866"
605,605,"1996,2199,11357,4053,785,9504,3035,4117,5060,1408"
641,641,"2771,3112,11661,3799,64,217,8454,1323,1433,8188"
650,650,"12404,652,13028,5964,350,3112,4518,9826,2645,4012"
675,675,"12606,13296,5976,2343,8562,9454,3467,1863,6220,7707"
677,677,"789,9962,13309,1290,9866,7120,3697,9837,6811,2784"
679,679,"5545,13296,1863,8562,6220,2343,10607,10835,2218,6971"
683,683,"9895,1195,12085,5703,10658,598,8540,6580,1574,7922"
687,687,"4388,5545,4798,10916,12404,1421,1978,544,8590,1290"
705,705,"4163,797,12335,1558,37,2767,4216,4623,2065,4838"
708,708,"6610,6576,1779,10607,1290,7120,10648,10663,1244,296"
712,712,"5835,9504,10326,1833,4499,8083,13249,5025,2771,1035"
715,715,"2629,469,13094,8041,10954,4463,1242,3029,3769,2149"
728,728,"1290,7120,5545,13296,10607,6220,4576,544,8590,5866"
743,743,"5545,11784,5532,8235,1746,8018,13367,3950,1598,5292"
753,753,"5545,3950,9729,3870,6220,4414,1937,796,2567,4007"
757,757,"10326,8421,9580,4798,5025,4277,8590,2140,5303,3950"
768,768,"7558,8483,7079,3870,7652,11800,1937,9786,7484,6925"
797,797,"3950,9786,682,8746,13367,7303,8018,10915,6091,12029"
813,813,"4205,10332,7637,2847,5149,13228,1078,6938,8703,12663"
832,832,"2218,10607,9799,13296,10389,2537,2343,6610,5025,9356"
833,833,"13296,5545,7725,13110,9942,3437,8188,13436,6314,9826"
844,844,"7792,12152,1049,9942,12253,4414,11661,5669,3967,1669"
858,858,"11357,6096,7814,4525,5775,6788,2571,7197,649,12154"
874,874,"9580,11726,11284,1788,11572,10326,3950,8562,13257,8018"
875,875,"4012,9410,1370,992,8188,9025,10288,1478,12531,11019"
892,892,"453,3274,13005,12566,1459,383,7707,6509,11254,8995"
897,897,"3950,8562,6091,9786,3799,3317,5545,782,7707,8505"
912,912,"6220,7792,12606,2990,3947,2019,4946,3967,12253,11403"
924,924,"5976,1863,10802,7707,779,3487,2343,4327,2537,1669"
926,926,"1863,13296,11675,13377,7892,6220,5976,2218,11403,13436"
933,933,"7653,3365,12085,4928,981,7933,11543,9970,8188,1091"
944,944,"2567,10835,9799,931,10082,2497,4633,7723,11622,13045"
951,951,"6971,5303,12779,9799,2380,10326,1912,9504,11357,2140"
974,974,"6489,3509,12775,5811,8188,8092,933,10680,64,9895"
1010,1010,"2065,7341,6648,9306,37,5436,5946,8693,2594,165"
1013,1013,"13191,1326,7024,6089,7289,1432,12888,5622,1600,12680"
1016,1016,"3870,5545,2989,1323,5502,4118,5866,4602,11171,2497"
1023,1023,"12665,2140,4430,9799,1100,13191,4698,2218,8981,9937"
1035,1035,"5303,9799,10326,13296,2380,7487,6971,2140,4277,4865"
1046,1046,"1863,12538,10607,633,1576,28,11117,6283,7491,4036"
1051,1051,"1863,9570,6834,2501,11024,5420,12253,9693,13004,8188"
1057,1057,"10326,851,8575,4315,8161,11282,12779,1912,220,7197"
1064,1064,"12030,6971,4387,6660,2286,11243,5573,1290,61,5303"
1080,1080,"12990,10326,6971,9880,2291,11396,976,5303,5999,4321"
1089,1089,"4117,12085,7835,3275,6198,5381,9014,5775,4928,10446"
1090,1090,"37,2065,13294,10122,10899,2633,7341,4838,2899,754"
1103,1103,"8421,12990,10326,1996,851,1180,1912,10594,8161,331"
1123,1123,"9646,11569,12184,2339,5962,1863,11117,65,10322,12021"
1134,1134,"2228,8562,769,2065,8300,11019,9025,13249,11467,9014"
1136,1136,"3950,1978,7280,9729,5545,350,5977,3870,12646,4323"
1139,1139,"779,13436,5976,1863,2327,11675,1669,1983,10802,207"
1154,1154,"9942,4414,1426,2989,2903,341,4118,8714,13296,544"
1169,1169,"6971,5545,12665,10835,1978,6220,7707,4277,544,13110"
1173,1173,"2218,89,5149,12026,6892,6971,8922,9454,10835,6220"
1178,1178,"1426,1254,9179,13112,350,9014,8188,5881,11520,4077"
1190,1190,"6971,4101,2140,7487,7948,9454,10241,3106,5549,5303"
1205,1205,"12575,11696,2966,1049,3799,1273,10785,6924,11661,64"
1217,1217,"10674,10607,11298,9730,11918,4576,13370,4036,11024,9348"
1218,1218,"89,10607,12253,1863,2343,11298,8608,11024,2530,13296"
1230,1230,"4053,4117,1978,2822,9799,2238,2494,931,1598,12680"
1250,1250,"13005,9234,7923,9846,2502,5147,6144,12359,9767,1347"
1252,1252,"9025,4012,8188,1370,961,4859,5495,11963,11520,10914"
1276,1276,"9942,8018,1049,11800,4637,8156,350,10431,37,11726"
1279,1279,"789,1290,7120,10663,5135,13309,1977,3697,9962,1400"
1281,1281,"981,1118,3368,4077,12397,7897,711,716,7835,1020"
1288,1288,"9786,3950,11010,5022,5495,13249,4053,11396,4117,13028"
1305,1305,"10648,1290,10607,11298,10389,6610,83,11719,4024,1556"
1320,1320,"782,5999,2881,443,2537,9908,13072,1045,9807,3799"
1321,1321,"5545,1978,12668,4199,2238,12680,931,11289,4117,5022"
1328,1328,"2989,9730,9942,290,11024,11127,11520,2497,9348,11056"
1343,1343,"4798,2291,851,11843,8421,331,10326,11282,6515,2140"
1345,1345,"7792,7079,13310,3870,1323,12775,3428,4118,10595,6925"
1374,1374,"4576,10648,10607,4028,11298,10137,11024,9730,10389,5672"
1410,1410,"4036,8525,2784,12207,3088,7471,1012,11923,2774,9567"
1414,1414,"851,9504,6128,1408,10594,2905,1331,10916,1996,4525"
1420,1420,"7667,6123,8746,5700,13380,454,6687,7303,1572,3340"
1440,1440,"5402,9786,3509,9734,6611,4012,12566,8333,12396,9570"
1441,1441,"8562,2140,1746,8235,8018,13367,1598,4413,3950,454"
1443,1443,"10607,11298,9348,5535,6554,9571,4036,4022,6722,11532"
1458,1458,"1851,8714,4890,290,12995,1576,5168,2989,7404,4216"
1492,1492,"1478,3950,7939,9504,6982,7723,454,4090,10835,3888"
1496,1496,"11751,1912,851,4315,8161,12875,8421,331,8043,8205"
1499,1499,"933,8188,9970,7933,12348,11520,10974,12775,4188,10537"
1504,1504,"10607,6610,10389,12373,13370,1290,8254,5969,10648,10137"
1516,1516,"8673,6640,9759,1599,4569,6011,10974,7878,11771,11660"
1523,1523,"2767,4623,448,4692,6513,4525,1914,8714,12796,13294"
1534,1534,"162,173,10739,7496,1219,4619,4609,10732,1317,2893"
1539,1539,"4576,10389,10607,4664,2343,13296,4036,9730,11024,2537"
1559,1559,"6971,5303,331,13309,9962,851,789,9799,4277,5135"
1572,1572,"131,3428,10173,7024,1017,12248,4602,3884,6041,1202"
1573,1573,"4928,217,4305,6407,4277,13104,1323,8188,3799,3143"
1601,1601,"6971,1290,6610,10389,8254,12665,10429,6220,544,2702"
1603,1603,"5700,7503,5177,8082,5317,9786,7079,13399,12566,2362"
1604,1604,"6580,6151,6849,11520,1118,810,1526,3033,9846,2076"
1613,1613,"10137,8254,10389,2989,13370,6610,10607,3238,10581,8135"
1634,1634,"4576,2989,1007,11918,9942,640,8607,8714,9348,1017"
1642,1642,"4947,3950,11784,6091,1957,2567,454,11396,9449,3317"
1643,1643,"1863,4576,10777,4036,11143,85,12207,10090,779,7471"
1654,1654,"2218,8922,2990,10326,5545,4277,646,4266,13296,12253"
1657,1657,"2989,10674,3238,8714,4890,4024,10137,1851,9348,4028"
1674,1674,"6220,13296,6283,7707,12606,1863,12253,4946,646,5545"
1702,1702,"4388,10326,2218,5999,6141,2990,2343,8562,4277,5545"
1719,1719,"6815,3883,6402,12988,9453,12024,4256,9040,1088,5194"
1725,1725,"1746,8235,8018,13367,1598,4413,8413,3950,8562,5292"
1726,1726,"37,7063,9771,4877,9306,238,8300,3064,7558,10241"
1728,1728,"2940,769,11019,7922,5514,598,11151,808,11162,6248"
1735,1735,"8590,6166,6220,9799,1747,13191,13296,3877,9937,6971"
1739,1739,"7120,1290,8302,2885,3697,11569,10663,2916,1977,2784"
1774,1774,"2140,1746,8235,8018,13367,3950,1598,454,10546,6326"
1780,1780,"2158,1328,331,2411,9234,7197,13028,4974,4277,2205"
1799,1799,"2771,10326,217,350,12310,4277,11843,1323,3112,4798"
1813,1813,"9560,4602,2108,8539,8156,12646,6902,12425,9968,12787"
1834,1834,"4482,8636,8221,11784,11405,11396,3317,2990,9953,3799"
1835,1835,"2958,3950,9807,12232,6442,2990,682,8156,4162,607"
1841,1841,"9888,11299,12811,10097,6960,83,4642,6054,4552,10202"
1863,1863,"8235,6220,1746,8018,13367,1598,3950,4413,10546,5292"
1878,1878,"4219,7652,4398,453,419,11178,6848,7792,1530,7079"
1879,1879,"4798,11282,10326,4315,331,4277,11288,1180,8421,1776"
1910,1910,"7120,1290,10663,6243,4387,3697,1132,4083,10581,4613"
1911,1911,"5811,453,8075,436,5601,4985,12566,9268,1763,3506"
1919,1919,"8562,9942,4028,5545,11918,8714,2343,10607,7491,9732"
1925,1925,"2957,13280,4163,3722,4216,1558,10674,1851,7047,420"
1926,1926,"7817,290,969,10068,1293,7404,8714,7387,10644,1576"
1931,1931,"1746,8235,8018,13367,1598,3950,4413,6326,5292,8413"
1940,1940,"2140,6971,8590,11751,4798,8421,5303,2265,8161,4101"
1968,1968,"4277,6220,5545,13296,13346,2380,1978,2140,2287,5866"
1981,1981,"6971,1996,1180,9602,11384,2990,2218,2140,331,10916"
1992,1992,"2218,9580,12680,10326,2140,6971,8562,3577,4321,7063"
1998,1998,"1746,8235,8018,13367,1598,4413,8562,3950,10546,5292"
2000,2000,"6960,5135,789,9962,9837,12254,4973,5142,3323,13309"
2017,2017,"12857,851,6128,331,8421,1180,8161,4525,1996,4974"
2036,2036,"5304,8092,12024,6254,6196,8430,2077,131,8450,3548"
2044,2044,"11726,4436,8633,1426,11572,13249,3950,8714,4322,3781"
2047,2047,"10607,10389,11918,4024,969,4664,9730,83,4028,290"
2052,2052,"613,10201,6883,10431,1328,3002,4630,4097,13147,2680"
2055,2055,"6425,87,5760,7721,10974,7496,4641,2251,10739,4609"
2069,2069,"5866,7725,9410,10288,1863,11675,7707,11918,3870,660"
2075,2075,"2771,5545,3799,3428,4414,13296,1254,1978,1426,5861"
2089,2089,"275,10785,811,5177,4025,9942,2767,4305,1878,4692"
2093,2093,"2567,11396,13114,2395,1408,2789,4525,8421,10473,1957"
2127,2127,"11900,10743,10980,12939,10034,5965,3636,12438,6332,12551"
2135,2135,"11019,2940,11518,10732,9076,11395,769,4256,13202,7078"
2137,2137,"2140,8235,1746,8018,13367,454,4413,1598,10546,4438"
2141,2141,"11520,8188,1323,2325,13112,1695,5168,208,3689,6973"
2147,2147,"12995,4216,5168,1558,3998,11938,7864,13127,7937,1851"
2150,2150,"11969,3275,7835,6580,13338,9846,9014,4928,635,2076"
2153,2153,"4012,4946,4077,3870,13028,8505,12404,9942,7558,1841"
2158,2158,"10674,10389,11918,11024,7279,4664,6053,2957,12096,9730"
2178,2178,"8562,11572,37,1788,11726,7063,2065,4946,8300,13346"
2180,2180,"10974,6425,12458,5760,10732,7047,9274,7721,162,4935"
2181,2181,"6053,6613,7279,8490,179,5514,9935,11024,4281,10021"
2193,2193,"9562,6238,4466,1245,221,10207,9209,2422,8197,2940"
2216,2216,"4974,10326,3950,2158,4277,331,1180,10594,12990,10916"
2224,2224,"12575,1254,3365,8361,7653,12861,4077,11315,10446,598"
2231,2231,"7707,1863,7948,13296,8562,9942,4117,12404,2218,7474"
2242,2242,"4028,10137,8714,10607,9732,8607,1091,4576,1576,2537"
2243,2243,"5999,5545,2822,1328,5532,13296,2506,4117,2903,1598"
2247,2247,"11635,12414,7383,4985,6626,4026,4213,12378,12156,12295"
2262,2262,"4576,10607,6610,2989,10137,10389,8254,11918,9348,12373"
2271,2271,"4576,5545,1863,13296,8562,9730,10607,7491,7707,8608"
2284,2284,"4012,4946,1841,9942,8562,7792,9264,13150,6220,5495"
2287,2287,"5819,3950,9886,12680,8235,3340,454,9744,6326,6630"
2291,2291,"10326,4277,5303,9799,11384,6971,8562,13296,2140,8590"
2293,2293,"6128,275,3112,6560,12404,11495,8633,7503,3958,13257"
2294,2294,"6971,2218,7138,13296,5545,8562,10326,10835,6220,4277"
2301,2301,"9942,8714,10674,11969,12152,4414,4890,4077,6626,290"
2310,2310,"10389,4277,8254,6610,5969,5866,4388,5545,3998,11918"
2341,2341,"5303,8590,1290,12990,10326,9799,6971,2140,8922,4798"
2345,2345,"83,2769,12909,8589,5251,3721,5480,7679,7864,7117"
2348,2348,"10607,1290,3697,6243,7120,10663,12497,9295,10648,1132"
2349,2349,"11495,4117,4865,12990,773,7197,5964,4053,4277,11843"
2350,2350,"6971,2140,5025,12404,1421,4277,5303,4798,544,11993"
2355,2355,"8421,10326,1180,4974,331,1978,4277,7197,10916,13346"
2383,2383,"3143,4525,4025,217,1328,331,12310,7197,4277,9455"
2393,2393,"9306,2291,5946,4877,13214,12871,9771,7504,7439,5747"
2399,2399,"7120,4929,10663,3697,1400,6243,296,12497,9295,4576"
2421,2421,"1978,11572,4602,11800,1661,11951,3829,652,9560,4976"
2435,2435,"6973,8188,341,11520,1254,9942,290,10537,5669,13336"
2448,2448,"2218,12359,5025,275,4277,2537,217,11384,2343,3143"
2452,2452,"4083,1132,6733,5675,4387,10202,3737,4286,633,6133"
2464,2464,"7707,3950,10835,5545,1478,5532,3870,5025,13296,9410"
2470,2470,"2958,12232,7303,9836,6442,682,12680,4321,6630,8870"
2478,2478,"9799,2789,1100,2567,12579,9668,2979,931,9744,4430"
2506,2506,"9786,3799,3870,9908,11006,7079,1742,12368,13115,9983"
2523,2523,"3016,7289,8235,4602,131,2181,7708,2943,7179,10124"
2527,2527,"6846,9646,12184,4083,10322,6660,11243,8994,6003,3779"
2528,2528,"5545,10835,8562,13296,3870,2218,5532,4413,7723,9799"
2530,2530,"9262,11019,8301,12295,10914,6751,3143,6626,12887,3015"
2533,2533,"8235,1746,8018,13367,1598,4413,454,3950,5292,6326"
2540,2540,"6091,4602,11800,6198,9449,8156,1572,8300,931,12310"
2558,2558,"2238,10835,5999,3888,8562,6123,10608,265,5532,9504"
2559,2559,"2541,3887,7325,6815,13383,10720,1599,8911,4832,10283"
2592,2592,"10326,6971,8421,2380,13296,2218,2990,2140,5303,6220"
2599,2599,"331,8018,12680,716,1908,8562,7515,11800,6433,13346"
2608,2608,"5545,131,341,8562,1323,11056,3870,660,12163,6925"
2613,2613,"12615,83,8947,9399,5480,7279,1542,1098,9517,420"
2616,2616,"6971,2140,2990,8235,8922,5999,6326,9744,2789,4413"
2617,2617,"328,11019,5189,11001,968,12532,8839,7504,9454,5841"
2619,2619,"12249,1118,4239,11099,10736,2469,2426,9734,598,1020"
2622,2622,"10727,5480,13196,13280,9399,10186,83,1922,420,6053"
2629,2629,"7120,1290,10607,4286,9348,10389,1400,3427,4036,1244"
2648,2648,"10648,10389,6610,11719,4036,4958,1244,5672,9398,4024"
2654,2654,"2140,8235,9668,5875,6474,8922,7024,8981,9744,1156"
2668,2668,"11298,5976,10802,3487,1669,13377,13436,2250,11675,7619"
2703,2703,"6630,4848,7742,9807,6626,12417,5528,5884,10204,6502"
2710,2710,"1290,6971,4576,7120,8590,13296,10326,6220,4277,5545"
2713,2713,"4413,2343,8235,8018,1746,13367,3950,5292,1598,454"
2722,2722,"5135,7120,789,10663,4929,13309,9962,6243,4777,1244"
2724,2724,"8235,2140,2990,6326,9744,8922,5303,10326,6515,8590"
2727,2727,"2823,6973,11675,1669,13436,7725,6797,9303,12183,207"
2755,2755,"2957,13280,4216,4163,1558,1576,8714,5168,1851,8490"
2769,2769,"5964,7792,1863,13143,13004,4637,630,3967,12775,7542"
2776,2776,"2140,8235,1746,8018,13367,3950,1598,5292,454,6326"
2781,2781,"3697,1400,4929,1290,11117,11846,9671,7120,5190,11243"
2782,2782,"10326,2140,8235,1746,8018,13367,3950,1598,5292,4413"
2789,2789,"5422,11540,3770,3950,4414,275,6220,8454,4798,7138"
2794,2794,"4928,4623,8397,3365,8361,6238,4070,10993,11624,6395"
2804,2804,"1863,131,2327,6168,3487,7471,8445,5669,5976,6268"
2819,2819,"4277,2218,5545,1978,10835,8562,2380,13310,1598,6220"
2846,2846,"7637,2020,4698,9937,8981,8703,4362,3852,10332,9668"
2851,2851,"8235,8018,1746,3950,13367,1598,5292,4413,10546,6709"
2861,2861,"8454,1079,4946,8607,3112,8714,9942,275,1007,8633"
2862,2862,"11918,1863,10607,5672,9348,6610,11024,10389,4036,4576"
2867,2867,"12152,5763,12397,4077,3526,10519,4012,7933,10657,981"
2873,2873,"7578,11024,6630,10124,2990,11508,12680,6515,2343,12944"
2880,2880,"1983,5976,13296,1863,7707,10835,10802,8608,6268,7619"
2881,2881,"12538,4012,9942,1426,12404,8562,1323,7491,10288,1254"
2886,2886,"3950,8235,12232,682,6326,8018,6515,5292,2158,2990"
2891,2891,"11282,4798,2789,2567,9449,3950,2562,454,4414,5999"
2908,2908,"9072,2989,5135,4576,12404,9942,8714,13296,4277,5142"
2910,2910,"7725,779,660,8188,5669,7495,12775,3487,7937,6268"
2915,2915,"4821,10913,785,4219,6164,3317,2402,7392,1882,1024"
2935,2935,"618,2325,1254,1792,3365,8188,4118,7814,2559,9560"
2946,2946,"5669,11675,11240,7725,12183,3056,12152,13436,9942,6018"
2948,2948,"1244,10607,9348,2989,9730,11298,4576,4036,11719,10389"
2969,2969,"11019,598,12939,1242,11635,8190,4765,11900,11159,631"
2979,2979,"2957,10674,10389,6053,3238,12869,7553,11918,4890,12096"
3036,3036,"13367,5532,1746,8235,8018,4413,1598,10326,10546,6709"
3050,3050,"10326,5545,13296,12680,5532,3950,3870,7707,12321,9799"
3056,3056,"6815,10720,4256,8911,632,10118,4029,7250,11395,12978"
3061,3061,"10326,1746,8018,8235,13367,3950,1598,4413,5292,6326"
3066,3066,"6971,1863,779,6166,8981,265,5976,2218,2303,7706"
3069,3069,"12990,2287,12779,11384,4798,9901,2140,220,5497,6751"
3094,3094,"10326,2140,851,5025,8421,8161,331,11282,1912,2499"
3106,3106,"12024,3883,12988,9040,6815,8908,8092,9453,7250,13419"
3110,3110,"8607,2989,3870,4266,5866,10835,2990,2218,8633,7723"
3115,3115,"1426,10288,8188,4277,660,8562,4525,217,13296,11000"
3136,3136,"2218,275,2990,8421,7487,10835,8562,6166,3870,5177"
3159,3159,"6402,8092,4256,1948,10974,3698,12507,598,6659,5155"
3166,3166,"2218,8562,5545,10326,13296,1978,4277,2343,1598,2990"
3172,3172,"2140,2380,13296,3870,1598,9733,9799,6220,10835,6971"
3200,3200,"8562,8235,1746,8018,13367,1598,3950,4413,7207,5292"
3217,3217,"3143,12417,6198,7922,3509,8188,5861,1323,6489,1254"
3218,3218,"2769,5105,1213,11771,247,9375,6082,3464,5760,4858"
3229,3229,"1996,4525,12404,12359,11384,220,12779,6128,4679,10916"
3230,3230,"4798,13310,11751,7383,5364,9968,9901,3733,7208,220"
3274,3274,"2291,2140,9733,4877,621,9771,7504,4915,4798,8452"
3285,3285,"8562,7667,13143,11951,12454,7922,6513,6123,9917,3052"
3316,3316,"6220,2789,2567,5545,5999,454,2822,1286,3340,931"
3319,3319,"11282,4798,4315,7041,9580,3770,4025,12857,9968,2789"
3323,3323,"4315,8421,331,1776,6280,6107,11288,4646,1180,4798"
3346,3346,"12615,9609,11513,7937,10186,8947,10359,11417,7663,9517"
3354,3354,"6220,2218,6971,5303,5545,7707,10326,13296,4277,8562"
3368,3368,"3950,6442,1331,8746,10690,9234,6183,3980,10869,1347"
3374,3374,"13296,8562,5545,7652,3870,1598,7079,6925,12368,4007"
3391,3391,"9826,9908,4077,782,1323,4118,2305,6489,5502,6910"
3397,3397,"2771,2064,131,4602,12253,9908,341,1323,290,2301"
3404,3404,"2343,5545,5524,4266,2537,8235,10835,11289,758,6795"
3408,3408,"4798,4262,4315,2789,9473,11540,6751,9968,10637,7208"
3416,3416,"2140,2218,3909,9799,2343,2537,8590,13296,5532,10326"
3422,3422,"9799,13249,12990,4277,10835,4117,8562,2140,9410,2218"
3423,3423,"131,6489,3967,6611,8394,5304,4339,10870,12371,7301"
3426,3426,"2140,4798,13310,10389,2218,5866,7983,1453,2237,8590"
3436,3436,"2218,131,9799,5545,12665,2238,13296,6925,6220,12680"
3448,3448,"8235,1598,10326,8562,6220,8018,1746,13367,3950,5292"
3464,3464,"12575,2645,782,9908,10224,2771,10431,2305,11800,9786"
3472,3472,"3539,10648,10607,11719,11299,11024,8475,10137,11743,12254"
3477,3477,"6971,5199,5999,1978,5545,6220,1598,12665,13296,3870"
3488,3488,"13296,11495,8608,4277,11960,4974,331,2395,8421,717"
3497,3497,"10326,8590,2140,6166,275,5025,11540,4798,3950,4388"
3504,3504,"1091,933,8188,8607,13028,13115,9356,8714,2771,10537"
3517,3517,"4012,986,12689,3327,9085,7093,6119,10519,4669,10548"
3538,3538,"2291,2140,8043,10792,8161,5470,5302,10608,1912,1769"
3544,3544,"1598,13296,2771,5545,8505,6220,782,10835,12253,1323"
3547,3547,"13294,4623,3947,1316,12253,11006,275,9983,8019,3159"
3569,3569,"5524,2990,5545,5875,7024,12990,9836,8235,5999,12579"
3570,3570,"233,10257,11876,4630,5740,10774,13335,4158,5241,7480"
3575,3575,"12359,9340,6849,11000,992,544,13028,11555,8188,5545"
3579,3579,"4277,331,4525,2494,717,11960,4646,7197,2771,3870"
3588,3588,"2823,2796,533,2838,4147,12002,2784,9858,7727,4291"
3592,3592,"363,7047,11334,10919,173,4281,4216,390,12458,6016"
3617,3617,"13346,9262,220,12404,11726,4798,7197,2169,11572,7138"
3632,3632,"11910,12249,3950,13045,931,4764,1459,4602,6091,1478"
3650,3650,"7383,6168,10122,10413,2899,5976,11038,5386,9942,12335"
3654,3654,"13310,1079,1453,10420,9025,10785,3056,5337,9917,12887"
3656,3656,"7892,11130,7652,6268,2327,5669,1863,779,4256,10974"
3678,3678,"1290,7120,5135,3697,4929,5190,4036,10663,11719,11569"
3681,3681,"10326,8235,1746,8018,13367,4413,1598,5292,7207,454"
3683,3683,"4798,4865,10326,11540,6638,13114,8421,1180,10916,11282"
3685,3685,"2218,5545,1978,12665,2380,10835,8562,1598,13296,3870"
3699,3699,"2769,9375,5760,5105,10009,1213,11771,12698,3464,11239"
3707,3707,"12606,779,12887,1863,7723,9358,1202,5177,13310,3888"
3731,3731,"851,3770,4798,8421,8590,7867,4025,331,837,10132"
3737,3737,"10340,3340,2789,10913,6982,4053,4219,3950,2567,4117"
3739,3739,"3799,1863,4946,5545,5976,13296,7707,5386,2990,9570"
3744,3744,"5545,6091,6646,11910,7303,5524,6168,13380,131,3428"
3753,3753,"6971,2218,6220,10326,8421,4798,5303,2140,8922,9580"
3778,3778,"11784,12104,2789,2567,10778,12788,9449,9443,1700,5673"
3786,3786,"11019,4452,7922,13380,6091,7303,6646,8719,7392,1935"
3790,3790,"2789,220,3770,4798,11194,4854,11506,2567,7383,9473"
3804,3804,"275,4162,7465,10473,11396,7922,13114,4525,652,10174"
3805,3805,"7515,8018,331,6433,4974,716,6513,2158,1908,11800"
3819,3819,"4053,4117,9729,1978,131,6489,9410,3428,931,7814"
3827,3827,"5105,5760,516,4713,9375,6060,4641,1521,1213,12863"
3829,3829,"11282,5999,10916,8421,4413,10326,4798,6971,4277,5303"
3841,3841,"9025,7484,1426,2645,1323,275,9733,2305,4838,6220"
3849,3849,"10644,12254,10097,4973,11743,12455,2312,1576,4642,10607"
3928,3928,"10607,4576,11298,9730,10137,13127,11024,1851,3222,12995"
3988,3988,"4028,9732,8714,11918,10607,10581,11024,10137,969,1851"
3994,3994,"10919,4281,363,7864,9732,652,2989,7220,7047,640"
3998,3998,"782,3799,9786,1572,7014,7667,6091,12417,6164,9908"
4012,4012,"9786,6164,6646,4053,3317,6091,13380,11357,7014,10915"
4021,4021,"2140,6515,7578,10608,6354,1017,12846,5470,3545,9836"
4022,4022,"4277,5999,10916,9580,2140,11282,12385,1180,6971,4315"
4047,4047,"8235,1746,8018,13367,3950,1598,4413,10546,5292,454"
4073,4073,"4798,6220,7383,6166,2218,8922,7345,1583,6971,12030"
4099,4099,"12000,8397,2940,8361,11711,4609,6613,1799,1521,8911"
4100,4100,"7792,13436,8253,5402,10777,1669,6900,4897,10090,4669"
4120,4120,"13296,5545,3870,6220,7707,1978,3545,2140,9637,5866"
4126,4126,"1290,10607,789,7120,4576,4929,10663,296,12497,6610"
4136,4136,"2218,1100,9799,8981,4266,5999,2990,2343,7024,8922"
4160,4160,"2957,1558,3722,4163,13280,4216,9913,1851,8342,83"
4173,4173,"8254,10607,10389,4576,2989,5969,9746,6576,12373,10137"
4177,4177,"9098,4315,851,9580,11282,8421,4798,11843,9473,9968"
4183,4183,"4277,8421,4525,1426,331,2158,8562,11000,7197,992"
4191,4191,"6849,13143,1426,9970,652,13028,7653,10106,10537,8188"
4195,4195,"6971,8421,11282,9880,10326,851,5999,11357,1912,9799"
4213,4213,"10389,4576,11024,10607,8714,11918,13296,4277,10137,5866"
4226,4226,"9799,10326,13296,8608,11396,10835,5999,5545,5532,2343"
4227,4227,"1863,3487,7937,208,11024,11038,5976,13066,1669,1779"
4232,4232,"11540,3950,11726,3340,6091,3317,9786,13346,6326,782"
4255,4255,"10326,9340,12359,544,4974,4277,13249,11000,4525,2537"
4258,4258,"4413,2140,5532,8235,8018,1746,13367,3950,1598,5292"
4274,4274,"9453,2085,1916,1328,2338,8092,12824,3733,4684,2257"
4289,4289,"12871,1400,7504,6900,11117,7637,8554,11846,9083,9297"
4295,4295,"9470,9786,782,4053,8084,6164,12566,11396,5811,11357"
4300,4300,"6220,5545,3950,8235,7900,9729,7024,12680,11289,2822"
4334,4334,"941,4637,1937,9560,12646,10859,12550,7542,10224,6611"
4361,4361,"2567,9449,2789,454,3950,931,2562,4602,1937,7539"
4377,4377,"12887,8084,9449,796,2789,4943,3950,454,10913,2567"
4412,4412,"11743,9888,3539,10963,83,11020,12254,126,10607,10581"
4415,4415,"13418,6648,7341,173,5107,4623,2108,9560,5504,162"
4424,4424,"8816,5875,7465,9229,13387,3947,1669,7024,2990,8571"
4425,4425,"8235,12990,1290,12026,3055,10326,13296,6971,2140,5303"
4430,4430,"5881,10270,7121,1245,596,9488,7933,9562,1112,11315"
4433,4433,"2789,2567,10082,3888,6964,5999,4266,1100,3909,4779"
4436,4436,"618,3358,2181,11572,13112,9014,9192,3096,12859,1668"
4458,4458,"3950,11784,2567,11622,796,8413,2910,6091,5673,7723"
4461,4461,"1202,5149,1863,9748,8981,779,2303,12265,8235,6218"
4488,4488,"4602,2567,2789,9449,796,6091,11910,3950,9729,454"
4497,4497,"7120,4929,6610,13101,1290,10663,6243,12373,2916,12497"
4498,4498,"961,12404,1878,1254,652,11967,11520,4453,1347,6513"
4504,4504,"4398,12566,598,1530,5067,8190,9786,3496,6613,6640"
4510,4510,"5545,9799,1978,4117,1598,11357,785,11289,4053,13296"
4512,4512,"4641,10974,11757,9482,11162,5760,3987,6613,6425,10660"
4513,4513,"6220,8235,1746,8018,13367,3950,4413,1598,454,5292"
4516,4516,"2957,10389,1558,10674,10581,13370,10607,83,3238,4163"
4526,4526,"5545,13296,6220,1426,9942,10835,8562,4277,1978,5866"
4528,4528,"1323,8188,290,10537,1355,3509,13112,2301,12417,2305"
4542,4542,"8421,9580,12026,5999,3950,11540,3770,4798,6326,6141"
4559,4559,"10674,83,13067,10581,10607,1851,9746,12903,1779,6610"
4572,4572,"6971,13296,8922,9454,8562,11403,6220,4413,8076,5386"
4575,4575,"13296,10326,9942,331,275,6220,8562,6971,4277,7138"
4583,4583,"8980,3139,7933,11978,11696,12296,2006,7377,7653,961"
4602,4602,"5135,9962,3323,1269,9837,9935,1195,12680,12254,789"
4608,4608,"2989,5168,9348,10206,5535,10581,10903,5318,4545,4022"
4609,4609,"8018,3950,5292,6326,8235,1598,2140,13367,5545,9786"
4626,4626,"782,453,5304,5811,13005,5336,7079,9908,5209,11800"
4642,4642,"1746,8235,8018,13367,1598,8562,3950,4413,6326,5292"
4653,4653,"7707,2990,13436,646,1983,10802,1669,5976,8505,13296"
4664,4664,"10137,8607,3487,13127,779,4036,1863,7679,4576,12207"
4665,4665,"11117,12030,8302,2286,5573,4083,6846,4387,12021,2885"
4672,4672,"10137,10389,11918,1576,3238,8714,7553,4890,1098,6610"
4680,4680,"5027,4684,4256,1328,10105,7878,2770,9453,8925,8857"
4705,4705,"3950,7079,1331,8746,6769,7392,9867,12857,1408,10913"
4707,4707,"6091,11726,997,11396,2990,11960,3112,11572,652,4623"
4711,4711,"6613,598,2940,11337,8257,4684,1020,10974,808,11672"
4732,4732,"6390,5881,12454,7667,11178,3810,13143,6368,11726,966"
4734,4734,"13309,4387,4286,7120,10663,1290,4929,13101,10607,6243"
4735,4735,"7725,7257,7937,1669,11417,11675,9735,1863,3487,6268"
4749,4749,"6220,1863,5976,779,10429,5545,3487,7619,12606,7792"
4751,4751,"6971,2218,6166,12680,13249,5999,10326,12944,5025,2140"
4762,4762,"5999,2822,2343,782,9908,997,4053,10835,6123,646"
4767,4767,"11675,7725,13436,779,7937,684,1863,207,1669,12265"
4771,4771,"12927,4460,7652,10224,1323,5826,782,11154,9908,12296"
4773,4773,"12887,13310,1978,12417,1017,10914,7383,3428,7900,6326"
4776,4776,"13431,10797,10813,3811,10743,3967,13143,9271,6640,670"
4783,4783,"9025,10732,8188,4281,10974,7922,9917,6896,6640,12226"
4788,4788,"851,5999,10326,11282,1996,11396,331,10916,8421,10594"
4808,4808,"7922,12371,4339,13112,5978,3810,1792,10106,11113,6091"
4810,4810,"3950,9504,454,2567,3340,5999,9729,2789,1408,1872"
4818,4818,"6238,3365,6839,9562,7933,10065,8361,5881,11978,5151"
4823,4823,"11019,5402,13066,9025,12348,769,10221,1007,4859,8188"
4829,4829,"6091,9786,7079,6164,7667,3950,12566,3799,1572,8746"
4842,4842,"7707,8608,8633,10835,1863,8562,8607,9570,2537,3317"
4859,4859,"3365,8188,11337,1254,7933,598,5775,3034,3275,12939"
4866,4866,"12788,7257,377,13072,6040,11488,6283,9374,1742,6854"
4881,4881,"2771,2903,11712,3829,4976,5775,8447,4117,11424,4118"
4908,4908,"2291,2140,383,2065,13214,7063,2602,4827,4877,9771"
4910,4910,"789,1290,9962,4929,13309,12497,6243,10336,10607,3697"
4922,4922,"5022,796,3950,7835,8483,1331,13134,9234,7197,4117"
4942,4942,"10674,11938,4077,9052,5480,2537,12547,6053,9705,12909"
4976,4976,"4637,10224,5826,10661,4118,11800,652,941,1049,3509"
4993,4993,"13436,1669,779,5976,9748,1863,1779,12265,13377,9374"
4995,4995,"9504,10916,13249,12779,1408,5999,8452,9953,7462,5091"
5020,5020,"5105,2769,5760,9375,6060,1213,5396,6082,10441,4641"
5040,5040,"221,1226,8980,1245,8154,9522,7490,2204,11749,3476"
5048,5048,"37,797,4937,3769,1274,2065,448,9306,4877,9771"
5058,5058,"10537,1202,3509,6091,64,6538,3799,3884,7922,4602"
5067,5067,"2140,10326,5025,2499,9340,11000,2291,992,6515,12156"
5087,5087,"4798,4525,10326,4277,11572,4679,331,8562,1788,12404"
5090,5090,"3877,5875,6509,6089,7489,13121,1326,3138,6962,5524"
5102,5102,"13296,1863,7383,10288,6220,5386,8562,7558,2065,7063"
5103,5103,"5303,3950,9454,275,4924,2140,7138,3106,11048,12990"
5105,5105,"1863,7491,2327,10835,8562,13296,779,9942,2989,3870"
5108,5108,"5999,2395,13114,1996,11396,10473,9953,7425,7392,11405"
5119,5119,"3950,4413,6220,8235,8018,1746,13367,1598,5292,7207"
5120,5120,"12606,5545,2990,1421,12253,8562,13004,1598,5292,3950"
5124,5124,"2065,11726,4436,11572,37,652,350,220,7197,4525"
5132,5132,"7383,2899,12733,6648,7341,11295,2300,10122,10899,383"
5138,5138,"1763,6648,2899,2958,7341,37,7303,7383,2594,8156"
5144,5144,"5545,11289,3950,2990,6326,1598,8562,10326,11540,2158"
5159,5159,"782,7079,8483,9908,4118,4602,3950,8293,12282,4053"
5167,5167,"6640,13431,6956,12909,11162,9707,8673,8384,8092,8723"
5175,5175,"3089,5337,275,13090,11568,5471,11194,11609,10785,12966"
5176,5176,"9854,9214,5105,12316,2769,12615,5480,8227,11602,12397"
5185,5185,"10835,9799,13296,3950,10326,5999,12944,7723,5532,4413"
5189,5189,"8235,12680,5875,7024,12944,5966,7578,9744,6529,12662"
5191,5191,"5667,11887,2257,10591,3611,12680,11560,10986,9901,11288"
5206,5206,"9287,1602,7948,513,8470,6287,5835,10851,11416,9514"
5213,5213,"3950,12680,3509,5545,9786,8300,5495,13310,7079,7207"
5224,5224,"331,12857,10326,12990,9580,851,4277,1978,4798,5025"
5226,5226,"1100,5303,4798,2140,9968,8421,10326,9580,12813,3770"
5241,5241,"9732,4216,4163,5142,12995,290,10581,8714,8589,4281"
5264,5264,"9348,11298,10137,10389,11024,4028,2989,8714,5672,1972"
5268,5268,"11572,1323,10326,11282,4277,12990,1788,9942,7197,796"
5270,5270,"6220,11540,11751,4266,4413,7723,10340,4798,8922,9733"
5287,5287,"12104,9775,12575,10434,9998,1719,10566,4117,1864,6821"
5314,5314,"8505,854,4946,796,3870,2990,3799,11661,7138,13296"
5318,5318,"7024,8235,12339,12253,4266,1779,341,131,12312,9348"
5326,5326,"3967,4452,7868,10451,8078,6630,13004,11518,5179,1202"
5336,5336,"12857,331,6128,851,8421,13114,13257,2395,10916,8161"
5343,5343,"5766,5168,6973,7933,5606,12927,4823,7301,7121,630"
5347,5347,"5545,4602,6091,3950,7652,3870,2645,6638,64,6220"
5354,5354,"8452,3064,383,3506,37,1606,7063,8746,2899,8300"
5356,5356,"9083,6166,5149,8981,6892,9668,8922,10918,12829,13255"
5367,5367,"13296,10607,6283,4576,1863,5545,6220,5866,10389,3222"
5373,5373,"3870,13296,10835,8562,1863,6220,1426,10529,7707,6971"
5385,5385,"3950,3870,1978,1328,5545,1426,9234,7707,5495,7079"
5458,5458,"6630,6382,11301,256,12240,6502,1872,7360,785,12364"
5463,5463,"13296,5022,12404,8562,4277,12359,10835,1684,11000,9459"
5471,5471,"1576,11918,8714,10581,11743,5318,9732,4036,640,4028"
5476,5476,"5135,1290,5142,10644,12254,10336,10607,7817,9837,5675"
5484,5484,"8019,9983,9470,2108,4623,12072,2990,11396,6395,3515"
5508,5508,"10607,2989,10137,8714,6610,11024,10674,4576,10389,1851"
5513,5513,"5579,7933,5826,7792,3509,13119,941,11348,5881,4012"
5520,5520,"10916,7197,2140,5025,4277,4525,1978,11000,1328,992"
5524,5524,"8562,11520,1863,9025,8188,7707,1426,4946,9942,6314"
5539,5539,"6982,8413,5673,3950,11622,9234,7079,6220,5022,9637"
5554,5554,"8770,3866,630,10087,6183,221,10744,2206,10548,7633"
5564,5564,"5999,10326,2140,8421,5835,9799,1996,1408,4499,4117"
5595,5595,"3950,2218,5700,9729,2990,11540,454,5293,2958,6326"
5601,5601,"7383,9901,2958,7715,12857,2140,4798,4315,5819,5302"
5602,5602,"4798,7383,9733,3950,6220,3870,8562,4414,5819,1323"
5618,5618,"5826,941,12550,6611,9560,1937,4637,11099,8773,12646"
5643,5643,"2567,6509,2789,2199,6089,8235,3055,6962,11561,6982"
5644,5644,"131,12775,207,7079,1863,6489,6925,2218,9729,5386"
5651,5651,"13310,11326,11910,796,9358,9560,7652,5671,9733,4798"
5655,5655,"8590,12990,5545,13296,10326,2140,6220,8562,4946,8505"
5658,5658,"7425,11396,10326,1957,3596,2990,5999,11405,10841,8608"
5660,5660,"4277,1598,997,10326,2537,2343,13028,5703,5532,5280"
5662,5662,"6971,12404,5025,4277,12359,2140,2218,9340,4117,11320"
5670,5670,"9807,13249,2771,8505,4679,443,3799,3545,1045,8318"
5676,5676,"83,12748,13280,5168,9685,4216,7937,12615,3721,420"
5680,5680,"10835,7474,8562,13381,4007,5964,4924,2497,9449,4199"
5698,5698,"9705,2301,9730,12493,13115,3222,131,4605,11896,10106"
5710,5710,"6220,2140,10835,11843,773,4117,7138,4266,2822,13296"
5723,5723,"8235,1746,8018,13367,1598,4413,4438,5292,2343,10546"
5742,5742,"8608,4976,3143,217,4277,1978,4305,1426,1328,4928"
5748,5748,"5545,6220,2990,13296,1978,13310,3870,8562,796,2218"
5750,5750,"8235,1290,5999,7120,2530,12497,1244,8981,5149,12704"
5787,5787,"3950,7558,2038,2065,8300,4679,11608,4414,1426,8995"
5798,5798,"4623,11726,11572,2379,4692,4436,13294,652,4466,1788"
5799,5799,"8271,2140,2291,7439,9306,4877,9771,5946,2149,7504"
5815,5815,"789,1290,9962,13309,9866,10336,9837,7817,10644,5008"
5822,5822,"2140,12404,2065,1426,992,7063,4679,4525,11572,1788"
5834,5834,"2218,10326,12944,2990,6971,2140,5532,5303,9799,5999"
5846,5846,"3275,4525,992,5025,8671,2905,4798,11000,7867,1978"
5858,5858,"5999,8472,4321,2567,8707,1996,2789,11282,1634,1180"
5882,5882,"1254,4118,652,8188,1323,4077,12417,6370,350,981"
5892,5892,"9750,5490,1363,8148,10335,4730,618,53,7854,840"
5897,5897,"6971,5303,2789,10835,2567,316,5999,10529,7330,9799"
5898,5898,"8235,1746,8018,13367,1598,4413,454,10546,3950,5292"
5902,5902,"9025,961,8188,12796,12417,13128,13294,7922,4692,64"
5919,5919,"2769,10389,5976,13377,4664,9746,11298,1779,1972,8475"
5934,5934,"4315,4798,11282,10326,4277,837,8421,8590,11540,5303"
5946,5946,"11299,5135,1290,7120,10147,10202,7856,10963,9671,3737"
5965,5965,"2287,10326,8562,1793,7474,4266,4452,6971,4177,12680"
5995,5995,"6168,8188,3509,5251,12348,6425,457,10914,11800,6091"
6005,6005,"7707,4277,13296,5545,9799,2343,8235,6220,1328,12858"
6006,6006,"2567,2789,2990,9449,6091,4452,7723,11784,131,454"
6013,6013,"9014,11000,13249,5022,1978,5495,8300,13028,3545,10326"
6016,6016,"11726,11572,796,4436,1788,1878,11661,9449,8916,7197"
6023,6023,"7120,10663,6243,8567,12497,13101,789,4777,5573,4083"
6052,6052,"3950,2380,6164,2910,11772,4117,9968,9901,11326,8483"
6056,6056,"6220,1220,12579,8235,931,4602,13296,4413,11403,10063"
6059,6059,"1746,8235,8018,13367,1598,3950,4413,454,10546,5292"
6064,6064,"9799,6971,785,11357,2571,4117,4053,2822,13218,11712"
6091,6091,"4053,12680,3340,3950,9504,11357,5999,6925,11784,9729"
6112,6112,"4576,1779,7120,10607,9348,10648,4036,11918,1576,10581"
6133,6133,"9799,2140,12680,2380,7986,12665,2218,5545,3992,12321"
6150,6150,"5819,13249,4162,2990,12464,9449,3950,4525,1769,5999"
6155,6155,"8562,2343,5545,13296,1978,6220,1598,5866,10835,4602"
6157,6157,"1634,4315,851,11282,8161,1180,6280,8421,10326,4798"
6212,6212,"2140,6515,3950,5545,2990,10326,1598,6326,5292,454"
6218,6218,"11315,3365,7933,1792,1254,2325,578,10993,4767,8361"
6242,6242,"9799,5123,10608,1020,1872,1490,12249,12680,3992,3545"
6243,6243,"9693,1978,11572,13310,2537,1017,13249,4028,1328,992"
6260,6260,"4877,7439,5747,8452,1769,2291,2140,10506,5470,9340"
6262,6262,"11395,4641,3987,10660,10441,4029,5760,5027,11757,4569"
6278,6278,"4413,2343,9733,1746,8018,8235,13367,3950,1598,5292"
6280,6280,"3950,5673,11751,11622,2567,2789,9968,9443,2478,11540"
6287,6287,"4012,5402,2518,7093,2304,4452,10241,9954,68,3769"
6305,6305,"13310,12404,220,3491,12733,7088,7484,5471,8413,1937"
6320,6320,"12030,9799,2343,5999,6971,12665,12858,8608,4388,5545"
6339,6339,"5545,1978,2380,8562,9733,6220,11326,10835,3870,5866"
6360,6360,"5545,3467,1863,9730,6220,933,10835,7087,660,13296"
6370,6370,"1254,3275,8188,8361,2559,12861,4077,3365,2966,2497"
6376,6376,"4525,4623,11572,11726,8562,6151,2502,5022,652,3402"
6378,6378,"11019,5528,3509,6391,769,1262,11151,6613,5721,5514"
6379,6379,"9799,2140,2380,1400,7487,6971,10608,8590,12680,5303"
6398,6398,"6580,12085,4928,8067,10658,598,12939,6849,11627,10980"
6422,6422,"6971,11282,2789,2567,7723,11784,8922,8472,4413,5673"
6424,6424,"6613,7878,11337,10221,598,11757,4684,12447,11542,9482"
6436,6436,"3950,12232,6326,8018,682,1598,7900,6123,12029,5545"
6454,6454,"2771,7020,11520,11572,2379,5861,1323,4460,217,4436"
6464,6464,"10326,3950,5303,8235,6326,2990,11540,9744,2140,5292"
6479,6479,"13296,3870,9826,4946,5964,5545,4277,3781,6513,9942"
6485,6485,"8981,13255,4205,5149,9954,10332,1078,9083,2847,9748"
6488,6488,"4602,1598,1978,6198,1323,11951,6489,3509,12417,7835"
6490,6490,"2218,13346,5545,2990,2287,7667,12680,131,8562,4623"
6498,6498,"6220,4798,5545,5386,3950,5025,3870,2218,8562,2140"
6533,6533,"11540,4798,9668,6166,4101,5303,8922,2140,4262,7578"
6577,6577,"9942,350,1254,4118,4414,12152,9826,1323,4861,4077"
6579,6579,"6971,2218,2140,10326,1640,4798,7465,3770,5025,11282"
6583,6583,"12404,7835,7197,4525,8293,1426,4277,11572,2228,717"
6597,6597,"12733,11568,275,7383,12404,3723,11320,1421,6724,5386"
6599,6599,"9799,11282,5179,10326,6971,4277,6610,1244,11495,6638"
6607,6607,"12404,4277,11495,12680,10326,8562,6971,2140,331,9234"
6613,6613,"4821,64,9786,12887,2645,7079,6091,4602,11772,3950"
6622,6622,"1290,2218,5303,2140,560,9799,10389,7120,8590,6971"
6637,6637,"3317,13045,12093,6611,2903,3799,9786,6091,3950,8450"
6644,6644,"5303,10326,4277,8590,12990,6220,3770,5545,1421,4798"
6651,6651,"4664,6610,10607,9348,10137,8167,10648,7120,10389,4036"
6674,6674,"13112,10303,341,8450,1056,11520,12085,1254,8188,5766"
6683,6683,"13381,2789,8646,2905,9443,4827,3035,6134,12611,11506"
6686,6686,"4036,1863,5962,5976,4327,1983,6456,6283,9748,12704"
6707,6707,"1978,5545,4277,3428,13028,4525,11000,1328,13249,3545"
6724,6724,"10802,5976,9748,12157,1669,2731,3542,3487,1078,13377"
6729,6729,"1598,2218,8235,5545,3950,9942,6220,13296,12665,2140"
6739,6739,"6982,7742,5700,9560,12784,12249,10913,12425,7674,12541"
6756,6756,"12636,5022,9234,11800,12276,12249,2228,4099,1948,4219"
6764,6764,"6971,2291,12990,4827,7063,2065,647,12389,5819,3064"
6768,6768,"11520,8188,10914,3689,1978,5251,1328,4416,6060,64"
6787,6787,"6166,3909,1100,2218,12944,4388,5999,265,5025,10608"
6808,6808,"6220,5545,2990,8235,2140,10326,12253,8562,13296,1598"
6811,6811,"9306,2990,2065,7383,2287,5819,7063,8562,9771,10899"
6812,6812,"1290,7707,9799,13296,10835,6971,10326,2218,2140,5303"
6831,6831,"10326,2140,2218,5703,2537,9799,2343,12680,5532,9340"
6833,6833,"3461,12575,9410,2497,119,931,11675,11780,13074,9691"
6840,6840,"2291,7439,4877,13214,12871,9306,5946,8271,5747,9865"
6842,6842,"10607,10674,83,3539,11024,1556,12615,10648,4036,7553"
6855,6855,"5672,10607,10648,4024,6610,10581,8635,8714,13370,4028"
6869,6869,"9938,5999,6123,5703,9287,12556,1682,12376,13249,4053"
6874,6874,"7715,6551,7682,10122,797,2899,7063,8079,10776,383"
6879,6879,"7922,769,3096,7667,13112,9917,11899,12454,9903,10732"
6885,6885,"8235,1598,10546,10340,2140,1746,8018,13367,3950,4413"
6886,6886,"5545,9942,4028,8714,2287,4277,7491,4286,8562,2343"
6902,6902,"2140,4277,1978,1328,5545,6638,10326,10916,12385,12990"
6908,6908,"7864,10919,2957,9732,4708,10581,1851,3238,4216,4163"
6911,6911,"6971,2567,2789,3950,1100,931,454,5999,9443,4525"
6912,6912,"12085,9895,2599,598,9138,1195,1602,1020,6646,8450"
6919,6919,"12832,11127,290,9730,420,1542,11896,9705,3222,341"
6926,6926,"1017,11019,7922,9895,6123,9807,9025,6287,9155,3240"
6934,6934,"12295,12156,6626,11159,4848,11019,2205,5763,6391,3960"
6935,6935,"11006,64,13347,6091,9983,3799,7236,3689,1323,8188"
6939,6939,"8981,7064,5149,4698,10082,5966,6166,4779,9937,3888"
7000,7000,"9799,1692,5179,9410,5199,4605,2494,2822,4053,931"
7003,7003,"9785,11546,7575,3636,12226,8257,3887,4935,4159,7325"
7005,7005,"6971,4865,13296,11726,10326,4277,11572,1788,331,4436"
7042,7042,"11572,1788,11726,6370,3402,4436,7712,12232,4928,7197"
7045,7045,"2287,5775,2771,4077,2497,13090,3840,12861,5490,11407"
7047,7047,"6166,9799,9689,2218,13191,3909,1863,4388,8981,7707"
7053,7053,"1863,5545,5976,7707,5962,6220,3487,2218,7706,779"
7063,7063,"8235,1746,8018,13367,4413,454,1598,3950,4438,10546"
7067,7067,"4277,11520,4928,10416,10106,4070,5251,11249,4271,6504"
7071,7071,"2771,5545,3870,8221,811,1742,6925,331,3950,13346"
7078,7078,"2158,2140,3950,5545,8235,682,10546,6326,11289,4915"
7109,7109,"5303,2140,8590,8421,6971,12026,3055,9799,10138,4798"
7118,7118,"5303,331,8421,851,2291,1996,6971,4877,2140,2265"
7129,7129,"10581,1851,83,9284,4216,4215,11486,2957,12917,11743"
7133,7133,"769,7922,9209,12204,10034,2940,4466,12454,9917,1441"
7139,7139,"2957,4216,4163,3722,1558,1851,3544,11117,7047,7937"
7142,7142,"4798,11282,2218,6971,5303,8421,6220,12404,6899,8562"
7146,7146,"2771,13296,341,5545,3992,11000,8505,1978,10063,2903"
7172,7172,"345,6128,7867,4277,3628,9877,4025,4798,992,12385"
7181,7181,"2140,7578,9799,12579,12680,8235,6971,3670,5999,9744"
7195,7195,"851,331,11282,4798,6128,11843,10916,1180,4277,8161"
7197,7197,"1598,8177,1220,5545,1978,12665,3950,8562,13296,3870"
7203,7203,"1290,7120,10607,4929,10648,10663,6243,296,1244,2916"
7223,7223,"2990,9799,13296,12026,331,6971,8421,7578,12680,2380"
7235,7235,"3722,2957,4216,9913,9723,12808,8342,10674,4218,778"
7236,7236,"4012,448,797,12253,4838,13143,2767,1316,12335,2602"
7237,7237,"6283,65,3929,6040,1863,10777,6366,8525,207,9374"
7255,7255,"5303,5135,12030,11569,6971,1290,8302,2140,9083,8922"
7297,7297,"10326,9799,4266,8562,5545,5999,2537,9693,5524,8608"
7320,7320,"10326,5999,10916,12779,519,13249,2140,11384,4277,11000"
7323,7323,"1863,2327,5976,5545,3870,10429,13296,1983,12606,779"
7326,7326,"3870,5545,13296,8562,6220,11000,7558,2158,2380,7063"
7343,7343,"5025,1421,4277,3628,9340,8421,6128,275,8590,12359"
7363,7363,"2343,9799,8608,5999,4388,1100,2537,4266,10835,5532"
7364,7364,"11667,11572,8707,5819,8300,4321,9262,220,4924,9968"
7366,7366,"11289,12787,12887,8084,4053,7462,8707,13310,11396,4117"
7372,7372,"10326,3950,1788,4924,796,1426,8562,1841,11726,4012"
7399,7399,"6053,13280,2793,11337,7096,12128,1601,4793,12615,3702"
7402,7402,"2140,9799,1100,2238,3670,6971,491,12757,10326,10795"
7406,7406,"3950,12232,2990,8018,682,5292,6326,454,10451,3340"
7421,7421,"1220,4277,5545,13296,7707,5932,3870,12635,9600,3158"
7425,7425,"8922,5545,2990,1598,4943,11289,3950,2140,1421,8562"
7431,7431,"8421,12990,851,6128,11572,4525,7197,331,2158,11726"
7447,7447,"4518,1878,773,11696,3799,10548,5964,6119,4974,10479"
7451,7451,"13296,6220,1863,10835,7948,11675,10288,1983,10429,7707"
7453,7453,"6971,5303,1746,7120,275,4877,2291,9771,7063,12184"
7456,7456,"1851,12254,5142,1576,11024,83,1901,4163,12096,2957"
7484,7484,"5168,7301,12438,6973,1576,10359,7933,7937,7725,11539"
7486,7486,"10340,3870,9504,6982,9729,5700,3950,11622,2567,1408"
7505,7505,"6220,7948,6971,1220,13296,1863,1788,5545,8562,4576"
7529,7529,"5168,2989,6973,1576,8714,208,7491,4028,4940,11896"
7532,7532,"9348,1576,11060,1098,8714,12995,7404,1736,7864,8635"
7548,7548,"5826,10224,4118,1049,12417,1254,6250,1323,652,4637"
7550,7550,"10431,1328,233,4097,12191,134,12898,9817,870,9408"
7557,7557,"8421,12385,12359,4525,2158,7197,1328,6128,717,7835"
7574,7574,"8235,5545,12312,7024,11289,8018,9744,2990,2140,7900"
7586,7586,"5976,1863,13296,6893,5875,3542,3487,13377,7467,11403"
7592,7592,"8235,8018,12029,5524,682,11289,11871,12232,5545,3950"
7594,7594,"3950,8235,10326,8562,3340,2903,4266,2038,10778,9886"
7600,7600,"11461,13111,10974,4256,11542,12447,1101,9040,6402,8188"
7601,7601,"9807,2771,217,4162,10326,6788,12232,1052,1045,5534"
7642,7642,"4163,3722,1558,8342,2957,7047,4218,363,1851,2709"
7647,7647,"11326,9262,796,220,4798,1478,10916,2580,3950,2220"
7650,7650,"8300,5022,12191,1978,7558,9262,5495,13310,350,3509"
7660,7660,"10607,6610,10674,4024,10389,1851,12373,83,10137,10581"
7682,7682,"3950,2990,5545,8018,6326,8562,5292,454,6091,12232"
7712,7712,"8562,12404,2989,1426,2497,9410,1254,10288,4414,11520"
7728,7728,"1746,8235,8018,13367,1598,4438,454,3950,4413,5292"
7763,7763,"4277,5545,1978,3428,1426,1254,4414,4118,9410,8562"
7764,7764,"7792,2989,1863,13296,3870,4576,6220,779,8607,10137"
7765,7765,"2990,5545,2218,10326,2343,4388,5999,5532,13296,8590"
7768,7768,"1017,9942,10793,1007,3950,9025,11272,11019,1779,10288"
7776,7776,"10068,5135,5142,1554,7020,4036,10644,13143,7817,1269"
7834,7834,"2291,1996,851,10326,8161,2158,2140,6096,4525,1769"
7850,7850,"4277,9404,11495,1426,4679,13249,13257,4322,12404,7197"
7860,7860,"5545,13028,8188,8505,5495,13296,11000,9942,9410,4077"
7879,7879,"2789,2567,11282,4798,6971,9449,8421,12185,9982,9968"
7892,7892,"7078,2342,4855,8560,3322,3962,6231,12617,11896,9517"
7895,7895,"3317,6123,8450,11424,4724,7922,3799,7667,9287,1045"
7901,7901,"4277,12385,4679,4525,6971,992,12779,10326,9340,544"
7922,7922,"2140,6971,8590,7578,6515,851,4277,9580,8421,331"
7927,7927,"3670,5149,5338,4388,7637,7948,4430,9668,5999,2238"
7931,7931,"6971,6638,4463,4323,2789,6220,2199,9234,9767,4798"
7938,7938,"11019,598,631,1020,12575,4669,12007,5806,2940,5775"
7942,7942,"1746,8235,8018,13367,1598,10546,454,3950,5292,8413"
7964,7964,"8235,3950,8018,3340,682,12232,5292,6326,454,9744"
7982,7982,"6646,11357,13380,4053,785,5999,7303,5524,11784,6164"
7988,7988,"2784,11923,8302,65,1290,11569,5135,2885,8525,5663"
7992,7992,"7835,6849,2228,5022,5471,7653,981,2905,7197,596"
8005,8005,"2380,11326,11751,6220,3870,2910,9733,10835,2218,9968"
8019,8019,"5504,4619,3567,10919,11334,7047,12508,6629,7938,7681"
8026,8026,"131,12371,10224,13347,2064,6489,3428,6399,782,3509"
8028,8028,"6489,8454,13310,9410,13322,1978,3839,453,4414,1598"
8085,8085,"7922,2287,12417,9025,1323,3509,11019,1793,3992,10420"
8103,8103,"6220,1863,6168,1788,7383,7619,13252,12414,7505,2065"
8108,8108,"4928,7922,3799,5861,4623,652,1045,2771,3689,8188"
8137,8137,"3275,1692,6489,2989,9410,3829,1978,5179,6499,2088"
8138,8138,"5303,4315,12857,6326,11540,9968,8421,331,11282,10916"
8139,8139,"12990,4827,647,8161,11751,6971,7063,4798,9668,9968"
8148,8148,"4798,5025,1421,5545,4277,544,10389,10132,8590,5866"
8150,8150,"1746,12067,9799,12331,4947,13090,6925,3810,8562,5199"
8160,8160,"2989,5168,630,3544,11967,11938,1863,12995,7301,6973"
8175,8175,"5168,6299,8188,1558,6973,4890,12096,8714,2957,10674"
8191,8191,"13370,7864,1851,9960,2957,2989,9732,3238,10581,4163"
8198,8198,"11357,10835,9799,11993,5199,3275,3870,4117,8421,8483"
8202,8202,"6220,8235,1746,8018,3950,13367,1598,4413,6326,10546"
8233,8233,"12253,64,11772,10224,2771,3799,2305,8505,5875,4946"
8251,8251,"10785,12733,11568,4012,275,7063,11609,7138,2291,220"
8252,8252,"851,7197,8161,4277,5999,331,8421,11282,11843,10326"
8265,8265,"2380,2218,2140,9799,9668,7948,6971,10241,8707,8981"
8267,8267,"8018,8235,1746,13367,3950,1598,5292,4413,10546,6709"
8268,8268,"6168,652,10919,11520,350,4416,961,8188,9942,3689"
8294,8294,"9799,5532,3870,10835,13296,5545,8608,2343,4388,5999"
8299,8299,"4576,10607,10963,4036,3737,9730,7856,9888,3539,1290"
8302,8302,"6849,6515,5196,2861,9182,8746,12779,8638,8452,7835"
8303,8303,"789,5135,10336,1290,4929,9837,12497,1244,3697,13296"
8323,8323,"1049,11403,6250,9942,12253,1273,1742,4414,4946,7792"
8327,8327,"8562,1598,3950,5545,9449,454,8235,3340,10124,5700"
8331,8331,"6982,4413,5999,2567,2789,10835,9799,7723,3950,1478"
8332,8332,"10106,6390,11178,3810,1638,787,7667,2940,1698,5881"
8334,8334,"13296,5545,10835,6220,1863,8562,646,1978,7707,3870"
8337,8337,"1290,10429,9295,10607,4576,2989,13432,1863,10137,4036"
8341,8341,"3950,3340,6982,11751,12680,11622,8483,12425,9729,11795"
8361,8361,"1290,4177,7474,6971,3998,10429,5969,4679,7707,13381"
8369,8369,"13296,6220,9799,7707,5524,5545,10835,4602,4266,1598"
8378,8378,"8490,9609,11896,5514,2189,5230,11417,12128,6973,6053"
8407,8407,"10607,11024,11918,4028,10389,4024,4576,10648,4036,1290"
8419,8419,"6610,1244,10607,8254,9348,13309,12373,10648,1290,789"
8424,8424,"12966,10413,10122,383,9013,2594,6859,7389,778,7383"
8425,8425,"5027,8332,3448,2507,3314,9817,9453,10766,5413,5155"
8438,8438,"1290,3539,7120,3697,11088,12254,9405,11117,11846,8302"
8447,8447,"4525,10326,4798,8562,7383,275,10785,4277,7138,9942"
8458,8458,"7439,2140,2291,4877,5946,9771,7063,2149,13214,797"
8463,8463,"5545,5025,10288,3275,13296,9410,7707,13025,2012,7986"
8471,8471,"4679,12404,6198,10661,4525,6513,3402,8562,1426,4692"
8472,8472,"11918,10389,10581,10607,8714,11024,8135,13370,6812,11743"
8477,8477,"12030,8922,1290,7120,10663,4929,6971,6243,13101,5573"
8478,8478,"9262,4798,1421,5471,8562,11969,796,11272,7867,8590"
8483,8483,"1290,7120,789,10607,9962,5135,4929,13309,10663,6243"
8496,8496,"6971,2291,4798,8472,9668,9886,9083,2789,61,2140"
8497,8497,"12988,3883,10078,6402,9453,11602,8227,6815,449,12316"
8501,8501,"121,3696,9105,13259,13114,12928,5214,1347,10473,9880"
8506,8506,"6509,3461,10346,1589,12047,8788,2903,742,4054,2016"
8520,8520,"5545,13296,12359,4277,1426,992,544,7707,10288,7948"
8524,8524,"4277,7197,8590,1978,9877,4798,13310,5866,557,1328"
8531,8531,"10326,8562,13310,2218,2140,5545,4798,9901,10916,9340"
8556,8556,"13310,11019,9025,1007,769,1453,12887,5514,7389,4452"
8579,8579,"10607,11918,4028,11298,10389,11024,1851,4576,4024,8714"
8585,8585,"2218,9799,5303,560,12665,10389,6166,4388,9557,2343"
8591,8591,"1978,6769,7835,4798,220,931,12646,9560,10913,9901"
8592,8592,"4576,11298,10137,10674,1851,4036,9746,10607,2989,11024"
8596,8596,"4277,1290,7120,9799,544,5545,13296,4576,4028,6220"
8598,8598,"7652,13143,11800,4460,652,961,11147,5579,3033,2645"
8608,8608,"4576,1290,7120,13370,12832,6610,1576,3998,11896,4890"
8610,8610,"1244,1290,5135,7120,4576,10663,4929,2916,789,9962"
8617,8617,"10607,8475,3539,6053,4036,1576,12212,11024,9609,2784"
8621,8621,"3950,8235,8018,12232,2990,682,6515,2140,9744,6326"
8629,8629,"11019,12454,12887,462,8084,7377,769,8746,9085,11178"
8649,8649,"5168,7383,6973,11038,7937,9942,2287,10122,1558,131"
8652,8652,"5142,4163,10607,83,3539,12455,11846,1280,12254,1576"
8714,8714,"4452,12887,9454,9570,3888,5402,2537,6123,7487,5495"
8718,8718,"9942,1323,10914,8714,3112,9025,12348,8188,350,1007"
8733,8733,"6610,5545,2989,13370,7020,544,11024,10389,10137,4277"
8734,8734,"8562,11520,12404,6168,8714,10914,8188,5545,10034,1254"
8754,8754,"11357,1978,4117,1328,12680,3448,9234,5545,8483,10993"
8771,8771,"9886,8235,6772,12579,11403,8922,12757,12680,9083,4332"
8791,8791,"4576,1290,7120,265,5545,13296,9799,6220,2343,10835"
8794,8794,"1478,3799,7079,3428,9410,3870,4414,6489,13045,6015"
8797,8797,"454,3950,2990,12232,5545,682,6123,8235,3428,10451"
8804,8804,"6091,3950,3870,10224,1742,8221,7652,64,6220,1202"
8809,8809,"6515,4315,1912,11357,851,7197,8421,2158,860,4117"
8823,8823,"13101,1290,7120,4929,10663,2916,11117,1977,12030,3697"
8833,8833,"10389,5545,1978,5025,5866,4024,4220,6490,12373,10288"
8835,8835,"10607,9693,2343,1244,5179,2537,8608,10648,12858,997"
8840,8840,"12335,2899,5884,2958,8053,4877,9167,5610,2218,6724"
8842,8842,"8084,8663,4985,4452,9469,6739,2113,5721,6611,349"
8860,8860,"11918,11024,7937,9730,1576,208,4216,1851,4163,1558"
8866,8866,"10326,2199,5303,4315,2789,6326,11540,4798,9580,66"
8877,8877,"8638,6849,7667,1195,12668,6788,11000,9895,6354,550"
8887,8887,"12927,10413,2899,9790,8917,2594,5436,7341,5826,7389"
8895,8895,"4915,4321,1957,7487,13249,4452,11000,5497,11627,11572"
8907,8907,"789,10648,10389,1244,4036,3539,11719,11298,1290,8475"
8921,8921,"7922,2940,4466,10743,4940,9209,6640,11162,10087,12763"
8928,8928,"2940,1698,2204,13418,12645,7575,4001,6231,8185,12397"
8936,8936,"4939,2883,4216,11520,3769,5224,13027,6299,2065,1215"
8965,8965,"7707,2343,9693,4117,4053,13296,5022,5999,2537,12668"
8971,8971,"7792,5826,8454,3870,4637,12253,6220,2645,12550,13004"
9000,9000,"13296,1863,5962,5976,13377,2327,1983,10429,4250,7707"
9023,9023,"11871,3950,5545,2990,6326,8235,1598,5292,8562,11289"
9025,9025,"8922,12665,931,6220,11751,2789,8149,6971,3055,708"
9031,9031,"2789,2567,12104,5999,11357,2199,3071,10434,931,10637"
9045,9045,"7707,1007,11918,9570,3950,11969,13066,1017,1779,9348"
9053,9053,"2218,10835,5545,6220,7723,8562,4266,3870,4053,9365"
9054,9054,"12575,2940,6613,1245,598,2204,1020,8908,7127,8397"
9060,9060,"6168,11520,10413,1254,10034,7389,3509,4637,9560,1542"
9063,9063,"5999,1957,4452,11396,13114,7487,7723,2395,10473,6123"
9071,9071,"7792,3509,4637,10537,9786,2645,782,6611,1049,12368"
9078,9078,"5964,13296,8562,5545,3870,6220,4053,1598,2218,5485"
9101,9101,"13296,3275,8608,6610,1843,8681,5782,9410,12577,5866"
9108,9108,"5545,3950,6326,8235,682,5292,11289,1598,8562,2990"
9110,9110,"10034,1017,11024,11042,2181,8490,3428,8719,2537,4943"
9114,9114,"10835,6971,9799,1978,12321,5545,2140,2218,13296,11000"
9144,9144,"1244,1290,4576,7120,296,10607,10648,6610,6576,11298"
9172,9172,"9799,10607,6971,10389,1290,8922,8277,11992,4430,2343"
9185,9185,"8703,5149,13255,9083,10332,8981,7637,1078,9954,6474"
9190,9190,"6971,12104,6395,13114,2199,3071,4101,11396,6382,7064"
9193,9193,"11502,2220,7087,5166,1478,4765,811,992,796,6769"
9198,9198,"4798,7707,10326,4277,8562,7491,10835,8607,11969,9730"
9200,9200,"789,5135,9866,1290,7120,8567,13027,2916,12497,296"
9201,9201,"8235,7024,12339,12253,4266,1779,12312,341,131,11024"
9204,9204,"6971,5545,1978,12665,13296,544,1328,6610,4277,13110"
9215,9215,"4777,10663,4929,1290,7120,6243,8567,4387,12497,1132"
9222,9222,"10607,4576,5303,9799,4277,10326,7120,6638,6971,1290"
9233,9233,"8235,1746,8018,13367,1598,4413,3950,6326,5292,454"
9235,9235,"10241,5351,1719,8707,4321,4452,3247,8235,12680,4117"
9245,9245,"789,1290,3697,7120,13309,9866,10336,9837,7817,3323"
9275,9275,"1290,2990,7120,8235,5875,7024,9550,7578,8590,8922"
9308,9308,"3870,4460,796,4414,1323,7814,6489,3799,4007,11736"
9323,9323,"550,11151,3247,6123,6674,5703,4321,11019,3992,5351"
9329,9329,"3950,1978,1478,10916,12857,2789,10913,10986,6326,6791"
9355,9355,"9454,6220,3950,3870,5386,4946,7558,7723,5495,9786"
9369,9369,"2140,4877,2291,11843,1996,4798,7439,7063,5471,2265"
9386,9386,"11520,1863,2989,11896,6015,7725,779,9730,1118,946"
9388,9388,"3950,8235,1978,5545,6220,11403,4414,4602,3870,12768"
9401,9401,"10674,4048,4152,7417,496,10201,8679,12339,2054,4024"
9418,9418,"2140,2343,10326,4117,2530,2537,5999,4162,4053,9799"
9433,9433,"7197,6971,851,331,10326,12990,8421,2140,1180,4277"
9440,9440,"8562,1426,7667,2497,5545,9410,1323,1680,8188,6198"
9446,9446,"2771,1978,9504,3428,13249,3545,4525,5999,4117,8300"
9464,9464,"5545,1978,8562,1598,11000,6925,3509,7667,1426,7087"
9477,9477,"11289,2958,3950,2990,682,6326,12232,8235,5545,5292"
9488,9488,"10607,10389,9348,11024,11719,8135,8254,10137,2989,13370"
9500,9500,"10326,785,5999,2343,4277,6141,11396,5534,8301,9693"
9502,9502,"1220,6326,782,8221,13346,3799,854,9908,11384,3317"
9507,9507,"8235,2343,8018,1746,3950,13367,5292,1598,4413,454"
9528,9528,"5545,8018,13004,6709,12029,2065,12253,12339,13367,10546"
9539,9539,"4277,12990,11384,2990,331,13211,1776,4525,8421,2380"
9566,9566,"4053,2989,4117,4576,9942,11918,3509,11969,8607,10537"
9575,9575,"4684,9817,1848,3314,9014,12447,2770,6613,10974,6580"
9583,9583,"5155,5826,10224,4889,1143,4398,941,2594,8190,598"
9589,9589,"8562,6971,10326,12680,1978,2771,331,4277,12858,3545"
9591,9591,"8421,6971,12331,4101,5303,9937,4646,6107,2199,12217"
9617,9617,"9550,4332,8235,11784,12680,7024,8205,6382,7578,12875"
9620,9620,"6646,6164,9786,6091,13380,10915,782,3317,9817,5524"
9622,9622,"4968,9504,4463,2905,1408,11357,8746,598,1864,9393"
9631,9631,"10974,1848,12978,4256,7250,6640,6541,1101,9453,47"
9655,9655,"13296,8562,5545,7558,6220,5495,4946,3870,10835,1426"
9658,9658,"5999,2789,13114,5497,7392,2567,491,2395,10473,11572"
9660,9660,"13280,1542,5168,7937,7389,5514,6973,12835,3520,5480"
9669,9669,"5135,1290,6971,7120,2286,10663,4387,8922,10326,5303"
9672,9672,"5545,13296,2771,1978,4277,5866,10835,6220,2343,1323"
9684,9684,"5103,10729,6060,6011,11757,3987,7878,1599,10974,11395"
9702,9702,"10607,9962,1244,5135,789,9837,10648,11719,4036,12254"
9705,9705,"6391,1623,2506,13335,2925,9180,5241,7447,6118,840"
9722,9722,"4877,2291,5946,165,9306,383,6878,13214,7439,12871"
9732,9732,"12458,4281,162,7047,173,390,11802,1317,6629,363"
9781,9781,"5545,7922,12887,12454,5495,6123,7667,6091,11000,8300"
9803,9803,"11357,9799,331,785,5999,2822,8421,6529,7578,3909"
9809,9809,"5105,7878,10974,9375,12988,11757,449,3883,2732,4641"
9814,9814,"11282,10138,851,4315,3770,8421,8161,10326,1180,331"
9818,9818,"10993,1788,11726,3810,13134,4012,4436,13273,9023,2228"
9820,9820,"12611,37,8746,11784,9443,11726,7063,3577,10594,13346"
9848,9848,"3950,2990,8235,6326,12232,8018,682,5545,454,1598"
9856,9856,"3950,10340,8235,8018,1746,13367,1598,4413,5292,10546"
9869,9869,"6220,8483,4602,931,321,2905,12425,12193,8235,11622"
9889,9889,"2140,12331,6220,12321,9799,5545,12680,12665,2218,8562"
9923,9923,"1180,4117,6096,12680,12857,8421,9901,10326,2506,1640"
9929,9929,"12417,3428,6391,3992,9798,1323,6442,7814,12895,11751"
9961,9961,"1244,9935,10607,9957,13309,789,11024,4036,9684,6554"
9969,9969,"6971,2291,5303,4798,10326,2140,8562,9886,9580,12680"
9974,9974,"12253,3799,9570,6091,64,11439,8183,2537,2771,2301"
9976,9976,"13127,290,9730,3222,10206,7937,5168,4281,10919,740"
9989,9989,"2789,1723,2567,11506,6769,12965,4854,8646,9182,4798"
9993,9993,"8188,4118,1323,9826,2325,8454,12417,2305,6314,5166"
10002,10002,"7325,8257,3887,8911,215,7689,5742,8540,6640,3269"
10011,10011,"2989,4028,1851,10137,4024,11024,10581,6610,5719,8635"
10016,10016,"10607,1290,6610,1244,8254,6576,10648,6734,9746,8608"
10028,10028,"7487,12928,10592,621,10712,2220,4929,4101,7948,11396"
10029,10029,"13296,1598,5545,5025,1978,4277,12404,1426,275,1328"
10033,10033,"9799,1863,6925,10389,1118,6220,6610,3870,3275,13296"
10042,10042,"10326,851,2199,1180,10778,12875,11282,1996,8421,9580"
10046,10046,"7667,1347,1661,11572,4525,12249,6151,9485,961,652"
10061,10061,"851,8421,4277,11282,11495,11843,9580,4679,6971,4646"
10071,10071,"8235,8018,1746,13367,3950,454,4413,5292,1598,10546"
10084,10084,"4637,350,10124,1937,13143,11497,652,11800,9942,2106"
10091,10091,"4482,12104,9470,7723,3317,11784,5999,4053,7392,10434"
10102,10102,"10648,789,4576,4929,4036,1244,6610,10607,6576,9746"
10104,10104,"7814,1254,10993,4453,8293,6489,8562,4007,7182,9826"
10121,10121,"789,5135,1290,10663,544,13309,6971,1400,12497,12030"
10131,10131,"13310,3112,12887,796,652,275,11326,9358,9733,349"
10134,10134,"8413,2140,12321,1746,8018,8235,13367,3950,1598,10546"
10139,10139,"11775,10581,8342,1576,10607,8714,1851,11918,9732,4216"
10144,10144,"3950,8084,7392,10913,3317,13259,5177,7462,9953,2337"
10155,10155,"1634,8922,4943,5999,2990,11396,4053,9744,4602,12680"
10168,10168,"8235,1746,8018,13367,4413,1598,454,10546,3950,8413"
10178,10178,"6610,10648,10137,10607,4024,4028,5672,11024,10389,9348"
10186,10186,"2140,13296,5545,4576,6220,7707,8590,8608,1598,8607"
10190,10190,"2140,8235,1746,8018,13367,3950,1598,4413,5292,6326"
10194,10194,"11019,2238,13025,10288,12668,9242,7667,11215,2497,2903"
10196,10196,"4118,1323,9942,2497,1254,8188,6489,9826,1937,4007"
10215,10215,"10326,8421,12680,2218,6971,7948,4865,8562,9799,10608"
10218,10218,"11417,2301,7301,8560,11240,11815,8188,9763,13376,5168"
10251,10251,"6638,12665,8562,4602,9799,2013,12249,931,9558,11289"
10252,10252,"5135,13309,6811,296,1290,6243,3697,9295,1977,11992"
10262,10262,"8981,4698,1487,5149,6166,7723,5966,7064,13228,9550"
10266,10266,"1370,2702,2989,3829,4220,1639,4890,11896,8188,9942"
10271,10271,"5545,796,3870,5386,4946,4414,3799,2497,131,3428"
10277,10277,"2140,5025,5386,12359,10288,7948,992,9340,11000,9799"
10282,10282,"6973,6626,4077,1254,12156,8188,9025,9942,10208,12417"
10286,10286,"12030,2885,1290,7120,4929,10663,6243,6776,6846,8567"
10305,10305,"13296,4679,810,1426,8562,4277,11000,10993,10063,8505"
10309,10309,"10326,10340,8235,1746,8018,13367,1598,3950,4413,10546"
10335,10335,"7120,10663,10607,10389,10648,6812,1290,1244,10581,8135"
10340,10340,"10903,4281,5480,8560,5168,3222,420,13431,13127,12995"
10375,10375,"6971,2218,7138,4576,13296,5545,6220,8922,8562,1290"
10388,10388,"7064,7723,4452,6382,2990,3506,4482,9470,1052,5351"
10397,10397,"10326,5025,4277,2499,220,5534,4798,851,11000,12359"
10402,10402,"2238,5999,3545,9504,12668,2903,5022,2038,13249,454"
10407,10407,"350,7063,7558,4838,8018,5495,9942,9264,716,12404"
10408,10408,"11286,3506,8452,9085,3064,7824,1606,7063,4648,3240"
10416,10416,"6220,8235,1746,8018,13367,1598,3950,4413,5292,454"
10448,10448,"5303,5386,5025,2380,10835,10288,2140,275,2218,2238"
10454,10454,"782,9786,682,10224,9908,6091,3950,2305,3799,3052"
10499,10499,"2140,2291,10326,5025,6515,11843,275,4277,9340,2815"
10503,10503,"12085,7078,4928,3314,769,2940,3365,5514,12835,6580"
10504,10504,"3275,11896,208,6299,12148,4807,1542,7937,10840,4271"
10508,10508,"3770,9098,4798,11282,2499,4315,9580,1668,220,5303"
10514,10514,"2899,796,2990,10785,128,2562,2958,11661,4414,7341"
10526,10526,"8054,4054,5155,8332,5027,1328,9568,10352,9453,652"
10540,10540,"4877,2291,9771,7439,9306,13214,165,12871,6878,2149"
10542,10542,"2343,5545,12694,2537,1328,1978,3428,10326,1883,9340"
10551,10551,"9800,9942,1254,8188,12417,9025,961,10785,12404,8714"
10554,10554,"10607,10389,3238,11024,1972,10137,12869,13370,6610,4890"
10555,10555,"6220,2140,8235,1746,8018,13367,3950,1598,4413,5292"
10556,10556,"1046,5471,9262,11572,2577,4798,8690,769,220,1854"
10562,10562,"10326,5819,6971,2140,8922,8590,5303,2990,4798,9799"
10575,10575,"10607,1779,10581,10648,3989,1290,1851,2957,7120,4467"
10576,10576,"10326,5303,12359,5025,10916,331,11384,1180,2815,9340"
10582,10582,"6971,2218,8590,3055,9799,12665,3275,6166,5303,4277"
10584,10584,"6971,1426,13296,10835,8562,4679,9942,5964,7558,275"
10606,10606,"12404,4679,7063,9449,4414,8562,2038,5819,12779,9942"
10611,10611,"769,1219,9750,6169,786,9645,12454,162,6110,173"
10613,10613,"10326,7142,851,331,11495,11843,7197,8421,13296,4646"
10614,10614,"5766,7933,9899,5811,1254,5579,8188,11800,5669,11662"
10623,10623,"5524,12312,8235,7024,3536,6071,7289,7261,12632,9411"
10647,10647,"83,4163,6053,10674,2957,11020,7279,12615,1851,10607"
10657,10657,"5495,3870,13346,1323,9733,11000,7558,13249,8562,393"
10670,10670,"851,5303,10326,4277,2140,6971,8421,5025,9340,8161"
10679,10679,"7120,10607,10389,11918,10581,1779,4024,9348,4036,1851"
10680,10680,"2218,5545,2380,5386,3545,7707,13296,10288,992,1426"
10699,10699,"7558,13257,1426,13296,4322,3870,796,773,10835,4277"
10715,10715,"2291,4452,7063,9449,9771,9306,1746,12184,8562,6502"
10720,10720,"11784,5999,11282,4413,4482,11540,6326,9470,5497,1996"
10735,10735,"6638,131,3870,861,5545,8562,4602,6220,12193,12680"
10742,10742,"9798,1279,6924,3509,12417,6489,782,2305,10224,13128"
10744,10744,"8421,3950,9733,10326,13310,5495,5025,1323,10561,4798"
10747,10747,"3275,11896,6000,5514,8188,10974,8257,12148,12835,208"
10769,10769,"9730,4053,4605,1972,7087,2989,4602,3222,4256,660"
10795,10795,"11520,1914,1426,2228,4012,4525,12085,7667,981,2426"
10817,10817,"1290,7471,9295,2989,3697,4576,4036,10581,10884,126"
10819,10819,"6971,2380,2140,5303,7138,5497,9799,8452,2218,11384"
10828,10828,"12404,2497,2989,9410,1254,1426,10288,4414,8562,11520"
10860,10860,"618,12417,3365,10639,7814,13112,9895,7462,1878,5098"
10868,10868,"10389,10674,11024,11918,208,7553,8490,7279,10607,3238"
10895,10895,"4798,6971,4262,275,11384,621,220,9454,12404,5303"
10900,10900,"6971,13249,10326,12359,2140,10608,6515,3241,1769,2287"
10912,10912,"3567,11546,4935,1317,1219,10739,7496,10732,6169,5504"
10934,10934,"1290,4929,1244,2916,10674,6610,10389,12373,10607,7120"
10947,10947,"2343,9799,2822,3950,8421,5199,11712,3909,11843,5532"
10950,10950,"2291,4012,13090,7093,4877,1242,9193,3769,2304,11609"
10964,10964,"5135,789,10607,9962,11143,10648,9837,5008,4036,4958"
10965,10965,"8663,11749,2113,9076,349,9469,2940,11178,6611,7241"
10968,10968,"6220,13310,5545,4946,3870,12404,5866,7558,1453,13028"
10972,10972,"2958,7303,13380,2990,12232,9836,6442,5999,6326,6646"
10975,10975,"2140,12030,1290,7120,1400,9083,6971,8922,1747,4929"
11028,11028,"5545,1978,13296,12665,3428,10063,13110,4277,10288,3275"
11030,11030,"1863,7864,1558,2957,7383,9942,11967,13104,8714,4216"
11044,11044,"961,11749,7933,5579,7301,5152,5766,7792,3967,5168"
11048,11048,"12389,7079,1478,11898,3950,13249,7717,4846,2330,1741"
11065,11065,"10607,7120,1244,1290,10326,4929,9083,5149,8981,2140"
11085,11085,"12455,11743,12254,10607,1576,9935,4216,11918,8135,83"
11088,11088,"8690,6626,8452,11635,7093,8271,3769,1242,4817,3064"
11100,11100,"2769,10674,6053,12615,9231,247,7553,3979,4689,2920"
11102,11102,"2343,2990,5545,1100,7024,2218,12944,5999,5532,7578"
11105,11105,"10326,10607,2140,4053,12680,2571,9799,5999,6971,1290"
11107,11107,"2789,2567,3071,9443,12928,5673,4101,491,9449,2199"
11109,11109,"1863,7792,779,2327,207,10777,13436,10429,7892,3870"
11120,11120,"1290,5135,7120,9730,10607,4576,4036,10581,5142,11024"
11121,11121,"2789,2567,9449,796,9729,4602,6091,11910,11784,10835"
11133,11133,"12454,7922,2065,682,12232,128,9917,9025,10451,12029"
11149,11149,"2789,3950,2567,220,11751,5700,454,11540,9449,5731"
11152,11152,"10607,7120,1290,4036,11117,9348,10581,1891,5318,1779"
11160,11160,"6091,4602,3509,4637,12417,11661,7922,1049,10537,10224"
11163,11163,"5022,7087,4859,660,5545,8188,12249,3509,10288,9410"
11168,11168,"6630,9771,2291,10124,4035,9306,6502,1912,2065,7063"
11193,11193,"11286,9454,8452,3064,13094,1769,4117,8707,4877,10506"
11200,11200,"1598,350,1978,1328,3428,12898,1163,12191,4602,64"
11210,11210,"1290,5303,4387,4929,8567,12030,6971,12184,2885,4286"
11215,11215,"12085,7667,9807,7653,8300,7922,12796,6198,4604,8557"
11219,11219,"2769,5480,10685,13431,12316,9854,7679,12615,8092,6201"
11243,11243,"598,1020,12299,7653,12566,6613,8190,8300,1262,4398"
11253,11253,"6553,12373,2957,12903,3697,12096,4467,10674,10581,12372"
11261,11261,"13296,1328,3275,10972,12668,7136,544,11056,6307,7628"
11280,11280,"10326,10835,2343,4388,5999,2537,8274,4266,5532,9693"
11285,11285,"1863,9348,5142,4036,131,10607,6283,11024,7937,11923"
11309,11309,"5251,9262,2537,3143,9693,1978,1328,11614,997,652"
11312,11312,"5999,12668,9901,5545,2343,2537,1017,1100,4388,2287"
11314,11314,"7558,331,7197,12990,9257,716,2158,350,7063,238"
11325,11325,"10729,7739,11757,4641,4713,11660,5760,5105,5103,12949"
11327,11327,"10802,1983,8981,5149,12704,13436,6893,3852,7444,1669"
11359,11359,"10340,8235,1746,8018,3950,13367,1598,4413,454,8562"
11366,11366,"769,12226,4216,9025,10658,12204,10034,5197,786,12242"
11368,11368,"789,9962,5135,1290,7120,4929,1977,10336,13309,3697"
11371,11371,"11555,9025,2436,9917,6060,11019,12226,6640,4940,8188"
11376,11376,"2990,9287,2218,1135,7948,7383,4213,4266,11488,5386"
11377,11377,"1634,10778,10326,8421,1776,331,2395,1180,13114,11282"
11383,11383,"9942,6973,10034,12404,8188,11555,10914,11520,9025,1091"
11416,11416,"6402,8540,3698,11395,4256,711,10974,3883,9817,7878"
11444,11444,"2228,11520,618,3402,12085,1254,2497,8188,9942,1788"
11445,11445,"4684,4256,1328,9453,10105,7878,2770,5027,8925,12988"
11448,11448,"4277,3525,2537,9693,5179,5782,8608,2029,6834,997"
11469,11469,"5999,10326,1100,9504,3950,1957,9799,1996,2140,8421"
11487,11487,"5545,7652,6220,4602,1323,9826,1598,5861,7020,13004"
11492,11492,"13296,4117,9799,4053,5999,10835,12680,8562,2238,10529"
11503,11503,"7120,1290,10663,6971,4929,8922,13101,220,5303,12030"
11504,11504,"4798,1007,2127,9262,11518,5497,6490,10581,7355,1017"
11515,11515,"10993,7933,1254,6314,1426,9620,8188,4012,3799,2497"
11547,11547,"9799,2220,4101,4117,11357,785,2571,4459,2494,11712"
11552,11552,"11726,11878,652,11800,11951,8557,1788,10537,961,64"
11567,11567,"782,1328,3781,9908,1598,13028,9826,8092,1978,2537"
11581,11581,"8922,10326,10778,5303,6971,2140,12680,8562,4798,6220"
11589,11589,"5135,789,1290,13309,7120,3697,10607,9962,11719,4036"
11591,11591,"10326,4277,997,5280,3525,2029,11396,6123,3950,12793"
11595,11595,"4387,1290,4083,13101,6660,7120,10663,9405,3697,6846"
11604,11604,"9799,2380,11993,6971,8421,2140,9982,4277,1400,12331"
11608,11608,"11357,1864,2571,8430,3992,1957,5351,785,6382,13162"
11627,11627,"12665,9799,5545,8562,12321,6638,2218,2380,6220,1978"
11646,11646,"6220,10835,13296,5545,4946,8562,3870,7707,796,1863"
11647,11647,"8562,5545,13296,3950,3340,4602,3870,1598,331,9729"
11675,11675,"1598,8562,2140,8235,1746,8018,13367,3950,5292,4413"
11676,11676,"1598,2990,5545,8235,8562,10326,2140,3950,5292,8018"
11696,11696,"13214,2291,5946,383,9771,12871,4877,165,7439,2065"
11700,11700,"1290,3737,5135,7120,7856,10963,10607,4286,4929,789"
11722,11722,"789,4036,12455,10607,11719,1244,6812,9684,12254,3539"
11754,11754,"13322,10891,9942,9826,4118,3428,4388,5545,544,4414"
11757,11757,"2218,8922,5303,9886,7383,12680,10326,8562,2990,12944"
11767,11767,"4985,11019,598,935,9138,384,11131,11900,10221,10087"
11773,11773,"2218,6971,13296,5545,6220,4414,9799,7707,10835,9410"
11777,11777,"8235,1746,8018,13367,1598,4413,454,8413,3950,10546"
11778,11778,"6896,5152,4216,12204,1851,786,4281,4619,173,10919"
11788,11788,"10607,11024,1576,8714,4890,10389,1098,12869,10137,9348"
11790,11790,"7120,1290,6971,4929,3697,5303,10663,4877,11384,12359"
11811,11811,"1290,4929,7120,10663,789,12497,9962,13309,5135,8567"
11837,11837,"6053,12096,11918,9705,7937,10674,7553,3238,7279,12615"
11859,11859,"6220,2218,8333,4266,8235,11403,10835,7723,3950,3870"
11865,11865,"5545,13296,3870,6220,131,2218,12253,8562,6925,2380"
11867,11867,"11910,4633,8413,12566,11622,4425,8681,5177,9845,1024"
11871,11871,"6971,5135,789,10663,10607,4576,1290,10389,7120,8590"
11879,11879,"4576,10648,7120,789,9962,296,1244,10607,6610,6576"
11880,11880,"9453,1916,5155,1328,8332,8054,3358,4993,3314,12152"
11908,11908,"6515,7063,9771,9306,8452,4877,9865,5819,13214,2149"
11912,11912,"13114,12104,4482,9550,4648,10637,3506,9470,6040,7064"
11925,11925,"2158,2140,3950,1432,8018,8235,2506,3340,1328,10431"
11933,11933,"4576,11896,10389,2989,11024,3998,6610,5969,6812,11918"
11945,11945,"1863,779,13377,5976,10429,7892,12265,2327,9748,10090"
11948,11948,"4413,3950,11751,9729,5673,5700,3340,11795,11540,454"
11952,11952,"8421,4798,9580,10326,331,10916,851,2140,4277,1180"
11957,11957,"13296,4946,275,4838,1746,6220,3870,13004,9733,1316"
11959,11959,"6646,5524,12668,7303,13380,782,3545,6402,5545,8638"
11967,11967,"782,10690,10224,2064,11328,11800,9908,2305,4602,8156"
11969,11969,"12909,12438,1576,1779,5168,11938,10206,8714,1079,6973"
11970,11970,"11520,11000,992,12404,2076,1426,4525,8188,5545,3275"
11975,11975,"5669,8188,1669,10537,11439,12641,7725,13376,11815,2206"
11995,11995,"13296,11024,9356,4563,2343,7707,6925,10607,11056,12163"
12002,12002,"4216,10581,2957,1851,1558,4163,11117,11486,5759,83"
12022,12022,"11918,2957,83,10389,4163,10137,11024,11298,11020,10607"
12032,12032,"7325,4935,10739,4609,12735,4159,6169,12508,7496,989"
12036,12036,"9799,8922,13309,12030,7120,1400,1747,5303,4101,1290"
12066,12066,"7667,11951,7484,13143,2645,4012,5495,12775,8188,12299"
12077,12077,"1977,10581,13101,6243,10663,4929,7120,1132,1290,2916"
12078,12078,"4525,4453,4025,6128,13328,4765,992,10980,7867,4118"
12084,12084,"13296,9072,2380,6971,9799,2218,6166,12331,2140,5303"
12089,12089,"9786,7079,3799,5402,4669,1878,3317,782,8681,5022"
12106,12106,"9449,5545,11951,8562,4602,3870,796,1598,6925,5485"
12107,12107,"454,3950,9580,8235,8018,6326,5292,2958,6515,11289"
12111,12111,"9449,6091,796,1788,11726,4637,9023,121,3950,11572"
12131,12131,"6971,2140,5303,4679,331,10326,12359,1996,12990,4525"
12139,12139,"3950,2395,5999,11396,7425,13114,11712,5532,10326,4053"
12141,12141,"5875,453,2112,12665,10860,10429,1498,779,6638,7707"
12144,12144,"5135,9866,10648,13309,1241,11298,1290,3323,10607,1244"
12150,12150,"9799,8421,2380,4413,6220,5303,13296,11540,2822,1100"
12151,12151,"4277,1290,5303,12990,6610,9799,6971,8421,10063,6220"
12162,12162,"4053,4117,11396,1408,11357,2337,4947,2571,6395,12793"
12170,12170,"8575,851,2291,1912,8161,4911,860,12875,2958,1180"
12182,12182,"6220,8922,5999,4576,1290,7120,10326,4266,8590,2218"
12185,12185,"4054,7708,6509,2925,3428,3257,6286,6089,121,4117"
12191,12191,"3950,6091,7652,3810,11800,9786,5495,5977,1530,1746"
12197,12197,"3525,997,4459,785,5999,5179,7578,12464,11712,2343"
12204,12204,"9970,8293,8447,11800,7653,4070,6195,1004,1254,4077"
12229,12229,"10326,3525,2343,8608,5545,2537,4388,13296,997,9693"
12231,12231,"10607,5135,1290,789,4576,7120,11024,13309,9962,1244"
12234,12234,"7725,5669,933,8188,779,660,9570,3509,1863,10537"
12238,12238,"10326,8590,6971,10835,13296,5025,275,2218,2140,3870"
12242,12242,"7933,598,5881,961,2676,7667,1254,3365,7653,6238"
12260,12260,"10204,10690,12232,5196,9953,6646,7814,682,4848,9692"
12262,12262,"4117,2822,5999,11712,2903,7948,13296,13249,7707,9504"
12281,12281,"6971,8575,7063,2140,6515,851,2158,8421,11993,12990"
12289,12289,"5999,3525,2029,5179,997,9693,6834,2537,5280,1244"
12306,12306,"4798,13310,1978,9262,11910,220,9733,11326,3112,3499"
12326,12326,"2140,7824,11286,3506,10506,1872,8022,7777,6878,3064"
12337,12337,"3950,8562,4117,3870,2218,10835,6220,4798,4053,7138"
12355,12355,"8421,6971,4646,3275,4277,11495,9072,4679,13296,4117"
12371,12371,"11289,3950,2990,5545,8562,1746,6326,10546,13367,1598"
12372,12372,"1326,4602,10224,131,7708,2943,2064,12495,11800,6911"
12373,12373,"6630,6091,11396,1634,12793,12856,4943,2335,12680,6326"
12390,12390,"7120,4929,6243,10663,12497,8567,2916,789,10712,296"
12405,12405,"7707,10132,5545,5866,8607,4388,217,3799,8454,4890"
12407,12407,"7637,8703,583,12704,6900,5149,3363,1863,9083,5631"
12408,12408,"933,2645,10537,12775,2501,8188,660,3509,9570,11951"
12419,12419,"6150,1636,2123,8257,6169,2251,10283,8911,7575,4609"
12423,12423,"9449,2567,3340,931,2789,4413,454,11572,8235,1286"
12426,12426,"11024,992,10389,10674,8714,11969,11918,1290,7120,8590"
12452,12452,"6150,8257,3887,8750,3563,4029,6640,2695,3635,6169"
12480,12480,"9971,10389,10607,4024,4028,11918,11024,6610,12373,8714"
12530,12530,"7064,8981,5342,13114,5149,7344,4452,10473,10094,12704"
12546,12546,"8981,5342,4205,5149,12704,9954,7637,7064,10094,4698"
12556,12556,"4576,10607,1290,7120,6610,10389,2989,10674,8254,13370"
12573,12573,"5545,13296,8562,9799,7491,5485,12404,2218,6220,3870"
12592,12592,"5999,3525,2537,997,5782,9693,5179,1978,8301,10326"
12596,12596,"12857,3950,7867,8421,4162,7717,12793,6141,5783,12302"
12599,12599,"208,9348,5672,10607,11024,11298,4024,4036,1851,1863"
12615,12615,"7922,12454,10658,7389,6896,9917,9025,7047,7667,7078"
12618,12618,"8235,1746,8018,13367,1598,3950,4413,454,10546,6326"
12624,12624,"11282,11572,8562,331,5413,7835,2905,9226,11000,13346"
12638,12638,"2218,13296,5545,796,2990,3950,8562,6091,3870,11396"
12641,12641,"6971,5303,11357,785,2571,4459,9799,2822,11712,13058"
12644,12644,"716,12152,1254,8188,9942,8505,1426,350,9826,4118"
12649,12649,"1290,7120,2140,5303,9083,8703,5149,12030,6166,4698"
12654,12654,"4413,8235,1746,8018,3950,1598,13367,454,5292,10546"
12658,12658,"10326,11396,12359,4692,2537,5534,9489,2990,7197,217"
12659,12659,"7120,4929,10663,1244,12497,789,6243,10607,2916,8567"
12666,12666,"2140,8421,10326,13296,9799,5999,11396,10835,4277,3950"
12669,12669,"11572,12359,4436,11000,5038,13249,5534,11384,12496,4243"
12674,12674,"9799,4277,10389,12665,6610,1453,13310,11024,992,11969"
12688,12688,"5292,7024,2140,8235,1746,13367,8018,4413,454,1598"
12694,12694,"5532,9557,8590,2218,5545,10389,2343,4388,6166,5866"
12709,12709,"9807,782,6788,5763,2537,2411,13249,12779,5534,984"
12712,12712,"8235,5875,11772,7024,9411,64,6391,12253,3992,2112"
12722,12722,"5978,12342,6183,10402,12454,11113,796,10548,3365,8019"
12728,12728,"1598,3950,5545,8235,11289,2990,8018,6326,5292,7900"
12732,12732,"3950,6326,5875,8235,782,7024,9908,11886,12632,4266"
12736,12736,"9473,12295,11635,1723,6626,9901,649,12378,9968,4566"
12738,12738,"9799,10326,2343,2537,5025,4388,4277,8590,10389,8608"
12741,12741,"782,3799,9908,1273,8505,4077,9807,12152,4305,1254"
12756,12756,"37,4339,2108,10690,5351,7653,8300,1719,7667,966"
12764,12764,"4277,12404,5545,6168,1426,8562,8714,275,10288,4414"
12768,12768,"275,6971,2218,5545,13296,4277,12404,6610,544,6220"
12773,12773,"10326,5999,8562,331,3770,4315,1634,4266,2571,11282"
12789,12789,"3526,10257,1623,5196,9380,9014,2172,1525,2861,7835"
12790,12790,"8590,5999,10326,2140,5497,7138,4798,2218,2380,5303"
12801,12801,"1634,4413,4798,10326,11282,3950,3340,9580,8562,12990"
12804,12804,"4216,4163,2957,420,3722,1558,5738,12832,5224,6299"
12833,12833,"782,4118,1254,4117,8483,3870,8293,6925,10993,6489"
12846,12846,"3035,12611,9504,9449,1408,2567,331,3340,2199,1996"
12855,12855,"10326,5999,4277,331,11572,4798,1788,11282,11726,8562"
12860,12860,"8235,1746,8018,13367,4413,1598,3950,454,10546,5292"
12874,12874,"4798,10326,8608,275,8590,6971,2990,5303,2218,4277"
12875,12875,"12611,4117,9504,2905,3035,773,11357,5999,5060,2822"
12877,12877,"6402,2771,4256,12024,11834,6091,64,4602,9040,7763"
12883,12883,"6971,9799,2380,4177,5303,2220,4101,7474,10241,2905"
12890,12890,"8703,10332,9954,5631,13228,7637,12996,5149,6938,7344"
12919,12919,"2957,4163,4216,83,3722,1851,13280,740,3721,5168"
12927,12927,"5766,8532,9785,7301,12289,7670,6355,3034,131,5580"
12955,12955,"2218,5545,2343,10835,2537,13296,7707,5532,5866,5999"
12956,12956,"3091,9550,6040,4482,6648,5549,9470,1763,11077,7064"
12958,12958,"7439,2291,9771,5946,7063,11609,9306,5747,2602,10246"
12965,12965,"10326,2140,997,4915,1957,2537,11396,6123,2343,7707"
12970,12970,"5545,1254,4414,1426,2497,8562,9410,3509,1937,4602"
12996,12996,"9962,1290,1244,331,9799,13296,10326,2140,13309,6971"
13000,13000,"11784,5545,8562,3950,6091,3870,4414,9786,2990,3317"
13017,13017,"5135,544,4028,10607,4024,6610,5672,11024,10389,10648"
13019,13019,"6515,11888,12779,9182,7986,1769,649,12154,11416,11683"
13021,13021,"796,6489,9620,3139,10718,434,8253,6606,4414,2006"
13022,13022,"13310,12887,6640,52,12641,11772,10087,10034,8092,6956"
13063,13063,"2218,1863,13296,1983,779,5976,4576,13377,6220,7707"
13075,13075,"2291,4877,8402,5946,165,7439,9306,9771,10462,2140"
13076,13076,"5381,3275,4976,7182,1328,12191,1978,4199,4679,5775"
13101,13101,"5199,4117,2822,11843,3770,6141,8421,773,10326,12793"
13105,13105,"10674,83,4163,2957,1558,11020,4688,1576,8650,4216"
13115,13115,"796,3839,13310,8681,4414,773,4305,9798,7867,5471"
13117,13117,"997,5280,2537,6123,2343,5703,10607,6834,9570,9693"
13121,13121,"13114,2789,10473,2567,11572,8472,5999,491,5497,9443"
13123,13123,"5179,6834,2343,2537,9799,5782,3525,8608,12858,2029"
13125,13125,"6166,6395,4101,13114,3515,1662,8243,1378,6900,1957"
13147,13147,"10326,5199,217,7142,331,11495,7197,1328,13296,8421"
13151,13151,"2771,9901,1978,3545,3950,13249,13346,11000,8300,8483"
13153,13153,"10916,851,331,4525,11843,9489,10326,4025,7197,4277"
13176,13176,"12321,1746,8235,8018,13367,3950,1598,10546,8562,5292"
13180,13180,"10224,1254,1323,3799,1049,4602,2559,11800,64,2305"
13192,13192,"2140,3950,8235,11289,7900,6326,5700,11871,5545,1598"
13194,13194,"6220,4602,1326,10240,1062,12193,4637,7579,7966,11403"
13195,13195,"11590,4054,7652,652,7900,1328,4219,10078,6305,8018"
13198,13198,"2380,5025,7986,6751,8301,9968,2343,9473,9877,9901"
13231,13231,"12232,9449,10124,10196,8819,4525,618,11508,682,1813"
13234,13234,"1244,10607,7120,4576,1290,9348,5135,5142,13309,9837"
13240,13240,"13309,4929,4277,7120,12611,9799,3035,4117,4053,11357"
13273,13273,"13296,8235,9799,4413,6925,2140,8205,454,6982,2199"
13276,13276,"2789,4798,7392,220,6326,5999,2567,10916,1478,11540"
13283,13283,"8161,6128,8421,331,1180,11282,1912,7833,10326,1776"
13297,13297,"6515,9901,1978,13302,12417,9895,3428,12887,3992,11154"
13301,13301,"4452,7078,769,6849,8707,12249,7667,76,5225,10658"
13303,13303,"6613,3509,8300,12249,2228,1254,9895,8188,1574,7087"
13321,13321,"1290,10607,5142,5135,4036,12254,7856,10963,9405,5075"
13330,13330,"1290,7120,10608,13309,5135,11363,6971,4664,8302,789"
13338,13338,"12615,83,4163,4216,3722,9874,4973,9685,10225,2957"
13380,13380,"383,2065,9306,12966,2264,10899,7341,4827,3089,8271"
13389,13389,"131,11117,8302,4036,290,6283,7937,11024,9348,1851"
13390,13390,"6220,7723,13381,2789,3071,836,12788,10835,3888,4947"
13391,13391,"12990,5292,4436,6902,3000,13367,2108,5307,3622,5858"
13401,13401,"2140,11843,7867,851,12733,13249,5025,9262,2004,6626"
13403,13403,"1290,8235,2990,2530,12704,9550,8922,5875,3515,11784"
13407,13407,"12030,9799,1400,6971,1290,6610,4277,4777,13309,12497"
13413,13413,"7383,4951,5337,12966,6626,9306,2065,3089,10899,10785"
13414,13414,"1851,7047,6896,4024,10919,13426,4216,11024,8635,12458"
13446,13446,"1912,4315,10326,1180,6589,2140,7578,6280,2882,8520"
13472,13472,"4028,4277,10674,8714,8590,4929,331,717,837,9732"
13488,13488,"8019,4452,796,11396,4482,9983,2990,3159,12104,11006"
13502,13502,"10607,11024,9935,7279,969,11060,11743,5759,11918,8475"
13507,13507,"2140,1290,5303,5545,2990,3950,1583,8562,1598,6326"
13512,13512,"3987,4641,10660,8540,215,1599,11757,11395,10974,7878"
13543,13543,"4277,3770,2989,9908,1323,4025,8454,393,4118,837"
13572,13572,"2140,11508,851,8421,331,6128,12858,5025,9340,1912"
13595,13595,"13436,131,7444,11006,6040,207,1863,12660,9983,13265"
13599,13599,"9786,5053,782,8746,4339,11178,7079,10915,10224,12641"
13608,13608,"2140,1912,2158,1883,4321,1180,1996,4438,12636,4575"
13609,13609,"13342,9408,3733,10257,840,8115,134,12824,7621,1916"
13630,13630,"2567,931,8922,4414,5545,6220,1978,8562,9449,4266"
13635,13635,"4277,12359,5025,2287,275,4525,992,6490,1769,3628"
13645,13645,"4798,2567,2789,3950,796,454,931,3340,6091,1286"
13673,13673,"4012,1669,1273,933,8505,3012,773,10087,5402,8188"
13683,13683,"3275,12404,7986,9799,2380,12665,1453,7079,1118,6638"
13702,13702,"2218,6166,4413,8922,9454,6982,7723,11326,11540,9358"
13716,13716,"1978,2380,8562,8590,1598,6971,6220,12026,8922,12665"
13724,13724,"5303,11384,10326,1747,6971,9799,12359,2218,7487,2140"
13746,13746,"12404,9454,7558,7063,11609,5495,7093,8413,13090,1210"
13752,13752,"6971,5545,12680,2218,6220,9799,8562,3870,13296,5999"
13756,13756,"5135,9405,12030,4929,1132,10663,4083,6243,13309,4387"
13763,13763,"1290,789,7120,10607,296,2916,10663,6243,4929,4576"
13774,13774,"10835,796,5545,13296,3870,4946,6220,5386,2218,8562"
13776,13776,"789,10607,11143,3539,9962,10963,4036,8475,7856,11299"
13786,13786,"789,5135,10607,9962,4664,6960,10147,83,12762,9671"
13788,13788,"8257,5901,2940,8750,6640,2123,6169,7325,1636,4609"
13791,13791,"9799,5835,1100,6166,2380,8235,6971,12331,4499,9937"
13810,13810,"2989,10840,4036,1863,7937,9730,4576,131,11117,9960"
13811,13811,"2380,8922,9799,10326,10835,2140,2218,13296,6971,8562"
13820,13820,"6283,6554,4576,4036,295,9730,10607,9571,7020,3487"
13826,13826,"4623,12204,4281,10732,1045,11520,9271,961,670,3689"
13840,13840,"3950,12232,8018,682,6326,7900,2158,1598,12029,6123"
13841,13841,"8235,1746,8018,13367,1598,4413,454,6326,3950,5292"
13852,13852,"9179,11520,9942,8188,10919,12348,8714,7047,10914,2325"
13858,13858,"2199,5149,7637,1957,7064,4698,3515,5549,2020,13228"
13865,13865,"5027,1328,6060,5155,652,2975,11590,12898,11461,12191"
13871,13871,"6971,12404,8562,5022,2158,13257,1996,2140,12680,7063"
13877,13877,"4413,2140,1746,8018,8235,13367,3950,5292,1598,8562"
13905,13905,"2140,10326,851,8421,8161,5476,10916,5025,6515,13257"
13924,13924,"789,5135,10607,10648,10644,9962,7817,11719,4973,1241"
13929,13929,"2158,6354,10124,6515,1180,10326,11508,4525,5280,13249"
13935,13935,"5545,13296,3870,8562,6151,10993,4277,12404,6513,9846"
13952,13952,"4028,8714,9732,11918,10581,2957,1558,4286,4277,4216"
13953,13953,"10389,10607,8714,11024,4024,1779,4028,6610,11918,544"
13962,13962,"11572,4623,1788,7667,11726,6354,8557,3402,11520,2228"
13965,13965,"769,7922,7078,9014,2599,618,3314,6402,6613,12085"
13966,13966,"64,12887,2771,6091,10915,4602,7922,5495,769,9786"
13974,13974,"8650,10674,10389,2957,4664,9746,4163,11918,1558,1851"
13982,13982,"10607,4576,1290,10389,11992,11024,9730,8475,1863,10648"
13983,13983,"4117,11357,2571,785,5999,4459,11712,2822,12680,11289"
13987,13987,"8562,10916,8161,851,11000,331,2158,2140,11572,4277"
13988,13988,"4281,13418,8560,3962,11743,11249,2342,12617,2940,644"
13991,13991,"331,13296,10835,4277,13346,10326,11993,11000,5545,10916"
13995,13995,"6060,6425,12458,7047,5027,6016,5760,10974,9274,9375"
13998,13998,"12668,8638,2537,11624,1045,6123,8450,997,7667,11000"
14021,14021,"1863,9570,10607,7707,13296,2343,11024,2213,2537,11396"
14028,14028,"3950,5545,2990,8562,1598,6326,13367,8018,2158,10546"
14042,14042,"10034,9025,12454,6168,10413,961,12417,6973,7389,11520"
14049,14049,"8703,8235,3122,12663,9564,5149,5976,589,5549,6893"
14060,14060,"2013,5545,9799,1978,9729,5199,10835,13296,3870,2380"
14061,14061,"5999,1776,4623,11396,8019,6395,12359,4277,12858,2395"
14067,14067,"5875,8235,3950,5524,5545,2990,11289,1746,7024,6326"
14079,14079,"1290,13309,6971,3670,6610,10529,9072,10063,2287,4266"
14089,14089,"3950,8018,6326,12232,682,5292,2958,6515,1598,2158"
14097,14097,"5303,11843,6971,12990,13296,6220,4277,860,9455,4679"
14105,14105,"7047,12458,10919,4281,10974,3222,2957,9730,1101,9482"
14147,14147,"13296,7707,4576,11024,10288,1863,11969,9570,11918,5545"
14155,14155,"7652,5177,9826,9908,8454,3799,9426,7792,77,4765"
14168,14168,"5999,8421,10326,13114,2395,11284,11396,997,7425,10473"
14170,14170,"6220,8235,1746,8018,13367,3950,4413,1598,10546,5292"
14173,14173,"10607,4576,4028,2989,9732,9348,8714,9730,10581,7020"
14174,14174,"1254,4077,10446,8051,12085,9846,716,7515,9942,350"
14196,14196,"1254,2497,9942,10993,8293,8188,6489,4118,11800,810"
14197,14197,"2140,6515,2158,9504,1912,2291,10792,10326,10608,4438"
14202,14202,"5168,1851,13418,4216,3722,7864,4163,7404,12995,5152"
14204,14204,"2065,383,7383,9306,8271,7715,3064,3506,5436,10899"
14215,14215,"11520,5545,1863,8188,4946,9942,1426,10990,3870,6314"
14242,14242,"782,10661,6220,3950,13346,8483,3509,3870,2411,5495"
14244,14244,"5545,1426,4277,4679,8562,11000,12668,3428,13296,4416"
14249,14249,"6610,8254,11992,2784,12030,7120,1290,10429,7471,9567"
14250,14250,"7383,9306,8271,8452,5819,10899,6626,383,7715,7063"
14256,14256,"8452,11288,4315,8421,6515,5091,8575,8083,1408,10594"
14258,14258,"1576,4028,10607,4024,8714,11918,10581,9732,10997,10389"
14280,14280,"2990,4452,5999,5497,4321,8707,2537,3247,7487,11396"
14318,14318,"5545,3950,1598,12029,350,13004,12606,2645,11289,1432"
14325,14325,"1328,8092,4684,10105,11590,2085,12191,9817,7878,2338"
14328,14328,"4413,6220,8235,1746,8018,13367,3950,5292,1598,454"
14329,14329,"11572,7667,652,4525,9014,12454,4436,6513,11726,2158"
14344,14344,"7383,12404,5819,220,9901,1017,11751,12779,9942,12309"
14366,14366,"13101,1290,7120,4929,10663,11088,11651,7955,10202,10963"
14421,14421,"4281,2940,10732,12226,4609,8257,4216,7047,2893,10974"
14430,14430,"5545,6220,2380,8562,13296,5866,9733,1598,10835,2218"
14435,14435,"4798,10326,3950,2567,2789,4915,3340,9449,10340,13381"
14472,14472,"6220,13296,4117,4414,2903,2822,4679,10529,2497,13218"
14501,14501,"8188,7725,9609,11417,8560,7937,7933,10311,4281,5514"
14509,14509,"12779,9901,13249,519,6326,3950,8562,4798,6515,4117"
14516,14516,"5545,3799,1742,4946,2771,64,1323,6220,393,3870"
14521,14521,"1598,5999,1100,8922,1978,5545,13296,4414,2822,10326"
14553,14553,"7725,779,11675,7937,1863,684,207,12265,11674,11230"
14561,14561,"7792,5669,1370,453,9910,12205,9620,7467,8028,10802"
14562,14562,"13296,1290,9449,5545,6971,10326,6220,8562,4277,4414"
14567,14567,"966,1746,4623,11726,2228,7063,3112,238,8189,6513"
14575,14575,"5135,789,10644,10607,12253,997,10326,6834,9693,2343"
14581,14581,"5545,2343,8608,6964,8274,5999,3909,2537,1100,9799"
14627,14627,"1290,4929,8235,8302,10326,6971,13296,9799,12030,7120"
14634,14634,"6220,5545,10431,11800,3870,350,4946,1937,1908,7652"
14651,14651,"12680,8707,11357,11282,12331,5999,4321,9799,4679,2789"
14659,14659,"4117,4053,1323,9942,9195,796,12417,13310,8333,5964"
14670,14670,"9072,2158,12359,10326,11000,12779,2140,6788,9340,1912"
14684,14684,"11282,851,11843,4277,331,4798,10326,8421,10916,275"
14691,14691,"11568,2899,10122,12335,5606,7383,3064,7467,6332,11295"
14695,14695,"9942,6168,5766,5007,2823,7933,10122,8980,7467,5669"
14705,14705,"1328,2172,7578,9340,5147,1883,3428,2158,4054,6515"
14711,14711,"12722,618,6849,2181,9046,10293,3527,10236,2077,6630"
14723,14723,"9449,4798,11282,10326,6971,9580,2789,851,4525,8922"
14739,14739,"4413,1746,8235,8018,13367,1598,454,5292,8562,3950"
14740,14740,"5303,2291,851,1912,2140,8421,8161,9668,4315,2264"
14743,14743,"6220,10835,10326,13296,2771,4277,11969,11572,217,646"
14747,14747,"2958,12310,6442,9750,840,66,8483,8156,9901,2606"
14748,14748,"2789,2567,9449,11751,4602,6489,454,5545,2497,4007"
14764,14764,"9942,1007,1323,7383,10914,3840,13306,12417,5866,6287"
14771,14771,"2633,2065,37,769,13294,8300,4623,2108,4838,7063"
14780,14780,"4679,8421,12404,7835,11455,6128,7197,9234,4974,761"
14784,14784,"11289,12668,1681,1328,10591,13014,12099,3545,5147,11644"
14785,14785,"769,7922,11038,9917,10034,4281,10732,9025,12204,6896"
14798,14798,"5292,6220,8235,1746,8018,13367,3950,1598,4413,454"
14801,14801,"2989,9730,1323,3222,11951,8607,290,4602,8714,5866"
14803,14803,"350,6128,11320,13310,8421,2989,4798,837,851,7197"
14821,14821,"12990,7128,4865,12359,7197,2158,4525,4623,4277,9455"
14832,14832,"9962,789,10607,1290,4929,10663,2916,7120,13309,10644"
14833,14833,"10326,2989,6834,9693,4277,2343,9348,10607,12858,12253"
14853,14853,"2140,10916,6971,2218,5025,6166,4798,1100,4277,9799"
14854,14854,"8707,13072,6164,782,4053,9807,4117,5621,7253,4321"
14856,14856,"3428,6489,1254,4118,2497,5545,3509,12768,4007,1323"
14858,14858,"9025,8188,1323,2305,11038,7383,12152,4077,9942,6626"
14864,14864,"9085,4877,5946,8402,8041,2291,1058,165,11286,2149"
14867,14867,"10389,10607,9732,9730,1576,7864,11024,8589,11918,11020"
14880,14880,"13431,208,640,5480,10919,3487,13280,11024,12339,10206"
14890,14890,"8235,1746,8018,13367,1598,4413,454,10546,3950,8413"
14892,14892,"11282,9693,10326,11572,4277,9730,11969,11000,4605,969"
14899,14899,"10389,10607,11024,7279,11918,10674,588,8721,8135,83"
14904,14904,"8188,290,10537,341,2301,9942,7725,11024,6973,1323"
14906,14906,"9732,2989,10137,7864,9348,9730,1851,10674,4036,4576"
14909,14909,"11162,9209,6640,8723,4641,6487,6060,10732,10974,2695"
14929,14929,"2990,3950,8235,5545,6326,11289,1598,11784,454,11540"
14931,14931,"5976,131,11403,7467,1863,6893,5927,1983,6168,3122"
14938,14938,"5545,1863,8562,10835,7667,13296,3870,9942,7491,2218"
14955,14955,"7197,7835,9710,652,7653,981,10661,3314,8156,10446"
14961,14961,"8413,8235,8018,1746,13367,3950,5292,4413,10546,1598"
14969,14969,"10607,5135,11298,10336,4664,83,10648,11024,8475,4688"
14970,14970,"6515,5303,8590,3950,5545,10326,6326,2140,2990,7900"
14977,14977,"2238,10288,11024,2218,13310,3992,12680,10608,3056,7707"
14991,14991,"5999,10326,12680,9799,2140,12779,1100,10608,2789,491"
14993,14993,"8452,11019,328,7504,4877,12378,11635,3089,12156,11772"
15009,15009,"2220,4277,811,331,4974,5166,12385,468,11495,717"
15014,15014,"4576,8714,9730,2989,10137,10389,9348,10581,11918,10607"
15028,15028,"7120,6243,13101,12497,4929,10663,5135,789,13309,3697"
15029,15029,"8562,10326,4623,2990,11396,4525,2158,11572,1788,4277"
15030,15030,"5495,1598,9786,1978,8333,7087,7207,12887,13310,6220"
15033,15033,"10326,11572,13257,7462,4025,11282,8562,11726,837,6642"
15052,15052,"6971,4865,12990,851,6128,4525,11495,7197,8421,717"
15062,15062,"2140,7578,10326,11540,3950,8590,1747,4798,8421,5303"
15074,15074,"2238,12668,12779,7667,1158,8638,11424,9901,3428,992"
15081,15081,"782,8562,13296,10835,4277,4053,13346,5545,11000,1328"
15082,15082,"2436,6640,12226,4641,10732,2893,4029,2695,1636,10974"
15097,15097,"4117,2265,7558,8333,4877,2518,10241,4012,13381,6220"
15098,15098,"331,9799,6971,2380,5303,6166,8421,647,1400,4798"
15107,15107,"789,9405,2885,12497,5135,9646,1290,9962,10663,6243"
15113,15113,"12665,10916,331,6515,12990,5025,1978,4277,2140,10326"
15120,15120,"6971,5025,9799,12665,1978,12680,3275,2380,11502,8421"
15121,15121,"10326,12857,2140,851,11282,8421,4798,9580,4315,5025"
15122,15122,"6971,6220,5303,4277,13296,4414,8562,7138,2218,10778"
15141,15141,"6060,12226,6425,10974,2975,6640,87,9025,8188,11162"
15143,15143,"9799,6166,5976,1863,3122,9564,10429,13377,1983,13436"
15148,15148,"598,11666,7653,981,5775,4012,8190,12085,9138,1020"
15164,15164,"2771,3428,8505,5545,12635,782,3317,7707,9908,4946"
15165,15165,"10389,10607,11918,10674,1779,10137,11024,544,2218,4576"
15175,15175,"2140,13257,11384,6515,6128,10326,10594,12359,2158,4525"
15186,15186,"5135,1290,9646,1977,12184,11117,11569,2784,6811,11992"
15189,15189,"2140,4525,2158,7197,4277,10326,12990,11000,1328,13249"
15200,15200,"4277,5303,331,11384,13296,10326,4865,12385,6971,11843"
15204,15204,"633,11117,12254,9771,11569,2602,5946,11764,11088,5318"
15205,15205,"13296,8590,8608,1863,6220,2218,4576,5866,2343,10389"
15217,15217,"838,11520,7933,5010,12249,9166,1661,12430,1056,6015"
15240,15240,"1746,8235,8018,13367,3950,10546,454,1598,4413,5292"
15248,15248,"9405,8235,5149,8302,6474,12704,7064,6971,1290,9083"
15253,15253,"4277,8590,5545,2343,2218,13296,2140,9938,6971,4664"
15256,15256,"1746,8235,8018,13367,1598,3950,10546,4413,6326,5292"
15260,15260,"4053,4117,13296,8562,6220,5964,4602,5485,6925,3870"
15265,15265,"8235,1746,8018,1598,4413,13367,3950,10546,454,5292"
15274,15274,"4413,2140,8235,1746,8018,13367,3950,1598,5292,10546"
15275,15275,"9886,383,7715,2899,7383,2958,11784,7341,2065,6648"
15282,15282,"12575,7653,6438,1273,4692,4466,8300,7922,638,7873"
15294,15294,"6402,12024,7303,4821,6646,8178,13380,8092,840,3988"
15304,15304,"789,7120,10607,1244,9962,6610,11298,10648,4036,5135"
15330,15330,"5402,4452,5351,10700,3888,8707,1957,10614,9998,5010"
15331,15331,"8770,8384,8980,12940,10548,961,12642,11985,6848,4817"
15332,15332,"6150,12397,2940,8257,6640,4029,3887,8540,2782,2204"
15339,15339,"2058,1863,5976,13436,779,13377,2327,3487,1669,1983"
15387,15387,"2990,5545,8562,3950,1598,11289,6326,6515,2140,12232"
15391,15391,"9799,10326,13296,5545,8590,4277,10835,6971,6220,2140"
15396,15396,"9799,11289,11751,2218,8483,4266,2380,3992,1100,12680"
15397,15397,"11784,9786,7558,12632,1742,9454,11403,8413,7715,5495"
15421,15421,"8271,2899,6648,10413,383,10122,9306,10889,7383,5436"
15427,15427,"12371,6020,12254,13418,11743,12123,6754,5142,3962,8560"
15434,15434,"131,7301,1602,6973,9735,3786,11038,11539,2301,10359"
15441,15441,"6489,1937,131,2497,3509,4007,12550,3428,7079,9410"
15444,15444,"5386,7383,1558,2957,4827,7558,10122,2065,4163,7063"
15457,15457,"10326,1328,851,4277,8421,331,4798,11282,9455,12990"
15466,15466,"2140,10326,2990,5999,7487,519,11000,1017,2287,11396"
15475,15475,"3950,7392,4162,12857,2958,1996,11540,9473,12156,8321"
15483,15483,"789,5135,10607,11992,11556,83,8733,11024,9405,6811"
15487,15487,"9942,4946,7383,4838,7138,7558,12253,7063,13294,10122"
15500,15500,"769,9750,6626,8148,10639,618,4466,12796,7047,5490"
15511,15511,"8590,5545,12253,10389,11918,12339,5866,640,10607,1323"
15515,15515,"12680,5875,6646,7303,7578,840,7164,13380,1220,5524"
15519,15519,"12575,4985,6438,12550,10122,2899,6724,5811,5606,9790"
15534,15534,"5545,1978,5532,13296,7948,2218,1598,10835,9410,8562"
15545,15545,"3222,1972,11896,13370,2989,11024,6555,11719,12096,9517"
15553,15553,"13280,2709,6053,2957,4793,5168,1558,4216,208,13431"
15556,15556,"4946,7792,12606,7652,9786,3799,6091,64,6611,5177"
15564,15564,"2140,10607,1863,4664,11024,2343,10389,8475,11918,7707"
15567,15567,"10674,4216,3722,2957,4163,13280,1558,5224,2709,5738"
15582,15582,"7063,8562,4012,13090,1746,1426,4838,37,12389,238"
15585,15585,"5025,3275,9877,4277,4646,8421,4798,2499,10132,2140"
15587,15587,"6220,2380,12990,11843,10835,8562,6971,9733,12404,5303"
15589,15589,"8421,10326,9580,5025,12680,2140,6515,5303,6971,10608"
15590,15590,"2771,2085,8188,11520,4976,5861,11624,6613,1328,1323"
15595,15595,"3525,2571,5179,11357,3793,1100,2164,13218,11712,2029"
15611,15611,"10607,7864,1098,10581,4036,1576,4216,9730,2957,11918"
15613,15613,"796,3870,9942,4414,2497,4118,12404,1937,3950,1426"
15632,15632,"6971,11289,4430,10326,8235,8922,2343,2140,13296,2530"
15633,15633,"13296,5545,13310,6220,5866,3870,1453,8562,2218,1323"
15639,15639,"10326,8562,4277,2140,11384,5303,2380,8590,2218,6971"
15648,15648,"6971,851,331,4277,10326,8161,11282,1776,11495,4514"
15652,15652,"6971,6220,12990,4097,11843,350,9408,12191,716,851"
15683,15683,"6326,5545,3950,1598,8235,8562,2990,11289,5524,7900"
15688,15688,"2140,89,4388,13296,5545,9799,6220,2218,10835,8590"
15703,15703,"11784,3950,796,2567,3340,454,7723,9799,3317,4413"
15708,15708,"2140,2218,11540,2990,9886,9454,3950,9083,12414,6220"
15714,15714,"2771,217,8188,8505,1328,1323,9826,3799,4118,5861"
15719,15719,"12085,9895,3365,981,4928,8188,598,4466,9138,3314"
15727,15727,"4947,5583,4698,9937,6638,7637,1230,2020,12622,8703"
15728,15728,"9295,10322,12184,11117,12030,8342,12021,2885,1863,8862"
15735,15735,"6150,2251,1636,6169,5901,12226,4619,2893,4609,7220"
15736,15736,"2218,5545,13249,1978,11000,5495,2158,1426,8300,8505"
15739,15739,"7063,7715,9083,9454,1156,7383,165,12829,2140,2423"
15742,15742,"12606,453,6015,13004,12646,7280,5145,10913,11178,12887"
15764,15764,"2218,779,6015,3870,13310,13110,12606,3209,4859,7707"
15773,15773,"4315,8575,6503,5470,6515,6280,851,6626,12378,8083"
15774,15774,"9209,769,808,4466,2940,7922,1219,786,11981,1441"
15786,15786,"2633,2065,37,769,13294,4452,3769,2899,5436,4937"
15789,15789,"12359,8562,13296,11000,5545,11384,7487,4277,4623,7707"
15796,15796,"966,652,13143,4623,12796,2228,8189,11520,1788,3314"
15800,15800,"2218,6971,5303,4277,4413,10835,13296,2343,5545,9799"
15802,15802,"10607,10674,10389,83,7553,6053,12615,7679,8475,11719"
15812,15812,"2287,2990,8562,7667,1793,2218,13249,9807,8505,6788"
15815,15815,"10743,6640,1601,11555,3811,12397,6801,10658,8723,2436"
15828,15828,"3950,6630,6091,6326,2958,66,5292,64,6902,4602"
15831,15831,"4413,10546,8235,8018,1746,13367,3950,5292,1598,6709"
15840,15840,"6849,7653,652,9970,13143,10106,8188,1426,6198,11404"
15845,15845,"6220,796,1788,11572,8562,1863,5964,13296,11726,9449"
15847,15847,"6721,7490,6238,1245,8980,8361,2204,1112,3476,2695"
15856,15856,"5303,11384,10326,8421,11282,4277,4798,6971,9799,2140"
15861,15861,"2957,1558,10674,4163,3722,83,9732,4216,11020,4688"
15862,15862,"1290,10607,9732,10389,11918,9960,2957,10581,6283,11024"
15871,15871,"9942,7667,6091,1426,8562,1788,8300,5545,6925,4637"
15872,15872,"3950,1100,3909,2990,8235,7578,454,2822,7024,12680"
15883,15883,"10607,10389,9348,1779,4036,11024,10648,11298,10137,1851"
15886,15886,"3525,997,6834,2537,5280,2029,2343,5524,12858,5179"
15888,15888,"4277,1978,3428,4414,8562,13296,6220,3870,1254,4602"
15898,15898,"4277,12404,13296,4679,4012,9942,9459,7558,4525,1426"
15919,15919,"9014,2657,5381,1780,5471,10446,5072,3314,12310,9750"
15922,15922,"5168,5224,1576,12455,5142,10359,9609,7404,9364,11967"
15931,15931,"1863,1669,12067,10429,85,8525,5672,12426,9371,2914"
15941,15941,"6971,9668,5303,2140,4698,9937,9799,4101,11751,6089"
15943,15943,"9771,6128,1996,220,12611,3769,13257,1242,2007,7462"
15956,15956,"10835,6971,13296,9799,10326,5545,8562,6220,2140,4277"
15958,15958,"2380,2218,5545,6638,12680,6220,13296,8562,6971,10063"
15960,15960,"4637,5826,9560,941,7341,13418,1937,7652,796,5745"
15973,15973,"9748,12253,1669,9570,13377,6283,3542,1863,5839,5976"
15977,15977,"10607,1290,11992,2784,295,5318,756,4036,3539,4272"
15994,15994,"782,4053,6164,4117,3317,12417,9195,8450,4821,3509"
15995,15995,"11569,2784,533,11992,9405,8525,3539,6554,4036,7856"
15996,15996,"37,13143,966,716,652,2594,4518,350,5436,9801"
15999,15999,"4007,2497,2966,12417,1937,6198,1695,8300,1323,3509"
16060,16060,"7383,9942,350,544,341,12253,12339,275,1937,1421"
16069,16069,"4928,3365,8188,12939,4077,8361,1091,217,4767,3143"
16076,16076,"290,9730,10919,969,3222,2989,9732,11918,4281,7047"
16085,16085,"10941,4097,13342,10257,12898,134,6306,10431,3448,9817"
16089,16089,"7637,9937,12331,8981,4698,8703,4205,5342,6474,9668"
16097,16097,"5303,11384,11843,4277,331,851,12990,2158,13296,8421"
16112,16112,"4077,4277,9942,1426,8505,8714,11000,1323,5025,350"
16116,16116,"9800,3811,6640,4765,5168,77,10743,8384,5881,11159"
16137,16137,"2291,5303,851,7439,10511,8271,4315,12378,8452,10462"
16150,16150,"9799,2140,9504,1978,1408,4947,4117,2905,1957,11000"
16174,16174,"11019,598,6640,8190,1020,4398,9025,5514,6110,12763"
16176,16176,"6849,11520,9970,2940,4012,769,12935,3327,7667,4940"
16210,16210,"12621,2695,6299,10754,10221,12397,4029,11162,10660,10220"
16212,16212,"10124,8562,6513,1323,1937,3870,4414,9942,2990,2158"
16230,16230,"9750,2085,3358,2860,840,10335,8241,8148,53,2771"
16245,16245,"4525,8300,2497,1426,5495,1254,4118,981,2228,9014"
16293,16293,"4413,12787,9449,2567,2789,2562,796,11357,3950,9504"
16299,16299,"11298,10607,179,10963,789,11024,8475,2831,3539,83"
16300,16300,"1669,11675,13436,11759,10090,7725,12660,779,13377,5669"
16303,16303,"77,3365,4765,11960,2191,961,9573,11159,5166,652"
16305,16305,"331,3112,11960,1426,4277,1328,4765,275,811,652"
16314,16314,"7835,6849,5022,2158,8562,1978,2140,11000,12779,6515"
16328,16328,"457,10034,3509,11038,12348,4946,11555,8188,5545,5495"
16340,16340,"1290,5135,7120,12497,789,2916,9962,10336,6395,1244"
16351,16351,"7792,1863,6220,89,2218,4576,12253,8562,1202,12606"
16363,16363,"8452,9807,1719,5351,4213,5884,4026,1602,11286,1052"
16376,16376,"2380,12389,4827,7063,2065,6220,7558,647,6971,13090"
16387,16387,"598,12566,3035,7392,406,112,1996,9692,13249,8190"
16395,16395,"10326,2140,9580,851,11843,331,4277,8421,5025,11282"
16414,16414,"2140,7707,9799,2238,4430,5303,6971,9454,560,6166"
16416,16416,"8018,7715,383,2958,2300,12414,2899,2019,7063,5436"
16418,16418,"6971,5303,10326,2530,12680,8235,2140,5999,5292,2343"
16471,16471,"10607,10389,2343,8254,9730,11918,11024,4028,2537,1244"
16489,16489,"4798,11772,9901,6326,7723,12733,9968,6751,2910,4413"
16497,16497,"7063,5303,7383,10899,2291,9306,383,220,2789,2899"
16509,16509,"2380,8590,9799,13296,5545,2140,2218,5303,10326,6971"
16510,16510,"3950,2903,2567,2038,4602,5999,796,1426,4679,9449"
16521,16521,"10607,789,10644,3323,9962,5135,1556,9405,6811,12306"
16524,16524,"13398,6640,4029,6150,8257,6110,2695,5901,3635,9726"
16582,16582,"2140,12665,4943,5545,10389,8590,2380,6220,3870,5866"
16592,16592,"8253,4556,10141,11600,9407,5351,2270,5915,7444,2320"
16604,16604,"12331,8421,9504,9799,4117,4947,1957,4053,6395,6925"
16605,16605,"10607,10389,5545,6610,3998,4576,13296,1863,7236,7964"
16617,16617,"7864,13418,4708,8589,5168,640,1639,10919,3238,1542"
16622,16622,"10607,10389,11024,10137,11918,8714,4028,9732,10581,4024"
16624,16624,"2218,11019,4117,5402,4452,796,1007,4012,10835,12299"
16628,16628,"6646,3950,13380,11971,1361,8300,6091,8746,7809,3340"
16633,16633,"1290,7120,4929,6243,4387,8567,2916,13101,4777,12030"
16646,16646,"9942,131,1254,4118,8188,6489,796,3509,1323,9826"
16651,16651,"2140,5199,12404,4277,331,11993,8421,851,8562,10326"
16654,16654,"2140,3950,8235,5545,2990,6326,10326,11540,1598,5292"
16673,16673,"11540,2789,4798,2567,1700,8472,9449,2199,12594,1318"
16675,16675,"5545,3950,13296,5303,10326,8562,4277,10835,2218,3870"
16677,16677,"4459,2571,9504,5835,4499,13218,8205,11357,11712,785"
16679,16679,"6971,2218,6220,331,5545,13296,8562,9799,10835,2380"
16686,16686,"12615,2312,10963,1200,83,6329,8475,8970,9360,4793"
16695,16695,"331,9449,3950,2562,10594,4525,1996,2567,11572,1408"
16704,16704,"10993,8447,11315,7667,8188,6580,10990,7653,10106,787"
16709,16709,"131,6091,12783,1530,12371,3317,9786,6925,796,2890"
16773,16773,"7653,7667,4623,12299,12085,8746,7377,8300,981,1347"
16774,16774,"2380,2140,11772,13310,11540,12156,6391,7138,9340,9733"
16797,16797,"3950,5999,1746,8235,1598,4413,454,13367,2343,2990"
16803,16803,"142,860,220,9105,13040,11219,3672,11937,2065,1634"
16804,16804,"10916,5545,12404,4277,1328,9767,6151,4199,9234,12779"
16806,16806,"53,7047,11493,6016,9750,8148,8188,4461,5490,390"
16810,16810,"10914,5204,6626,1254,618,8188,1219,9750,4817,10785"
16836,16836,"2158,12359,5552,6123,2537,2343,6849,9340,997,11396"
16844,16844,"7922,6091,3799,2771,217,3317,1045,8450,8145,64"
16861,16861,"4163,2957,11299,1558,83,11020,10607,10963,9888,8650"
16875,16875,"2218,2140,8421,10326,4117,4266,7138,5025,2380,6270"
16936,16936,"11572,4525,11726,3143,1978,1328,1788,4436,9693,8232"
16946,16946,"10326,2140,3950,12404,7867,4798,837,11843,9262,13249"
16965,16965,"12757,4277,9799,1400,12680,12331,4101,2199,9937,5303"
16987,16987,"2140,2380,12404,13296,13090,8562,7063,6971,4679,7948"
16988,16988,"11772,5177,9707,13436,11341,9763,3799,1135,8729,9426"
16989,16989,"5545,13296,1978,10835,7087,1328,1478,1598,2771,9410"
17007,17007,"12940,11985,10519,12928,8384,4691,10087,3769,4669,4780"
17016,17016,"4277,4117,10326,11357,1996,2822,12990,785,11396,4053"
17030,17030,"7079,782,7503,13310,5177,9786,4117,4012,773,4053"
17034,17034,"5999,5022,12779,6971,11282,331,1996,10916,2140,10326"
17054,17054,"11384,12779,1996,13249,12404,10916,6791,7063,8452,220"
17056,17056,"4097,10431,1328,12339,1432,6883,6071,5241,12191,11999"
17084,17084,"1978,12417,4118,10914,1323,4305,7536,5098,4453,12249"
17098,17098,"10607,5545,12253,2218,2990,8714,2343,1863,4028,11024"
17102,17102,"4798,3770,12404,275,11320,12733,9262,1421,13310,2577"
17109,17109,"8235,10326,8562,6220,2343,1746,8018,13367,3950,1598"
17112,17112,"6971,2140,9799,11993,8421,9982,1400,4277,12331,2380"
17119,17119,"4277,6971,10326,5303,8421,275,2218,8590,3770,2789"
17124,17124,"13296,8235,12606,3487,5976,1863,1983,8505,2038,4946"
17141,17141,"12668,2343,5999,8638,2238,9693,9799,4277,10326,12680"
17160,17160,"3950,4413,1746,8235,8018,13367,1598,5292,10546,5545"
17179,17179,"4277,8590,5303,10326,1100,5025,4798,10132,10835,2140"
17189,17189,"1746,8235,8018,13367,1598,3950,4413,454,8562,5292"
17191,17191,"2899,5436,3064,11568,7093,6724,6332,8980,1606,2065"
17194,17194,"598,11162,808,9138,4029,6640,11757,12763,2940,631"
17195,17195,"8562,4199,11357,4053,12680,785,8707,5999,2571,2199"
17200,17200,"1290,10389,10607,11918,12373,10137,4576,10581,3238,8254"
17212,17212,"4947,1957,3515,11396,2199,10841,2990,3071,5124,10473"
17218,17218,"9340,3525,1978,997,2343,2537,1017,5703,3428,6593"
17232,17232,"8421,7835,1978,1328,4277,9877,7197,4684,9262,10105"
17242,17242,"618,4767,3365,4765,77,10639,3314,652,12417,4928"
17255,17255,"3950,9729,9786,9504,8483,11622,7079,2038,3340,782"
17262,17262,"6610,10648,10607,10389,11719,6053,10137,11024,11918,11298"
17275,17275,"786,7933,7301,10903,10224,3782,64,13418,4281,8560"
17276,17276,"221,4339,1441,9562,1245,686,2594,6075,5766,630"
17278,17278,"4698,6962,3088,3122,2774,7471,9564,589,5976,6893"
17283,17283,"4499,2571,12464,11712,12085,9935,5835,5775,1195,598"
17284,17284,"3950,1996,5060,4463,1180,11396,9953,331,13346,11726"
17295,17295,"3950,5022,8505,7667,5495,9786,9895,8300,13249,13150"
17298,17298,"13370,6610,2989,11298,10137,7864,10607,4576,4036,1851"
17319,17319,"1478,13306,5545,9410,3870,5866,6220,1978,1323,544"
17320,17320,"1576,5168,11598,12835,8969,9874,4216,7104,1542,4163"
17325,17325,"5999,7578,9799,2537,8608,997,10326,4388,8274,5532"
17330,17330,"7471,5927,2885,774,1851,2823,7306,5142,4215,7453"
17334,17334,"10607,7279,11024,10674,83,10389,5480,11918,7553,290"
17346,17346,"9942,1863,131,13004,4637,1746,5536,4602,6611,8562"
17352,17352,"6971,12104,785,4117,4053,4459,2571,8707,5999,9799"
17353,17353,"533,2784,295,11600,11923,8525,9405,11569,11143,2838"
17396,17396,"1996,10916,2140,8421,1769,9504,12636,7833,13249,1180"
17408,17408,"6849,8558,5022,12359,12493,4053,12385,4928,4117,5999"
17414,17414,"10078,2869,2541,1328,13383,6735,1432,10766,6082,5494"
17422,17422,"4163,2957,4216,3722,1558,1851,13280,8650,11024,12808"
17424,17424,"10741,7835,10257,1328,9138,1680,4080,5022,9846,11337"
17427,17427,"5135,789,9962,1290,7120,10663,4929,10644,10607,11363"
17432,17432,"7667,6123,3428,9895,8450,13112,1538,11019,5775,1158"
17434,17434,"5303,1634,4315,8421,1681,10326,6589,3770,9098,1912"
17439,17439,"2989,9449,4637,9560,4576,9555,796,1466,9730,4602"
17442,17442,"11357,4053,2571,785,4459,9799,11712,3456,8421,4743"
17449,17449,"6515,3950,6326,8235,8018,3340,682,12232,11784,2958"
17472,17472,"9807,8318,7922,12085,9895,8300,1045,2903,4416,6788"
17509,17509,"10607,3222,9730,11024,4036,290,11778,7937,8589,4281"
17522,17522,"6091,2771,4602,11910,64,1742,3799,5545,13004,5861"
17527,17527,"2291,6128,851,2140,12404,12779,8161,9309,1912,8421"
17535,17535,"1290,7120,1244,4929,1779,10607,11918,10389,1972,10648"
17540,17540,"2958,8271,2899,9306,2065,7063,5436,10899,9085,6724"
17541,17541,"7576,1576,11719,12832,8714,12096,8589,11896,5168,12995"
17551,17551,"4798,9449,8421,6326,4315,9580,10326,12857,2789,8472"
17564,17564,"5303,11384,6971,2140,4315,8421,4798,331,11282,6280"
17565,17565,"4054,1916,9453,3733,6306,840,8092,11590,4399,3448"
17581,17581,"4798,6128,7503,8421,5025,13257,7867,10916,12793,12359"
17596,17596,"4277,1978,2502,6371,5545,1328,1996,9767,12668,12858"
17601,17601,"4413,12680,7667,4053,5999,2238,10835,8707,4321,8562"
17611,17611,"11635,12295,9473,6503,12378,6751,10395,7383,10205,2867"
17612,17612,"5545,1978,4277,134,217,6306,1323,5866,10238,12898"
17620,17620,"3950,4414,9942,6220,3870,5502,9410,265,13296,2497"
17627,17627,"2436,6640,11162,4029,3811,8257,11337,8723,9726,10743"
17634,17634,"2218,1202,1863,3012,3467,1669,13377,5976,5402,1779"
17649,17649,"2771,13028,217,4305,1323,5545,8505,8188,5861,1680"
17654,17654,"5766,8188,8092,10974,961,11800,4188,3799,3509,1254"
17659,17659,"2218,9799,5149,1863,6971,13296,5303,12704,9083,7706"
17666,17666,"1290,4929,10663,789,2916,10607,4576,1244,6610,10389"
17674,17674,"2380,9799,2140,5025,10608,9454,2218,9340,8110,10792"
17684,17684,"3950,8018,682,11289,8235,12232,5545,5292,1598,6326"
17708,17708,"11019,598,7922,5514,9025,12417,4940,2897,618,10420"
17709,17709,"7667,11178,787,10106,5881,12249,11249,4339,5915,8476"
17741,17741,"6724,2899,131,8980,10572,12927,9085,6438,10122,1049"
17752,17752,"12226,11546,4935,7325,2893,8257,6169,2123,4609,4159"
17765,17765,"3950,13296,2218,796,3870,8562,5545,8505,2990,10835"
17770,17770,"769,8663,12729,3683,12645,3520,4452,2940,9025,8793"
17814,17814,"782,3428,9908,131,12163,1323,5545,2771,6925,4053"
17818,17818,"6849,13143,1426,9970,652,13028,7653,10106,10537,8188"
17822,17822,"2784,11992,7706,1863,11569,8302,8475,7937,1012,8733"
17826,17826,"11019,5514,1323,9014,6849,12417,9025,3520,1793,10420"
17827,17827,"10607,11918,10389,4028,4024,4036,10137,83,11298,10581"
17840,17840,"5545,2218,1863,10835,7491,9730,9942,13296,9410,8562"
17843,17843,"13310,7079,453,2218,3870,11772,7986,12606,3428,10986"
17864,17864,"10326,2140,4277,331,5999,8421,11000,1408,10916,4053"
17871,17871,"5976,1669,9748,10802,5149,13377,9564,1863,1983,1438"
17881,17881,"9799,5545,2343,10389,13296,2218,1978,5532,4388,1598"
17928,17928,"11520,9025,10128,1254,10974,660,9942,6314,1426,10288"
17931,17931,"9733,2140,1746,8235,13367,8018,4413,1598,3950,8413"
17933,17933,"13143,10034,10537,7667,769,4940,7922,9970,11951,12348"
17953,17953,"5999,443,2990,1045,9807,4452,646,3799,8450,11396"
17970,17970,"5999,3950,6091,5545,4414,1978,2567,1598,796,931"
17977,17977,"12026,1421,4525,6971,2140,1100,3766,5999,12793,12680"
17982,17982,"7817,9962,13027,11298,4973,1241,4613,9837,10644,8604"
17995,17995,"2140,5810,10663,8302,9083,6971,12030,1290,7120,8922"
18002,18002,"6849,2629,5147,7653,764,2007,5587,10933,10658,2883"
18006,18006,"1669,10802,7725,779,1202,4859,11759,5669,13377,7792"
18023,18023,"11520,8188,9942,961,4946,3870,5545,1426,1323,2497"
18024,18024,"8235,2343,2140,1746,8018,13367,3950,1598,5292,4413"
18047,18047,"13296,9799,5545,1863,6220,3870,2218,10835,7707,6925"
18050,18050,"13296,6220,6971,8562,1290,5303,89,7120,12026,4277"
18078,18078,"1914,7922,8300,12454,5495,3314,2065,652,638,12844"
18086,18086,"7856,12254,2312,11299,4163,10147,1576,6733,10202,4216"
18093,18093,"5168,5224,4216,3487,10359,13336,1851,5152,786,6973"
18115,18115,"2140,2380,10326,2218,9580,12680,11396,5303,6971,2990"
18122,18122,"6220,6971,5545,1863,13296,6283,10835,2218,7892,5866"
18124,18124,"7986,1723,10862,4373,4546,9138,10980,1872,11019,3015"
18127,18127,"13101,1290,7120,4929,10663,6243,2957,11299,4163,9671"
18133,18133,"8562,11572,5022,9014,13249,1426,7835,11000,6198,11726"
18148,18148,"10326,2990,519,4162,5999,1017,12668,2343,3428,7948"
18155,18155,"13296,6971,4277,1863,5545,4946,10835,8562,9942,6220"
18158,18158,"11020,10607,12254,5142,5127,83,1576,11024,12866,6960"
18166,18166,"9014,598,13028,12417,3992,9138,6849,5775,698,761"
18167,18167,"4525,5025,4277,992,11000,4974,1328,1426,717,3112"
18169,18169,"13214,12138,3064,8217,383,8452,9306,165,8402,5946"
18175,18175,"8454,12368,3870,7079,1323,9826,3799,12470,6489,8188"
18178,18178,"2567,3950,2789,11424,6769,1978,6581,10237,931,9292"
18214,18214,"4929,6243,10663,12497,7120,1400,3697,13101,1290,8567"
18217,18217,"6971,2140,11282,1421,4277,12990,12404,11843,6220,10326"
18226,18226,"3222,1972,11896,13370,2989,11024,6555,11719,12096,9517"
18229,18229,"4679,7063,4177,12779,7948,8300,8452,7254,3064,4604"
18236,18236,"2016,1623,6391,3481,5241,5298,13369,7447,13194,2467"
18240,18240,"2989,6489,3829,10859,4118,4414,1323,3839,6499,9560"
18262,18262,"13115,2301,3799,131,6956,782,6091,3509,1742,3487"
18266,18266,"10607,11298,10137,10389,4576,11024,6610,4024,5672,11918"
18272,18272,"2362,1347,1878,782,6183,961,4518,10548,5155,2329"
18292,18292,"12026,9799,12680,12944,4117,2218,8235,3992,6925,3870"
18299,18299,"331,2990,8562,9908,10124,12875,2172,4492,4025,8421"
18321,18321,"682,12887,12232,8746,7303,6123,10204,6326,3950,12029"
18338,18338,"10326,4798,4277,6220,13296,275,8590,2140,10835,6971"
18339,18339,"4277,1290,331,7120,6515,10326,851,6971,2140,5303"
18341,18341,"4821,5749,8746,12575,2891,10690,13380,9393,5858,5172"
18355,18355,"789,5135,9962,13309,10336,1290,3697,10607,296,10648"
18364,18364,"4036,2218,1863,12538,11024,10288,3668,13025,7937,3998"
18368,18368,"10916,2789,851,3770,4798,6326,12875,12857,11540,2567"
18393,18393,"2990,10326,12253,8562,12990,6971,4277,4414,13296,4602"
18409,18409,"2228,11520,1914,1426,4012,12085,7667,2426,4525,11921"
18434,18434,"3870,9786,782,4053,8562,4117,13346,796,5964,8505"
18440,18440,"12990,1978,5545,2158,4277,4525,1017,3428,13249,5532"
18446,18446,"4463,2789,6128,2905,9880,9023,2567,9443,9449,11572"
18467,18467,"6326,9580,3950,8235,8018,5292,12232,9744,2990,2958"
18475,18475,"10607,5545,1863,2218,5386,13310,544,8714,10389,11024"
18487,18487,"2218,6638,121,1863,11951,7491,7792,1230,8562,13310"
18489,18489,"4216,1558,2957,3722,4163,6299,11967,13294,7047,5738"
18499,18499,"7558,4012,13028,4077,12404,933,8188,7484,1210,9942"
18505,18505,"2771,782,10993,9908,131,3428,8450,10886,8447,12163"
18525,18525,"598,6640,5027,11614,11757,3314,4029,8190,2695,11162"
18530,18530,"544,9459,12404,2989,2106,1426,13296,5964,5969,8562"
18539,18539,"12265,779,1863,7345,10429,13436,1491,7491,11675,2303"
18546,18546,"1290,5303,7120,4277,2218,9799,2380,13296,6971,5545"
18579,18579,"11869,6489,2064,6250,1049,4414,9942,3509,290,131"
18585,18585,"6646,3799,13380,9807,9908,6442,782,3317,443,6164"
18595,18595,"350,8018,9942,6220,8562,7383,9264,7063,1421,12404"
18648,18648,"12249,7536,11019,3689,5098,12417,7802,1328,4453,5022"
18679,18679,"4602,3950,8235,5875,11540,2910,11751,6326,2958,6982"
18683,18683,"2218,10835,2562,796,8562,5964,4053,4199,10990,9459"
18687,18687,"2140,11969,5025,2287,10326,9454,1017,9340,6626,10288"
18718,18718,"779,3487,7725,8188,1863,7545,12606,2327,7840,1695"
18741,18741,"6091,10224,3950,796,3799,2108,11661,6183,9908,64"
18760,18760,"2957,1779,11775,10607,208,4024,1851,10389,11024,83"
18771,18771,"2771,1323,5545,8188,8505,9942,4416,1426,217,3799"
18787,18787,"851,8421,2140,8161,6971,7439,5303,11282,331,11843"
18788,18788,"7462,12857,2958,3770,6326,9901,7041,12875,2882,6515"
18789,18789,"7933,11520,961,5766,4817,5669,8188,12337,1112,5168"
18798,18798,"6971,10326,6220,2343,13296,9799,10835,4277,5545,3870"
18800,18800,"8235,1746,8018,13367,3950,10546,4413,8413,1598,5292"
18805,18805,"350,1788,11726,8018,11572,4637,8562,11497,1426,1746"
18806,18806,"9733,8235,1746,8018,13367,1598,4413,2343,5545,10546"
18812,18812,"6815,8540,4256,6528,3987,11602,7191,1832,704,10050"
18818,18818,"10974,4935,5760,10732,7325,4609,10739,12226,11546,7496"
18830,18830,"8452,12611,13249,6788,12359,12779,7063,6818,8300,11286"
18835,18835,"9348,10607,2989,4576,9730,4036,13370,10137,5135,6610"
18839,18839,"5025,10389,5179,9799,1100,8590,7983,1747,1453,5866"
18851,18851,"796,9942,11661,6091,8562,1323,10537,2990,1793,6513"
18854,18854,"1634,9880,10326,1776,6971,10778,2199,9580,5303,11282"
18864,18864,"11572,11520,1788,11726,3810,10993,9023,4623,4436,8557"
18865,18865,"6166,12321,9799,10241,1863,1746,3870,13296,2218,9937"
18874,18874,"4413,6220,8235,8018,1746,13367,3950,1598,5292,8562"
18875,18875,"4117,10326,4053,13249,5999,12680,7667,11000,12359,11712"
18879,18879,"10919,2709,4216,4281,13280,12226,10732,7047,5168,2436"
18882,18882,"10607,10581,2530,1779,1290,11918,7120,10464,1132,11743"
18895,18895,"8235,12253,3950,5875,7289,2990,12662,2506,11886,12026"
18903,18903,"6971,1290,2140,7120,1421,5545,10326,13296,4277,6220"
18913,18913,"11282,10326,12990,4277,851,8421,4865,12858,331,12359"
18934,18934,"5135,789,7817,10644,9962,6625,5008,9837,1241,3323"
18935,18935,"12575,1219,5427,6994,7127,11542,12861,6238,1143,9592"
18981,18981,"121,5583,10592,1230,3139,4101,3430,7708,9004,5549"
18985,18985,"9287,8450,7301,4452,11539,3520,11038,131,6688,4724"
18987,18987,"5135,13309,9962,7120,9837,6243,12497,4777,2916,296"
18990,18990,"12758,10326,1640,3950,8018,9886,2958,9580,5292,6971"
18996,18996,"10288,5545,8188,7087,13306,5386,9410,13110,1978,9942"
19010,19010,"4413,1746,8018,6220,8235,13367,3950,1598,5292,454"
19016,19016,"13370,2989,8714,1576,11896,10137,3998,4890,12832,6610"
19018,19018,"10897,4028,10068,8018,8590,13426,6071,13004,1421,2291"
19029,19029,"9085,4877,7063,3769,6726,8452,37,9771,11286,4452"
19060,19060,"786,1089,6896,989,4935,11546,10732,5155,12204,587"
19069,19069,"5135,1290,10607,789,7120,4929,12254,8302,9671,3697"
19084,19084,"4623,5497,4692,8019,7138,11726,4525,4322,12990,12359"
19086,19086,"3487,1863,13376,5669,779,12135,8560,6268,7725,4855"
19105,19105,"5105,12152,1328,5755,8775,6307,4077,7480,10257,9375"
19110,19110,"1290,7120,9962,3697,789,5135,13309,6960,10607,6811"
19135,19135,"2338,5027,4684,6060,10729,9165,11590,11614,7878,11337"
19144,19144,"11289,5545,13296,1863,6220,8562,89,2218,3870,10835"
19154,19154,"13310,3870,12680,8562,6638,12321,2218,3950,6220,1453"
19168,19168,"11384,2395,13114,8421,10916,1180,2140,10594,5147,8083"
19173,19173,"4083,5573,10663,4929,7120,13101,1290,6243,12497,8567"
19187,19187,"1290,1863,13436,13296,1983,5962,5976,8608,7948,2339"
19216,19216,"11546,2893,2123,10732,4935,6169,6640,12226,7325,1636"
19227,19227,"12575,6238,598,11113,754,618,9710,2108,37,6611"
19231,19231,"5386,4974,12404,13257,13296,5025,4012,2140,3870,11384"
19234,19234,"3487,9730,1863,779,8394,4036,13127,1098,10607,8560"
19255,19255,"6220,5545,5524,13296,2990,12253,89,8235,7024,131"
19258,19258,"3950,220,10785,2567,4798,9449,9443,9733,2789,1478"
19266,19266,"37,941,5826,4637,9979,966,8018,11800,10661,1937"
19296,19296,"2990,2958,2899,1763,6630,7715,3532,3606,7041,6648"
19297,19297,"4413,5545,5532,1746,8235,8018,13367,3950,5292,1598"
19308,19308,"7079,4053,4117,5700,782,9786,7792,4189,8084,13310"
19323,19323,"7878,632,4832,4684,4814,6011,5820,8876,6393,8122"
19346,19346,"5545,13296,1978,4277,3870,6220,544,5866,5025,8562"
19347,19347,"7120,10663,4929,6243,5135,13101,789,12030,2916,8567"
19360,19360,"1863,65,1012,7937,8525,3544,5187,13432,2823,6283"
19364,19364,"6973,8034,786,5168,13418,6896,4216,4940,10413,7453"
19378,19378,"1598,10835,13296,5999,2199,2822,8562,12990,3950,4413"
19379,19379,"6220,6971,2140,6166,2218,275,7138,11540,5303,4798"
19380,19380,"12359,4525,7197,4277,9309,10326,13249,12779,2158,11384"
19381,19381,"12680,10326,1180,8421,2158,11357,10916,4117,12990,5999"
19384,19384,"11726,11572,4436,1046,652,7197,3314,9262,769,2228"
19385,19385,"7667,3545,6925,7707,2238,8562,12249,4053,4199,1598"
19388,19388,"5168,7933,630,3967,7301,2823,2326,11967,986,12296"
19406,19406,"797,11568,7063,4838,10776,11194,2767,7138,275,37"
19408,19408,"12990,4053,11357,785,2571,4459,9799,11712,3456,4743"
19415,19415,"1863,5976,1983,10429,9748,13377,13436,2327,6893,8113"
19417,19417,"6091,64,3799,11772,3317,4946,6183,2305,11661,5495"
19434,19434,"2140,4576,10389,10674,11969,1779,8590,5025,5969,544"
19441,19441,"4798,11282,851,275,8421,331,11843,4277,10916,6638"
19461,19461,"4281,969,5168,290,12835,1542,9874,11830,12617,9732"
19474,19474,"2789,11540,2567,11751,931,9799,12579,8922,5673,10778"
19477,19477,"11162,12621,2695,8257,10221,4029,12397,10660,2436,11337"
19484,19484,"10607,1576,4940,7279,8490,11060,5979,11743,1269,8714"
19502,19502,"4798,5497,10326,4877,1007,12359,4277,5025,4322,7504"
19503,19503,"11384,5303,12404,13296,7948,8562,6971,1863,2218,5386"
19512,19512,"6490,3840,13104,1323,2287,217,12348,7355,10914,3143"
19515,19515,"8562,1863,131,6168,2327,8445,5723,12431,3487,13004"
19518,19518,"12404,2287,11000,9340,5495,6198,1680,12779,9938,4243"
19530,19530,"6123,997,6640,11960,5280,7667,7922,2537,6834,10106"
19559,19559,"4576,2989,10137,11918,8714,10389,11024,13370,4024,3238"
19576,19576,"2038,9786,7079,131,3870,796,12632,6925,13310,7558"
19586,19586,"2343,8981,8144,7064,2537,5149,8608,1202,4452,5402"
19594,19594,"1746,2218,6638,11171,89,6220,8235,1863,12606,11540"
19605,19605,"6220,2218,1863,5976,5545,779,12265,3487,3467,12606"
19618,19618,"6220,8922,8562,5999,2218,9799,4266,8235,4413,3950"
19620,19620,"1957,11396,10473,6395,13114,3515,9937,12331,4947,5124"
19623,19623,"4118,3799,796,12417,1426,1254,8188,10914,4453,7087"
19628,19628,"10326,5199,11282,11357,13218,785,4459,11712,2571,5999"
19631,19631,"10607,83,4163,11648,6960,5127,2957,4688,4664,1576"
19642,19642,"630,2989,5766,1937,2966,4007,7933,1323,5168,1254"
19644,19644,"2291,2140,4877,7439,5946,7824,9771,7063,12476,2149"
19648,19648,"10106,4281,8560,10732,787,6355,6231,3962,644,7667"
19665,19665,"6238,10980,12763,8901,10065,7873,3365,7301,3683,12085"
19683,19683,"1290,12373,10607,10389,9746,6610,10648,10674,8254,6576"
19684,19684,"2140,12404,8562,6513,3112,13346,2158,7063,4277,331"
19693,19693,"13296,5545,2343,8505,10835,2537,8608,9356,4946,646"
19696,19696,"6151,11572,810,12249,11960,11000,4525,13328,6580,4453"
19707,19707,"8562,6638,12331,11097,331,6518,8421,1276,12680,1776"
19715,19715,"11357,2571,785,4053,4117,4459,9504,5999,9799,11712"
19716,19716,"13309,1290,7120,6960,9837,83,2885,4929,6243,5142"
19729,19729,"5303,11384,4277,5999,12990,7948,12359,7487,13296,6971"
19734,19734,"3950,9449,3340,8235,6091,11784,4602,454,12680,12856"
19758,19758,"9799,5303,6971,4865,2380,7487,13346,2990,4413,6326"
19764,19764,"12404,10661,8562,6513,3402,4243,1937,393,12796,4007"
19773,19773,"12615,2989,9231,3721,12995,11896,5168,83,11640,290"
19778,19778,"11696,6391,12417,5333,3733,4054,1987,8626,13069,462"
19780,19780,"5532,5703,6123,2537,4053,3545,5552,9807,8450,13249"
19784,19784,"11019,7922,997,5514,10974,12556,1017,2537,6640,6410"
19786,19786,"13090,1426,3870,1746,1937,7558,4637,796,8562,4007"
19793,19793,"2380,4117,13249,5999,1681,7138,2140,11405,4053,8707"
19798,19798,"6849,8188,1254,1323,5109,4118,9025,3689,4077,12417"
19808,19808,"10835,10326,5999,7723,9799,2199,11396,8636,2822,11405"
19812,19812,"6220,8235,1746,8018,13367,1598,4413,3950,5292,454"
19821,19821,"8981,8235,5524,12757,3536,6166,7024,4266,12680,12704"
19830,19830,"10607,8254,10389,10137,11298,10648,11918,6610,11024,4036"
19843,19843,"10068,4028,10326,8714,9942,6626,1851,11969,1017,9732"
19867,19867,"3487,1863,9748,779,5976,3467,12606,2327,9570,1202"
19889,19889,"13296,8562,6971,5485,6220,2343,5545,2822,4117,1598"
19893,19893,"1863,4012,7892,6075,9942,13377,4946,5386,13296,10087"
19898,19898,"10963,11143,6054,10202,7856,3737,11299,9888,12811,10607"
19902,19902,"6640,7878,8257,6393,10974,7250,12978,7325,4935,9165"
19905,19905,"4798,8421,6638,12857,331,10916,10594,8483,1180,6107"
19910,19910,"1878,652,2370,7197,1347,9105,9234,1661,11726,8916"
19929,19929,"6326,11572,12990,3770,9968,10326,1421,4277,1328,4798"
19932,19932,"10137,1290,7120,10607,9730,6283,4576,1863,9348,10389"
19952,19952,"8235,9799,10340,2140,5303,4117,7578,2571,4459,8205"
19956,19956,"4798,10913,8084,13310,4219,7503,4615,11178,6638,10986"
19987,19987,"3950,8421,4798,1996,12680,9504,1408,12793,10916,4053"
20008,20008,"2140,2808,851,8421,4277,11843,11282,11495,4646,9580"
20018,20018,"6220,8413,2497,1937,2038,7558,4007,11622,6982,4414"
20019,20019,"4413,3950,6220,9744,8235,1746,8018,13367,1598,5292"
20020,20020,"13309,3697,6811,10336,12030,1132,12497,10663,4083,13101"
20023,20023,"10835,796,1323,5545,8562,3870,5964,1598,4266,4118"
20031,20031,"6220,11384,6971,13310,1978,7491,12404,1863,8562,5545"
20039,20039,"5545,7707,6220,4602,64,3428,1978,6091,4414,13296"
20040,20040,"37,2633,2065,13294,7063,11726,2108,8300,4623,4838"
20041,20041,"5545,1978,8562,1598,11000,6925,3509,7667,1426,7087"
20045,20045,"4117,4053,5999,12668,8450,12680,2903,4266,4602,8430"
20056,20056,"8947,13067,11743,3101,15,234,6062,29,12660,9348"
20069,20069,"7835,7867,3275,8941,12835,8896,7438,6849,12895,12417"
20074,20074,"6982,3888,10082,1478,5592,4859,5673,4388,2789,11019"
20083,20083,"4602,13310,1978,10034,1017,11951,12887,10288,3509,10537"
20085,20085,"10607,8254,6576,6610,10648,1290,7590,10389,7120,4576"
20086,20086,"121,1863,6395,11726,5962,3515,11572,4947,3967,2199"
20089,20089,"1290,7120,7948,13296,8608,9799,6971,5999,12359,6812"
20101,20101,"4266,8235,5524,9799,12579,1100,7024,5875,12944,3909"
20104,20104,"2343,1598,10326,1746,2140,8235,8018,13367,4413,7207"
20112,20112,"2218,6220,7383,1007,5482,13310,64,7707,1863,7558"
20115,20115,"6141,3870,8421,11495,11561,4414,1517,4646,9410,4277"
20133,20133,"6220,8235,1746,8018,13367,1598,3950,5292,4413,454"
20136,20136,"12085,9014,5381,9807,3992,12668,1195,12779,598,668"
20138,20138,"7817,5135,5008,10644,4613,1851,4973,10068,789,1554"
20162,20162,"618,4525,7197,4025,6513,1323,10980,2394,4659,7305"
20176,20176,"9799,6971,8421,2380,4101,2140,560,4798,3055,1400"
20200,20200,"2140,13296,6220,275,8562,6971,7063,5303,9733,5545"
20222,20222,"5351,4321,11170,4452,12232,3672,7487,1719,2990,6326"
20251,20251,"8205,1634,4315,11357,6515,1912,6382,12875,6280,8421"
20256,20256,"598,8190,3496,4600,1020,12152,3526,4077,12047,1948"
20264,20264,"4525,5545,1978,4277,992,5025,9340,10389,8714,11969"
20280,20280,"350,8378,11520,4277,13296,3112,4525,4679,810,11572"
20286,20286,"1863,10389,11024,208,11918,2343,2537,9348,1453,4024"
20323,20323,"2916,1977,4170,13101,4083,1132,4929,5573,7120,1290"
20324,20324,"1290,4929,8714,10336,7383,13309,9962,544,10674,4048"
20336,20336,"10607,2537,6610,6834,10648,11024,9693,10389,4024,12858"
20339,20339,"3950,3112,4012,8454,1661,4946,9607,773,7717,8681"
20344,20344,"3274,12680,11848,13316,7777,6792,5392,5788,7625,219"
20356,20356,"11461,3799,10974,6640,2771,4859,9817,8092,1101,64"
20360,20360,"11730,13418,3967,1316,4452,12184,4623,8482,5675,8478"
20362,20362,"2218,2343,5545,5179,2537,1100,4388,5532,5999,12944"
20376,20376,"8746,4604,9807,13072,5196,2158,9836,4551,10679,8575"
20381,20381,"6220,6166,12265,2218,2303,8562,7491,453,9410,10820"
20394,20394,"7120,4929,10663,10607,6243,3697,2916,1244,13309,8567"
20397,20397,"11896,3275,12096,3222,12493,8135,7553,11918,12832,2775"
20407,20407,"3950,4637,9786,8413,7079,8018,7558,5495,8822,13367"
20413,20413,"2957,11556,83,9671,4163,5075,1779,1558,54,1851"
20433,20433,"13370,10607,10581,11299,11743,10137,11719,83,9960,8135"
20448,20448,"6220,8235,1746,8018,3950,13367,1598,5292,454,6326"
20492,20492,"11019,969,1453,3992,13310,10420,11024,1017,9917,8941"
20505,20505,"11298,11719,10648,83,12212,1576,11938,5672,8475,6866"
20512,20512,"6971,5303,121,796,3950,2562,3577,8562,4053,4637"
20514,20514,"8235,5532,8018,1746,13367,3950,4413,1598,5292,6709"
20533,20533,"6431,1669,131,2250,6973,11038,11417,13167,7301,3967"
20543,20543,"331,1407,13257,6128,4798,12404,11282,10326,10916,2577"
20546,20546,"4623,3402,37,2379,6513,2108,2158,2767,4525,13294"
20557,20557,"1978,5545,12680,2112,12668,3428,12665,4602,145,9901"
20558,20558,"6971,13101,5303,1290,2140,7715,61,4213,2291,12030"
20561,20561,"1426,13296,8562,4679,4012,11407,5964,12404,11726,1841"
20566,20566,"5142,2989,9730,11743,9732,4855,12878,126,11719,83"
20573,20573,"5142,5135,2784,10607,1012,3487,4036,1863,11024,5962"
20623,20623,"7637,8981,5149,4698,8703,6166,2020,9937,9083,10332"
20627,20627,"4525,1996,851,6128,8421,8575,8161,10326,10916,9953"
20643,20643,"2291,1912,1287,6515,2140,10792,4167,8421,10437,1223"
20645,20645,"789,1290,10389,7120,6610,10607,13370,6812,12373,11024"
20652,20652,"4277,12779,10326,5534,8301,2287,11000,1978,2537,1328"
20654,20654,"851,331,4277,8421,9489,4525,4974,2158,10916,717"
20667,20667,"8235,2140,8018,1746,13367,3950,1598,5292,4413,6709"
20670,20670,"9807,7922,9895,13249,12085,3509,10658,6287,5495,12232"
20671,20671,"10326,5025,796,2567,4798,4525,2789,1978,4277,10916"
20676,20676,"9799,2140,12680,2238,12321,5532,2380,2218,12665,1100"
20694,20694,"8590,2140,8421,13296,10326,275,4277,6971,10835,544"
20709,20709,"4798,8421,7503,7491,10132,275,331,7717,12857,479"
20716,20716,"8452,12085,9085,4534,598,10658,2368,7667,1195,7777"
20739,20739,"13296,5545,1426,8562,11000,9942,4679,8300,5495,4277"
20763,20763,"4388,1290,13296,10607,5545,8608,10835,2343,8274,11396"
20779,20779,"6610,10648,1290,10607,1244,8254,6576,9746,10389,11719"
20781,20781,"8922,6971,3909,2218,12579,9799,1100,4266,10326,8235"
20790,20790,"4216,4163,1558,2957,3722,7047,173,5738,12917,12808"
20792,20792,"1996,331,10594,1776,1180,6128,7833,275,4974,13257"
20797,20797,"6971,8235,9799,12680,12331,2380,2140,12665,12944,10608"
20811,20811,"782,6220,3870,796,1598,3950,4053,4602,4117,4414"
20821,20821,"9348,10389,208,8714,9730,4028,11024,10137,11918,3238"
20830,20830,"13296,4277,7667,5545,6151,8562,1158,11572,5964,4323"
20861,20861,"1978,5545,3870,1426,8562,11960,5964,1323,796,13296"
20878,20878,"4915,8452,4452,12454,12887,8084,5468,9771,2149,9085"
20891,20891,"6220,6971,2218,8235,12680,5875,12253,2990,4266,4117"
20895,20895,"2380,5545,4117,5999,131,3545,1978,6925,4053,11289"
20901,20901,"2140,9014,12680,5022,3992,7667,6925,8638,12668,1978"
20908,20908,"10326,12359,11000,2140,4277,13249,2158,9340,11384,12668"
20928,20928,"1576,4664,10607,10137,9730,11298,4028,4576,8714,11024"
20945,20945,"3275,1304,660,12249,6580,4859,10342,6925,10972,8188"
20971,20971,"11357,4117,1864,2571,6513,4604,11396,4321,10871,10065"
20979,20979,"2380,1220,9799,12665,6971,5303,2140,4277,12331,2218"
20982,20982,"9668,5303,9799,4827,1400,647,2291,6971,8703,2140"
20991,20991,"5999,10326,8562,4117,12680,10835,4266,7948,10529,3992"
20998,20998,"2771,4602,3799,4118,4414,10224,3428,782,3870,64"
21006,21006,"12668,10589,2238,3545,13249,7707,3950,265,10326,5999"
21018,21018,"6515,8452,1769,5747,2291,5091,8110,2140,5302,7833"
21028,21028,"1746,8235,8018,13367,1598,4413,3950,454,10546,5292"
21041,21041,"9449,3950,11726,4637,8018,1788,11572,3829,8293,9023"
21042,21042,"1254,9942,3428,350,2497,9826,2559,8188,1323,4414"
21064,21064,"9962,10607,1290,7120,4929,13309,10663,2916,6243,10336"
21075,21075,"10326,8235,1746,8018,4413,13367,1598,3950,8562,5292"
21078,21078,"12331,13346,8562,1478,10993,7707,12668,11097,2013,6638"
21081,21081,"6220,2218,9942,13296,8590,4576,5545,275,3870,544"
21084,21084,"10607,8608,2339,10581,377,7020,7964,7236,13296,5866"
21089,21089,"1328,2158,7197,350,9455,12990,8483,716,4525,4679"
21112,21112,"11162,6640,8188,7725,4859,11019,6425,11159,10974,12348"
21126,21126,"11784,3950,4413,3340,8235,454,2990,8746,13367,6326"
21129,21129,"7120,789,3697,9962,11143,5135,4929,1290,13309,3539"
21130,21130,"7933,5766,5579,4677,9522,7301,961,8334,9562,1245"
21137,21137,"4053,4117,8707,3340,8084,4321,5999,7667,3247,11357"
21149,21149,"13296,9799,7707,4277,5545,10835,8562,3870,1863,2218"
21152,21152,"4915,11555,7667,4012,5402,9454,2106,7707,13310,7079"
21177,21177,"8235,4413,9744,2140,8018,1746,13367,3950,5292,1598"
21191,21191,"9646,5033,3805,5190,610,9405,4638,2133,650,4083"
21200,21200,"11843,851,9504,3950,10326,4525,8421,4117,1408,4053"
21204,21204,"3950,5700,7900,6326,11289,6515,13367,5545,682,2140"
21221,21221,"4413,2990,8562,2218,9449,6971,1863,4414,6220,796"
21228,21228,"2199,2789,2478,3950,4219,2567,1594,5270,3793,4459"
21249,21249,"5025,10326,2343,4277,5999,5532,2380,11000,2218,2140"
21256,21256,"5999,11784,8638,6688,11396,7667,3545,1996,6123,4327"
21261,21261,"3950,5022,12668,8300,2038,9807,3545,4679,1426,1978"
21279,21279,"2140,1290,6220,9799,12331,13296,1400,6971,9937,8421"
21282,21282,"4576,1290,7120,5135,11298,10607,9730,2989,4036,10581"
21305,21305,"5545,5999,3950,2990,1634,10326,6326,1598,8235,8562"
21307,21307,"5025,10326,4277,9340,8714,544,11000,2140,12404,350"
21315,21315,"8235,4413,2140,8018,1746,3950,13367,1598,5292,10546"
21342,21342,"11967,1558,4216,4163,2502,8589,11520,2957,4218,10034"
21347,21347,"4277,5999,5545,1978,12668,10835,4199,10063,931,6769"
21357,21357,"5187,11520,4012,9942,1937,1254,2823,4838,3327,9620"
21358,21358,"9799,12680,3275,11993,6128,8421,7503,8707,11282,6209"
21368,21368,"3737,10202,11088,2784,10147,12762,8525,295,2838,678"
21372,21372,"2264,7715,12310,321,7063,5819,7383,1062,8483,2065"
21373,21373,"618,9750,10446,4602,6626,4525,12417,12213,5098,12310"
21383,21383,"7120,4929,10663,6243,2916,12497,789,4777,6610,8254"
21393,21393,"4827,647,1400,6971,2140,9668,2291,8703,5303,9799"
21415,21415,"1290,12030,7120,9295,5135,6243,4929,8302,2784,11992"
21421,21421,"8235,9744,10451,12680,1719,5351,3340,8746,7303,11784"
21433,21433,"3545,13090,1996,2228,1426,11000,2815,4525,13249,2140"
21449,21449,"11520,8188,2076,11000,992,9903,13025,9262,1680,9014"
21483,21483,"9707,5545,3870,8454,3799,1323,8607,9826,4946,4118"
21488,21488,"8235,2140,1746,8018,4413,13367,454,1598,4438,5292"
21518,21518,"12550,5811,4339,2921,9979,8828,11971,12574,12566,6611"
21528,21528,"11326,7986,7087,782,11772,3799,9410,6015,4305,2494"
21536,21536,"10607,10648,6610,11992,10389,7120,1290,1244,4929,11918"
21585,21585,"779,1863,5402,3467,12396,10090,11675,12265,11507,7725"
21598,21598,"7715,37,4679,7063,754,2038,13072,8279,7558,8300"
21602,21602,"6091,11006,4637,10224,796,9983,64,11661,11951,1323"
21604,21604,"3950,6220,8235,1746,8018,13367,1598,4413,5292,6326"
21626,21626,"1719,4321,11357,10566,9998,785,5351,2571,8707,10434"
21636,21636,"11951,6091,4602,12368,9983,11800,1323,2645,10224,3052"
21649,21649,"6243,7120,3697,4929,10663,12497,1977,4083,1132,13101"
21650,21650,"4452,6630,12454,5351,6502,3672,1719,8707,6091,3247"
21655,21655,"10607,4576,3238,10389,8135,11024,9730,10581,4036,1098"
21662,21662,"4036,4028,10607,6610,10137,8714,4576,9348,11024,13370"
21681,21681,"2989,5168,7933,7301,9065,442,9364,1576,11967,2326"
21686,21686,"6849,11337,8092,10680,7878,11555,5480,1601,1328,8540"
21699,21699,"7708,6489,9622,8334,10993,13404,8532,7933,5128,8447"
21702,21702,"10607,10389,11298,10137,11918,11024,1972,9730,4664,6053"
21709,21709,"3950,2990,5545,8562,1598,8235,13367,454,2140,11784"
21718,21718,"12404,5964,10661,8562,4974,7197,13257,11726,13346,6128"
21719,21719,"6515,12779,11683,1328,2172,12668,5196,5147,1180,3545"
21724,21724,"10326,12385,10916,12359,5999,13249,9234,1180,12680,8421"
21741,21741,"4664,6610,10389,10607,10674,11024,4024,11918,544,11298"
21746,21746,"3238,12373,8714,10674,1576,4890,10607,2989,10389,2773"
21751,21751,"8333,5673,8717,8300,9262,6982,5819,9637,3064,7063"
21754,21754,"10916,11572,7835,10293,4525,4453,2245,1328,7667,9182"
21768,21768,"5999,1478,5545,2567,10835,4798,9449,10916,2562,1598"
21775,21775,"10802,5669,8188,9375,2769,10974,3799,6441,9910,11461"
21781,21781,"10389,3720,11918,11024,969,208,12869,10919,5318,8490"
21789,21789,"5545,3222,131,7937,11024,208,11918,2213,9730,3487"
21795,21795,"4277,13296,8562,10835,3870,13346,11000,12990,6220,2140"
21812,21812,"7491,11520,1323,12404,8188,1254,9942,8562,6973,961"
21814,21814,"4315,10326,8421,1180,6515,851,7833,2140,331,7578"
21820,21820,"3950,9729,9449,3340,8562,454,6220,11784,12680,8413"
21827,21827,"11357,2789,11282,9799,5999,8421,2567,4679,785,6971"
21838,21838,"11540,11772,1291,5386,2518,457,13436,5226,9203,9338"
21855,21855,"131,8188,341,1254,3428,8450,1323,2771,9826,3992"
21881,21881,"11696,3022,11533,3314,3811,6640,4765,9025,4817,8188"
21884,21884,"8421,5303,6971,331,1776,12990,8161,2789,4101,2905"
21889,21889,"789,1290,4929,7120,9962,5135,10663,2916,12497,296"
21896,21896,"13259,4798,12385,976,11282,5497,4669,9877,4865,220"
21902,21902,"3950,8421,2789,2567,9449,796,4525,10916,811,1996"
21916,21916,"10326,4277,11843,12990,13296,2140,11000,13249,2158,8421"
21927,21927,"789,10607,11918,11743,1576,4036,3539,12455,12254,8475"
21938,21938,"851,13257,10124,12875,1634,7462,2158,6128,11282,6505"
21948,21948,"6123,9155,11396,9953,9807,10608,4162,5351,550,5147"
21952,21952,"11764,12538,7937,5759,12254,1012,650,2823,2838,13025"
21954,21954,"11772,782,3799,8221,6091,9908,9470,4482,3317,9786"
21955,21955,"2140,8235,1746,8018,3950,13367,1598,10546,4413,5292"
21978,21978,"5610,2990,3950,5545,454,8235,6326,11784,1598,6091"
21983,21983,"9348,2989,1972,9730,9705,7553,10137,6610,11024,9356"
22004,22004,"4452,4083,7487,8507,10592,1576,5675,3319,3967,8472"
22007,22007,"12368,8188,64,9025,1323,10537,1049,9942,3509,12417"
22014,22014,"3950,5826,12541,5875,8018,12632,4602,4637,128,8235"
22020,22020,"13296,1273,8188,9826,8505,4077,9410,5545,3870,9942"
22052,22052,"6515,331,2291,6128,8161,10916,2140,7833,8421,10326"
22056,22056,"1746,8235,8018,454,13367,1598,4413,3950,10546,6326"
22064,22064,"1863,12538,9942,7892,4012,7937,10990,8562,9730,341"
22072,22072,"10106,6640,3810,7922,11178,4339,13112,6123,11154,11453"
22074,22074,"10326,2140,7723,3950,4162,1017,7392,2343,5999,6326"
22102,22102,"12253,64,5861,10224,11800,2305,652,13128,3314,10661"
22110,22110,"8505,796,5386,275,3870,10835,9410,4414,12404,2990"
22111,22111,"1100,4162,5999,5025,9504,491,1769,10608,3525,11712"
22119,22119,"2218,1863,13296,5962,7948,5545,8562,10607,6220,7487"
22125,22125,"2140,2218,1634,3950,1286,8562,5999,4924,4798,6326"
22150,22150,"11282,12026,11540,3770,6326,2990,2789,4315,8922,9968"
22151,22151,"4929,6243,1400,7120,789,10663,2916,5135,1290,4083"
22154,22154,"12030,4387,4083,4929,1290,10663,13101,7120,1132,6243"
22213,22213,"7707,3950,13296,9637,5545,6220,1426,2497,3870,10835"
22256,22256,"8450,3992,9287,4724,7236,5514,8490,9935,513,1767"
22258,22258,"2291,10462,5303,9668,10511,4877,9771,2140,5747,13214"
22265,22265,"9504,9799,1912,8205,2140,6515,1408,11508,2380,7578"
22279,22279,"13296,10835,5545,7707,8608,6220,3870,4388,4277,7474"
22280,22280,"10326,2218,7487,2530,5999,2140,5497,9799,8590,7723"
22283,22283,"208,10389,11918,4024,7937,1863,11024,10674,7725,1779"
22286,22286,"9014,4976,5471,10446,6198,9903,618,3314,3275,769"
22288,22288,"11572,1788,12310,4436,5471,11726,9014,851,4891,618"
22321,22321,"4576,8254,10389,1244,12373,10607,6576,5969,6610,1290"
22336,22336,"2789,2567,10340,10124,3950,8205,12857,4798,12875,6638"
22344,22344,"2199,2789,2567,9449,1700,9443,9580,4798,3071,8472"
22353,22353,"2893,10732,587,8257,6150,3635,7496,6640,10974,12226"
22356,22356,"5135,2784,8525,5142,4973,6028,295,5493,11923,65"
22387,22387,"2218,8421,5303,12026,331,10326,13296,2140,6971,2990"
22427,22427,"9954,4205,3562,5149,11733,10332,6938,6474,8703,13228"
22428,22428,"5135,9962,1290,9837,4111,7120,4576,4929,10663,9866"
22449,22449,"10607,10389,11918,8135,6610,13370,11024,11719,208,4024"
22452,22452,"5480,13280,12763,9917,6973,12835,9209,5248,4940,12645"
22460,22460,"4163,3722,2957,1558,7047,5738,6299,9723,778,12808"
22467,22467,"2140,9072,10326,851,2291,6971,5303,11843,8421,331"
22480,22480,"5142,131,2989,11127,9348,9730,1851,290,341,3544"
22481,22481,"12680,6515,10591,3241,2861,11629,8121,10888,331,9859"
22484,22484,"4623,11726,11572,4436,1788,1996,2108,4692,4322,37"
22489,22489,"5999,2343,8608,5179,9730,9356,2537,6834,4053,8607"
22502,22502,"1851,7047,10919,2957,12458,83,2769,4163,10674,290"
22510,22510,"8562,10326,1746,8018,8235,3950,13367,1598,5292,4413"
22511,22511,"7120,4576,6610,1244,1863,10607,1290,4111,9348,7471"
22514,22514,"6971,11572,9449,1788,12680,8562,9886,4679,10778,10326"
22520,22520,"12030,6133,5573,5675,10322,4083,4387,8478,13101,11730"
22546,22546,"1158,6997,2567,2238,3888,5386,4915,8822,454,7487"
22551,22551,"7792,3487,64,5601,131,3509,457,4946,12606,6611"
22582,22582,"5168,12615,4216,1542,420,5224,1576,13418,9517,3722"
22595,22595,"6220,6925,5545,7723,6091,131,3950,4602,931,1598"
22597,22597,"3950,1598,9744,8235,1746,8018,13367,5292,4413,6326"
22605,22605,"5022,2587,11010,9786,5495,11396,3950,13249,13346,4053"
22618,22618,"5545,2343,10835,6220,13296,8608,1598,8562,1863,5866"
22641,22641,"4865,6849,6198,11572,7835,652,9459,12404,2228,1426"
22645,22645,"7922,769,7667,10106,787,2940,11637,11178,9372,76"
22660,22660,"4315,6326,9968,4798,12857,6515,5999,9901,1978,10916"
22666,22666,"8421,5303,2291,1769,8161,1996,8707,4798,2140,1223"
22674,22674,"11896,7864,12832,12096,7576,1576,1901,3222,7553,4890"
22678,22678,"9170,10607,10389,4576,10137,11918,11024,4036,8475,8714"
22697,22697,"9960,7533,3010,179,2372,3539,7962,7937,7257,6470"
22698,22698,"11424,9292,2038,13249,11173,12668,2077,13045,8505,4679"
22705,22705,"8733,5545,9799,6971,10389,11024,4430,6610,1863,6220"
22710,22710,"4077,630,12152,1254,8188,11800,4118,716,1049,2966"
22714,22714,"454,11784,2567,6382,12579,9470,12680,11622,8221,2789"
22715,22715,"9799,2140,12680,8590,2380,10326,8235,1100,5999,4266"
22720,22720,"9970,6513,3159,7236,4623,11006,1045,13143,4692,7301"
22734,22734,"9668,2789,3055,8472,491,647,5303,621,1791,8922"
22735,22735,"12404,5025,4798,10132,491,9262,8626,8452,11326,9410"
22736,22736,"1202,3950,9908,5875,5292,5884,2958,782,11772,12026"
22747,22747,"5976,10607,4024,10648,11024,10802,7848,13376,8475,6053"
22748,22748,"12030,1290,4698,5549,9937,7637,9668,8981,5149,5966"
22759,22759,"13310,10914,10913,12417,12887,11951,10132,7087,12348,7802"
22761,22761,"6971,8421,9799,10326,2567,5999,10608,2789,9504,454"
22774,22774,"4413,10326,8235,1746,8018,3950,13367,1598,454,5292"
22783,22783,"13025,513,7725,10288,8450,9287,3275,9735,5775,6287"
22830,22830,"4077,12152,630,8188,1254,1323,8505,1049,1273,4118"
22831,22831,"789,7120,4576,296,4929,5135,10663,6243,12497,1244"
22846,22846,"10326,8562,5545,9799,2380,13296,2140,6971,1978,12331"
22850,22850,"9405,10202,3737,7856,10147,12811,11299,12762,2312,6054"
22883,22883,"2218,3317,1202,12887,5177,8084,7723,11772,9358,3159"
22887,22887,"2140,6971,10326,6589,443,12680,5999,1220,4266,11282"
22893,22893,"4859,1957,6395,11396,5010,8608,660,4947,11520,10087"
22905,22905,"8562,6326,2140,6220,3950,8235,2990,5545,8018,1598"
22923,22923,"2140,10326,851,8161,2291,1769,331,4525,5025,11282"
22956,22956,"11572,11726,1788,4436,7197,4525,11960,4463,3810,11000"
22964,22964,"6971,1863,9799,13191,589,9689,6220,5976,1290,13296"
22972,22972,"10607,4028,10581,10137,1851,83,11024,13370,290,2957"
22985,22985,"8922,2140,9083,11751,9886,6772,8703,10241,12579,5819"
23011,23011,"2228,7922,11019,11627,10658,6849,5495,11000,769,12299"
23027,23027,"290,11298,11918,9348,10137,11024,9730,10607,4036,4576"
23036,23036,"1598,5545,13296,4414,3870,6220,2497,10835,9410,13110"
23038,23038,"12966,5471,10914,9262,3089,9942,1854,220,275,3112"
23046,23046,"10326,1746,8018,8235,13367,3950,1598,4413,454,5292"
23051,23051,"9733,8235,1746,8018,13367,3950,1598,4413,454,5292"
23057,23057,"1636,8257,2695,13398,10660,8750,6640,12397,5742,2893"
23062,23062,"13280,8519,3722,12615,11337,4163,5738,1542,6299,12397"
23069,23069,"3950,7079,7667,796,12249,6925,1978,9786,3340,10589"
23078,23078,"2989,9942,4414,290,1323,341,131,4602,2301,2064"
23113,23113,"5999,4388,10835,4266,5502,2822,10288,265,5532,10326"
23121,23121,"8922,3950,2990,8235,5545,11289,454,7024,9744,6326"
23123,23123,"4798,8421,10916,851,6128,5025,2291,1180,8161,12857"
23136,23136,"2990,1161,5007,4177,11568,293,4679,12404,4887,8562"
23138,23138,"3071,1700,931,3950,454,2199,4798,7723,5999,3770"
23140,23140,"2218,5545,13296,5866,3870,1323,11969,6220,7707,5025"
23170,23170,"2958,11751,6442,4602,8483,9750,6641,12310,66,9901"
23173,23173,"13296,7652,6220,1863,13004,3870,5545,1746,7792,5964"
23179,23179,"11520,1426,8188,3112,9942,9025,11000,961,2076,2228"
23196,23196,"6220,6971,9799,2140,13296,3950,10326,5545,12990,1598"
23199,23199,"769,9653,10658,12113,11019,8084,11178,8190,12887,10500"
23216,23216,"7439,5946,1058,12928,2149,4877,550,7785,9167,9953"
23226,23226,"3950,796,9786,10835,8562,9454,9570,5964,2218,4012"
23233,23233,"9901,1978,3428,4054,5545,8092,6391,8115,4803,2257"
23253,23253,"8562,3950,2567,9449,454,2990,11784,3870,2789,6091"
23281,23281,"12665,10389,5147,6518,544,1453,13310,4192,7986,4388"
