ID,user_id,item_id
12,12,"8421,7707,10326,5545,13296,2218,1978,6220,4277,5303"
14,14,"7637,9799,9668,6166,5549,4101,12030,4698,9937,2140"
17,17,"6011,4399,6402,8540,10352,6060,6306,6815,4256,5105"
21,21,"6971,7063,13296,2140,2218,8421,1912,9072,4798,10326"
44,44,"9962,5135,789,7120,11298,3697,4929,13309,1290,296"
55,55,"4277,10326,13296,5545,4798,1978,3950,6220,2218,10835"
56,56,"8922,4798,6971,8235,9799,4117,5999,10326,13296,5549"
58,58,"4798,9072,10916,10326,6326,851,6971,6220,9580,331"
59,59,"3950,4798,8421,7707,6971,12990,9942,5545,10326,11993"
79,79,"10326,4277,6220,10835,8421,9455,7707,1017,5545,13296"
81,81,"1290,4929,7120,789,5135,2916,13101,12497,6243,3697"
85,85,"5545,10835,13296,2140,1978,6220,2218,2291,7707,12665"
92,92,"1851,789,5135,9962,11298,7120,1290,10336,13309,11024"
97,97,"3950,8235,5999,8562,4798,10326,7707,13296,2140,9443"
100,100,"13346,3950,2140,11843,4277,10916,10326,6326,2218,13296"
112,112,"9178,5545,1978,2218,6220,350,13110,1210,12404,9942"
122,122,"851,4277,331,12990,8161,13296,10326,5303,2140,2789"
133,133,"5105,5760,6060,9375,11771,2769,3464,6082,10441,6402"
141,141,"1290,8590,4576,6220,6971,5303,2140,89,296,13296"
144,144,"4277,8562,10326,13296,6971,2218,5303,8590,6220,2140"
149,149,"10674,10607,4576,2769,1851,11298,9730,3487,7679,1290"
153,153,"13296,8421,6971,4798,5303,10326,5545,1978,6220,2218"
166,166,"162,8235,6060,8540,5105,5760,7024,13111,7220,6640"
220,220,"2789,4798,2140,6326,6220,6971,8235,10326,7707,13367"
231,231,"5999,6971,7063,10835,4117,7707,10326,5545,4277,2218"
262,262,"6971,10326,9072,8922,13296,4576,1290,7120,8205,8590"
274,274,"6971,9072,8421,10326,6220,4277,10835,2218,9799,13296"
277,277,"1290,9799,8922,6220,6971,2140,8235,7120,9072,5999"
281,281,"789,5135,1290,7120,3697,10663,9295,12497,9962,6811"
291,291,"8421,4679,6971,11384,10326,220,5545,3950,1978,2218"
300,300,"6220,2140,6971,5303,13296,9072,10326,11969,1017,1978"
310,310,"8421,13346,5545,10326,13296,6220,1978,3950,2218,2140"
332,332,"12104,2291,10434,4877,10566,9998,10326,9306,6971,7063"
344,344,"8421,331,851,5999,8562,8161,10326,9580,811,13296"
359,359,"1290,7120,4576,10663,10607,13309,10336,2916,296,4929"
380,380,"8562,5545,4117,3950,1978,10326,2218,6220,3870,2443"
386,386,"6220,13296,3870,2218,4277,7707,9072,6971,9942,9799"
426,426,"3950,5545,6220,4277,2218,10326,13346,11384,13296,1978"
436,436,"6971,9072,6220,2140,2380,8421,5485,10326,13296,13310"
453,453,"5303,5545,1978,5875,2218,10326,6220,4277,13296,9072"
461,461,"789,9962,7120,10663,4929,13309,13101,12497,12030,2916"
464,464,"2140,5545,1978,10551,2218,3950,6220,13110,350,8161"
473,473,"5545,1978,2218,6220,13110,3992,9178,350,8188,4256"
481,481,"10326,4277,13296,8421,6220,331,2140,5303,1290,8590"
490,490,"5545,8540,6060,5760,1328,8092,1978,6402,4256,2218"
494,494,"6220,8421,4798,13296,9799,8562,7707,12990,10326,331"
497,497,"10663,10607,1290,4576,7120,296,6610,4929,2916,12497"
510,510,"2343,2140,9072,5545,5532,1978,1017,10326,13296,3950"
511,511,"8421,3950,851,12857,1180,8161,331,10916,10340,11282"
512,512,"4576,4664,10607,11024,2769,1779,10674,3487,7679,9730"
524,524,"789,5135,9962,7120,3697,2916,1290,6610,10336,296"
525,525,"1978,5545,8421,12665,4277,10326,331,2140,2218,5303"
545,545,"8421,8161,331,12990,2140,6220,11843,9580,10326,12857"
560,560,"10326,8421,331,12990,13296,10916,851,2140,4798,6971"
564,564,"9072,5199,1017,5545,13296,10326,6220,1978,2218,4277"
566,566,"8235,4277,10835,5303,5545,3950,1978,10326,13296,2218"
568,568,"5545,2218,1210,1978,13296,10326,6220,3950,4277,10835"
570,570,"5545,13296,6220,2218,10326,3950,8235,2343,7707,10835"
573,573,"6971,10326,1978,2140,6220,8421,5303,4798,11384,10916"
594,594,"6220,2140,8421,10326,6971,3950,5545,1978,5303,4277"
601,601,"10326,10835,2140,5303,5532,5545,1017,1978,13296,2218"
605,605,"5999,4798,4117,8421,8562,4053,3950,10326,11384,5545"
641,641,"6220,2218,13296,9942,7707,5303,3870,13110,10326,1978"
650,650,"5545,2218,6220,8562,5303,7707,1978,10326,13296,3950"
675,675,"6220,2218,7707,7063,12990,8421,8590,5545,2291,1978"
677,677,"789,1290,9962,10663,13309,7120,4929,12030,13101,3697"
679,679,"10326,13296,2140,6971,5545,6220,1017,5303,9072,8421"
683,683,"8421,5545,12990,1978,2218,6220,4277,10326,9072,7707"
687,687,"8421,331,13296,10326,5303,851,12990,4798,9580,8562"
705,705,"7138,11384,10326,8421,4798,220,11000,4679,5545,2218"
708,708,"1290,7120,10663,2916,296,12497,10607,13101,6243,8567"
712,712,"8562,2140,3870,5999,7707,10326,5545,3950,2218,2380"
715,715,"4798,3950,2140,10326,5999,11000,4413,5545,2218,6220"
728,728,"789,1290,9962,7120,5135,12497,4576,10607,6610,10389"
743,743,"10326,10835,5545,6638,13296,1978,2218,6220,4117,4277"
753,753,"5303,5199,3870,5545,1978,10326,13296,6220,4277,2218"
757,757,"10326,8421,331,13296,9580,2140,4277,8562,4798,8590"
768,768,"2140,3950,5303,8421,4798,10326,5199,5545,1978,13296"
797,797,"6220,6402,5545,3950,1978,2218,3870,13110,11572,3428"
813,813,"9799,7637,8703,8922,9668,6971,2020,4101,5549,6166"
832,832,"1290,544,7120,13296,4576,6220,2343,5545,11969,3487"
833,833,"2140,5545,13296,10326,3950,6220,8421,9341,1978,10835"
844,844,"8235,11622,4602,6220,8562,5545,5177,10326,2218,3870"
858,858,"12990,4798,10326,8421,851,4277,4117,331,2380,5999"
874,874,"6220,10326,5545,13296,2218,4277,1978,5303,2140,8421"
875,875,"10326,7707,8421,5303,2140,6220,3870,5545,4679,12990"
892,892,"2140,7707,9799,13296,5303,8562,10326,5545,8981,4698"
897,897,"3950,13346,10326,5545,2990,2218,13296,6220,2140,8235"
912,912,"1290,8590,4576,10607,7120,2218,4664,1779,11775,13296"
924,924,"13296,2218,1978,2140,8590,5545,10326,1863,6220,5485"
926,926,"8590,5545,13296,10326,6220,1978,2218,12665,4929,789"
933,933,"10835,8562,5545,13296,1978,10326,6220,2218,2343,4277"
944,944,"6220,9799,8235,7707,10326,13296,5545,5549,177,3950"
951,951,"6971,8421,5303,2789,6220,4277,12990,5999,10326,8562"
974,974,"2218,8562,5545,10326,13296,1978,6220,7707,9072,3950"
1010,1010,"2140,5545,10326,3950,350,383,1978,7063,12476,6220"
1013,1013,"8922,5999,7707,9799,2218,3055,5199,2343,13296,10326"
1016,1016,"10326,6220,5303,4277,13296,4798,3870,9580,8590,331"
1023,1023,"9799,8562,10835,8235,2789,7707,5999,13296,10326,9937"
1035,1035,"1290,10835,5303,6971,7120,13296,9962,5545,6220,10326"
1046,1046,"5303,10835,8922,13296,1290,7120,6971,10326,8590,6220"
1051,1051,"1290,544,4277,8590,5545,13296,8562,10326,1400,6220"
1057,1057,"8421,4277,12990,8562,851,5485,331,8575,9580,10326"
1064,1064,"1290,12030,4929,13101,8567,3697,8590,7120,789,10663"
1080,1080,"10326,5545,2218,6220,13296,5303,2140,6971,4277,3950"
1089,1089,"2140,10835,6433,10326,13296,6220,5545,2218,5303,4277"
1090,1090,"4413,2140,5303,2218,8562,6971,3870,10326,7138,5545"
1103,1103,"8421,2140,3770,10326,13346,13296,5545,6220,10835,2218"
1123,1123,"1290,789,3697,4929,10663,1977,7120,12030,13101,12497"
1134,1134,"8421,13346,4277,851,10326,5545,3950,1978,13296,2218"
1136,1136,"5545,3950,8421,4277,13296,12990,1978,2140,2218,6971"
1139,1139,"6220,13296,1863,2343,10429,3487,5545,7637,4576,8703"
1154,1154,"6220,13296,7707,544,13110,3870,6971,1978,10326,10835"
1169,1169,"10326,6220,4277,8590,1290,331,5545,12665,5303,2218"
1173,1173,"2140,5545,2789,2567,9449,13296,1978,4101,10326,2218"
1178,1178,"2140,1210,8421,13110,11000,5545,1978,10326,2218,6220"
1190,1190,"2789,5999,8562,10835,8421,6971,12990,11843,9580,10326"
1205,1205,"5545,8562,2140,7707,6220,4413,7723,10326,3950,9799"
1217,1217,"7120,10607,4576,4664,11298,789,1290,5135,13309,10581"
1218,1218,"6220,544,13296,2343,8590,5545,89,4576,10835,8274"
1230,1230,"8235,10835,10326,6220,5532,5303,6971,4117,9799,2218"
1250,1250,"331,8421,5303,851,6971,9580,4679,10326,12857,6326"
1252,1252,"8421,2140,5199,11384,220,5545,10326,1978,2218,4277"
1276,1276,"10835,5303,5532,5545,11357,10326,785,13218,2822,13296"
1279,1279,"789,5135,9962,13309,1290,9866,10336,12030,6243,1977"
1281,1281,"6060,5105,6402,5760,10352,9375,6150,4256,1377,6306"
1288,1288,"3950,4277,7707,220,5545,1978,13346,10326,8421,2218"
1305,1305,"789,9962,10607,1290,11298,5135,7120,13309,10389,296"
1320,1320,"13296,2140,8421,7707,5545,10326,6220,2218,10835,1978"
1321,1321,"5999,3055,13296,2140,8421,3950,4117,5303,6971,10835"
1328,1328,"13296,5303,9942,13110,6220,10326,7707,5545,1978,9729"
1343,1343,"851,8421,2140,331,11282,1180,4277,6971,2380,4798"
1345,1345,"8421,2140,3950,2218,5303,13110,5545,13346,10326,11384"
1374,1374,"7120,789,5135,10607,296,4576,10663,2916,4929,1851"
1410,1410,"11969,4576,544,6220,3487,7679,4664,11024,10674,10607"
1414,1414,"12990,8161,331,12857,10326,851,8421,9580,10916,11282"
1420,1420,"5303,6220,6971,4413,10326,5149,3950,4698,13296,6529"
1440,1440,"2140,8590,5545,10326,13296,10835,6220,2343,2218,3950"
1441,1441,"2218,6220,5545,1978,7707,8188,13110,9942,13296,350"
1443,1443,"789,5135,4576,1290,4664,11298,10607,9962,10674,10389"
1458,1458,"10607,789,296,9962,1290,5135,7120,10648,4576,3697"
1492,1492,"6220,3950,2218,8421,12990,6971,7063,5545,10326,2291"
1496,1496,"6971,5303,6220,851,9799,4277,8421,5999,8161,12990"
1499,1499,"5303,2291,5545,1978,2218,6220,13296,9306,4277,7707"
1504,1504,"10607,1290,7120,5135,296,6610,2916,4664,789,9962"
1516,1516,"2769,4256,6659,5105,11590,6060,6402,7679,1377,10352"
1523,1523,"13296,5545,2380,7138,10326,2218,2140,6971,6220,3950"
1534,1534,"6060,6011,162,10352,5760,6402,5105,5027,8540,4399"
1539,1539,"6220,544,9072,9942,5303,89,9799,5545,13296,1978"
1559,1559,"2140,6971,5303,2218,12990,8562,5532,1290,5485,13296"
1572,1572,"5545,7707,6220,3870,8562,13296,1978,3950,10326,2218"
1573,1573,"13296,6220,8421,4277,5303,10326,851,5545,1210,1978"
1601,1601,"1290,4576,7120,4664,13296,12030,5545,6220,2343,13101"
1603,1603,"3950,1328,1377,5545,1978,3870,2218,6220,5610,7707"
1604,1604,"3870,1978,9072,8421,7707,5545,13296,10326,6220,2218"
1613,1613,"1290,4576,7120,4664,9962,789,10607,10674,10389,296"
1634,1634,"2140,12990,5545,10326,1978,2218,13296,6220,9968,3950"
1642,1642,"6971,10326,5545,8421,2140,5303,8562,12990,4679,3950"
1643,1643,"5135,789,1290,9962,7120,2916,4929,3697,10663,4576"
1654,1654,"3950,4277,8562,6220,2140,3870,5545,13296,5532,12331"
1657,1657,"1290,4576,7120,10607,1779,10674,1851,7679,11024,4664"
1674,1674,"2343,5303,89,4277,9072,7707,4117,1290,5545,8562"
1702,1702,"3950,10326,7138,6220,4277,8421,5303,6971,8562,12990"
1719,1719,"6402,6306,6060,3950,5105,8540,5760,6011,2380,10352"
1725,1725,"5303,2218,6220,2140,2343,4679,10326,5999,5545,3950"
1726,1726,"6971,1290,8421,8562,8922,10326,13296,12030,5545,13101"
1728,1728,"4576,11969,11298,6610,11918,4664,1779,4216,12903,4036"
1735,1735,"8235,2218,8922,5999,10326,13296,10835,5545,2140,9799"
1739,1739,"1290,7120,5135,10663,3697,13101,4929,6243,12497,4387"
1774,1774,"8421,10326,9072,3950,5199,7707,5545,1978,5485,13296"
1780,1780,"5545,1978,6220,13296,2218,2343,10326,7707,9072,4277"
1799,1799,"5532,8421,5545,10326,3950,2218,6220,1978,2140,13296"
1813,1813,"8562,13296,10835,2140,2218,6220,2343,5545,2380,10326"
1834,1834,"3950,12990,10835,12857,8421,8562,6220,2380,6971,4798"
1835,1835,"5545,10326,3950,2218,6220,8562,1978,7063,3870,9072"
1841,1841,"1290,10663,3697,296,4929,2916,12497,9295,9962,5135"
1863,1863,"5545,1978,12611,2218,6220,350,13110,2140,1210,9178"
1878,1878,"4413,12857,3950,5610,10326,5545,2218,8562,2291,7063"
1879,1879,"5999,8421,10835,6220,331,11357,7707,10326,13296,5545"
1910,1910,"1290,10663,7120,13101,12497,6243,3697,12030,296,13309"
1911,1911,"2380,6971,11384,3950,220,5545,10326,6220,2218,5303"
1919,1919,"9942,5545,1978,2218,6220,11969,9072,2343,13296,4277"
1925,1925,"4163,2957,1290,4216,83,10607,10674,5135,7120,1851"
1926,1926,"10607,789,9962,11298,5135,1290,4664,7120,11024,9295"
1931,1931,"6402,10352,6060,5105,8540,5760,6011,5027,6150,6640"
1940,1940,"4798,13296,5303,2140,4277,10326,6971,8421,2218,12990"
1968,1968,"10326,6220,5303,4277,8590,9072,4798,851,8562,331"
1981,1981,"7707,10326,10916,3950,8421,5303,6971,2140,4798,12990"
1992,1992,"8235,5303,8421,851,10326,13296,5545,6220,2218,2343"
1998,1998,"789,11024,11298,9962,9730,1290,4664,10674,10607,9295"
2000,2000,"1290,5135,7120,4929,10663,13309,13101,3697,6243,296"
2017,2017,"6515,331,6971,8421,851,4798,12990,13296,4277,6220"
2036,2036,"5545,8235,5875,6402,11590,13191,4256,8540,10107,6659"
2044,2044,"13296,5303,10326,5545,3950,2218,6220,11572,2140,8562"
2047,2047,"789,1290,10607,5135,4929,4664,9962,11298,7120,13309"
2052,2052,"2769,5760,10009,7679,247,1821,5105,6060,6082,3464"
2055,2055,"6060,5760,449,5105,1213,6011,10352,6150,5027,10441"
2069,2069,"2218,13296,6220,5545,10835,1978,10326,3950,9072,4277"
2075,2075,"5303,3870,1210,1978,9072,10326,5545,13296,5999,3950"
2089,2089,"8421,13346,10326,3950,5545,2218,1978,5303,2140,13296"
2093,2093,"13296,2140,10326,6220,8421,1978,9072,5532,5485,5545"
2127,2127,"6220,2140,4798,851,12990,7063,7138,10326,5303,13296"
2135,2135,"6220,3950,7707,5545,5199,1978,2380,2990,2218,10326"
2137,2137,"5545,13296,6220,3950,10835,2140,5303,5485,8235,1978"
2141,2141,"13296,6220,2218,12665,10835,13110,3428,5545,1978,11772"
2147,2147,"6220,1290,4576,6610,4664,9962,2989,7120,789,10607"
2150,2150,"10326,13296,2218,8590,2140,1290,5545,8562,1978,6220"
2153,2153,"5303,4798,8562,851,12990,4277,2140,6220,331,9580"
2158,2158,"7120,5135,789,1290,13309,4929,11775,9962,296,4664"
2178,2178,"6220,13296,8562,6971,9072,7707,10326,12680,5545,2218"
2180,2180,"6011,5760,6150,10441,6402,6060,10352,5027,6306,6952"
2181,2181,"2989,3464,1290,11775,10674,10607,7679,9730,4576,4664"
2193,2193,"3870,220,3428,3950,4602,5545,2218,7723,1978,10326"
2216,2216,"331,8421,3950,851,4679,10326,10916,11384,5545,13296"
2224,2224,"10835,2343,8562,10326,5545,6220,13296,2218,4277,5303"
2231,2231,"13296,2343,6971,5545,8235,13191,6220,8922,2218,1978"
2242,2242,"10835,5545,6220,13296,2218,1978,2343,11969,12665,544"
2243,2243,"12990,10835,4117,7707,5199,8590,5532,331,13296,2822"
2247,2247,"1017,3509,5545,1978,2218,5482,6220,3238,9942,8188"
2262,2262,"10607,296,4664,3697,11024,789,4576,1290,9962,7120"
2271,2271,"5545,2140,12665,2218,1978,5303,6971,7707,13296,5485"
2284,2284,"3950,8421,6971,13346,10326,2789,2567,9449,5545,4101"
2287,2287,"3950,10326,5545,6220,2140,2218,5303,13296,6971,8235"
2291,2291,"5999,2140,5303,6971,4277,8590,8562,10326,13296,5545"
2293,2293,"7120,789,1290,4576,9962,11024,4664,13296,2916,5135"
2294,2294,"8421,6220,2218,12990,6971,7063,4679,10326,2291,5999"
2301,2301,"2140,6971,5999,6220,8421,7707,10326,5485,13296,2789"
2310,2310,"13296,6220,12665,1978,4277,12990,5199,8922,5545,8421"
2341,2341,"6971,5303,331,10326,13296,851,8421,4798,9799,2789"
2345,2345,"789,5135,11298,9962,1290,4576,9732,4664,11024,7120"
2348,2348,"1290,7120,10607,296,4929,3697,9295,789,5135,10663"
2349,2349,"4117,5999,5532,6971,8421,8562,12990,785,2571,10326"
2350,2350,"5303,6971,2140,5545,6220,8421,1290,5485,13296,10326"
2355,2355,"10326,851,4277,8421,12990,4798,331,13296,2380,9580"
2383,2383,"11590,1377,5545,3950,6402,3870,7707,6060,1978,6220"
2393,2393,"2291,13214,4877,9306,5303,7063,3870,3950,9771,10326"
2399,2399,"789,7120,5135,9962,10663,4929,12497,13101,2916,12030"
2421,2421,"2343,8235,10835,2140,5303,5532,8562,5199,5545,10326"
2435,2435,"5545,8235,1978,6220,2218,2343,7707,9072,13296,11969"
2448,2448,"2140,13296,8590,5485,8421,10326,9668,8703,2218,6220"
2452,2452,"10663,789,1290,5135,7120,13309,2916,4929,12497,296"
2464,2464,"10835,4117,5532,2140,7707,6971,3870,11357,10326,2822"
2470,2470,"10326,5545,3950,2218,6220,5303,2140,13296,1978,8562"
2478,2478,"5303,5999,10835,12026,2789,2140,851,4413,9799,10326"
2506,2506,"3870,4277,1210,8562,5545,1978,9455,2218,6220,10326"
2523,2523,"8562,3870,5545,3950,8235,13191,5875,2218,1978,10326"
2527,2527,"1290,13101,4929,12497,8567,5573,789,5135,7120,10663"
2528,2528,"5303,4277,8421,6220,7063,7138,10326,3950,5545,12857"
2530,2530,"13296,1210,10326,11000,5545,2218,1978,6220,3950,2140"
2533,2533,"5545,2140,6220,5303,6971,10326,11384,13310,3950,13296"
2540,2540,"8562,7707,5545,1017,3950,1978,6982,2990,6220,2218"
2558,2558,"3950,8235,4277,10835,2380,10326,2567,4413,5999,5545"
2559,2559,"6011,6060,10352,5760,4832,10441,5105,6402,8540,5027"
2592,2592,"10326,3950,2218,5545,6971,4277,5303,7707,3870,4798"
2599,2599,"8421,7707,1017,4679,10326,3870,5545,13296,6220,1978"
2608,2608,"13296,6220,4277,2343,5303,5545,12990,8421,1978,10326"
2613,2613,"1290,789,5135,11298,9962,10607,7120,4576,9295,3697"
2616,2616,"8421,10326,3950,5545,2140,9454,2218,5303,6220,8562"
2617,2617,"2140,5545,10326,13296,2020,1978,2218,6220,7713,9072"
2619,2619,"3950,6220,13110,5545,1978,177,7723,12331,10326,2218"
2622,2622,"789,5135,1290,7120,13309,11298,3539,6610,11024,4664"
2629,2629,"10607,10389,4576,789,9962,5135,1290,7120,1244,13309"
2648,2648,"789,1290,9962,7120,4576,6610,10663,1244,296,3697"
2654,2654,"6220,2140,4798,5303,8235,560,10326,11194,13296,9668"
2668,2668,"4576,5976,10429,3487,2989,2769,3464,7679,9564,12339"
2703,2703,"5545,1978,13346,2218,10326,6220,9942,9072,13110,3870"
2710,2710,"10326,4277,5303,2140,6971,3870,5545,13296,6220,2218"
2713,2713,"5303,10835,2140,13296,8562,5545,6971,12990,3870,10326"
2722,2722,"7120,4929,789,10663,5135,13101,12497,2916,12030,296"
2724,2724,"1290,7120,4929,10663,12497,2916,8567,3697,12030,6243"
2727,2727,"13296,5303,5545,10326,2218,7707,9072,4277,1978,6220"
2755,2755,"1290,10607,10674,11298,4576,9730,4664,4216,13431,1851"
2769,2769,"5545,6220,2218,1978,2343,7707,13296,9942,8188,9072"
2776,2776,"5303,11357,5999,6971,8161,9580,4117,10835,10326,2789"
2781,2781,"1290,5135,7120,10663,4929,3697,12030,10607,2916,296"
2782,2782,"1290,7120,10607,5135,13309,296,10663,4929,3697,789"
2789,2789,"10835,5303,5199,2218,8421,6971,8590,4679,5532,5545"
2794,2794,"10326,2218,5545,5303,6220,2140,4277,1978,8421,13296"
2804,2804,"2218,5545,13296,10326,1978,6220,10835,3016,2343,11615"
2819,2819,"6220,5999,6971,2380,331,9799,12990,13296,10326,10835"
2846,2846,"7637,9799,6971,8703,4698,9937,2140,9668,6220,10835"
2851,2851,"9942,4277,5545,13296,1978,2218,10326,6220,2343,12665"
2861,2861,"3428,5545,13296,6220,2218,10326,1978,2343,9072,7707"
2862,2862,"1863,4576,13296,1290,7120,11024,1779,3487,5545,6220"
2867,2867,"1377,1328,5545,6402,1978,4256,13110,350,3870,6060"
2873,2873,"9072,4277,11969,8562,8590,5545,13296,10326,2218,1978"
2880,2880,"6220,1290,6971,13296,7707,9799,4576,2218,89,4413"
2881,2881,"2140,8421,12990,10326,5545,13296,4798,1978,2218,6220"
2886,2886,"2140,1978,2218,9072,5303,7707,5545,8562,10326,13296"
2891,2891,"10835,10326,8421,6220,3950,4277,2380,1978,5999,331"
2908,2908,"2140,8421,10326,6971,4277,5303,12665,7120,8562,13296"
2910,2910,"2218,12665,4576,7679,4664,5545,13296,2020,3487,1978"
2915,2915,"3950,10326,3870,8421,5545,13346,1978,6982,2218,3577"
2935,2935,"7707,5303,8562,9937,5545,5149,1978,3088,6166,13296"
2946,2946,"6971,4576,1290,8590,10674,7120,10835,13296,9799,5545"
2948,2948,"4576,10607,1290,10389,10137,7120,2989,10674,4664,5135"
2969,2969,"2218,2140,2291,7707,4798,10326,3950,3055,5999,12793"
2979,2979,"789,6610,4163,2957,83,11024,1851,10607,10674,9962"
3036,3036,"2769,7220,5760,10009,4619,363,11334,5105,10739,10441"
3050,3050,"10835,9072,8421,7707,13346,3870,10326,5545,11384,13296"
3056,3056,"6815,8540,6402,10352,6011,4399,6306,6060,5105,5760"
3061,3061,"10326,8421,4277,5303,1978,2140,6220,2218,8562,12990"
3066,3066,"7707,6971,6220,12665,1978,2140,10835,8235,4277,8590"
3069,3069,"5303,2218,13296,5199,8421,5532,11384,10326,5545,1978"
3094,3094,"2140,9580,4798,4277,5303,851,1978,9072,6971,8421"
3106,3106,"4256,6011,10352,6306,4399,6060,5027,5105,8540,6952"
3110,3110,"1290,7120,4576,13296,4664,13101,5545,10326,6220,10835"
3115,3115,"5532,5199,4053,5545,13296,2822,1978,10326,11357,6220"
3136,3136,"2140,6220,6971,7723,9799,7707,8562,4413,4277,1290"
3159,3159,"4256,6402,10352,6011,6659,1377,11771,6060,11590,5027"
3166,3166,"13296,2140,9072,10835,4277,2218,1290,5485,12990,544"
3172,3172,"789,1290,13309,5135,9962,296,12497,10607,3697,7120"
3200,3200,"5545,1978,10326,2218,6220,9072,13296,9942,2343,4277"
3217,3217,"1210,13346,5545,1978,3950,2218,10326,6220,3870,7707"
3218,3218,"6060,2769,789,5760,1290,5105,10352,6011,5135,6082"
3229,3229,"4798,8421,7138,13346,10326,8161,10916,851,5303,6971"
3230,3230,"2140,10326,5303,9072,8421,5545,13296,1978,1912,6220"
3274,3274,"7063,5303,8421,4798,8562,1912,4277,8161,10326,10916"
3285,3285,"10326,350,8421,5545,1978,13296,2218,6220,4277,9072"
3316,3316,"6220,13296,2380,5303,4277,8562,10326,11384,5545,4413"
3319,3319,"8421,851,10326,9580,331,13296,4277,11843,12990,8161"
3323,3323,"8421,4798,5199,5545,5999,9072,10916,7707,331,10326"
3346,3346,"10607,4576,1290,11298,7120,789,10674,5135,6971,4664"
3354,3354,"5545,1978,2218,6220,13296,7707,9942,9072,2343,350"
3368,3368,"2218,5545,8421,8562,4277,7707,12990,11384,6971,13346"
3374,3374,"5545,13296,2218,544,7707,2140,12665,13110,6971,12680"
3391,3391,"8562,2140,13296,6220,4277,1017,5545,4679,1978,2218"
3397,3397,"8235,8562,10326,6220,7707,3870,3950,4413,5545,13296"
3404,3404,"5545,3950,6220,2218,10326,3870,7707,8235,8562,1978"
3408,3408,"6971,5303,851,8421,5999,10835,4117,7707,10916,10326"
3416,3416,"5303,2343,10835,8922,6529,10326,8354,13296,6971,9799"
3422,3422,"6971,13296,10326,6220,9799,1290,8922,7707,7637,8562"
3423,3423,"7707,8562,2140,2218,9072,5545,5303,5199,10326,13110"
3426,3426,"6971,1290,13296,2218,7120,8922,10326,4929,5303,3515"
3436,3436,"6220,13296,8562,5545,10835,6971,8421,5485,10326,1978"
3448,3448,"6220,3950,5545,10326,811,6166,1978,1912,13296,2218"
3464,3464,"5545,6220,8562,1210,3950,1978,2218,10326,7707,8161"
3472,3472,"789,1290,5135,7120,10607,10663,2916,296,9962,3697"
3477,3477,"6971,5545,13296,6220,5303,2140,8562,9072,7707,5485"
3488,3488,"13296,2140,5303,4277,9072,6971,10326,5199,13310,5545"
3497,3497,"331,10326,8421,13296,851,10916,5545,6220,5303,2140"
3504,3504,"7120,789,4664,4576,1290,11298,5135,10607,7637,296"
3517,3517,"2140,5303,6220,3870,11540,6971,12990,8235,12793,4679"
3538,3538,"2140,5303,8161,8421,2380,6971,2291,9580,851,10916"
3544,3544,"10326,3950,10835,5545,13296,1978,2218,6220,2343,9072"
3547,3547,"6220,13110,5545,3950,1978,11000,10326,2218,8421,3870"
3569,3569,"10835,6220,10326,13296,5303,4277,8421,4117,7707,8590"
3570,3570,"6402,6011,10352,8540,5027,4399,6306,10078,4029,6060"
3575,3575,"350,5545,1978,6220,2218,9072,13296,11969,1210,4277"
3579,3579,"13296,4277,6220,331,12665,7707,6971,5545,6433,10326"
3588,3588,"1290,7120,789,4576,5135,11775,10607,296,11298,10674"
3592,3592,"7047,2769,3487,5105,3464,4576,10009,7679,11298,9732"
3617,3617,"2140,9580,8562,10326,10916,13296,851,5545,4277,5303"
3632,3632,"8235,6220,7707,5545,10326,3950,13110,13296,1978,7723"
3650,3650,"2140,3950,7063,10326,383,2291,2065,13214,5946,8562"
3654,3654,"10326,2140,6971,12990,8421,8562,2218,9580,7138,11843"
3656,3656,"10974,6402,8540,10352,6952,4256,6011,6060,5027,5105"
3678,3678,"5135,789,7120,1290,10663,3697,13101,12030,11117,9962"
3681,3681,"10974,13111,6402,10352,6060,6011,5027,8540,6952,4399"
3683,3683,"4798,851,4413,331,11282,10594,11540,10326,8562,2789"
3685,3685,"851,5545,331,2140,1978,2380,6971,2218,4798,12990"
3699,3699,"2769,3464,5760,5105,1213,162,6060,6011,6082,11771"
3707,3707,"2218,5545,13296,10326,6220,10835,1978,2343,11795,9072"
3731,3731,"9072,12990,8421,8590,5485,331,4798,13296,5545,6220"
3737,3737,"8421,5303,851,4277,331,8590,13346,10326,4679,1978"
3739,3739,"2140,10326,7707,8562,5303,5545,13296,6166,3950,8235"
3744,3744,"3950,8235,2218,13296,5545,10835,6220,2380,2140,8421"
3753,3753,"3950,8421,851,10326,10835,6971,4798,9072,7707,9580"
3778,3778,"8421,6220,2380,2218,8562,1978,10326,5303,5545,2140"
3786,3786,"3950,6220,13296,2140,8562,9942,10326,8421,5545,4277"
3790,3790,"5199,5545,11194,13296,6220,10326,220,2218,1978,4277"
3804,3804,"4277,5545,10326,1978,2218,6220,3950,13296,9072,2140"
3805,3805,"7707,6971,5303,8562,8421,1210,5485,5545,13296,3870"
3819,3819,"2218,10835,8421,5199,8562,10326,13296,7707,4277,8590"
3827,3827,"449,6060,6011,5760,8540,5027,10352,5105,6082,8911"
3829,3829,"5303,6971,10326,851,8421,2789,4798,4277,12990,8562"
3841,3841,"3950,2140,8421,8562,2343,4277,5545,10326,4413,5303"
3849,3849,"5135,789,9962,10607,10663,4929,6811,13309,1290,7120"
3928,3928,"789,1290,5135,9962,7120,10607,13309,296,9295,2916"
3988,3988,"10674,9732,4216,5135,9962,2957,11298,4664,1290,10389"
3994,3994,"2218,3428,5545,1978,6220,11969,2343,8188,9942,13296"
3998,3998,"1978,3950,4277,13346,4798,5545,10326,7079,2218,3799"
4012,4012,"3950,11622,5610,10326,5545,4602,4053,3340,9306,2218"
4021,4021,"5303,5999,2343,2140,8421,6971,10835,4277,10326,331"
4022,4022,"851,4277,12990,331,9580,13296,6971,9799,2140,5303"
4047,4047,"5545,2020,5149,12663,3487,6220,8981,8703,2218,5976"
4073,4073,"6971,6220,10326,2140,13296,7706,7637,5545,9668,5303"
4099,4099,"5303,4277,2343,8421,3870,4679,1978,5545,13296,10326"
4100,4100,"6220,89,1863,3487,2989,4576,2822,13296,4117,4053"
4120,4120,"13296,1978,3950,6220,4117,8562,8421,3870,5545,2380"
4126,4126,"789,5135,13309,1290,7120,10663,12497,10336,4929,9866"
4136,4136,"10835,9799,2218,5199,10326,13296,6529,5545,2140,5303"
4160,4160,"2957,4163,1290,1851,83,1558,10607,789,4216,4576"
4173,4173,"10607,4576,1290,7120,1244,296,10674,10648,9962,789"
4177,4177,"6326,8421,12990,4798,8562,7707,4315,10326,5545,13296"
4183,4183,"10326,4277,851,8421,12990,331,9580,5303,6971,4798"
4191,4191,"5545,1978,2218,4256,350,13110,6402,8188,6220,9178"
4195,4195,"2140,4798,10326,10916,8421,13296,5303,6220,8562,6971"
4213,4213,"1290,6220,7120,6971,544,2343,8590,2140,4664,13296"
4226,4226,"9072,2140,5303,5545,13296,1978,6220,2218,10326,2343"
4227,4227,"1290,7120,10607,4576,9962,789,4664,11024,5135,10674"
4232,4232,"2218,7707,3870,3950,10326,2990,2140,5545,9306,8235"
4255,4255,"5303,4277,9072,8421,1210,5545,11384,13296,10326,4679"
4258,4258,"10663,6243,11117,5303,8922,1290,2218,4576,5135,6971"
4274,4274,"1328,11590,7707,5545,3870,1978,1377,6402,851,3950"
4289,4289,"4576,7120,1290,6220,8590,10607,6610,13296,5545,12665"
4295,4295,"8421,4277,3870,10326,5545,13296,6220,1978,3950,2218"
4300,4300,"6220,3950,1978,3870,13110,8562,5545,13296,9799,10326"
4334,4334,"220,5545,1978,3950,2218,6220,10326,7707,3870,350"
4361,4361,"8421,3950,8235,5545,13296,8562,10326,2140,4413,2789"
4377,4377,"2140,3950,10326,8421,4798,5545,11000,811,10916,1978"
4412,4412,"7120,1290,296,9295,789,10607,5135,10663,4929,3697"
4415,4415,"6402,8540,4256,5545,6060,5760,9375,10352,5105,11590"
4424,4424,"7723,4413,2291,2140,6220,2990,3950,8235,10326,4101"
4425,4425,"4277,8421,4798,13346,11384,10326,11000,5545,2218,6220"
4430,4430,"5303,3950,13296,10835,2218,2140,3870,5545,1978,10326"
4433,4433,"4413,6971,10326,5303,2140,9799,7707,2990,2789,5549"
4436,4436,"13110,6402,6060,8540,4256,5545,5027,5105,7439,6659"
4458,4458,"10326,5303,4798,9072,13346,3950,5545,2140,6220,2218"
4461,4461,"5545,3487,1377,6060,9375,6659,2218,2769,1978,6220"
4488,4488,"4602,5545,8421,8235,8562,2789,2567,4413,6326,13296"
4497,4497,"1290,7120,4929,10663,4576,13101,6243,12497,2916,8567"
4498,4498,"5545,2140,5303,1978,10326,2218,8421,12990,3870,811"
4504,4504,"5027,6952,13111,2770,1377,1796,6402,8540,4398,6060"
4510,4510,"296,4576,1290,10607,7120,4664,789,8590,10674,13296"
4512,4512,"449,6060,6402,6011,10352,5760,8540,5027,5105,8911"
4513,4513,"2140,10326,6220,8562,4277,5303,8421,4679,5545,9942"
4516,4516,"1290,789,9962,5135,10663,3539,10607,6811,7120,13309"
4526,4526,"6220,5545,10326,7707,4277,2218,9942,13110,8562,3870"
4528,4528,"5545,3950,7707,5303,1978,3428,10326,2789,6220,2218"
4542,4542,"3950,8421,12990,8562,7707,8235,4277,6326,5545,2567"
4559,4559,"789,1290,3697,5135,9962,7120,11298,13309,4576,296"
4572,4572,"2218,8235,8421,9580,10326,3950,6971,2140,2291,11540"
4575,4575,"5303,5545,6971,2140,2218,10835,4277,8562,7707,10326"
4583,4583,"8421,811,1978,12990,4679,10326,4798,5545,13296,2218"
4602,4602,"2218,5303,6971,8562,5545,13296,10326,1978,6220,4915"
4608,4608,"789,7120,9962,10389,6610,11024,13309,10663,10607,1290"
4609,4609,"2140,5545,10326,13296,3950,6220,2218,11772,1978,9257"
4626,4626,"2140,13296,8421,3950,1978,8235,4277,5303,9942,10326"
4642,4642,"6220,2822,5545,8279,11357,4053,1978,2218,2443,10835"
4653,4653,"6220,5303,2140,6971,8235,5199,13296,10326,5485,12680"
4664,4664,"4576,1290,6610,789,7120,5135,9295,296,11298,9962"
4665,4665,"1290,12497,4929,5573,7120,10663,12030,13101,3697,1244"
4672,4672,"10607,1290,7120,4664,4576,9295,10389,11024,11298,11775"
4680,4680,"5027,8540,6060,10352,6952,5760,6011,4256,6306,10974"
4705,4705,"8562,8421,10326,10835,2789,12990,4798,13296,5303,5545"
4707,4707,"2218,5303,7723,5545,13296,10326,1978,6220,2343,10835"
4711,4711,"2140,5545,1978,5199,10326,13296,2218,6220,4277,3950"
4732,4732,"2218,2343,5545,1978,6220,13110,1210,8188,350,5303"
4734,4734,"1290,7120,10663,4929,3697,4387,6243,5573,12497,2916"
4735,4735,"1290,7120,8590,1863,10429,4576,7637,3487,13296,2989"
4749,4749,"6220,1978,8590,5545,5485,6971,12665,10326,1290,8421"
4751,4751,"2789,5999,2567,6971,8421,11843,331,8235,8161,8922"
4762,4762,"2789,5999,4798,2140,2218,10835,6971,2380,10326,13346"
4767,4767,"6220,2218,6971,7637,13296,3487,4576,2343,8703,4664"
4771,4771,"8421,8562,13346,6220,10326,2218,5303,2140,7707,4798"
4773,4773,"2140,5545,6220,4277,7707,5303,8562,3870,5532,10326"
4776,4776,"12665,5545,1978,2218,13296,6220,7707,9942,9072,13110"
4783,4783,"13110,4256,6402,5545,6220,6659,11590,10352,11771,7707"
4788,4788,"6971,2140,4798,10326,5545,6220,1957,13296,10340,2218"
4808,4808,"1328,6220,5545,1978,2218,350,13110,9178,3428,1210"
4810,4810,"13296,6220,2218,12990,8421,6971,7063,4679,4413,10326"
4818,4818,"8562,4679,5303,8421,5545,10326,3950,1978,11843,2218"
4823,4823,"5545,1978,2218,6220,7707,9072,9942,13110,8188,2343"
4829,4829,"5545,3950,1978,2218,6220,10326,3870,8562,7707,220"
4842,4842,"6220,3950,2140,5303,8421,12990,5545,10326,13296,5199"
4859,4859,"6220,2343,3870,7707,13110,5545,2218,5999,1978,3950"
4866,4866,"12030,2885,1290,7120,5135,9962,1244,3697,9295,4576"
4881,4881,"4277,4798,7707,10326,13296,8421,6220,2343,7138,4679"
4908,4908,"2291,2140,6971,4798,3950,10326,8235,11540,383,9799"
4910,4910,"789,1290,9962,4929,13309,2916,12497,13101,12030,6243"
4922,4922,"5545,6220,7707,6971,7063,10326,13296,1978,2218,5303"
4942,4942,"3487,3464,4576,5545,2343,11969,13296,6220,544,4664"
4976,4976,"8421,4277,331,10326,11843,13296,2140,5545,2218,6220"
4993,4993,"4576,1290,4664,7120,13296,2020,6220,8590,1863,3487"
4995,4995,"8421,10326,5303,4277,12990,331,4798,10916,8562,13296"
5020,5020,"6011,5760,5105,6082,449,10441,6306,6060,162,10352"
5040,5040,"2218,8562,6220,2140,8421,5545,10326,5592,3950,4679"
5048,5048,"5303,8421,2140,4679,10326,37,3950,9306,5545,2291"
5058,5058,"2343,5532,10326,10835,5545,13296,1978,5422,3950,6220"
5067,5067,"13296,7063,10835,5545,10326,1978,2218,6220,2140,3950"
5087,5087,"5999,5532,6220,8421,1978,4277,6971,4117,7707,12990"
5090,5090,"8562,3055,4277,4413,3870,2343,10326,13296,5875,5545"
5102,5102,"2218,10326,5545,3950,1978,6220,8165,13296,2140,7707"
5103,5103,"2140,6220,4277,6971,2380,7707,8562,331,9799,13296"
5105,5105,"4576,2218,1863,5545,7637,2020,13296,3487,6220,544"
5108,5108,"3950,2789,2140,5999,7063,10326,8161,10916,7707,5303"
5119,5119,"4277,5545,1978,2218,10326,6220,9942,9072,9341,12404"
5120,5120,"4576,789,11298,1290,7120,10389,10648,11024,4664,9295"
5124,5124,"8421,3870,3950,5545,350,5610,10326,1978,2218,11282"
5132,5132,"8562,5303,2218,4798,8421,2291,10326,6326,3950,10916"
5138,5138,"6402,5545,1978,2218,6220,3950,13110,3870,3992,350"
5144,5144,"4277,5303,10326,331,3950,8421,2343,6220,1912,12990"
5159,5159,"4277,10326,8421,12990,13296,3950,6220,6971,8562,5545"
5167,5167,"2218,11590,6402,4256,5545,1978,13112,6220,3428,7914"
5175,5175,"3950,10326,2140,9306,8421,11000,4277,5545,12857,2218"
5176,5176,"1290,10607,4576,7120,5135,9962,6610,789,4664,11298"
5185,5185,"3950,8235,5545,2218,2140,4277,7707,6971,5303,4413"
5189,5189,"3950,8421,12990,8235,6971,2140,4798,2380,4277,10326"
5191,5191,"8235,5303,851,8562,5999,10326,3950,13296,5545,2140"
5206,5206,"2140,1978,9072,5303,5485,5545,13296,10326,6220,8043"
5213,5213,"5303,2140,4277,3870,5545,10326,13296,1978,3950,6220"
5224,5224,"851,12990,331,13296,10326,4277,5303,2140,4798,11843"
5226,5226,"10835,2140,6971,5303,7707,13296,10326,5545,4101,6220"
5241,5241,"789,5135,9962,1290,13309,7120,10336,10663,11298,296"
5264,5264,"11298,1290,5135,4576,6610,789,9962,296,4036,3697"
5268,5268,"5303,2140,6220,4277,10326,8421,9799,8235,8562,5999"
5270,5270,"8562,9799,6220,2789,2380,2218,9580,10326,4698,9668"
5287,5287,"2218,10326,9942,3950,6220,2140,6971,8575,5303,8562"
5314,5314,"3870,2218,6220,7707,9072,12665,8590,6971,5545,13296"
5318,5318,"1290,7120,4576,2916,4664,789,296,10607,9295,10322"
5326,5326,"5303,13296,5149,5545,6166,8981,9668,12622,3088,10326"
5336,5336,"8421,13346,10326,3950,2218,5303,2140,6220,8562,5545"
5343,5343,"10607,11298,6610,11024,10674,5135,789,13309,9730,2989"
5347,5347,"13296,6220,10835,7707,5545,9942,6971,10326,1978,2218"
5354,5354,"13214,9306,2140,8421,3950,10326,2291,9580,12990,11540"
5356,5356,"2789,4798,10326,8235,9799,8421,5303,4277,10835,4413"
5367,5367,"9962,4576,1290,4664,7120,10607,10674,11298,6610,2989"
5373,5373,"8562,7707,5303,9072,3950,5545,13346,10326,5292,13296"
5385,5385,"6220,13296,5303,8421,12665,5545,10326,6166,4698,1978"
5458,5458,"2218,10326,3950,5545,6154,6220,2140,5303,7723,1978"
5463,5463,"5303,5545,4277,6971,6220,8562,2140,8421,9799,1290"
5471,5471,"10607,11298,10674,4163,4216,11024,2957,4664,2769,3464"
5476,5476,"5303,10326,2140,6220,10835,12990,4798,5999,275,5545"
5484,5484,"3950,2140,5303,7063,8421,12404,4679,4798,3870,6971"
5508,5508,"789,9962,5135,1290,7120,10607,4576,12497,1244,11024"
5513,5513,"5303,13296,10326,4277,9072,11969,8562,12990,3870,5545"
5520,5520,"4277,6220,331,12990,10326,1978,8421,9072,13296,5545"
5524,5524,"13296,6220,3870,10835,6971,13110,10326,1978,2218,3950"
5539,5539,"5545,6971,3950,10835,8235,5303,5199,10326,2789,6220"
5554,5554,"11000,11384,5545,1978,2218,10326,6220,3950,3870,8562"
5564,5564,"4798,5999,4277,6326,10326,12857,5303,2140,12990,331"
5595,5595,"2140,8161,8421,5999,7063,10326,3506,2291,7824,13296"
5601,5601,"10326,6971,8421,5303,4277,10835,8161,8562,275,13296"
5602,5602,"6971,10326,5303,9072,5199,5545,1017,4798,10594,13296"
5618,5618,"5027,10352,6306,6952,1377,6402,5826,9817,6060,8540"
5643,5643,"8235,5999,2218,9799,10835,10326,2789,11357,851,8922"
5644,5644,"2140,5545,10326,13296,6220,5303,4277,4798,1978,1996"
5651,5651,"2140,10326,2343,8590,8421,5199,1017,5545,13296,4679"
5655,5655,"8562,7707,3870,6971,5545,10326,3950,13296,1978,6220"
5658,5658,"8421,9580,8161,4101,5999,4798,11282,6166,2199,2789"
5660,5660,"13296,5545,1978,5497,1286,6220,2218,9072,2343,4277"
5662,5662,"6971,10326,5303,6220,9072,13296,5545,1978,10835,4277"
5670,5670,"6220,8421,4798,5545,10326,3950,13296,8018,1978,2218"
5676,5676,"789,9962,13309,1290,11298,3697,4929,10607,7120,10336"
5680,5680,"6220,5303,9799,7707,8235,10326,13296,2140,5545,10082"
5698,5698,"2343,8590,5532,544,11969,9072,5303,1290,5545,13296"
5710,5710,"5999,4117,8590,10835,8421,7707,5199,13296,11357,10326"
5723,5723,"4576,10607,1290,11298,789,7120,9962,11024,6610,5135"
5742,5742,"10835,2140,5545,13296,1978,10326,2822,4743,6220,2218"
5748,5748,"2140,6220,8421,4798,5545,6971,3870,10326,11384,13296"
5750,5750,"8235,10326,4277,2140,8421,8562,6971,7707,331,13296"
5787,5787,"3950,13346,13296,8421,11384,10326,5545,6220,2140,5303"
5798,5798,"5303,2140,12990,5545,10326,1978,13296,2218,3950,6220"
5799,5799,"2291,9306,2140,5303,7063,3950,10326,383,11540,2300"
5815,5815,"789,9962,13309,1290,10336,9866,13101,10663,4929,3697"
5822,5822,"2218,10326,13296,2140,9072,6971,4798,8590,5545,5303"
5834,5834,"8421,13296,8562,5485,10326,9799,5545,10835,6220,1978"
5846,5846,"2218,6971,10835,2140,8421,2380,4798,7707,11384,10326"
5858,5858,"6220,5303,5999,6515,11726,10326,4413,4436,5700,851"
5882,5882,"5545,13110,2218,3950,2140,8421,12665,12990,7707,8562"
5892,5892,"4602,8562,10835,2567,5545,9449,1978,13296,2380,11784"
5897,5897,"5303,8421,851,12990,3950,6971,2380,10916,9580,10326"
5898,5898,"9306,6220,3950,5610,5545,7723,10326,2218,3870,8562"
5902,5902,"3950,3992,13346,5545,220,1978,10326,2218,6220,5149"
5919,5919,"6220,4576,1290,8590,6971,7120,10663,10674,3697,89"
5934,5934,"3950,4798,8421,12990,8562,9580,4315,10326,10916,5303"
5946,5946,"7120,789,5135,9962,1290,13309,9295,10607,4929,10663"
5965,5965,"8235,6971,10835,2218,2343,10326,5532,8590,5545,3950"
5995,5995,"3950,10835,11384,2343,8235,5545,10326,1978,1100,2218"
6005,6005,"6220,8590,13296,1978,10835,7707,9072,12990,5199,5532"
6006,6006,"6220,5999,5303,8235,6971,4413,7707,10326,3950,5545"
6013,6013,"11843,4277,331,10326,2140,5303,12990,8562,4798,851"
6016,6016,"8421,6220,13346,10326,12857,10916,11540,3950,5545,2218"
6023,6023,"7120,10663,789,13101,6243,12497,12030,8567,5135,3697"
6052,6052,"3950,4117,8421,10326,2140,6971,5303,2380,7707,2218"
6056,6056,"10835,5199,8562,5545,4117,5532,13296,11357,4053,2822"
6059,6059,"10326,8421,5303,12990,5545,1978,13296,2218,6220,4277"
6064,6064,"4117,10835,8562,5303,5999,2140,8235,10916,11357,10326"
6091,6091,"6220,5999,8235,10835,5199,9799,2789,5303,4277,2218"
6112,6112,"7120,789,5135,296,10607,4576,9295,11298,9962,10674"
6133,6133,"10326,5545,5303,2140,6220,4277,6971,7707,8590,7063"
6150,6150,"9306,13346,4798,5999,10326,3950,5545,2218,2140,8235"
6155,6155,"5545,10326,3950,13346,13296,2218,1978,6220,2140,5303"
6157,6157,"10326,851,2140,8161,4277,10916,8421,2789,4798,331"
6212,6212,"13310,5303,6220,13296,2140,6971,9072,10326,5545,3950"
6218,6218,"8421,4277,2140,5303,2218,12404,8562,11000,1210,5545"
6242,6242,"2140,10835,5303,2343,7707,8590,10326,13296,4277,5545"
6243,6243,"10326,4277,8421,5303,6220,2140,6971,12990,5545,13296"
6260,6260,"2218,10326,6971,5303,2140,8590,13296,2291,6220,1290"
6262,6262,"6060,6402,5760,2140,5105,10352,6640,8540,13111,162"
6278,6278,"6220,2140,7707,2218,1210,13110,5545,4679,1978,1017"
6280,6280,"5303,8421,5199,3870,331,4679,5999,4798,13346,7063"
6287,6287,"4277,5303,2140,6971,7707,5545,13296,1978,10326,6220"
6305,6305,"2140,3870,8562,8421,5545,10326,1978,3950,2218,6220"
6320,6320,"6971,1290,2343,4929,8590,5303,6220,9799,2140,10663"
6339,6339,"6971,6220,10835,2343,7707,8562,2140,9942,11384,5545"
6360,6360,"10326,6220,5545,12990,13296,2218,5303,12665,3950,7138"
6370,6370,"6220,5545,10835,4277,2343,12665,8421,12990,6971,9942"
6376,6376,"2140,10326,4277,3950,5303,6971,4798,4679,8421,9580"
6378,6378,"5532,8590,8188,5545,13296,6220,2218,1978,2343,2373"
6379,6379,"6971,5303,1290,10835,8922,7120,10326,9962,13296,5545"
6398,6398,"10326,8562,9178,8421,5545,1978,2218,13296,6220,11406"
6422,6422,"2140,2218,4413,10326,331,6971,13296,5303,6220,10835"
6424,6424,"2218,10326,3428,5545,1978,3950,4277,6220,9072,13296"
6436,6436,"10352,10441,6011,5760,6060,8911,6150,8540,10974,6402"
6454,6454,"10835,2343,5532,5199,5303,5545,13296,6529,8274,9132"
6464,6464,"10326,2140,9580,5303,8421,13296,5999,6971,4798,2291"
6479,6479,"3950,220,8421,11384,5545,1978,10326,2218,3870,1957"
6485,6485,"7707,1863,1290,9799,589,13296,4413,3088,3487,8703"
6488,6488,"5545,9942,3992,1978,13296,2218,6220,7707,10326,3950"
6490,6490,"220,10326,2218,5545,6220,13296,5303,2140,8562,9072"
6498,6498,"12990,10326,5303,2140,4277,4798,851,11843,4679,5545"
6533,6533,"8235,5303,851,4798,5999,6971,2218,10916,7707,10326"
6577,6577,"3950,8421,8562,7707,10326,4798,2789,5545,9449,13296"
6579,6579,"10326,4277,8421,331,5303,6220,2140,1978,4798,13296"
6583,6583,"6220,7707,5545,1978,10326,7063,13296,3950,2218,10835"
6597,6597,"5485,6971,6220,8421,2218,12990,8590,5999,2291,10326"
6599,6599,"5545,2218,6971,9072,89,13296,6220,4277,10326,8590"
6607,6607,"5303,13296,8421,2140,6971,2380,2218,4277,10835,8562"
6613,6613,"8421,6220,8562,7707,4413,7723,3950,5545,10326,4915"
6622,6622,"1290,12680,13296,10326,6220,4277,8590,12990,5485,1747"
6637,6637,"5545,6220,7707,2140,9729,13110,3950,11622,12990,10326"
6644,6644,"851,4277,12990,331,10326,560,5303,2140,4798,11843"
6651,6651,"9962,10607,1290,13309,296,789,6610,5135,7120,4576"
6674,6674,"2218,3950,5545,11800,5875,1978,1600,2019,6220,3870"
6683,6683,"851,8421,9072,331,5199,10326,13346,8235,5303,5545"
6686,6686,"10607,4576,1290,789,296,9962,7120,2916,10663,13309"
6707,6707,"10835,4117,9072,5303,560,2343,2218,6971,5999,13296"
6724,6724,"4576,3487,4664,7679,11969,544,10607,11024,2769,9732"
6729,6729,"5545,6220,3950,2218,7707,3870,10326,13296,1978,2140"
6739,6739,"3950,8421,5545,13346,10326,1978,2218,6220,3870,7707"
6756,6756,"5303,2140,8421,9072,6971,10326,5545,4679,13296,1978"
6764,6764,"6220,5303,8421,4277,6971,8562,6433,331,5545,13296"
6768,6768,"5545,6220,13296,8562,10835,3950,2140,9942,3870,1978"
6787,6787,"8421,8235,8562,10326,13296,11384,6220,5545,2218,10835"
6808,6808,"789,5135,13309,1290,10336,7120,9866,3697,6811,11298"
6811,6811,"6220,6402,5545,8540,1978,2218,8188,4256,2343,6659"
6812,6812,"13296,5545,7707,3950,2140,8421,2380,4798,6971,8562"
6831,6831,"13296,1978,2140,8235,9942,8421,5545,9668,10326,6220"
6833,6833,"6220,12665,4277,6971,5545,5485,13296,1978,10326,2218"
6840,6840,"5303,2140,4101,7063,10326,5999,8161,2789,851,9306"
6842,6842,"1290,10607,7120,9962,3697,789,6811,5135,296,10663"
6855,6855,"1290,10607,7120,4929,4576,1244,2916,789,5135,11298"
6869,6869,"851,8421,11843,5303,2140,6971,1912,8562,331,6515"
6874,6874,"6220,89,3487,5545,4664,13296,789,10429,5966,1863"
6879,6879,"5545,1978,6220,2218,5592,4277,7707,9072,13296,350"
6885,6885,"5545,1978,2218,6220,9178,9942,13310,13110,350,3992"
6886,6886,"4277,6220,2140,12990,11969,5485,7707,5545,13296,1978"
6902,6902,"851,10326,4277,12990,8161,11282,10916,6971,13296,2140"
6908,6908,"10389,789,5135,9962,1290,11024,4664,11298,10607,9295"
6911,6911,"2789,4798,1912,4277,5999,3950,8922,2567,10326,8562"
6912,6912,"3950,7707,10835,8562,5545,10326,13296,1978,2218,9443"
6919,6919,"1290,7120,6610,4576,4664,9295,10607,11298,10674,9962"
6926,6926,"7707,8562,2140,10835,5545,10326,1978,2218,6220,5532"
6934,6934,"3950,10326,8562,7707,4602,5545,13346,220,2140,1978"
6935,6935,"8421,10326,4277,13296,2140,5545,1210,1978,6220,2218"
6939,6939,"4413,5549,9799,8235,6166,7637,10326,2789,2990,6971"
7000,7000,"6971,5999,2343,4117,5303,8590,2140,7707,5532,5199"
7003,7003,"1290,9072,2343,4664,7120,13296,6220,4576,11969,5545"
7005,7005,"3950,8421,11384,13346,11000,10326,5545,2218,6220,1978"
7042,7042,"2140,2218,8421,2380,4679,6971,9072,10916,11384,10326"
7045,7045,"5532,5545,1978,6220,5303,2218,7707,13296,9072,2343"
7047,7047,"9799,8562,13296,10326,6220,2343,2218,5545,2140,8590"
7053,7053,"2218,13296,6220,8235,1978,5199,5545,5485,10326,2343"
7063,7063,"3950,3428,5545,3035,6402,1978,4256,8540,3992,2905"
7067,7067,"6220,2218,4277,12665,5545,6433,13296,1210,9072,350"
7071,7071,"10326,8421,5303,13296,3870,2140,2380,4277,2343,7707"
7078,7078,"2218,6220,8562,5303,3870,2140,7063,5545,1978,10326"
7109,7109,"10326,13296,6220,2218,2140,5545,5303,6971,8590,8562"
7118,7118,"10326,6971,5303,2789,1912,12990,4798,6220,331,13296"
7129,7129,"789,1290,5135,7120,4576,3697,10607,9962,13309,296"
7133,7133,"6402,5545,1978,2218,11590,6220,350,4256,7707,6659"
7139,7139,"11969,789,9962,4576,10326,2291,10607,1290,6445,10674"
7142,7142,"331,10326,5303,4277,2140,8562,4117,11282,13296,851"
7146,7146,"8590,5199,6220,5303,10835,13296,3950,2140,2218,4277"
7172,7172,"8562,331,10326,2140,851,8421,4798,4277,10916,11384"
7181,7181,"6220,8235,6971,7707,4798,5545,5199,5999,10326,2789"
7195,7195,"851,4277,331,12990,11282,8161,10326,6326,2140,6971"
7197,7197,"5545,4413,2140,2380,2218,1978,8421,6971,4277,4798"
7203,7203,"789,7120,1290,9962,10663,4929,13101,2916,296,3697"
7223,7223,"8421,851,8235,13296,3950,5303,5999,10835,8562,10326"
7235,7235,"10674,789,9962,1290,2957,4216,10663,1851,5135,7120"
7236,7236,"6971,7063,10326,5303,5545,10835,8421,331,5485,13296"
7237,7237,"7120,4576,1290,6971,4664,13296,1863,8703,12030,6220"
7255,7255,"1290,7120,789,10663,6971,8590,4929,13309,296,5135"
7297,7297,"2140,10835,10326,6220,4117,2218,5532,8562,5199,8421"
7320,7320,"4798,851,10326,10916,10835,5303,2218,4277,12990,331"
7323,7323,"10326,10835,13296,7707,6220,2343,2140,5545,1017,8421"
7326,7326,"8562,2140,8421,10326,5303,6220,7707,9072,4679,5545"
7343,7343,"4277,8421,10326,4679,851,6220,5303,12990,2140,6971"
7363,7363,"2789,13296,6971,2218,7707,4117,9799,10326,5532,5545"
7364,7364,"220,5999,6220,8235,4798,9072,6971,10326,3950,9580"
7366,7366,"5545,10326,2218,6220,13296,4277,5303,1978,9072,3628"
7372,7372,"2218,10835,9072,6971,4117,5999,11384,4679,10326,5545"
7399,7399,"13296,2218,5545,6971,6220,1863,2343,4576,2020,11969"
7402,7402,"2140,9072,6220,6971,13296,10326,5545,4277,1978,8703"
7406,7406,"5545,1978,9799,2218,2140,6220,13110,350,9942,9178"
7421,7421,"6971,560,4277,2140,8421,2218,2380,9799,8562,4798"
7425,7425,"4929,10607,789,1290,9962,10674,7120,4576,10663,1244"
7431,7431,"8421,10326,2140,6971,8562,10916,4798,331,5545,13296"
7447,7447,"3950,8421,10326,4798,2140,8562,10835,7707,4277,5545"
7451,7451,"6220,1290,13296,4576,6971,9799,12665,1863,7120,544"
7453,7453,"789,5135,9962,7120,4576,10663,2916,4929,12497,296"
7456,7456,"789,9962,13309,10336,1290,3697,10663,4929,6811,7120"
7484,7484,"9962,1290,789,5135,11298,10607,10389,7120,10674,4216"
7486,7486,"2140,6971,12990,851,5303,8421,2789,11843,6220,10326"
7505,7505,"7707,13296,10326,6220,2218,5545,5303,6971,2140,8590"
7529,7529,"8421,13296,13346,10326,3950,811,2218,5545,2140,6220"
7532,7532,"4576,1290,5135,7120,789,9962,296,9295,10607,11298"
7548,7548,"2140,6220,8421,6971,12990,331,10326,3870,5199,13296"
7550,7550,"1328,5545,1978,3950,2218,6220,11843,3870,13110,7707"
7557,7557,"10326,8421,851,11843,12990,13296,3950,2140,5303,4277"
7574,7574,"789,5135,1290,13309,3697,296,9962,6811,10607,7120"
7586,7586,"1863,13296,6220,7706,12665,2140,5545,8703,7637,3487"
7592,7592,"449,5760,5105,4256,6082,6402,6060,8540,10352,6150"
7594,7594,"5545,1978,2218,10326,6220,13296,9072,7707,4277,3950"
7600,7600,"3428,3992,5545,10835,6402,1978,5592,4256,5999,2218"
7601,7601,"10326,2140,5303,9072,8421,10835,851,5485,5545,13296"
7642,7642,"7120,789,9962,2957,4163,4664,11298,1290,5135,4576"
7647,7647,"8421,5303,5545,6220,2140,2218,6971,10326,11843,13296"
7650,7650,"8421,12990,10326,2140,4798,5545,13296,1978,3112,6220"
7660,7660,"789,9962,10607,4664,1290,5135,7120,6610,4576,10389"
7682,7682,"6220,10326,5545,3950,1978,3870,8562,4277,13110,13296"
7712,7712,"6220,5545,10326,4277,12665,2218,13296,12990,4798,3950"
7728,7728,"3950,11000,2140,5610,5177,13114,10326,2291,11540,2395"
7763,7763,"8421,13296,10326,6220,5303,8562,4277,2218,2140,12665"
7764,7764,"2218,6971,8235,4277,8590,10326,7707,13296,5545,6220"
7765,7765,"5532,5545,13296,2218,5999,6220,10326,2343,1978,9072"
7768,7768,"5545,10326,6220,13296,2218,1978,821,2343,3950,7707"
7776,7776,"5135,9962,13309,789,10663,6811,1290,10336,7120,3697"
7834,7834,"5999,13346,220,11384,10326,851,3950,2218,3106,5303"
7850,7850,"8421,4277,12990,6326,2218,6220,8562,2140,6971,4798"
7860,7860,"5545,6220,13296,4277,2218,10326,2343,1978,2140,10835"
7879,7879,"6971,851,5303,4117,2140,5999,8235,4277,10835,9580"
7892,7892,"1290,3697,10607,5135,9962,789,4576,11298,7120,10674"
7895,7895,"2140,5303,9072,10326,5199,7063,5545,13296,3950,2218"
7901,7901,"5485,4798,5303,2140,6220,6971,8562,2380,13310,5199"
7922,7922,"13296,12990,4277,8421,331,6971,851,4798,9580,5999"
7927,7927,"6971,10326,13296,6166,4798,8562,9799,12026,3055,851"
7931,7931,"6220,5303,12990,2140,2380,2218,5999,8161,10326,851"
7938,7938,"10835,4117,8421,4053,5545,1978,3950,2218,3545,6220"
7942,7942,"7707,13110,5545,1978,2218,6220,13296,4277,10326,9072"
7964,7964,"2218,8235,3950,220,10326,5545,11784,13296,1978,6220"
7982,7982,"220,4413,5610,4602,3950,5875,5545,10326,2218,11540"
7988,7988,"5135,1290,7120,4929,296,6243,8567,2916,789,11117"
7992,7992,"6220,4798,4277,851,8421,5303,11843,12990,331,6326"
8005,8005,"3055,2218,10326,851,5875,9799,5303,2140,2789,8421"
8019,8019,"6082,12458,5105,449,7047,6060,8911,5786,4641,6011"
8026,8026,"5545,13110,6220,4602,9942,8562,10326,1978,3950,2218"
8028,8028,"2343,10835,5532,5999,2140,8590,6971,6529,10326,13296"
8085,8085,"11635,10326,6503,2218,6626,5303,12378,8562,4277,2205"
8103,8103,"8235,5545,13296,5524,10326,6220,2343,2218,10835,1978"
8108,8108,"5545,13110,3950,6220,1978,10326,4915,2218,13296,8562"
8137,8137,"2140,6971,5999,2343,4117,8590,5303,7707,12990,5532"
8138,8138,"851,6326,9580,12857,10326,8421,6971,5303,4277,331"
8139,8139,"851,8421,6971,6515,5303,12990,5999,10916,10326,2291"
8148,8148,"6971,6220,2140,13296,5545,5303,2218,8421,5485,10326"
8150,8150,"5303,10326,2140,8421,6220,10835,331,5999,10916,2291"
8160,8160,"1290,5135,4576,9962,7120,789,4664,11024,10607,2989"
8175,8175,"2218,5545,1978,6220,13296,7707,3238,350,9942,9072"
8191,8191,"1290,7120,4664,9730,10607,296,9295,11298,4576,789"
8198,8198,"10326,6971,9072,851,4277,2218,8421,12990,331,4798"
8202,8202,"6220,8590,6971,5545,4664,4576,10326,2218,13296,2343"
8233,8233,"8235,2218,6971,8562,3055,5545,10326,8590,3950,13296"
8251,8251,"4277,8421,4798,3950,5545,1978,10326,2218,6220,3870"
8252,8252,"851,8421,331,4277,12990,11843,8161,1180,11282,9580"
8265,8265,"8235,5303,9799,4277,6971,8562,2218,13296,331,9668"
8267,8267,"1957,8421,2199,1996,4101,2140,9580,5303,10473,6899"
8268,8268,"13296,6971,5303,6220,8562,10326,5545,9942,3950,2218"
8294,8294,"6971,10326,6220,5303,8421,4277,12990,2140,851,331"
8299,8299,"789,9962,13309,1290,3697,10336,9866,10663,13101,7120"
8302,8302,"5303,2140,4277,10326,13296,5545,2218,6220,8421,1978"
8303,8303,"789,5135,1290,4929,10336,12497,13101,296,12030,3697"
8323,8323,"1978,6220,2218,13296,2140,8562,10835,9942,8235,7707"
8327,8327,"3950,6220,3870,7707,2218,2140,8421,5303,5999,5545"
8331,8331,"3950,4277,8235,5303,2789,4798,12990,331,10326,6326"
8332,8332,"2218,10835,5545,1978,13112,6220,13296,2343,7707,9072"
8334,8334,"5532,1210,5199,5545,10326,6220,13296,2218,2140,1978"
8337,8337,"1290,789,7120,4929,10663,3697,9962,11298,10581,10607"
8341,8341,"5999,4277,3950,6220,9580,10326,6982,2291,4101,2140"
8361,8361,"6971,13296,9799,2140,5303,10326,6220,8421,4277,1290"
8369,8369,"5303,2343,4117,5199,5545,5422,10326,13296,3950,6220"
8378,8378,"5303,2140,10835,7707,8590,5485,5532,3870,8562,5545"
8407,8407,"11024,4576,1290,7120,10389,296,4929,4664,10663,2916"
8419,8419,"7120,1290,4576,10663,4929,2916,12497,296,4664,3697"
8424,8424,"6060,6402,2291,9668,5105,6659,9799,5545,4256,10352"
8425,8425,"6220,2140,3950,10835,13110,3870,5545,1978,4679,11384"
8438,8438,"789,1290,5135,7120,10663,12030,11117,12497,9405,6811"
8447,8447,"8421,12990,6326,9580,331,13296,4277,11843,3950,851"
8458,8458,"8235,8421,7063,10326,2291,3950,2140,5303,5545,2218"
8463,8463,"10326,2218,7707,6220,5303,4277,331,8421,6971,12990"
8471,8471,"3950,10835,8421,6971,2140,4277,851,5999,331,8235"
8472,8472,"5135,1290,13309,4576,10389,2916,789,9962,10607,7120"
8477,8477,"6971,10835,5303,4798,4117,8421,8235,12990,9072,5532"
8478,8478,"10326,6220,5545,2218,7707,9072,4679,811,7063,1978"
8483,8483,"789,13309,3697,296,5135,9962,1290,7120,10663,11298"
8496,8496,"10326,5303,8922,13296,2140,6971,2380,4277,5999,4117"
8497,8497,"6220,6402,5545,6060,6659,331,2380,4256,11590,1776"
8501,8501,"10326,4117,6971,5303,5999,8562,4277,9580,331,3950"
8506,8506,"2218,7707,2140,3950,2789,5545,9449,13296,1978,2343"
8520,8520,"8421,5303,8562,10326,4277,6220,4117,8590,851,6971"
8524,8524,"8421,12990,4277,5303,8562,11384,5545,10326,13296,1978"
8531,8531,"4798,8562,11384,10326,5545,13296,2218,1978,6220,5303"
8556,8556,"8562,8421,5303,1210,5545,13296,10326,1978,6220,2218"
8579,8579,"4576,10607,1290,6610,10674,10389,5135,7120,4664,296"
8585,8585,"1290,13296,7120,10835,2140,5545,10326,6220,12665,1978"
8591,8591,"4798,10326,13296,6220,6971,8421,7707,5999,2343,11384"
8592,8592,"1290,7120,5135,4929,10663,13101,2916,1244,296,6243"
8596,8596,"8421,3950,6220,2140,5303,8562,10326,5545,5199,4798"
8598,8598,"10326,5303,8590,13296,9072,10835,2343,7138,5532,5545"
8608,8608,"1290,7120,10663,5135,13309,9962,296,12497,13101,3697"
8610,8610,"789,1290,4929,10663,1244,3697,296,11117,5135,9962"
8617,8617,"5135,1290,7120,4929,10607,3697,2916,12497,296,13101"
8621,8621,"7707,5545,1978,2218,2291,6220,3950,350,3870,9942"
8629,8629,"6220,10326,3950,5545,2218,9306,13310,7063,3992,220"
8649,8649,"5545,3950,2218,10326,1978,6220,3870,7707,8562,2140"
8652,8652,"7120,789,5135,10607,4929,296,2916,12497,3697,1244"
8714,8714,"13296,2989,5545,4576,6220,2218,3487,11969,2343,544"
8718,8718,"5545,6220,4277,8235,5875,1978,13296,2218,7707,10326"
8733,8733,"1290,5545,2218,5303,7120,4576,544,4929,2916,13296"
8734,8734,"6220,5545,10326,6971,12665,4277,13296,4798,3950,13110"
8754,8754,"5999,11384,2218,10835,4117,5303,6971,5532,2343,10326"
8771,8771,"2140,6971,9799,8235,10326,13296,6220,10835,4413,5303"
8791,8791,"4277,5303,6220,2140,2343,12404,544,8590,13296,4798"
8794,8794,"3950,8235,10326,5303,3870,7707,4798,5545,13296,2958"
8797,8797,"6402,8540,1377,1328,10352,5545,1978,5027,2218,6220"
8804,8804,"8421,3950,6220,8235,5545,10326,13296,4947,2218,10835"
8809,8809,"5303,4277,6971,10835,851,4117,9580,6220,331,8161"
8823,8823,"1290,7120,5135,4929,10663,12497,3697,8567,1977,4387"
8833,8833,"811,10835,5999,10326,13296,5545,6220,2218,5303,1978"
8835,8835,"1290,3697,789,10674,7120,5135,10663,4576,2916,13309"
8840,8840,"2140,5303,10835,7063,6971,10326,4877,4798,5747,3950"
8842,8842,"12990,10326,5545,2218,13296,6220,8413,2140,5303,6971"
8860,8860,"10607,1290,4576,7120,4664,544,6610,11024,9962,789"
8866,8866,"10326,851,8421,331,2140,13296,6220,4798,9580,4277"
8877,8877,"7138,5545,10326,2218,13296,6220,3950,2140,5303,1978"
8887,8887,"8562,5545,1978,2218,6220,10326,4277,9942,811,12404"
8895,8895,"10326,2218,13296,8421,5303,6971,2140,331,12990,5485"
8907,8907,"789,1290,4576,6610,10663,7120,1244,296,3697,12497"
8921,8921,"811,5303,5545,4679,11843,3950,1978,2218,3870,6220"
8928,8928,"1290,7120,4576,10607,4664,11024,5135,10674,2989,13101"
8936,8936,"5545,4277,1978,10326,2218,6220,9072,13296,12404,9942"
8965,8965,"2343,5303,5532,4277,10326,6971,5199,9072,8590,331"
8971,8971,"4117,10835,5999,6971,13296,6220,7707,8590,5532,10326"
9000,9000,"4576,1290,6220,7120,296,13296,5545,2343,2218,10607"
9023,9023,"2218,10835,5545,11969,1978,6529,13296,10326,6220,7707"
9025,9025,"1290,8922,6220,2140,4277,8421,2789,8590,8235,7707"
9031,9031,"2789,5999,6971,9799,8421,8235,10326,2567,851,9449"
9045,9045,"6971,2218,10326,8562,7707,5545,7063,13296,1978,6220"
9053,9053,"8235,5999,2140,7707,10326,6220,8421,4117,6971,8590"
9054,9054,"1978,5545,6402,4256,3870,13112,11590,8540,12793,350"
9060,9060,"6220,4277,13296,8562,10326,2140,5303,12665,7707,8590"
9063,9063,"811,10326,5545,3950,2218,6220,8562,3870,5303,2140"
9071,9071,"8235,2218,8562,5999,3950,10326,3055,9306,5545,5875"
9078,9078,"2140,1978,5532,13296,6220,5545,2343,10326,1290,2218"
9101,9101,"6220,8562,5545,13296,6971,1978,3870,10326,10835,12665"
9108,9108,"5303,10835,10326,5545,2140,6220,12990,4798,5999,13296"
9110,9110,"13296,4277,2140,5303,5545,1978,6220,2218,10326,7707"
9114,9114,"5303,8590,10326,9799,6220,851,2140,10835,4277,6971"
9144,9144,"13309,1290,10336,10607,7120,10663,11298,4929,9866,3697"
9172,9172,"5303,6220,1290,2343,8421,13296,544,7120,10326,12030"
9185,9185,"6220,13296,2020,4576,8703,1290,7637,2343,7120,4664"
9190,9190,"5303,331,10326,6971,851,13296,9799,2140,6220,12990"
9193,9193,"2140,5545,10326,13296,1978,6220,10835,2218,4277,3950"
9198,9198,"2140,1210,5545,1978,10326,13296,2218,6220,4277,12404"
9200,9200,"789,1290,7120,13309,10663,4929,296,12497,4576,13296"
9201,9201,"5545,13296,6220,2218,4576,2343,544,3487,11969,12665"
9204,9204,"13296,5545,10326,12990,7707,5303,2140,2218,4277,12665"
9215,9215,"1290,5135,7120,4929,10663,2916,6243,8567,12030,3697"
9222,9222,"789,10663,2916,3697,12497,4576,5135,1290,9962,7120"
9233,9233,"12990,8421,4277,9580,13296,331,5303,6971,8562,5999"
9235,9235,"13296,6971,7637,10326,4413,12663,6220,2218,5545,2343"
9245,9245,"789,13309,10336,9866,1290,3697,10663,4929,13101,6811"
9275,9275,"8562,8235,2218,4413,8922,3870,10326,5545,3950,13296"
9308,9308,"5545,13296,6220,7707,3950,1978,10326,9799,2218,10835"
9323,9323,"2218,10326,6220,4277,7063,5545,1978,2291,851,8421"
9329,9329,"5303,8421,6326,10326,11384,3950,6220,4277,6971,8562"
9355,9355,"5545,3950,6971,4798,8562,10835,11784,8235,10326,13296"
9369,9369,"5303,10326,1912,4277,10916,6326,9580,13296,3950,5545"
9386,9386,"6220,1290,13296,5545,1978,12665,10326,10835,4277,2343"
9388,9388,"7707,13296,6220,2140,5303,3950,3870,8421,12990,5545"
9401,9401,"4664,10674,10201,2769,3487,5105,789,3464,6082,7679"
9418,9418,"5545,10326,2140,8421,2218,8562,8235,4679,1210,3950"
9433,9433,"3950,8421,4277,331,851,10326,13296,5545,6220,2140"
9440,9440,"8421,2140,4277,5303,851,1210,5545,4798,6971,1017"
9446,9446,"10835,4117,5199,6220,1978,5303,3950,9072,4053,10326"
9464,9464,"544,12404,2343,5545,1978,1328,6220,13296,2218,13110"
9477,9477,"2218,2140,7138,9306,3950,5303,5545,1978,10326,4679"
9488,9488,"1290,7120,5135,4576,789,1244,296,3697,12497,10607"
9500,9500,"8421,4798,5999,5485,4117,1978,4277,12990,331,10326"
9502,9502,"3950,5545,1978,2140,2218,6971,7707,4798,8562,9942"
9507,9507,"3428,5545,1978,8235,2218,10326,6220,3950,9072,9942"
9528,9528,"2769,5105,3487,7120,3464,10663,7679,12497,12030,10009"
9539,9539,"4798,8421,9580,10326,13296,851,6220,2140,1978,331"
9566,9566,"10835,6971,10326,5545,2218,6220,13296,2343,9072,2140"
9575,9575,"5199,5545,3950,1978,3870,2218,6220,13110,7707,8562"
9583,9583,"7707,4277,10326,3870,2140,8421,4798,4679,5545,3950"
9589,9589,"3950,5303,8421,4277,6971,8562,3870,13346,9580,10326"
9591,9591,"6971,4798,10916,5999,5303,8421,12990,10326,851,13296"
9617,9617,"5545,3950,11384,10326,2218,4101,6220,13296,8235,7707"
9620,9620,"3870,3950,5545,1978,2218,10326,9306,8562,6982,6220"
9622,9622,"8562,3870,5545,1978,10326,2218,2905,6220,3950,4277"
9631,9631,"6402,10352,6060,5027,6011,13111,6952,10974,6306,6640"
9655,9655,"13296,8421,13346,5545,10326,2218,6220,1978,11910,5303"
9658,9658,"2140,4798,8421,11843,2789,331,8161,1180,10326,6220"
9660,9660,"10607,11024,5135,7679,10389,9295,7120,4576,11298,1779"
9669,9669,"5135,9962,789,13309,3697,13101,10663,12497,4929,4387"
9672,9672,"13296,6220,10326,1978,2343,8590,12990,4798,544,5545"
9684,9684,"8540,4832,6402,6011,10352,6060,4399,6306,6952,9453"
9702,9702,"789,9962,5135,1290,7120,10663,4929,3697,2916,296"
9705,9705,"6220,7707,8562,5545,6402,6060,3487,11590,13296,2218"
9722,9722,"2291,9306,5303,7063,10326,3950,383,7439,10916,8235"
9732,9732,"12458,2769,1290,5105,3464,7047,1244,7679,10009,6060"
9781,9781,"6220,2218,789,4576,5545,1290,13296,10607,2343,544"
9803,9803,"10835,9072,2343,4117,13296,560,5545,10326,1100,6220"
9809,9809,"2218,7707,5386,1210,8562,5545,1978,3992,5999,6220"
9814,9814,"8421,5303,6326,12990,10916,9580,10326,851,6971,4277"
9818,9818,"5999,2218,7707,10326,10916,3950,5545,6220,8562,2140"
9820,9820,"11000,3950,5545,12611,10326,2218,6220,3870,1978,8562"
9848,9848,"8421,7707,4679,1210,6971,5545,13296,3950,10326,4798"
9856,9856,"2140,10326,5303,9072,4277,3950,5545,1912,2218,1978"
9869,9869,"6220,5545,1978,9455,2218,10437,13296,7707,13110,9072"
9889,9889,"5303,4413,10326,851,9799,2140,3950,13296,2291,6220"
9923,9923,"10326,6971,8421,2140,5303,4277,12990,6220,9580,331"
9929,9929,"8421,10326,2380,3950,5545,2218,6220,2140,1978,8562"
9961,9961,"9962,5135,789,7120,296,4929,4576,1290,3697,13309"
9969,9969,"6971,11298,789,10607,9295,5135,1290,7120,4576,9962"
9974,9974,"2218,4664,13296,11024,5545,6220,2343,4576,544,3487"
9976,9976,"6610,1290,10674,4664,9732,7679,10648,2957,7120,9295"
9989,9989,"6220,13296,3950,6971,7707,5999,11384,5199,10326,3870"
9993,9993,"5545,7707,13110,1978,2218,10835,2140,5303,3870,2343"
10002,10002,"6011,449,6402,5105,5760,8540,4832,6306,10441,10974"
10011,10011,"1290,7120,4664,9962,10674,789,10607,4576,10389,296"
10016,10016,"10607,11298,8590,789,9962,1290,2291,4101,5135,7120"
10028,10028,"6220,4117,8562,13296,5485,10326,2343,4277,5545,2218"
10029,10029,"5303,5545,13296,2218,2343,8590,5199,544,13110,9942"
10033,10033,"10835,2343,5532,5199,13296,10326,6220,4277,5545,2140"
10042,10042,"6971,5303,4277,9580,8922,10326,2140,8590,12990,851"
10046,10046,"3950,2218,220,4798,4277,13346,10326,5545,12857,2140"
10061,10061,"13296,4277,12990,331,5303,6971,8421,4798,9580,8562"
10071,10071,"2140,5303,811,5545,1978,10326,13296,2218,6220,12404"
10084,10084,"8421,10326,2218,3950,3870,9072,5545,1210,13296,1978"
10091,10091,"8421,4679,10326,5545,8472,3950,6220,2140,13296,8221"
10102,10102,"789,9962,10663,4929,5135,4576,2916,296,12497,10607"
10104,10104,"2140,5303,5545,10835,6971,3950,5199,4679,10326,13296"
10121,10121,"789,13309,5135,6971,1290,1400,10336,12497,3697,7120"
10131,10131,"6971,5545,5303,8421,3950,2140,12990,7707,220,13346"
10134,10134,"7063,2140,5303,3870,7439,9306,10326,4877,5747,797"
10139,10139,"3697,296,5135,6811,1290,789,7120,13309,10663,4664"
10144,10144,"8421,5999,3950,10326,1957,1180,851,5303,2140,2789"
10155,10155,"2218,5545,4413,3950,10326,13296,5303,4947,11396,2140"
10168,10168,"1290,4576,11024,7120,9295,4036,10607,789,2989,4111"
10178,10178,"789,9962,1290,5135,10607,7120,296,2916,12497,6610"
10186,10186,"5545,2140,5532,10835,8562,544,13296,10326,1978,5199"
10190,10190,"2218,4277,8562,12404,9178,2140,5545,1978,13346,851"
10194,10194,"1978,3950,1210,5545,10326,2218,6220,13296,7707,2140"
10196,10196,"2218,4277,5545,1978,10326,3950,6220,3870,8562,13110"
10215,10215,"10326,6220,4277,9799,9580,331,5485,4798,8562,13296"
10218,10218,"2218,5545,6220,1978,13296,7707,2343,8188,11969,9942"
10251,10251,"9799,4413,5303,2380,8562,9580,12680,331,12857,10326"
10252,10252,"789,1290,9962,3697,7120,11117,9295,5135,6811,10607"
10262,10262,"8922,4117,8590,13296,8235,89,5545,2822,4053,10326"
10266,10266,"2140,4679,5303,13296,7707,8562,4277,5545,3950,1978"
10271,10271,"2140,3870,8421,5532,5545,1978,10326,6220,13296,3950"
10277,10277,"5303,8590,13296,544,6220,10326,10835,2140,2343,8562"
10282,10282,"5303,9072,8590,10326,4277,8421,5545,8562,13296,1978"
10286,10286,"1290,789,9962,12030,7120,8567,4387,5135,6811,9295"
10305,10305,"10326,5999,5303,10835,6220,8421,1978,4277,7707,4053"
10309,10309,"10326,13296,2218,10835,5545,1978,12665,6220,2343,1571"
10335,10335,"5135,1290,9962,10607,4929,12497,2916,789,3539,13309"
10340,10340,"4576,4664,10674,11298,10607,2769,9730,7679,1290,2989"
10375,10375,"6220,5545,4798,11384,10326,13296,2218,5303,2140,10835"
10388,10388,"3950,2789,2140,6971,8421,9799,5999,2380,4798,331"
10397,10397,"4798,6220,5303,4277,4679,2140,12990,12404,9455,3870"
10402,10402,"5545,6971,5999,7707,5199,5532,8235,10326,9799,6220"
10407,10407,"9341,5545,1978,2218,6220,9178,350,1210,13110,8188"
10408,10408,"2140,3950,9306,10326,7439,5545,1978,2218,6220,8562"
10416,10416,"5545,1978,6220,10326,2218,13296,9072,2343,4277,7707"
10448,10448,"5303,10326,6971,5485,5545,3870,13296,11384,1978,6220"
10454,10454,"220,13346,8421,3950,1210,5545,5610,1978,2218,3870"
10499,10499,"8421,1912,4798,12990,5303,2140,11843,10326,5545,13296"
10503,10503,"2140,1290,10326,13296,5545,6220,2218,6971,10835,8590"
10504,10504,"2218,10326,2343,13296,4576,1290,6220,544,11969,5545"
10508,10508,"6220,13296,5303,1978,12665,5545,9668,10326,4277,2218"
10514,10514,"2218,4277,3992,13112,5545,1978,13367,6220,3055,2108"
10526,10526,"6402,6060,8540,10352,5105,6659,5027,4256,5760,9375"
10540,10540,"2291,9306,13214,7439,5303,7063,10326,2789,3950,383"
10542,10542,"2218,4277,5545,10326,3950,1978,13296,6220,5303,2140"
10551,10551,"2140,5545,2218,6971,10326,13296,1978,10835,3950,6220"
10554,10554,"4576,6610,10137,10607,1290,8421,10674,544,6220,11969"
10555,10555,"8590,5545,13296,10326,12030,2218,6220,2343,1978,9072"
10556,10556,"220,5545,10326,3950,6220,2218,2140,5303,13296,8421"
10562,10562,"2140,2218,4679,13346,10326,5303,13296,6971,3950,6220"
10575,10575,"7120,9962,1290,10663,12497,9295,789,5135,4929,296"
10576,10576,"10326,331,2140,8421,12990,4798,5999,8562,13296,5485"
10582,10582,"6971,5485,851,8421,2218,2380,8590,12990,5999,331"
10584,10584,"3950,10326,8235,8421,12990,13346,6220,8562,5303,4798"
10606,10606,"5303,2140,13296,4277,8421,12990,5545,4679,3950,10326"
10611,10611,"8562,9942,5545,7063,1978,3950,2218,851,3870,13110"
10613,10613,"10326,8421,331,13296,851,12990,1290,4798,8562,560"
10614,10614,"2218,5545,1978,13112,6220,8235,7707,350,13296,6402"
10623,10623,"8235,7024,13296,2218,3950,5545,8590,10326,4715,4602"
10647,10647,"5135,4163,7120,2957,1851,83,789,9962,1290,10674"
10657,10657,"10326,8421,6971,4277,2140,12990,8562,2291,4798,851"
10670,10670,"12990,10326,8421,4277,10594,9580,5545,13296,3950,2218"
10679,10679,"10607,4929,3697,6610,9295,6811,789,1290,7120,11298"
10680,10680,"5303,7707,5545,6220,8562,2380,10326,4679,1978,7138"
10699,10699,"10835,4277,12990,2218,3950,6971,8562,2140,8421,10326"
10715,10715,"3950,5545,9306,2218,10326,7063,3870,6220,13310,220"
10720,10720,"10916,13346,2140,8421,11843,4679,3950,10326,2218,5303"
10735,10735,"13296,5545,6220,12665,10326,2140,2218,9072,6971,544"
10742,10742,"2218,6220,2140,13296,4277,3870,5303,5545,12990,10326"
10744,10744,"10326,2218,5545,6220,2140,13296,5303,4277,8562,1978"
10747,10747,"10835,4117,5199,9072,7707,5303,5545,13296,1978,12665"
10769,10769,"5999,6971,4117,2140,2343,5303,8590,5532,10326,13296"
10795,10795,"10326,5303,12990,8421,13346,10916,5545,2218,13296,6220"
10817,10817,"789,11298,5135,7120,4576,10607,9295,3697,9962,4036"
10819,10819,"2140,5303,6971,10326,13296,5545,10835,6220,1978,2218"
10828,10828,"6220,10326,5545,4277,12665,2218,13296,4798,3950,12990"
10860,10860,"8562,7707,8421,2789,5545,9449,1978,13296,10326,1700"
10868,10868,"11298,4576,1290,789,9962,9732,4664,7120,5135,10607"
10895,10895,"4798,12857,3950,851,8421,8161,10326,6220,11282,2291"
10900,10900,"851,2140,12680,331,9580,12990,8421,5303,10326,4277"
10912,10912,"5760,12458,10739,6060,6011,5105,6082,10441,6150,1213"
10934,10934,"789,9962,1290,7120,4929,4576,10663,12497,3697,2916"
10947,10947,"4117,5999,5199,13296,2140,2343,5303,6971,8562,7707"
10950,10950,"3950,8421,11384,10326,1996,2218,5545,5303,6220,2140"
10964,10964,"789,5135,9962,10607,1244,12497,3697,6811,1290,7120"
10965,10965,"5545,1978,1681,10326,2218,7715,6220,13296,9072,4277"
10968,10968,"5199,2218,5303,7707,8235,13296,5545,10326,1978,6220"
10972,10972,"8421,12990,851,6971,5999,4798,9072,9580,331,13296"
10975,10975,"5545,4277,5303,8562,9072,6971,10326,13296,560,6220"
11028,11028,"5545,3950,8421,10326,2140,12990,6971,4798,8562,13296"
11030,11030,"13296,5303,1290,10326,6220,10835,2140,275,9962,5545"
11044,11044,"5105,4698,4256,6060,6402,5760,8540,6659,5545,9998"
11048,11048,"8421,12990,3950,2140,5999,11000,5545,10326,4679,9504"
11065,11065,"6971,11969,7707,5303,4277,13296,2291,1747,4576,1290"
11085,11085,"5135,789,9962,1290,3697,6811,11117,10607,13309,7120"
11088,11088,"5303,7063,10326,5545,6220,13296,2218,4277,1978,2140"
11100,11100,"1290,10607,5135,6610,1851,11024,10674,4576,789,7120"
11102,11102,"4798,13296,8421,9580,10326,13346,851,5303,6971,3950"
11105,11105,"5999,5303,10835,6220,4053,11357,11282,10326,2571,8922"
11107,11107,"2789,8421,6971,5999,331,2567,10326,9799,10916,851"
11109,11109,"1290,10607,7120,6610,4576,544,8590,13296,10137,10674"
11120,11120,"1290,7120,789,9962,5135,13309,4929,3697,2916,296"
11121,11121,"2789,8562,8421,5999,5545,4798,7707,2567,10326,13296"
11133,11133,"5760,8911,5105,10441,449,6011,10352,6060,10974,10732"
11149,11149,"6971,8421,1912,8161,10326,10916,11843,3950,851,5303"
11152,11152,"1290,10607,4576,789,11024,9962,7120,1779,10674,11298"
11160,11160,"5545,10326,6220,4602,2218,13296,1978,9072,2343,4277"
11163,11163,"2140,13296,4277,6220,8421,12665,5303,544,12990,5545"
11168,11168,"10326,2218,5545,6220,5303,2140,13296,6971,8562,9072"
11193,11193,"7707,220,5545,1978,10326,2218,6220,9942,9072,9178"
11200,11200,"13296,6220,3428,2218,7707,13110,1978,3870,10326,9341"
11210,11210,"1290,7120,789,10663,4929,13101,6243,9962,2916,8567"
11215,11215,"10326,11843,5545,2140,6220,13296,3950,2218,10835,5303"
11219,11219,"10607,10674,4664,11298,4576,3487,2769,1779,9730,2989"
11243,11243,"5545,7439,1978,2291,2218,4877,2140,3870,6220,9178"
11253,11253,"789,1290,7120,13309,296,3697,4576,12497,5135,9962"
11261,11261,"1978,5303,8590,13296,6220,2218,544,1290,5485,5545"
11280,11280,"2343,5532,13296,5303,8590,8421,851,5999,8274,10326"
11285,11285,"1290,789,7120,9962,3697,13309,296,5135,4576,4664"
11309,11309,"8421,12990,3950,2140,13346,10326,11384,5545,13296,1978"
11312,11312,"6971,5303,5999,4117,2140,7707,2343,8562,8590,5545"
11314,11314,"8421,12990,5303,4277,2343,9341,5545,13296,10326,1978"
11325,11325,"6060,6402,5105,10352,5760,6011,8540,6433,2291,6515"
11327,11327,"5303,10835,6220,12665,2140,7707,5545,13296,10326,4101"
11359,11359,"2140,6220,10326,13296,3870,7707,5545,1978,10835,2218"
11366,11366,"5105,5760,10441,1219,7220,3464,6402,6060,10974,4619"
11368,11368,"1290,296,8567,789,5135,9962,7120,10663,4929,4576"
11371,11371,"6402,8540,5027,10352,6306,1377,5241,6952,4029,8092"
11376,11376,"7707,3950,5545,11590,3870,9886,2218,5495,8540,6402"
11377,11377,"10326,4798,12990,6326,8421,2140,851,5303,9580,11384"
11383,11383,"7707,4277,5545,1978,2218,2140,6220,11969,13296,9942"
11416,11416,"6011,4399,6402,8540,10352,6306,6815,4256,6060,5105"
11444,11444,"8421,5545,1978,2218,10326,6220,13296,9072,4277,2343"
11445,11445,"5027,6402,6060,8421,8540,10352,5105,4256,11590,6659"
11448,11448,"544,5532,89,10835,8590,10326,2140,13296,4388,5199"
11469,11469,"4413,6971,9072,10326,5545,3950,13296,2218,6220,2140"
11487,11487,"4576,7120,10607,10663,2916,296,13296,6971,4664,5545"
11492,11492,"5303,10835,5199,13296,6220,2789,9799,5999,2343,12990"
11503,11503,"2218,12404,1017,5545,13296,1978,10326,6220,4277,9072"
11504,11504,"5545,3950,1978,4277,2218,3870,6220,3992,10326,13110"
11515,11515,"3950,6220,8421,5545,13296,4277,1978,2218,7707,8590"
11547,11547,"5199,4117,5545,11357,10326,2822,13296,1978,3950,785"
11552,11552,"6220,10326,5545,1978,2140,8421,5303,6971,12990,5199"
11567,11567,"12990,10326,4277,5303,2140,4798,851,11843,5545,13296"
11581,11581,"5303,9580,10326,5545,13296,2140,331,560,6220,851"
11589,11589,"789,5135,9962,1290,7120,11298,3697,6811,13309,10663"
11591,11591,"6060,5027,5760,6150,9375,10441,6952,10974,6306,1521"
11595,11595,"789,9962,1290,7120,12030,13101,3697,4387,8567,6243"
11604,11604,"6971,9072,10326,8421,9799,2380,2218,4798,9580,560"
11608,11608,"10835,8562,7707,13296,6220,2140,2218,5303,12665,6971"
11627,11627,"5303,8421,8562,5545,6220,2218,7707,8235,5999,3950"
11646,11646,"10835,6971,5532,5545,10589,10326,13296,6220,2218,4277"
11647,11647,"10326,6971,5303,2140,4277,4798,5545,7063,13296,3950"
11675,11675,"2218,5610,11000,10326,3950,5545,8562,6220,2140,1978"
11676,11676,"789,1290,10663,7120,4929,10607,2916,3697,5135,9962"
11696,11696,"2291,13214,2140,3950,10326,383,2065,10916,8235,12871"
11700,11700,"1290,2218,4576,789,7120,5135,2916,11775,12030,6220"
11722,11722,"789,7120,3697,11117,10607,6811,1290,5135,9962,10663"
11754,11754,"10326,3950,350,3428,5545,1978,13296,2218,6402,6220"
11757,11757,"3950,5545,10326,13296,6220,2218,1978,10835,2343,7707"
11767,11767,"8562,5545,1978,2218,11615,2058,3870,7707,3950,6220"
11773,11773,"5303,5545,6220,8562,7707,13296,10326,1978,3950,10835"
11777,11777,"13110,3950,6220,5545,1978,2218,3870,6402,11622,7707"
11778,11778,"10607,789,4576,11298,2957,4163,10674,1851,4216,296"
11788,11788,"1290,9962,789,4576,7120,5135,10607,11298,10674,296"
11790,11790,"7120,4929,10663,1290,2916,8562,13296,10326,13101,5545"
11811,11811,"1290,10663,7120,4929,12497,2916,13101,12030,8567,9962"
11837,11837,"1290,7120,10607,789,296,5135,13309,6610,4576,9962"
11859,11859,"8235,5545,6220,11384,6971,7707,10326,3950,13296,5875"
11865,11865,"8421,13296,1978,4277,8562,6971,5545,9689,10326,7637"
11867,11867,"6220,8421,1328,1210,5545,3950,1978,8018,10326,2218"
11871,11871,"2218,5545,6971,11969,5482,13296,5485,10326,7609,6220"
11879,11879,"7120,789,10663,5135,13101,2916,9962,10607,12497,296"
11880,11880,"8421,4277,10326,1978,5303,12990,4798,8590,5485,851"
11908,11908,"2140,5303,4798,8562,4277,6220,331,10326,7063,8161"
11912,11912,"8235,7063,11784,2291,11194,10326,11506,3950,2140,5303"
11925,11925,"350,11590,1328,6402,5545,851,6060,4256,8540,1978"
11933,11933,"8421,5545,6971,10326,11384,13296,1978,2218,3055,6220"
11945,11945,"4576,1290,1863,5545,13296,6220,2343,9962,11969,9799"
11948,11948,"3950,7723,4413,7707,10326,5545,11751,2140,11795,6220"
11952,11952,"8421,8161,10326,1287,5303,2140,2218,3950,6971,851"
11957,11957,"7120,4576,1290,789,10674,5135,4664,9962,8590,11298"
11959,11959,"2343,5303,5532,8590,5545,10326,13296,560,10835,6220"
11967,11967,"5545,7707,8235,2218,10835,6220,10326,3950,12606,13296"
11969,11969,"6402,5545,5105,6220,3487,3464,2218,2769,6659,8188"
11970,11970,"10835,2343,7707,5545,13296,5199,10326,1978,6220,2218"
11975,11975,"8235,6402,5875,5027,8540,5760,6060,6640,7289,13191"
11995,11995,"3870,5545,13296,6220,2218,2343,1978,7707,9072,10326"
12002,12002,"789,7120,10581,1290,10674,5135,4664,2989,10648,10607"
12022,12022,"1290,9962,5135,13309,7120,296,789,10663,4163,3697"
12032,12032,"5760,5105,6011,6082,10441,8911,6150,1213,6060,10352"
12036,12036,"5303,1290,10326,2140,10835,6220,331,5999,4798,275"
12066,12066,"5545,9072,7383,1978,13296,2218,10326,6220,2343,4277"
12077,12077,"789,1290,5135,9962,7120,10663,4929,13309,13101,6243"
12078,12078,"9580,2140,5303,6971,9072,10916,811,10326,13296,851"
12084,12084,"9799,4101,2291,12680,2789,6971,2140,10326,851,12026"
12089,12089,"10326,5545,7707,8562,1210,1017,9799,3870,13296,275"
12106,12106,"5545,2218,11540,1978,13296,6220,4277,10326,9072,10835"
12107,12107,"5303,10326,5545,13296,2218,6220,3950,2140,4277,1978"
12111,12111,"3950,10326,2140,6971,11843,4798,5303,4413,11384,5545"
12131,12131,"10326,2140,851,5303,3950,6220,4277,8590,12990,13296"
12139,12139,"5532,10835,5545,8590,4798,8562,10326,13296,8235,6220"
12141,12141,"6220,2218,5303,12990,5199,10326,11540,13296,5545,5999"
12144,12144,"5135,13309,1290,9866,4929,3697,11298,12497,6811,7120"
12150,12150,"6220,9799,4413,10326,3950,2140,5545,8421,2218,6971"
12151,12151,"5303,10326,4277,8421,2343,13296,331,5545,10835,6220"
12162,12162,"2343,10326,2140,6220,5545,2218,5303,13296,6971,10913"
12170,12170,"2218,3950,10326,4679,13346,2140,2291,851,5303,13296"
12182,12182,"5303,2140,1290,10326,10835,6220,5999,13296,4798,275"
12185,12185,"5303,10326,9072,5545,13296,1978,9340,3950,10835,6220"
12191,12191,"220,3992,5545,3950,1978,10326,2218,6220,3870,8562"
12197,12197,"6971,5303,5999,8922,10835,1290,11357,10326,12026,785"
12204,12204,"2343,6220,2769,3487,3464,7487,6659,7679,11969,5105"
12229,12229,"2343,10835,8562,2140,6971,8590,1290,8421,13296,5532"
12231,12231,"5135,789,9962,296,13309,3697,1290,7120,4576,6610"
12234,12234,"5545,6220,2218,11969,4101,12606,7637,6402,4256,6659"
12238,12238,"8421,8562,10326,4277,2218,6220,5303,3870,5999,7707"
12242,12242,"3950,10326,8562,220,5545,2789,1978,1996,11800,2218"
12260,12260,"8421,10326,13296,6220,5303,2140,6971,11843,4277,2789"
12262,12262,"10835,4117,5999,6971,5199,8235,2822,10326,5532,11357"
12281,12281,"10326,5303,4277,4798,8590,9072,8562,331,1290,13296"
12289,12289,"10835,544,5532,89,10326,8590,1290,11969,9072,2140"
12306,12306,"2140,8421,5199,2343,5545,10326,4679,13296,1978,3950"
12326,12326,"7063,2140,2291,9306,10326,10916,3506,7824,851,5303"
12337,12337,"2140,8421,8235,7063,6971,4798,10326,3950,5545,13296"
12355,12355,"3950,4277,6220,2140,7707,8421,5545,5199,1978,13296"
12371,12371,"5545,6220,5303,3950,8421,4798,10326,13296,1978,2218"
12372,12372,"7707,6060,8235,5105,6402,5545,5549,4256,6659,3487"
12373,12373,"3950,5545,10326,2218,5303,6220,7063,2140,1978,8562"
12390,12390,"7120,4929,10663,789,12497,12030,13101,2916,6243,5135"
12405,12405,"2343,10835,8590,5532,13296,6971,8421,5303,6529,10326"
12407,12407,"7637,9564,8703,5149,4576,1290,1863,7120,589,13296"
12408,12408,"7707,11969,12606,5545,9072,2343,13110,5532,13296,1978"
12419,12419,"5760,6150,5249,5786,1213,6060,9799,6011,5105,162"
12423,12423,"3950,5545,10326,2218,6220,2140,8562,8235,1978,3870"
12426,12426,"6220,1290,6971,11969,5303,7120,13296,10326,4277,2343"
12452,12452,"6011,6082,449,10078,6060,5105,6402,13296,5027,1996"
12480,12480,"4576,5135,1290,13309,7120,2916,4664,1244,789,10607"
12530,12530,"8235,2218,8562,5549,10326,9668,3088,1487,3950,13296"
12546,12546,"7637,8703,6971,4101,1290,9668,5549,8590,6220,5303"
12556,12556,"1290,4576,1244,12497,10607,789,6610,7120,11298,296"
12573,12573,"5303,2218,5545,6971,10835,2140,1290,2343,10326,13296"
12592,12592,"4277,5532,10326,10835,6220,2140,8421,8590,12990,331"
12596,12596,"8421,11843,10326,8562,3950,331,2140,5303,4277,8590"
12599,12599,"1290,5135,10607,789,11298,9962,7120,4576,13309,296"
12615,12615,"544,4576,10674,6610,13309,89,5545,13296,6220,2343"
12618,12618,"5545,8421,10326,2140,2218,5303,7707,3950,3870,6971"
12624,12624,"10326,2140,8421,7707,12990,8590,7138,11384,5485,5545"
12638,12638,"10835,5532,5545,1978,10326,13296,2218,6220,9072,4277"
12641,12641,"10835,5999,6971,13296,9799,7707,11357,5199,785,8562"
12644,12644,"5303,1978,1210,5545,10326,13296,6220,2218,12152,4277"
12649,12649,"8703,9799,7637,6971,1290,4101,4698,5573,12030,7120"
12654,12654,"5545,4256,13110,11357,4459,6402,2571,11590,1978,4053"
12658,12658,"992,5303,5545,1978,2218,6220,4277,9072,13296,350"
12659,12659,"7120,789,4929,10663,2916,13101,12497,5135,10607,12030"
12666,12666,"2140,8421,10326,331,10835,4277,2380,8562,12990,5532"
12669,12669,"8421,11384,10326,5545,6220,3950,13296,2218,2140,1978"
12674,12674,"2343,1290,5303,2140,6220,8421,8590,5485,13296,5545"
12688,12688,"5760,11590,4985,462,8751,9306,3563,5786,9786,9801"
12694,12694,"8590,5545,13296,6220,2218,1978,10835,10326,7707,2343"
12709,12709,"8421,5303,13296,5485,6220,12990,1912,6971,5999,11843"
12712,12712,"6402,6060,7024,5105,5760,10352,8540,5027,6306,9375"
12722,12722,"5545,1978,2218,6220,3992,3870,3950,9942,9072,9178"
12728,12728,"1377,6402,2218,1328,5545,1978,4256,8188,6220,13110"
12732,12732,"8590,13296,10835,2218,5999,7138,10326,1100,8235,11540"
12736,12736,"2140,10916,5303,12990,8421,6971,851,10835,331,5999"
12738,12738,"2218,2140,8421,10326,13296,5303,6220,4277,1180,6971"
12741,12741,"5545,13110,7707,1978,3428,2218,2140,9341,12680,13296"
12756,12756,"3870,10326,5545,3950,1978,7439,2218,6220,12470,3545"
12764,12764,"10326,6220,5545,4798,4277,12665,2218,5485,12990,13296"
12768,12768,"13296,6971,10326,4277,10835,5545,1978,6220,2218,2343"
12773,12773,"3950,7707,1978,6971,5545,10326,13296,2218,6220,5303"
12789,12789,"8421,4798,10326,5545,13346,1978,2218,6220,13296,4277"
12790,12790,"6220,2218,8421,1978,10326,13296,5545,2140,5303,6971"
12801,12801,"2140,10835,9072,220,2343,6971,11384,10326,5545,1978"
12804,12804,"789,1290,9962,10663,4929,3697,296,12497,2916,1244"
12833,12833,"10326,2140,3950,5303,8421,7707,3870,5545,13296,6220"
12846,12846,"4798,5303,8562,8235,851,6971,5999,3870,5545,12611"
12855,12855,"4798,12404,11384,7138,10916,10326,13296,2218,5545,6220"
12860,12860,"2140,4101,10326,6971,3950,5303,11396,10138,3106,2218"
12874,12874,"5545,2140,331,10326,13296,5303,4947,6220,2199,6395"
12875,12875,"10835,5199,7707,4117,5545,10326,2822,11357,7547,1978"
12877,12877,"6402,10352,5760,6060,6011,10974,6306,2769,5105,3464"
12883,12883,"5303,6971,5999,331,10326,5485,851,13296,5545,4277"
12890,12890,"8703,7637,9668,5149,4698,2020,6166,9799,9954,12030"
12919,12919,"1290,10674,5135,7120,789,9295,3697,10607,6811,4163"
12927,12927,"5105,4256,2769,3464,6060,6659,6402,5545,5760,10352"
12955,12955,"7707,5545,3950,10326,6220,2140,1978,2218,13296,3870"
12956,12956,"8421,8235,10326,5545,13296,6220,2218,10835,5303,2140"
12958,12958,"2291,2140,5303,6971,7063,7439,10326,5747,851,9799"
12965,12965,"220,8562,5545,1978,3950,5497,2218,6220,3870,13110"
12970,12970,"5545,6220,10326,2218,4277,5303,7707,3950,4798,13296"
12996,12996,"2343,6971,5999,5303,2140,10835,9799,9072,4117,1290"
13000,13000,"3950,6220,3870,5545,2218,8421,7707,9942,13110,4602"
13017,13017,"4576,1290,13309,2916,544,5135,10389,4929,296,11024"
13019,13019,"851,10326,8421,4277,331,6326,10916,11282,12857,13296"
13021,13021,"5303,6971,5545,2140,2218,8562,13296,10326,5549,1978"
13022,13022,"1978,6220,10326,544,5303,10835,1017,5545,13296,2218"
13063,13063,"6220,5303,4413,8590,10835,2140,2218,9072,4277,12990"
13075,13075,"2291,8235,4798,3950,10326,13346,11540,2140,5303,2380"
13076,13076,"8421,4277,4117,6220,8562,13296,12990,5545,331,1978"
13101,13101,"4117,10835,5999,5199,6971,5532,11357,2822,10326,13296"
13105,13105,"789,1290,5135,9962,7120,4576,296,13309,4664,10663"
13115,13115,"5303,10326,4277,6220,6971,8421,12990,8562,13296,3950"
13117,13117,"1290,10607,296,4576,7120,6610,9295,6322,10674,11298"
13121,13121,"2140,2789,9799,6971,8421,11843,1180,2199,10916,331"
13123,13123,"2343,5545,12665,13296,8922,4277,2140,1978,6971,9799"
13125,13125,"6220,2789,2140,6971,5303,4413,10326,3950,1957,6395"
13147,13147,"10326,8421,12990,331,6220,2140,851,4798,7707,13296"
13151,13151,"5303,8421,8562,5999,13346,220,3870,10326,3950,12857"
13153,13153,"10326,851,4277,331,12990,11282,4798,6326,8161,10916"
13176,13176,"6971,1996,12104,2291,10434,10326,4877,10566,9998,9306"
13180,13180,"2140,5545,1978,11540,3950,10326,13296,6220,2218,12156"
13192,13192,"6402,4256,8540,10352,5027,11590,1328,6952,6306,2770"
13194,13194,"8235,8590,5545,10326,8922,13296,6220,2218,2140,10835"
13195,13195,"1978,5303,5545,10326,2218,3950,6220,13296,4277,9072"
13198,13198,"8421,6220,2218,9072,6971,8590,12990,5485,2291,5545"
13231,13231,"10326,8421,5303,851,12990,4277,9580,12857,2218,5545"
13234,13234,"5135,789,1290,9962,7120,3697,2916,10663,296,13309"
13240,13240,"7120,789,9962,4576,10663,296,5135,4929,12497,2916"
13273,13273,"5303,10835,5999,2218,10326,2140,6220,8235,4117,331"
13276,13276,"3950,8421,1978,5303,13346,11384,10916,10326,5545,13296"
13283,13283,"8421,2140,10326,8161,331,12990,1180,1776,4277,5303"
13297,13297,"350,4679,13346,5545,1978,5875,5497,10326,2218,6220"
13301,13301,"1290,9072,8421,12990,13296,5545,10326,6220,2218,13346"
13303,13303,"5303,220,3950,4602,5545,10326,1978,2218,6220,3870"
13321,13321,"789,1290,5135,2916,10607,7120,13309,4576,3697,296"
13330,13330,"2343,2218,89,13296,5149,5545,6220,10326,6971,8590"
13338,13338,"9962,789,11298,7120,10607,9295,5135,1290,4576,13309"
13380,13380,"2140,5545,6220,7707,10326,3950,13296,5303,10835,1978"
13389,13389,"9962,2916,11117,789,5135,1290,10607,7120,13309,10663"
13390,13390,"10835,5532,4117,5999,2140,8562,10326,5545,13296,3950"
13391,13391,"10326,5999,6220,2140,10835,8421,6971,4413,12990,4798"
13401,13401,"5999,2140,7063,7138,11540,9473,10326,3950,5303,5545"
13403,13403,"2218,9799,8235,8562,8922,5999,89,10326,13296,5545"
13407,13407,"1290,10663,7120,13296,296,9799,10835,4576,2140,789"
13413,13413,"5545,10326,2218,6220,1978,3950,2140,4277,8562,5303"
13414,13414,"4576,5135,1290,789,9295,10607,11298,10674,7679,4216"
13446,13446,"851,8421,331,12990,6220,4277,7707,10326,13296,5545"
13472,13472,"10663,4929,789,9962,10607,1290,4576,7120,5135,296"
13488,13488,"8562,4798,10326,11384,13296,10835,8421,4277,4679,5545"
13502,13502,"1290,6220,4576,10674,11024,9730,544,1779,7120,9295"
13507,13507,"789,5135,13309,3697,1290,7120,9962,6610,296,10663"
13512,13512,"6402,6060,5105,5760,8540,10352,6011,4256,10441,5027"
13543,13543,"8421,4277,12990,331,13296,11384,6971,4798,8562,5999"
13572,13572,"2140,9072,5303,5545,6220,4277,1978,2380,8421,6971"
13595,13595,"1290,7120,789,1244,10663,296,3697,9962,4576,13309"
13599,13599,"5545,3950,2218,1978,3870,6220,8562,13110,3992,7707"
13608,13608,"2140,5545,5303,8421,851,7063,13346,10326,10916,3950"
13609,13609,"6402,6060,6011,10352,5027,4399,8540,6952,4832,6815"
13630,13630,"3950,6220,13296,8421,5303,2218,7707,3870,5199,10326"
13635,13635,"5303,2140,10326,7063,5545,13296,3950,6220,1978,10835"
13645,13645,"2789,5999,4798,8562,3950,2567,10326,8922,13296,5303"
13673,13673,"5545,2218,1978,6220,8279,10326,8562,13296,3950,7707"
13683,13683,"13296,5485,5545,6220,5303,2140,9072,2380,8562,6971"
13702,13702,"11540,10326,8235,12026,8922,2291,2140,6971,3950,5303"
13716,13716,"3950,2140,2380,10326,8421,2218,4798,9799,8235,7707"
13724,13724,"6971,11282,10326,4798,5303,2140,8421,4277,331,12990"
13746,13746,"5303,6220,10835,6971,8421,5999,4277,7707,12990,8562"
13752,13752,"6220,3950,7723,10326,9942,4413,2218,10434,13296,10566"
13756,13756,"789,9962,1290,4929,13309,7120,10663,13101,5573,4387"
13763,13763,"789,1290,9962,7120,3697,10607,13309,13101,2916,9295"
13774,13774,"2140,8421,10326,13296,6220,6971,5485,7707,1290,11540"
13776,13776,"5135,1290,13309,7120,789,9962,3539,6243,10663,3697"
13786,13786,"789,5135,1290,7120,3697,1244,296,9962,13309,10663"
13788,13788,"4029,5027,6060,8540,10352,10974,13111,6952,6306,10732"
13791,13791,"6971,8421,6220,8235,8590,2218,12990,5999,2291,10326"
13810,13810,"4576,2218,4664,10607,11024,6610,7120,11775,1742,1290"
13811,13811,"11843,8421,10916,331,8161,851,1912,10326,9580,3950"
13820,13820,"7120,10607,4576,1290,5135,10674,11298,10389,4664,2916"
13826,13826,"5545,2218,6220,1978,9942,350,13110,7707,9178,3870"
13840,13840,"10352,6011,8911,5760,6060,10441,8540,449,10974,6815"
13841,13841,"11843,12990,4277,6326,3950,13346,11384,5303,8562,6971"
13852,13852,"5545,2218,6220,10326,10835,2140,5303,13296,1978,5549"
13858,13858,"7637,4101,9799,4698,5549,2140,3515,2291,2020,5303"
13865,13865,"9375,1377,5760,6060,6402,11590,5105,10352,4256,11771"
13871,13871,"851,4277,12990,10326,5303,2140,6971,4798,11843,9580"
13877,13877,"9306,2140,2291,10326,3950,4877,7063,2218,8562,12104"
13905,13905,"10326,8421,4798,12990,6326,331,4277,9580,11282,13296"
13924,13924,"7120,10607,5135,9962,10663,13309,4929,12497,296,2916"
13929,13929,"10326,2140,9072,13296,5303,4277,8421,8590,4679,5545"
13935,13935,"2140,8421,811,10326,5545,13296,1978,2218,6220,4277"
13952,13952,"789,1290,5135,7120,10607,10663,4929,296,2916,12497"
13953,13953,"1290,789,4576,7120,9962,10663,12497,296,10674,4929"
13962,13962,"8421,12990,5545,1978,3950,10326,2218,6220,13249,4277"
13965,13965,"6220,7707,3950,13110,5545,3428,1978,10326,13296,2218"
13966,13966,"10326,2218,1210,4277,5545,1978,6220,9072,7707,13296"
13974,13974,"10674,789,5135,7120,1290,10663,4576,4929,11298,296"
13982,13982,"1290,789,5135,10663,296,10607,9962,11298,4576,13309"
13983,13983,"4117,5999,5199,13296,10835,6971,8235,10326,11357,5545"
13987,13987,"851,8421,4798,8161,331,2140,3950,6220,5999,10326"
13988,13988,"10607,1290,10674,4664,4576,12903,11298,3487,9730,789"
13991,13991,"10326,9580,6326,4798,8421,10916,6971,2380,2140,331"
13995,13995,"6060,6402,6011,5027,5760,10352,8540,10974,6952,6306"
13998,13998,"11843,13346,10326,2140,13296,3950,5303,8562,12990,3870"
14021,14021,"8562,13296,5545,6220,10326,2218,2343,8590,6971,1290"
14028,14028,"1426,5545,2218,13110,9178,4256,6402,3992,1978,8188"
14042,14042,"5545,8590,10326,2218,4277,5303,2140,8421,544,4679"
14049,14049,"7637,8703,9564,8235,5149,9668,8590,10326,9799,4205"
14060,14060,"9799,6220,3950,13296,5303,2380,8562,6971,8590,10326"
14061,14061,"5303,2140,5545,1978,10326,13296,3950,2218,6220,9072"
14067,14067,"1863,13296,5545,2020,7637,3487,4576,6220,2218,10326"
14079,14079,"1290,7120,13296,10835,2140,6220,8235,4117,9799,544"
14089,14089,"2140,12404,1210,5545,1978,10326,2218,13296,6220,9072"
14097,14097,"5303,2140,6220,8590,12990,9072,4798,1290,4679,13296"
14105,14105,"2769,7679,3464,7047,5760,10389,6060,12339,3487,4576"
14147,14147,"10835,1290,5303,8562,89,13296,10326,5545,6220,2343"
14155,14155,"8421,3950,7707,5545,4679,1978,10326,4915,11384,13296"
14168,14168,"2140,8421,5999,10326,5199,13296,5545,6220,2218,1978"
14170,14170,"13110,5545,1978,2218,6220,9942,9072,9341,12404,9178"
14173,14173,"5760,5545,5105,6659,4256,6060,6402,11771,6082,10441"
14174,14174,"6220,3950,7707,4277,13110,5545,1978,13296,10326,2218"
14196,14196,"220,10326,5545,2140,8421,8235,5303,3870,7707,13346"
14197,14197,"4277,13346,220,10326,5545,2218,3950,6220,13296,8562"
14202,14202,"9962,5135,7120,13309,10663,296,3697,10336,4929,2916"
14204,14204,"9306,2291,2140,7063,13214,6220,3950,8562,11540,10326"
14215,14215,"5303,1978,5545,2218,6220,13296,10326,9072,4277,3950"
14242,14242,"5303,3870,6971,4798,10326,5545,13296,3950,1978,6220"
14244,14244,"6220,8421,13296,4277,4117,10326,7707,2218,12665,8562"
14249,14249,"1290,10663,9962,3697,1244,13101,789,10607,11117,5135"
14250,14250,"2140,4277,9306,10326,3950,5545,2218,6220,13296,8235"
14256,14256,"10326,4277,8421,851,12990,11282,9580,10916,13296,6971"
14258,14258,"4664,10607,10674,6610,7679,8714,2957,4216,1851,4576"
14280,14280,"5545,5303,6220,2140,6971,13310,10326,13296,7986,4277"
14318,14318,"10607,4576,6610,11969,544,2769,7679,11298,10674,7120"
14325,14325,"4256,6659,6402,6060,8540,11590,10352,1377,6306,12824"
14328,14328,"1290,4929,12030,10663,6243,8590,13101,12497,8567,3697"
14329,14329,"10326,3950,2218,6220,5545,7063,5303,2140,8562,2291"
14344,14344,"2140,8562,5303,1912,6971,9580,10916,10326,331,851"
14366,14366,"5135,1290,9962,7120,10663,4929,3697,1400,296,2916"
14421,14421,"11298,10607,5135,2769,13309,9962,9866,10674,9730,3464"
14430,14430,"7063,5545,2140,4277,5303,6971,8590,11384,10326,4679"
14435,14435,"8421,5545,10326,3950,2218,6220,13296,2140,8562,1978"
14472,14472,"10835,5999,10326,2140,4117,2218,6220,8421,2380,331"
14501,14501,"8590,8562,13296,6220,2218,5545,9799,1978,12665,3487"
14509,14509,"2789,2140,6971,2291,851,3950,8421,8235,5999,4798"
14516,14516,"8562,7707,9473,2343,5545,10326,6166,2218,1978,11540"
14521,14521,"4117,5999,5303,10835,2140,2343,8421,6971,5199,8590"
14553,14553,"1290,4576,6220,1863,7706,8590,2140,6971,13296,3487"
14561,14561,"6220,10326,2140,5199,4602,5545,3950,1978,13310,8235"
14562,14562,"5999,11384,10835,5303,2218,9072,2140,6971,4679,5545"
14567,14567,"5545,1978,2218,2140,6220,350,13110,3870,7707,9178"
14575,14575,"1290,10607,7120,789,296,1244,11775,2916,4576,5135"
14581,14581,"8608,5532,331,10835,2343,5303,7120,8590,544,13296"
14627,14627,"8235,4413,10326,5545,6971,9072,1290,5999,9942,13296"
14634,14634,"6220,5545,1978,3950,10891,10326,6402,4256,2218,7707"
14651,14651,"5303,12026,10326,2140,9799,5999,331,6220,1290,10916"
14659,14659,"5999,2140,8421,10835,6971,10326,5545,4053,13296,13058"
14670,14670,"8421,4798,4277,12990,10326,13346,5545,1978,13296,2218"
14684,14684,"13296,4277,8421,12990,10326,5545,1978,6220,10835,2218"
14691,14691,"2218,13296,3950,8235,5999,8922,9733,10326,9799,5545"
14695,14695,"8590,89,5545,13296,10835,6220,10326,2218,7707,1863"
14705,14705,"2140,6220,13296,10326,5545,4277,1978,2218,5303,6971"
14711,14711,"8590,6220,2218,12665,12990,7707,8562,89,13296,4798"
14723,14723,"2140,5545,1978,2218,6220,10027,9942,4277,10326,8562"
14739,14739,"5135,7120,9295,3697,10607,296,789,1290,10389,6610"
14740,14740,"2140,6971,5303,9580,2380,8161,331,10916,851,11282"
14743,14743,"4117,2218,9072,10835,4277,8562,11384,5532,5545,8590"
14747,14747,"5545,3870,7707,8562,2140,11384,1978,3950,10326,6096"
14748,14748,"2218,5545,9942,13296,1978,8235,2567,2789,12757,12665"
14764,14764,"5545,1978,6220,2218,13296,2343,10326,9072,7707,4277"
14771,14771,"13111,5027,6640,1377,8092,6306,6402,6060,5760,5105"
14780,14780,"5545,6220,1978,7707,6971,7063,10326,13296,2218,5303"
14784,14784,"5303,4277,3950,8421,2140,6971,4798,5199,5545,13296"
14785,14785,"5199,5545,13296,1978,6220,2218,4499,2343,9072,4277"
14798,14798,"3950,811,5545,1978,10835,2218,9178,1100,13110,3870"
14801,14801,"6220,2140,1290,9942,5545,10326,4277,2343,544,9072"
14803,14803,"8421,4679,7138,10326,5303,4277,10835,6220,5999,851"
14821,14821,"5303,6220,2140,4798,12990,1912,4679,9580,10326,5545"
14832,14832,"789,9962,13309,8590,1290,10336,10663,9866,3697,6971"
14833,14833,"2140,5545,13296,6220,3950,8590,2343,9072,5303,8235"
14853,14853,"13296,4277,12990,331,6971,5303,8421,4798,5999,8562"
14854,14854,"4679,10326,5303,2140,8421,6971,10916,13346,13296,12309"
14856,14856,"5545,6220,2343,6971,2218,5303,2140,7707,3870,5199"
14858,14858,"8562,5303,5545,1978,8235,10835,2218,6220,2291,4277"
14864,14864,"2140,5303,7063,9306,3870,10326,4679,3950,11000,5545"
14867,14867,"1290,10389,789,5135,9962,7120,4576,13309,11024,296"
14880,14880,"10607,10389,4664,9732,6610,1290,9942,4576,1244,11969"
14890,14890,"2218,3950,6220,5545,13296,1978,10326,7707,10835,2343"
14892,14892,"5532,10835,12990,1978,10326,2140,5199,8562,8421,5545"
14899,14899,"5135,9962,789,10607,13309,10663,6610,1290,7120,4576"
14904,14904,"2343,5545,1978,13296,6220,2218,7707,10326,9072,12665"
14906,14906,"10607,9962,1290,7120,6610,789,5135,11298,10389,4664"
14909,14909,"9375,6060,5760,10441,1521,6402,5105,8540,6640,10352"
14929,14929,"5303,2140,10835,12665,5545,4698,13296,5149,10326,6220"
14931,14931,"13296,6971,7707,6220,9799,10326,1290,4101,5545,2218"
14938,14938,"3950,8421,13296,12990,5545,10326,11384,1978,8483,2882"
14955,14955,"10326,4277,5303,8562,9072,4798,7707,5545,1978,9341"
14961,14961,"3950,5610,3870,7063,2218,8562,220,9178,3112,5177"
14969,14969,"5135,9962,1290,3697,11298,12497,2916,10336,7120,10663"
14970,14970,"10326,851,8421,4277,331,6220,9580,8161,2140,6971"
14977,14977,"5545,3950,4413,1742,2218,10326,6220,1978,3870,9306"
14991,14991,"5303,10326,10835,5999,4798,2140,6220,1290,331,8922"
14993,14993,"10326,2140,3950,5303,5545,2218,6220,8421,8562,10437"
15009,15009,"2140,8421,331,4277,5303,6971,4798,8562,7707,10326"
15014,15014,"10607,789,5135,9962,4576,11298,1244,13101,11024,4664"
15028,15028,"7120,4929,10663,789,12497,13101,2916,12030,296,6243"
15029,15029,"4679,11384,10326,8421,2140,4277,5303,8562,10916,5545"
15030,15030,"5545,6220,4679,1978,10326,2218,3950,10138,9072,7707"
15033,15033,"10326,6971,10835,8421,2343,12990,5999,4798,13296,6220"
15052,15052,"851,13296,8421,12990,5303,11282,10916,6971,4798,6220"
15062,15062,"10326,2218,2140,8235,8562,13346,12990,4798,3950,6971"
15074,15074,"7707,5303,5545,5199,2140,6220,4277,9799,6971,8590"
15081,15081,"10835,2140,5532,10326,2343,6220,9072,8421,7707,6971"
15082,15082,"4029,6402,6060,5027,10352,8540,6952,6011,10974,6640"
15097,15097,"10326,2140,5303,6971,3950,2218,6220,4413,8235,8421"
15098,15098,"6515,5485,851,6971,6220,8421,8590,12990,2218,2291"
15107,15107,"789,1290,7120,12030,10663,4929,8567,3697,4387,5573"
15113,15113,"13296,1290,2140,10835,9799,2343,851,12990,8562,10326"
15120,15120,"8421,6220,13296,6971,5303,12990,4277,2380,2218,8590"
15121,15121,"10326,8421,4798,6326,12990,4277,331,3950,9580,10916"
15122,15122,"5303,6971,2140,5545,10326,10916,5485,13296,851,10835"
15141,15141,"5760,10974,8911,10441,1213,6060,449,5105,5027,6402"
15143,15143,"8590,1863,13296,6220,4576,1290,9799,7120,89,12665"
15148,15148,"3950,2218,10326,3870,3992,4602,5545,1978,13310,6220"
15164,15164,"1978,3950,6220,4277,7707,8421,5545,13296,10326,10835"
15165,15165,"789,9962,1290,5135,4929,10607,3697,4576,7120,13309"
15175,15175,"10326,2140,8421,12990,9580,331,5545,13296,2218,1978"
15186,15186,"789,5135,1290,10663,13309,4929,12030,13101,12497,296"
15189,15189,"8421,331,10326,12990,5545,4679,4277,851,13296,11384"
15200,15200,"10326,851,331,4277,5303,9580,8161,2140,6971,6220"
15204,15204,"10326,8590,13296,1290,2343,8922,7120,6971,2140,5303"
15205,15205,"4576,1290,4664,11024,7120,8714,7707,2343,10607,2989"
15217,15217,"5303,6220,2140,8590,4277,5485,10326,6638,9668,13296"
15240,15240,"1851,2916,11117,5135,789,10607,9962,11298,1290,4576"
15248,15248,"5135,8590,6971,1290,789,3697,4576,9962,7120,12030"
15253,15253,"10835,4798,3950,2140,4277,5545,10326,5199,13296,6220"
15256,15256,"2140,1978,6220,811,9942,10326,13296,8421,5545,2218"
15260,15260,"3950,5999,5485,5303,10835,6971,6220,4117,8421,8590"
15265,15265,"13110,6402,5545,1978,2218,6220,7707,9942,350,8188"
15274,15274,"8540,10352,6402,5027,4029,6952,13111,6306,381,6060"
15275,15275,"2291,6220,3950,2140,5303,6971,11540,8235,4413,4798"
15282,15282,"2140,8421,5545,10326,8590,8472,3950,1978,13296,6128"
15294,15294,"2218,5545,5875,3950,1978,10326,13296,7024,6220,7489"
15304,15304,"1290,789,296,13309,4576,4929,5135,9962,7120,6610"
15330,15330,"9564,7706,8590,7637,5976,4205,3487,4576,5545,10429"
15331,15331,"8421,11384,5545,10326,1978,3950,2218,4277,6220,5303"
15332,15332,"5105,5760,2769,3464,6060,6011,6402,4024,10352,6082"
15339,15339,"6220,13296,12665,5303,1978,544,5545,12606,10835,13377"
15387,15387,"7707,6220,10326,4277,5545,8562,13296,1978,2218,6971"
15391,15391,"9072,6971,10326,2218,3950,6220,8421,2140,8590,2380"
15396,15396,"6326,8421,2380,5545,8161,11282,9580,10326,13296,851"
15397,15397,"3870,8562,5545,1978,5199,2218,6220,7707,13296,9072"
15421,15421,"9306,7063,6220,2140,3950,2899,5545,10326,2218,1978"
15427,15427,"7120,5135,4576,1290,789,2989,4664,9295,10607,296"
15434,15434,"5545,6220,2218,13296,1978,11969,2343,544,7707,9942"
15441,15441,"2140,7707,8562,10835,5545,10326,6982,1978,3950,2990"
15444,15444,"5545,6220,2218,2140,7707,1017,3870,13296,10326,1978"
15457,15457,"851,8421,6220,331,5303,2140,9799,4277,4798,6971"
15466,15466,"1978,12990,8421,5532,4798,811,5545,10326,2218,13296"
15475,15475,"8421,12857,10326,11843,5303,3950,2140,2218,6220,6971"
15483,15483,"789,5135,1290,9962,7120,13309,296,3697,10663,9295"
15487,15487,"8235,2218,3950,5545,10326,3870,1978,9306,5495,6220"
15500,15500,"350,5545,1978,6402,5747,4877,12476,2140,3870,851"
15511,15511,"10835,4117,5532,10326,6971,2140,6220,2822,4053,11357"
15515,15515,"4277,331,5545,8421,8590,8562,10326,12680,5875,9799"
15519,15519,"4277,13296,350,5545,8562,1978,851,7578,2218,6220"
15534,15534,"5545,13296,6220,2218,4277,1978,12875,9306,10326,2343"
15545,15545,"1290,7120,4576,789,9962,5135,9295,10607,10674,296"
15553,15553,"10607,7679,10674,4216,2957,83,6610,1851,4163,11918"
15556,15556,"8421,6220,2218,13296,7063,12990,5545,10326,3950,1978"
15564,15564,"10835,5303,6971,7063,220,11000,10326,5545,2218,13249"
15567,15567,"10607,7120,10674,1290,5135,789,4576,296,11298,10389"
15582,15582,"2218,11384,10326,5545,13296,6220,3950,2140,5303,6971"
15585,15585,"2140,5303,4277,10326,331,12990,5485,4679,6971,8421"
15587,15587,"5199,10835,5303,5545,8562,8590,1210,10326,13296,6220"
15589,15589,"6971,2380,10326,10835,6220,12990,10916,13296,2140,5303"
15590,15590,"2140,5545,13296,1978,10326,6220,2218,10835,2343,4277"
15595,15595,"1100,5545,8540,6659,6522,4256,6060,11590,6402,7526"
15611,15611,"5135,10607,789,2916,296,3697,12497,1244,9962,10336"
15613,15613,"4277,2140,8421,4679,7063,3950,10326,5545,1978,2218"
15632,15632,"1290,13296,7120,8590,6971,6220,10326,2343,2218,4576"
15633,15633,"7707,5545,13296,10326,6220,2218,1978,4277,2343,10835"
15639,15639,"5303,6971,5999,10326,2140,6220,8421,12990,1978,7707"
15648,15648,"851,331,4277,8161,12990,1180,10326,6971,2140,2789"
15652,15652,"5545,13296,6220,4277,1978,2218,10326,7707,2140,5303"
15683,15683,"13296,6220,7707,5545,12665,544,1978,10326,10835,2218"
15688,15688,"10835,6220,5545,10326,4679,11772,13296,2218,2140,5303"
15703,15703,"220,5610,3950,10326,2218,5545,8562,9306,2140,3870"
15708,15708,"10326,5545,2218,6220,5303,1978,2140,4277,8562,9072"
15714,15714,"10326,8421,12990,13296,350,5545,1978,8562,6220,331"
15719,15719,"5303,8421,12990,10835,4277,2140,6220,5545,10326,6433"
15727,15727,"8922,4101,2567,5999,2199,9799,851,2291,2789,6971"
15728,15728,"12030,1290,5573,13101,3697,4387,12497,8302,7120,10663"
15735,15735,"6060,6402,5760,8540,5105,10352,6150,5027,12476,4256"
15736,15736,"5303,2140,8421,12990,7138,5545,10326,4679,13296,6220"
15739,15739,"2291,13296,6166,8562,12680,10326,8235,4101,8703,2140"
15742,15742,"3950,2140,3870,6220,4679,5545,1978,10326,2218,13296"
15764,15764,"5545,5303,8235,3870,9072,13296,10326,1978,6220,3950"
15773,15773,"2140,10916,6971,8421,851,2218,3950,13296,4798,10326"
15774,15774,"9732,4576,10607,1290,11298,10389,4664,11969,11024,6610"
15786,15786,"6402,5027,13111,6952,6640,4029,9482,10974,6060,5105"
15789,15789,"9072,1017,4798,10326,6220,13296,2218,5303,5545,6971"
15796,15796,"1328,5545,1978,2218,6220,350,13110,1210,7707,4277"
15800,15800,"10326,6220,5545,1783,2218,2140,5303,13296,8421,3950"
15802,15802,"1290,7120,5135,10663,9295,10607,11024,789,4576,6610"
15812,15812,"5303,6220,2140,8235,4277,10835,3870,12990,10326,5545"
15815,15815,"5303,10326,5545,1978,2218,3950,6220,9072,13296,2140"
15828,15828,"3950,8421,12857,6326,10326,6971,4277,6220,8562,12990"
15831,15831,"5760,5105,10352,6402,6011,6060,4256,10441,10974,2769"
15840,15840,"350,6402,5545,1978,2218,9178,6220,13110,3870,3428"
15845,15845,"8421,10326,5303,4277,2140,6971,8562,5999,4413,10916"
15847,15847,"5545,1978,2218,6220,9072,7707,8188,9942,13110,1210"
15856,15856,"6971,4798,10326,9799,10916,2140,4117,10835,5999,9580"
15861,15861,"9962,5135,7120,2957,4664,4929,789,1290,10607,10674"
15862,15862,"789,5135,9962,7120,12497,3697,2916,10336,1290,10663"
15871,15871,"2218,12404,7707,220,5545,1978,8235,3950,6220,10326"
15872,15872,"4277,5303,8421,12990,10326,5545,13296,2218,6220,1978"
15883,15883,"7120,1290,10607,3697,789,296,10663,4929,9295,2916"
15886,15886,"13296,2343,6220,5545,12665,4576,10326,10835,779,1978"
15888,15888,"6220,6971,13296,3870,5303,2218,7707,13110,10326,1978"
15898,15898,"10326,8421,12990,331,6220,2140,5303,9072,4277,6971"
15919,15919,"2343,10835,13296,10326,4277,6220,5545,5303,2140,1978"
15922,15922,"5135,13309,1290,9866,3697,7120,4929,10663,6811,296"
15931,15931,"1290,5135,7120,12030,4576,789,3697,5573,13101,2916"
15941,15941,"9799,8562,6220,10835,12680,9937,8703,851,10326,4698"
15943,15943,"8421,3950,5303,7063,11000,10326,11384,10916,5545,2218"
15956,15956,"6220,8562,13296,5303,2140,5545,13310,10326,3950,1978"
15958,15958,"1290,6220,7120,789,544,10663,12497,2916,6971,2140"
15960,15960,"2140,10835,6971,5303,4277,2343,7138,7063,10326,13296"
15973,15973,"3950,7120,10326,5545,6220,2218,13296,8590,6971,8235"
15977,15977,"1290,3697,789,1779,10607,5135,9962,7120,13309,4576"
15994,15994,"5545,10326,2218,3950,6220,2140,7707,1978,8562,13296"
15995,15995,"1290,5135,9962,10663,13101,12030,2916,789,7120,4929"
15996,15996,"6220,5545,9942,13296,9668,1978,6402,2218,4256,9178"
15999,15999,"220,1978,5545,2140,10326,2218,6220,10006,3870,3950"
16060,16060,"2140,3950,10326,8235,2789,13296,5303,8421,6971,2380"
16069,16069,"1978,3950,7707,5545,10326,2218,6220,9799,3870,13110"
16076,16076,"10607,11298,1290,4664,10389,6610,9295,7120,4036,5135"
16085,16085,"4256,6306,6402,10352,8540,6011,4399,1377,6060,5105"
16089,16089,"8703,9668,4101,6166,8922,4698,7637,6971,2140,5549"
16097,16097,"8421,331,7707,10916,4277,4798,851,11843,10326,13296"
16112,16112,"3950,8562,5545,3770,1978,2218,6220,3870,4413,7707"
16116,16116,"4798,8421,13346,11384,11000,10326,5545,3950,2218,6220"
16137,16137,"6971,8161,2291,7063,8562,851,10326,5303,8421,2789"
16150,16150,"8421,2140,11843,10326,3950,2789,7723,8235,5999,5545"
16174,16174,"5545,1978,3950,2218,6220,7723,4413,3870,10326,13110"
16176,16176,"2218,13296,5545,1978,5532,6220,10326,9072,7707,9942"
16210,16210,"1290,789,7120,9962,5135,4576,4664,10607,10674,11298"
16212,16212,"5303,9072,8421,10326,10835,8562,6220,2140,12990,4117"
16230,16230,"2218,6220,10326,9072,8562,5303,2140,5545,1978,8590"
16245,16245,"4277,12990,4679,8421,5545,10326,1978,13296,2218,6220"
16293,16293,"2140,8562,3950,8421,7707,4277,4679,8590,4482,220"
16299,16299,"789,9962,5135,4576,11298,1290,7120,4664,13309,296"
16300,16300,"7707,6060,5105,3487,7706,6402,1983,3464,2769,5760"
16303,16303,"4277,2140,4679,13296,2218,8421,7063,5545,1978,10326"
16305,16305,"3950,350,3428,5545,1978,10326,6141,2218,6220,4277"
16314,16314,"5303,4277,6971,12990,331,10835,8421,2140,4798,8562"
16328,16328,"2140,12857,4413,3950,5545,811,10326,2218,1978,6220"
16340,16340,"789,9962,5135,13309,1290,4929,9866,3697,4576,6811"
16351,16351,"5545,4277,1978,2218,6220,11772,10326,9178,10138,9072"
16363,16363,"4798,4277,10326,5545,2218,6220,3950,8562,7063,220"
16376,16376,"5303,6971,7063,5999,10326,11784,851,3950,2291,2380"
16387,16387,"7707,4798,6326,10326,13296,6220,8421,5303,2140,1912"
16395,16395,"2140,851,6971,1978,8421,4277,331,13296,10326,4798"
16414,16414,"6971,4277,3950,12990,10326,9942,5545,13296,1747,6220"
16416,16416,"5303,220,13214,5610,3950,10326,9454,9306,2291,2218"
16418,16418,"10326,5303,6971,9072,2343,9942,5545,13296,3870,1978"
16471,16471,"10607,4576,10674,1290,11298,10389,4664,11024,10648,4216"
16489,16489,"4798,6971,1978,4413,12857,9072,10326,10916,5545,3950"
16497,16497,"2140,10326,2218,9306,5545,5303,12871,6220,3950,13296"
16509,16509,"2140,4277,5303,1978,8590,7707,8562,13296,5545,10326"
16510,16510,"8421,13296,5545,3950,6971,1978,2218,7707,5999,2789"
16521,16521,"9962,1290,5135,10607,3539,789,3697,7120,4576,13309"
16524,16524,"8540,6815,6060,6011,6402,10352,5760,4399,5027,10974"
16582,16582,"6971,5303,13296,6220,2140,9072,5485,10326,3870,5482"
16592,16592,"6220,2218,89,4576,3487,9564,5976,10429,1863,2769"
16604,16604,"8421,12990,5545,10326,13296,6220,10835,2218,2140,3950"
16605,16605,"4576,7120,4664,6610,6971,296,6220,1290,2916,544"
16617,16617,"296,10607,1290,7120,4036,13309,4576,11298,3539,5135"
16622,16622,"5135,1290,4576,7120,789,10607,9962,13309,10648,296"
16624,16624,"1210,2140,4679,5545,1978,2218,10326,7723,6220,4277"
16628,16628,"5303,10835,5199,3950,5545,10326,1978,6220,2218,2140"
16633,16633,"1290,7120,789,4929,13101,5135,2916,6243,8567,12030"
16646,16646,"7707,10326,6220,5545,350,5303,13296,1978,2218,9942"
16651,16651,"2140,8421,10326,13296,2218,6220,5545,4277,1978,5303"
16654,16654,"6220,10835,4117,10326,6971,9799,12990,7707,6326,4053"
16673,16673,"2218,2140,6971,3870,10326,9580,5545,13296,3950,6220"
16675,16675,"3950,10326,8421,6220,4277,8235,9580,3870,13346,3055"
16677,16677,"6971,9799,5303,7707,6220,12680,10326,5549,3950,8235"
16679,16679,"220,11000,11384,5545,350,11751,3950,1978,2218,10326"
16686,16686,"9962,789,5135,1290,7120,11298,13309,296,9295,10607"
16695,16695,"4277,3950,2140,2218,5303,8421,2380,13346,10326,10916"
16704,16704,"5545,1978,2218,6220,9072,7707,1210,4277,11590,13112"
16709,16709,"5545,3950,6220,2218,5303,10326,1978,13296,8562,7707"
16773,16773,"5303,10326,2218,8562,4798,5545,6433,13296,1978,3950"
16774,16774,"10326,8421,2140,4277,11772,5545,3950,2218,5303,1978"
16797,16797,"2218,3428,6220,6402,1978,6060,8540,4256,4947,6395"
16803,16803,"9942,10326,3950,5545,2218,6220,2140,8562,1978,4915"
16804,16804,"10326,8421,331,9580,10916,8161,12857,851,5303,4277"
16806,16806,"6402,10352,5027,8540,6306,6011,6952,4399,10974,6060"
16810,16810,"5545,3428,1978,3950,11194,2218,220,6220,7707,350"
16836,16836,"2140,8421,5545,1978,10326,3112,13296,6220,2218,3950"
16844,16844,"9072,5545,1978,2218,6220,7707,3950,3428,3870,13110"
16861,16861,"789,5135,2957,296,9962,1290,10607,7120,10674,13309"
16875,16875,"5303,6971,10326,2218,2789,4798,2380,8235,10916,331"
16936,16936,"3950,8421,13346,10326,2140,13296,4277,6971,4798,7138"
16946,16946,"8421,3950,13346,11000,5545,1978,7063,11843,10326,2218"
16965,16965,"5303,10835,10326,2140,1290,6220,331,2218,5999,13296"
16987,16987,"2140,6971,851,5303,2380,4277,8421,9580,8161,331"
16988,16988,"2218,5999,2343,10326,6529,13296,5875,5532,2140,11403"
16989,16989,"6220,3950,7707,13296,5545,1978,8421,5303,3870,10326"
17007,17007,"10326,5545,6220,2140,8421,8590,12990,8235,4679,9942"
17016,17016,"4117,10835,4798,10326,2140,6971,2822,8590,4053,11357"
17030,17030,"2140,5545,9072,5303,7707,10326,2291,3950,1978,13296"
17034,17034,"4277,8421,12990,2380,9580,10916,4679,2140,851,5303"
17054,17054,"5303,851,6971,1978,1912,8421,6220,12990,10916,7063"
17056,17056,"6306,6402,5027,8540,6011,10352,6060,6952,6150,13111"
17084,17084,"6220,4277,1978,9072,5303,8421,5545,544,5485,9341"
17098,17098,"3950,220,7063,5545,1978,2218,6220,10326,3870,9942"
17102,17102,"6971,8421,6220,5303,4277,851,5999,12990,331,2380"
17109,17109,"3950,5545,1210,1978,2218,3870,3992,9178,13110,6220"
17112,17112,"6971,9072,10326,8421,9799,2380,2218,4798,9580,560"
17119,17119,"6220,4413,4798,12990,12680,13296,10326,7723,5545,9580"
17124,17124,"2218,5303,6220,5999,10835,7707,2140,8235,3870,6971"
17141,17141,"2140,8421,5303,6220,331,6971,4277,4117,2343,8235"
17160,17160,"10674,4216,2957,4163,1851,83,9732,10389,11298,10607"
17179,17179,"5545,6220,7707,10326,1978,13296,2218,1478,4413,4277"
17189,17189,"8421,4277,13296,6220,13346,811,6433,5545,10326,3950"
17191,17191,"6220,4413,2140,2990,5303,3870,7723,3950,5545,10326"
17194,17194,"10326,2218,8421,9072,6971,3870,7063,5545,851,13296"
17195,17195,"5303,5999,10835,6971,5199,10326,6220,12990,4053,7707"
17200,17200,"789,7120,10607,4929,9295,9962,1290,5135,296,6610"
17212,17212,"6220,10326,6971,9799,5303,2140,4277,12680,2218,9580"
17218,17218,"2343,5999,10835,8421,10326,5545,13296,5485,1978,6220"
17232,17232,"5027,6402,8540,4256,10352,6952,1377,6306,13111,2770"
17242,17242,"10326,8421,4277,2140,5545,851,13296,8590,1978,6971"
17255,17255,"4413,3950,2140,2789,5999,3055,3870,10326,7723,11784"
17262,17262,"789,1290,10607,4576,3697,5135,9962,7120,13309,6610"
17275,17275,"5545,6220,1978,2218,13110,4053,11590,4256,6402,6659"
17276,17276,"6220,5545,1978,4256,2140,2218,8188,9178,350,2290"
17278,17278,"4576,3487,2769,13296,7637,3464,5105,7679,9730,12339"
17283,17283,"8421,5303,12990,851,4679,8562,1210,10326,5545,13296"
17284,17284,"5999,8421,10326,3950,13346,7723,5545,13296,6220,2140"
17295,17295,"10326,3950,6220,5999,11843,5545,2218,5303,2140,8562"
17298,17298,"1290,4576,4664,296,789,9962,7120,10389,5135,10648"
17319,17319,"13296,6220,7707,5545,9942,2140,6971,10326,1978,10835"
17320,17320,"9732,9295,4216,4163,1779,10607,11298,4576,5135,10674"
17325,17325,"6971,6220,1290,2140,10835,8235,8922,5532,7707,544"
17330,17330,"5135,9962,13309,789,1290,7120,2916,11024,3697,10663"
17334,17334,"789,9962,5135,1290,7120,13309,4576,10336,11024,10607"
17346,17346,"5545,1978,10326,2218,6220,5303,2140,3950,8562,4277"
17352,17352,"4117,5999,10916,6971,10835,4798,8590,785,8922,2571"
17353,17353,"789,5135,9962,1290,13309,7120,4929,12030,11117,10663"
17396,17396,"10326,5303,2140,6971,9580,10916,7063,4679,851,3950"
17408,17408,"5303,6220,5545,1978,2218,4277,2140,9072,8421,3870"
17414,17414,"350,5545,1978,6402,4256,2108,13110,2218,6659,3870"
17422,17422,"5135,10147,789,9962,11298,7120,1290,4929,10663,4163"
17424,17424,"4277,8421,2140,3950,4798,5545,13296,10326,1978,6220"
17427,17427,"5135,789,9962,13309,1290,7120,3697,4576,10336,4929"
17432,17432,"2218,6220,3992,8562,3950,7707,5545,1957,1978,3870"
17434,17434,"2140,331,4798,10326,8590,10835,8922,2380,4101,9580"
17439,17439,"2218,3950,5495,5545,8235,6402,5105,3870,4256,6220"
17442,17442,"13296,6220,9799,9580,11282,10326,10835,851,5303,4277"
17449,17449,"2140,5545,1978,3950,220,4679,7063,10326,2218,8633"
17472,17472,"1017,1210,5545,13296,3340,10326,6220,2218,9072,2343"
17509,17509,"1290,789,9962,4664,7120,544,1779,10607,10674,4576"
17522,17522,"8235,4413,3950,220,4602,3870,7707,10326,5545,9942"
17527,17527,"5303,851,1978,2140,1912,8421,10326,10916,7063,13296"
17535,17535,"10607,4576,1290,7120,10674,6610,10389,296,2916,10663"
17540,17540,"10326,5303,2140,6971,2218,8421,6220,13296,8562,4798"
17541,17541,"1290,9962,10607,5135,296,10663,2916,789,3539,4576"
17551,17551,"5999,8421,10326,5545,3950,2218,6220,1978,5303,13296"
17564,17564,"8421,10326,12857,5303,10835,11282,9580,8562,6515,851"
17565,17565,"6815,6402,6011,10352,8540,6306,4399,4832,6060,10078"
17581,17581,"10326,8421,851,9580,8161,331,220,5303,2140,2218"
17596,17596,"10835,2343,13296,1290,10326,2140,9799,851,10663,8922"
17601,17601,"3950,4413,8421,12857,5999,6971,9799,8562,10326,7723"
17611,17611,"2140,9799,6220,851,10326,5303,8421,12378,11635,7723"
17612,17612,"3950,9072,11590,2140,8421,4256,5545,1978,13296,6220"
17620,17620,"3799,8235,13346,3950,5545,6141,1978,10326,2218,6220"
17627,17627,"5545,13346,1978,2218,2140,6220,3870,9178,7707,3428"
17634,17634,"2218,13296,5545,5149,7064,1978,6220,7707,12665,9942"
17649,17649,"3950,4277,8590,10326,8421,2140,6971,8562,3870,4798"
17654,17654,"5545,1978,4256,2218,6402,6220,11590,6659,13110,350"
17659,17659,"6220,2140,8562,9668,5545,13296,4101,10326,3950,8235"
17666,17666,"4576,1290,7120,10663,4929,2916,789,12497,3697,11775"
17674,17674,"2380,10326,2140,6971,5303,6220,13296,2218,8421,3950"
17684,17684,"6402,1377,8540,10352,1328,2770,8092,6306,5545,1978"
17708,17708,"8421,13296,10326,2343,6220,2218,5545,4277,9072,2140"
17709,17709,"1328,5545,1978,2218,13110,5610,9178,350,4256,3992"
17741,17741,"6220,5303,7707,10835,7723,3870,2140,8562,5545,3950"
17752,17752,"5105,10441,8911,1213,10739,449,6060,10732,7220,6011"
17765,17765,"2343,10835,5303,4117,4798,5999,5199,10326,13296,11403"
17770,17770,"8590,9564,4576,7706,3487,7637,5976,589,8703,9954"
17814,17814,"3950,4277,4602,5545,1978,10326,2218,6220,9799,7715"
17818,17818,"5545,1978,2218,4256,350,13110,6402,8188,6220,9178"
17822,17822,"1290,789,7120,5135,12030,1244,9962,11117,9295,13309"
17826,17826,"851,8421,2380,10916,10326,1912,4277,2218,6971,8562"
17827,17827,"10607,9962,1290,789,4576,11298,4036,5135,10389,7120"
17840,17840,"10326,7707,8421,6220,5303,12990,8562,8590,13296,5545"
17843,17843,"2218,6971,3870,7063,13296,3950,6220,9072,8421,5545"
17864,17864,"3950,10326,11384,2218,12785,2140,6971,5303,2291,6220"
17871,17871,"10429,2218,5545,3487,13296,383,6220,9306,2140,4576"
17881,17881,"10835,2218,6220,5199,5545,6529,13296,10326,9942,1978"
17928,17928,"12665,8562,5545,13296,1978,6220,2218,2343,10326,7707"
17931,17931,"5545,2218,6220,3950,9306,13310,3992,7063,13110,9178"
17933,17933,"6220,5303,5545,10326,13296,1978,2218,220,3950,9072"
17953,17953,"5303,10835,10326,7707,2140,1290,12665,5999,13296,1017"
17970,17970,"3950,2218,6220,4117,5999,3870,10326,5545,13296,1978"
17977,17977,"6971,5999,6220,5303,8421,4277,8562,331,7138,10326"
17982,17982,"9962,1290,10663,3697,12497,4929,10644,6811,2916,6243"
17995,17995,"1290,12030,8302,2916,7120,10663,4929,12497,2140,3697"
18002,18002,"2140,8421,10326,5303,6971,560,4798,8590,13296,4679"
18006,18006,"4256,6659,6402,8540,10352,1377,5545,6060,5105,2769"
18023,18023,"4277,10326,6220,5303,2140,8421,4679,5545,1978,3950"
18024,18024,"2140,10326,2291,6220,9306,7063,9771,3950,7439,11000"
18047,18047,"13296,5545,2218,6971,9942,10326,6220,2343,10835,1978"
18050,18050,"2218,8421,8562,7707,11384,10326,13296,5545,5999,10835"
18078,18078,"8421,331,4798,9580,13296,6220,4277,5303,6971,12990"
18086,18086,"5135,9962,789,1290,3697,296,7120,13309,10663,9295"
18093,18093,"11298,1290,5135,7120,9962,789,4576,9295,10607,4664"
18115,18115,"3950,8421,5545,4798,7063,10326,1978,13296,6220,2218"
18122,18122,"4576,4664,1290,3487,9730,4698,11969,10674,7679,2989"
18124,18124,"2140,7707,4277,10835,8590,8235,4798,5545,13296,10326"
18127,18127,"1290,5135,789,7120,9962,10663,13101,13309,4929,2916"
18133,18133,"3950,2380,8421,13296,6220,6971,4413,8562,12990,3870"
18148,18148,"2140,6971,10326,4679,9454,13296,5303,2218,6220,851"
18155,18155,"7138,5545,6503,10326,1978,2218,12378,6220,2867,10395"
18158,18158,"1290,7120,10607,12497,296,10663,4929,2916,3697,4664"
18166,18166,"5545,10326,2218,6220,1978,5303,9072,13296,4277,2140"
18167,18167,"9072,10326,5303,6971,12990,5485,13296,5545,1978,6220"
18169,18169,"2140,13346,10326,3950,8161,2291,11540,5303,5545,2218"
18175,18175,"10835,8562,5545,3950,4277,13296,1978,10326,6220,6529"
18178,18178,"7707,13296,6220,2140,2218,10835,6971,4413,5999,10326"
18214,18214,"1290,4929,7120,10663,6243,13101,12497,8567,296,5135"
18217,18217,"9580,7138,5303,6220,4277,851,12990,8562,10916,1421"
18226,18226,"1290,7120,4576,789,9962,4664,5135,9295,10607,10674"
18229,18229,"5303,6971,9072,5485,8421,5545,3870,12990,5532,1017"
18236,18236,"6402,10352,8540,1377,5545,6306,6220,4256,2218,5105"
18240,18240,"5545,2218,3870,3428,6220,3950,6402,2990,1978,6060"
18262,18262,"5545,6220,13296,7707,3870,1978,10326,11384,2218,4413"
18266,18266,"1290,10607,10663,4929,296,12497,2916,1244,3697,4664"
18272,18272,"5303,10835,4277,8421,3870,13346,6971,10326,5545,13296"
18292,18292,"2140,9799,7707,5545,2380,8562,4413,10326,13296,5549"
18299,18299,"1978,8421,12990,350,5545,13296,275,6220,10326,2218"
18321,18321,"6402,8540,10352,5027,6011,6306,6640,5760,5105,10974"
18338,18338,"4798,5303,2343,8421,4277,10326,4679,13296,7138,5545"
18339,18339,"10326,4277,6971,8421,12990,2140,331,2380,9799,9580"
18341,18341,"3950,6971,5303,7723,3106,12990,10326,11540,2140,6166"
18355,18355,"5135,1290,789,7120,3697,4929,2916,9295,3539,6811"
18364,18364,"4576,1290,544,4664,8590,6610,7120,10389,8714,13296"
18368,18368,"10326,8421,12990,851,4277,6971,8562,10916,5545,13296"
18393,18393,"2140,5303,2343,4277,6220,8590,6971,5545,10326,4798"
18409,18409,"10326,5303,12990,10916,5545,2218,13296,6220,1978,2140"
18434,18434,"10326,8421,12990,3950,331,13296,2140,5303,4798,8562"
18440,18440,"3950,6220,1978,13296,2218,2140,8421,4798,7707,7138"
18446,18446,"8421,811,5303,12990,1978,5545,2218,6220,10326,4277"
18467,18467,"2140,5545,8421,10326,2218,13296,3950,5303,11357,6220"
18475,18475,"6220,4576,1290,8590,13296,6971,5545,5532,10326,12665"
18487,18487,"8421,4277,13346,12990,3950,13296,6220,8235,6971,3870"
18489,18489,"6402,2770,10352,350,9482,6640,5545,4256,1978,6659"
18499,18499,"5303,4679,10326,5545,2343,2218,13296,6220,1978,4277"
18505,18505,"12990,6220,10326,13296,3950,7707,8562,2140,5545,1978"
18525,18525,"13296,10326,5303,4413,5545,9799,6971,8421,12990,8562"
18530,18530,"8421,4277,12990,6971,4798,13346,851,10326,5545,5532"
18539,18539,"4576,1290,1863,7120,13296,8703,6220,3487,2343,544"
18546,18546,"8421,10326,5303,4277,12990,331,11384,13296,5545,6220"
18579,18579,"9942,5545,13296,7707,1978,10326,6220,2218,4277,10835"
18585,18585,"10835,1912,5999,5532,10326,10916,4117,5545,13296,3950"
18595,18595,"1978,6220,8562,10326,3870,5303,5545,811,2218,12990"
18648,18648,"3950,6220,8421,5545,6433,13296,10326,2218,4277,10835"
18679,18679,"5303,3870,3950,4277,4413,8562,6971,10835,12857,10326"
18683,18683,"6220,1978,2140,10326,5545,13296,7706,7637,1856,10835"
18687,18687,"2140,5532,5545,13296,10326,6220,2218,10835,1978,2343"
18718,18718,"6220,2140,13296,3870,4277,7707,8562,8421,13110,1978"
18741,18741,"3950,10326,2140,11622,5610,9729,12632,13110,5545,9306"
18760,18760,"1290,3539,7120,9962,5135,6610,13309,4576,4664,9295"
18771,18771,"10835,7707,8562,5545,1978,10326,2218,6220,13296,2264"
18787,18787,"851,10326,331,8421,2140,4277,4798,9580,6220,10916"
18788,18788,"12857,2218,5303,6220,5999,9072,4798,4413,10916,10326"
18789,18789,"8562,8421,3870,5545,1978,10326,6220,13296,2218,4277"
18798,18798,"4277,8421,5545,13296,10326,6220,2218,4947,5303,2140"
18800,18800,"5545,6220,2218,4576,11969,544,2343,8188,3487,3464"
18805,18805,"2218,5532,5545,10326,1978,13296,6220,3950,9072,2343"
18806,18806,"789,9962,7120,10607,10663,3697,4929,11298,296,12497"
18812,18812,"4256,6011,6402,6060,5027,5105,8540,10352,10835,5760"
18818,18818,"6011,5760,4399,449,8911,4832,10441,5105,6402,10352"
18830,18830,"5303,6971,3950,3870,4798,331,10326,7063,10916,13296"
18835,18835,"5135,1290,789,7120,9962,3697,4576,10607,10674,10663"
18839,18839,"6971,5545,9799,8562,13296,10326,6220,2140,5303,10835"
18851,18851,"5199,2343,5545,13296,810,1978,10326,6220,2218,9072"
18854,18854,"10326,8421,6971,9799,851,5303,8235,331,12990,11282"
18864,18864,"8421,2140,13346,4277,3950,5545,1978,13296,10326,6220"
18865,18865,"8235,2343,6220,2140,5303,10835,6971,10326,5545,13296"
18874,18874,"789,5135,9962,13309,7120,1290,11298,10663,6811,10336"
18875,18875,"8421,5199,13296,5545,10326,6220,2218,4277,1978,2343"
18879,18879,"6060,3464,5760,11771,1213,10441,2920,2769,5105,3487"
18882,18882,"789,5135,9962,1290,7120,11298,13309,4664,296,10663"
18895,18895,"8235,6220,2218,13296,3870,2343,5495,5545,4277,4413"
18903,18903,"1290,5303,6220,4277,2140,8590,9072,8421,5199,331"
18913,18913,"3950,10326,6220,4277,2140,12990,5303,7707,10916,11384"
18934,18934,"789,9962,5135,13309,1290,10336,10663,6243,4387,6811"
18935,18935,"544,1978,3487,5545,89,6220,12030,6659,13296,7707"
18981,18981,"4576,6220,2343,7707,5545,13296,3487,12665,1978,10835"
18985,18985,"6220,4277,13296,1978,10326,10835,5545,3870,8562,9799"
18987,18987,"5135,7120,9962,13309,10607,2916,13101,12497,296,12030"
18990,18990,"5485,6220,6971,2218,8421,8590,12990,7063,5999,2291"
18996,18996,"5545,2218,3950,10835,5303,10326,13296,9504,1978,6220"
19010,19010,"8421,10326,4277,331,10916,12990,4798,11384,5303,6220"
19016,19016,"1290,7120,789,11298,9962,4664,5135,11775,296,10607"
19018,19018,"4413,10326,9729,2218,5303,3950,2140,5545,2291,6220"
19029,19029,"10326,8421,851,2140,4277,5303,8562,7063,12990,7138"
19060,19060,"5760,5105,6060,1377,10732,6402,3464,8540,10107,4256"
19069,19069,"1290,7120,4929,10663,13101,6243,3697,296,8567,12030"
19084,19084,"2140,5303,8562,4798,4277,8421,10835,1978,4679,9072"
19086,19086,"9732,2343,3487,2769,5545,3464,6220,11969,4576,544"
19105,19105,"1290,4576,10607,10674,4664,2769,3487,13101,10389,7679"
19110,19110,"5135,1290,9962,13309,10336,1244,10663,789,10607,6811"
19135,19135,"8540,6011,6402,10352,4256,5027,6306,1377,2770,6952"
19144,19144,"6971,5303,6220,8562,13296,5545,10326,1978,8593,2218"
19154,19154,"5532,7063,5545,10326,3950,6220,2218,13296,2140,1978"
19168,19168,"4277,8421,9580,8562,10916,8161,331,7707,10326,3950"
19173,19173,"10663,12030,5573,4387,12497,13101,12474,1290,7120,4929"
19187,19187,"6971,5303,8421,4117,4413,5999,7723,13296,10326,6220"
19216,19216,"6640,10732,6402,5760,6060,10352,6011,5105,5027,6150"
19227,19227,"6402,5545,1978,4256,2218,13110,6060,6220,8540,350"
19231,19231,"8421,2789,4277,3950,851,11843,9580,331,8161,10326"
19234,19234,"4576,6610,11024,10607,11298,1290,11775,10389,1779,7120"
19255,19255,"10326,12990,13296,4798,4277,5303,8421,2343,4117,3950"
19258,19258,"2140,3950,13296,220,10326,6971,5545,8235,6220,2218"
19266,19266,"1290,4576,89,5545,13296,1863,3487,12030,13101,2989"
19296,19296,"10326,8235,2218,6220,2140,3950,6971,5545,13296,8590"
19297,19297,"5027,10352,8540,6402,6640,6952,4832,1521,6306,6060"
19308,19308,"3950,2140,5199,5999,10326,5545,8235,6982,1978,2218"
19323,19323,"6011,10352,6060,6402,8540,6306,6640,4832,10974,5105"
19346,19346,"6220,6971,12990,5303,8421,2343,4798,5545,13296,2291"
19347,19347,"7120,4929,10663,12497,2916,13101,12030,296,6243,4576"
19360,19360,"1290,9962,5135,4576,7120,789,9295,10607,11298,10674"
19364,19364,"10607,4576,1290,10674,11024,4664,6610,11298,544,11969"
19378,19378,"3950,10835,13296,8562,2140,7707,5532,2789,5545,10326"
19379,19379,"8421,5303,2218,4798,3870,5545,13296,10326,6220,4277"
19380,19380,"5303,9072,4679,220,5199,5545,1978,10326,2218,13296"
19381,19381,"8421,10326,331,9580,10916,8562,1180,9799,13296,2140"
19384,19384,"8421,6971,6220,12990,2218,2380,5999,8590,2291,10326"
19385,19385,"8421,12990,13346,4798,2380,11384,6971,5545,5199,10326"
19388,19388,"9962,1290,296,789,10607,5135,7120,4576,4664,13309"
19406,19406,"851,8421,2140,11843,9580,8161,331,5303,11282,4277"
19408,19408,"5999,10835,6220,5303,9799,12990,7707,4053,11357,13296"
19415,19415,"13296,2218,8590,2343,4576,544,12606,5545,3487,7679"
19417,19417,"10835,5545,8235,10326,1100,13296,2218,6220,1978,2140"
19434,19434,"2343,1210,4664,5545,13296,6220,1978,2218,10389,12665"
19441,19441,"2140,8421,10916,5303,851,4798,9580,331,6326,10326"
19461,19461,"4576,1290,10607,7120,789,6610,4929,2916,10663,3697"
19474,19474,"3950,2218,5303,6220,10835,851,7707,5999,5199,3870"
19477,19477,"3464,5545,2769,11969,6220,2218,6659,3487,5105,8188"
19484,19484,"10607,1290,4664,4576,789,11024,6610,10389,1779,5135"
19502,19502,"4277,7707,5545,1978,13296,10326,2218,6220,9072,2343"
19503,19503,"6971,10326,2218,4413,6220,3950,1634,5545,13296,8235"
19512,19512,"5303,5545,2140,6971,6220,8421,13296,10326,1210,10835"
19515,19515,"2218,8235,5545,13296,10326,6220,3016,2343,3487,7707"
19518,19518,"2218,3870,12404,5545,220,10326,1978,13296,3950,6220"
19530,19530,"6220,2140,5303,5485,5545,13296,1978,10326,9072,9942"
19559,19559,"1290,9962,13309,10663,789,10607,6610,7120,5135,4664"
19576,19576,"5999,7707,3870,8235,10326,5545,5199,13296,2218,1978"
19586,19586,"2140,5545,13296,1978,10326,10332,2218,6220,1156,13228"
19594,19594,"1290,5303,6971,8590,9072,544,8922,7120,13296,10326"
19605,19605,"5545,13296,6220,2218,10326,2343,9072,1978,7707,11969"
19618,19618,"5303,3950,2380,2140,2218,6971,10326,5999,4413,7723"
19620,19620,"9799,7637,2199,4101,6971,5549,12026,9937,2789,851"
19623,19623,"4277,5545,10326,11384,13296,1978,6220,2218,1478,5303"
19628,19628,"4117,10835,5999,5199,6971,5532,4053,8235,13296,10326"
19631,19631,"7120,10607,10663,4929,296,4576,12497,2916,1244,3697"
19642,19642,"10835,5532,1978,5303,10326,7707,5545,5199,8421,13296"
19644,19644,"5545,2218,4798,5303,12990,7063,11384,10326,2291,3950"
19648,19648,"4576,2343,7707,12339,89,4664,5545,3487,8590,6220"
19665,19665,"9340,811,5545,1978,2218,6220,13296,10326,4277,9072"
19683,19683,"1290,5135,10663,10607,4929,4576,296,2916,12497,13309"
19684,19684,"8421,10326,13346,5545,13296,6220,2218,5303,2140,4277"
19693,19693,"10326,1210,5545,1978,2218,6220,9867,4277,7707,9942"
19696,19696,"6971,7707,10326,6220,2140,13296,5303,4277,4117,12990"
19707,19707,"5303,10326,4798,2140,6220,6971,5485,560,5199,13310"
19715,19715,"4117,5999,5532,10835,4053,10326,13296,11357,785,2771"
19716,19716,"13309,1290,7120,4929,10336,3697,9866,12497,2916,6811"
19729,19729,"7120,13296,1290,4929,10663,6220,8590,2140,12030,2916"
19734,19734,"3950,8421,10326,11000,4798,5545,5610,1978,2218,5199"
19758,19758,"2380,8421,2218,8562,8590,1912,7138,8235,8161,10326"
19764,19764,"8421,6220,5485,6971,12990,2218,5999,9072,2380,8590"
19773,19773,"789,1290,5135,9962,13309,296,2916,3697,10607,11298"
19778,19778,"13296,2218,5545,1978,10326,6220,4277,12665,2343,3871"
19780,19780,"8562,13296,2218,8421,5545,5199,1978,3950,6220,10326"
19784,19784,"4277,7707,5545,1978,2218,6220,9072,2343,13296,9942"
19786,19786,"4277,8421,12990,13296,8562,4798,6971,9942,5545,1978"
19793,19793,"3950,8421,13296,4277,2218,5999,331,10916,7707,7063"
19798,19798,"2140,10326,5303,5545,11969,1978,5532,12990,13296,2218"
19808,19808,"9799,8421,6220,11282,8161,10326,2789,2395,851,2140"
19812,19812,"789,9962,5135,1290,7120,10607,3539,11024,4576,4664"
19821,19821,"2380,6220,7707,9799,8562,5545,8981,9937,13296,10326"
19830,19830,"1290,7120,789,4576,5135,10389,11024,296,4036,1851"
19843,19843,"10326,8421,8161,11000,2218,12104,6971,9328,5303,6128"
19867,19867,"2343,1978,7707,2140,5545,13296,3487,12665,4576,6220"
19889,19889,"2218,8562,10835,8421,5999,10326,5545,13296,2822,1978"
19893,19893,"6220,2140,5545,4277,10326,11969,13296,6971,1978,12665"
19898,19898,"1290,5135,7120,789,3539,4576,10389,13309,296,10663"
19902,19902,"6011,6402,5027,10352,6060,6952,4399,10974,6640,6306"
19905,19905,"10326,8421,5545,2140,5303,2218,8590,4798,6638,13296"
19910,19910,"2140,8421,10326,3950,5303,8562,2380,6971,9580,331"
19929,19929,"12990,6220,7707,4277,8421,331,10326,13296,5545,11843"
19932,19932,"789,9962,10607,1290,11298,296,4664,5135,10389,10648"
19952,19952,"6220,8235,8421,3950,9799,2380,5999,13296,6166,12990"
19956,19956,"5303,3870,8562,5545,10326,1978,2218,13296,6220,9072"
19987,19987,"851,2140,8421,4277,13296,12990,4798,8161,10326,6326"
20008,20008,"13296,4277,12990,331,5303,6971,8421,4798,9580,8562"
20018,20018,"10326,6220,2140,7707,5303,8421,4413,4679,3950,5545"
20019,20019,"4929,2916,1290,6971,2218,13296,8590,10326,7120,6220"
20020,20020,"1290,7120,4929,10663,12030,13101,6243,2916,12497,8567"
20023,20023,"5303,3870,9072,7707,5999,13346,11751,2789,10326,5545"
20031,20031,"5303,2218,2140,8562,331,7138,13296,10326,6220,4277"
20039,20039,"5545,7707,2218,6220,8562,9072,13296,10326,1978,3950"
20040,20040,"5545,5303,8421,13346,4679,10326,3950,2218,1978,11357"
20041,20041,"544,5545,1978,3509,6220,2218,13110,7707,13296,9942"
20045,20045,"3950,8421,5999,6220,2140,7707,4798,331,10326,7723"
20056,20056,"544,4576,10607,1290,7120,5135,296,10674,2916,10663"
20069,20069,"2218,3950,4277,5545,3992,1978,8235,1100,4602,2910"
20074,20074,"4413,5545,7707,8590,10326,2990,13296,1978,3950,6220"
20083,20083,"2140,5545,6220,9072,4277,5199,13296,1978,10326,2218"
20085,20085,"1290,10607,7120,9962,10663,6610,12497,3697,789,5135"
20086,20086,"1290,7120,4929,10663,4576,6971,296,13296,5545,10326"
20089,20089,"4277,10835,6971,2140,8421,5303,8590,7707,8562,8235"
20101,20101,"5303,10835,5999,10326,9799,2140,6220,331,13296,851"
20104,20104,"5760,5105,10441,449,6011,8911,6150,6060,10352,10974"
20112,20112,"6220,3950,4277,8562,4602,5545,1978,7637,2218,11590"
20115,20115,"6220,8421,13296,10326,5303,4277,5545,2140,2380,7707"
20133,20133,"789,5135,13309,10336,9866,1290,10644,3697,11298,4929"
20136,20136,"4277,2140,2343,2291,5545,13296,10326,6220,1978,2218"
20138,20138,"5135,9962,789,13309,11298,1290,7120,10663,10336,1244"
20162,20162,"4679,2140,8421,6971,851,12990,3950,4277,331,10326"
20176,20176,"6971,331,10326,9799,8421,2380,4277,2140,2218,4798"
20200,20200,"2140,8562,12990,10326,5303,4277,4798,851,7063,5545"
20222,20222,"2140,10326,5545,383,13296,6220,9306,2218,13214,2065"
20251,20251,"5303,6971,5999,9580,851,8421,2291,331,12990,8562"
20256,20256,"1978,3950,13296,8562,4602,4414,5545,2380,2218,12470"
20264,20264,"5303,1290,2140,6220,6971,2343,8421,9072,11969,5485"
20280,20280,"4277,8421,12990,10835,10326,1017,5545,13296,1978,6220"
20286,20286,"1290,4664,10389,11024,7120,9295,10137,296,789,4576"
20323,20323,"1290,7120,10663,13101,5573,12030,6243,2916,8567,12474"
20324,20324,"1290,6971,6220,12665,2140,4576,13296,5545,10326,2218"
20336,20336,"4576,1290,544,789,7120,9962,8590,5135,296,10663"
20339,20339,"8562,7707,3992,5545,1978,3950,2990,6220,13296,2218"
20344,20344,"5303,331,6971,2140,5545,8421,10326,13296,8235,8703"
20356,20356,"13296,6220,3428,4277,10326,12665,2140,1210,13110,851"
20360,20360,"1290,7120,13101,10663,4929,12497,1977,6243,8567,789"
20362,20362,"2343,10835,5532,5199,13296,5545,10326,5592,6220,12665"
20376,20376,"8421,2140,12990,10326,3950,4277,8562,5545,1978,13296"
20381,20381,"2218,5303,8421,4798,5545,13296,10326,1978,5485,6220"
20394,20394,"7120,10663,4929,789,13101,5135,12497,296,2916,12030"
20397,20397,"2140,5303,7707,9072,11969,6971,5545,13296,6220,1978"
20407,20407,"2140,220,7707,5545,10326,3950,1978,2218,6220,5303"
20413,20413,"789,5135,9962,1290,10663,6811,7120,13309,3697,4929"
20433,20433,"789,5135,9962,13309,1290,12497,6811,7120,10607,10663"
20448,20448,"12104,2291,10434,4877,10566,9998,10326,6971,9306,4740"
20492,20492,"6220,5545,1978,2218,13296,2343,9072,12665,4277,10326"
20505,20505,"1290,789,7120,11298,3697,4929,296,2916,12497,9962"
20512,20512,"11843,4798,3950,12857,10326,8421,3870,6326,10594,13346"
20514,20514,"12104,2291,10434,4877,10566,9998,9306,10326,7063,6971"
20533,20533,"811,8421,1210,5545,1978,10326,13296,2218,6220,12404"
20543,20543,"10326,6220,12990,12404,4277,1210,2140,11843,5545,13296"
20546,20546,"3950,8562,8421,2380,220,4679,3870,10326,2218,5303"
20557,20557,"5545,2140,7707,13296,2218,8421,4277,6971,12665,4798"
20558,20558,"4798,3950,4277,9942,10326,5545,13296,811,2218,6824"
20561,20561,"2218,5545,6220,3870,8421,13346,4798,10326,3950,13296"
20566,20566,"1290,789,4576,5135,7120,10389,9962,11024,296,11775"
20573,20573,"10607,789,5135,9962,1290,4576,11298,7120,4036,296"
20623,20623,"10663,4929,1290,7120,5303,8590,8922,12497,296,2916"
20627,20627,"851,10326,12990,331,10916,8421,5303,11843,4277,9580"
20643,20643,"6971,851,4679,2140,5303,8421,8161,8562,331,9580"
20645,20645,"789,5135,13309,1290,10336,4576,3697,7120,11298,10663"
20652,20652,"8421,2140,10326,5303,4277,9072,12990,4798,5485,13296"
20654,20654,"4277,8421,12990,5303,331,9580,8562,10326,851,2140"
20667,20667,"6971,5303,13296,5545,10326,2218,9744,12665,6220,11969"
20670,20670,"11384,5545,1978,10326,2218,6220,3950,7707,3870,13296"
20671,20671,"5303,6971,9072,4117,5199,10326,11384,5999,5545,13296"
20676,20676,"5303,2140,4277,6971,8235,8590,8562,7707,9072,10326"
20694,20694,"5303,4277,6220,8590,7120,6971,2140,13296,8922,4576"
20709,20709,"10326,851,8421,331,4277,2140,9580,4798,8590,6326"
20716,20716,"8562,9580,10326,5303,8421,13296,2140,6220,5545,1957"
20739,20739,"13310,5545,7138,1978,2218,6220,9942,13110,10326,3992"
20763,20763,"2343,8608,5303,6220,8590,2140,13296,6638,10326,10835"
20779,20779,"10607,789,9962,5135,1290,11298,7120,11024,6811,10663"
20781,20781,"7707,2789,9799,6971,5303,5545,6220,2218,5999,10326"
20790,20790,"789,5135,1290,9962,7120,13309,4576,296,10663,4929"
20792,20792,"8421,331,12990,1180,11282,2140,5303,4277,4798,6971"
20797,20797,"2380,10326,3950,5303,12990,7707,12857,4679,851,13296"
20811,20811,"5303,5545,6971,3870,10326,13296,1210,1978,6220,10835"
20821,20821,"1290,6610,7120,10607,11298,10674,9295,11024,4576,10389"
20830,20830,"2218,2140,8590,10326,5545,6638,6220,13296,5303,3950"
20861,20861,"10326,2343,5999,6220,6971,4277,8590,5303,4117,5532"
20878,20878,"5545,3950,2218,1978,10326,6220,3870,7063,8562,220"
20891,20891,"8235,8562,10326,5545,3950,2218,1978,7289,6220,13296"
20895,20895,"6220,11384,3950,8421,11540,5545,10326,13296,5485,1978"
20901,20901,"2140,8421,4277,4679,5303,2380,9072,4798,2343,10326"
20908,20908,"10326,4277,2140,5303,6971,2343,9072,12990,11969,13296"
20928,20928,"1290,10663,4929,2916,12497,789,5135,10607,7120,3697"
20945,20945,"5545,6220,9072,5303,2140,13310,1978,13296,1453,8235"
20971,20971,"10326,2140,8421,11843,9580,851,10916,3950,13296,5303"
20979,20979,"6971,851,12990,8421,331,2140,4277,5303,5545,2218"
20982,20982,"5303,6971,2140,1978,9799,4117,13296,12925,8562,10326"
20991,20991,"5303,10835,10326,2140,6220,1290,12990,331,5999,4798"
20998,20998,"5545,13296,8421,1210,1978,10326,6220,2218,1957,4277"
21006,21006,"5999,3950,2789,6971,8421,6220,9799,4798,10326,8235"
21018,21018,"6971,6515,5303,2140,11843,10916,10326,851,13296,8421"
21028,21028,"9942,5545,1978,6220,2218,13296,2343,7707,9072,8188"
21041,21041,"8562,7138,11384,10326,2218,5545,13296,6220,5303,2140"
21042,21042,"5303,5545,1978,3950,10326,2218,6220,3870,8562,9072"
21064,21064,"9962,1290,13309,4929,7120,10336,10663,10607,3697,9866"
21075,21075,"5199,2343,5545,1978,6529,10835,11403,8235,2218,5999"
21078,21078,"3950,10326,5545,8421,4413,2218,2140,851,4277,6971"
21081,21081,"8235,8590,5532,10835,2218,7138,5999,10326,3870,5545"
21084,21084,"6971,10326,5303,9072,2140,11969,544,13296,9799,5545"
21089,21089,"8421,5303,2140,10326,5545,3950,13296,13346,851,1978"
21112,21112,"5545,9942,9938,13296,6220,1978,2218,2343,12665,11969"
21126,21126,"8421,8562,8235,5999,10326,3950,5545,10589,2218,8636"
21129,21129,"7120,1290,2916,4929,3697,789,5135,4576,10663,1244"
21130,21130,"2343,1978,10326,5199,5545,3799,3950,13296,810,2218"
21137,21137,"3950,8421,1210,5545,11843,1978,10326,6220,13296,2218"
21149,21149,"11540,4798,2140,6220,6971,5999,3950,10326,11622,2291"
21152,21152,"2343,5532,5545,1978,10326,13296,2218,6220,4277,9072"
21177,21177,"2140,4798,10326,5545,2218,6220,13296,5303,3950,11288"
21191,21191,"7120,4929,10663,789,5135,12497,12030,13101,2916,6243"
21200,21200,"2140,4277,10326,5545,13296,6220,2218,3950,5303,10835"
21204,21204,"4277,12990,10326,2140,5303,851,3870,4798,5545,11843"
21221,21221,"2140,6220,8590,2218,7707,8562,544,5545,13296,10326"
21228,21228,"8421,3950,7707,13346,5545,4679,10326,1978,6220,2218"
21249,21249,"5303,8421,5532,11384,10326,13296,6515,2140,6220,6971"
21256,21256,"4413,3950,10326,2140,11396,13296,5303,9799,6971,8421"
21261,21261,"8562,10835,8421,12990,7707,4117,4798,4679,5545,10326"
21279,21279,"1290,13296,2343,10663,8922,10835,9799,2140,7120,544"
21282,21282,"1290,789,7120,3697,2916,296,10663,9962,6811,5135"
21305,21305,"8421,13296,4277,6220,1978,2140,12990,4798,5485,10326"
21307,21307,"5303,5545,13296,10326,6220,2218,2343,1978,13249,9072"
21315,21315,"10326,7707,5545,1978,2218,6220,9072,13296,13110,2343"
21342,21342,"7120,789,10607,4576,9962,5135,296,6610,13309,10674"
21347,21347,"5303,8421,10835,6220,3950,331,10326,4277,2140,851"
21357,21357,"6402,1377,5545,1978,6220,2218,4256,8188,6659,7707"
21358,21358,"4117,10326,6220,4277,8421,12990,7707,5545,13296,1978"
21368,21368,"789,5135,13309,10147,9962,11117,1290,7120,10663,3697"
21372,21372,"4277,2140,1328,8421,1017,12990,5545,1978,6220,3950"
21373,21373,"2140,7707,5545,1978,11969,3428,10326,13296,2218,6220"
21383,21383,"7120,789,4929,10663,5135,296,10607,12497,12030,2916"
21393,21393,"5303,6971,6220,9799,2140,1978,4117,13296,9668,8562"
21415,21415,"1290,7120,789,4929,12030,3697,13101,10663,11117,2916"
21421,21421,"5545,10326,7707,13296,3950,1978,2218,6220,2140,5303"
21433,21433,"13296,10326,1978,8421,5303,10835,6971,5485,1017,5545"
21449,21449,"10835,2343,4117,7707,5199,5545,13296,10326,6220,1978"
21483,21483,"6220,6971,2140,2218,4277,10835,5303,7707,2343,5545"
21488,21488,"8562,3950,6220,13346,5545,1978,851,2218,8421,3870"
21518,21518,"10326,6220,13296,4277,7707,8562,5545,1978,2218,13110"
21528,21528,"10835,5199,10326,5545,6220,13296,2218,4277,5303,1978"
21536,21536,"1290,7120,10663,4929,296,10607,13309,5135,12497,13101"
21585,21585,"5303,4798,6971,4277,8562,4679,5545,10326,13296,1978"
21598,21598,"5545,11590,1978,6220,3950,2218,7707,6402,4256,3870"
21602,21602,"6220,5303,8590,10326,5545,7079,13296,2218,1978,2140"
21604,21604,"2140,6971,8562,10916,10326,5303,3950,8421,851,2218"
21626,21626,"4798,5999,10326,7717,3950,2218,2140,5303,2291,6971"
21636,21636,"9942,8235,5545,6220,2140,11969,13296,10326,1978,10835"
21649,21649,"9962,7120,13309,4929,10663,13101,12497,3697,2916,12030"
21650,21650,"5545,3950,2218,9306,7063,3870,3992,10326,13310,6220"
21655,21655,"1290,789,4576,7120,13309,4664,296,10674,10607,5135"
21662,21662,"7120,6610,4576,9295,10674,1290,789,9962,5135,11298"
21681,21681,"1290,5135,7120,296,10663,4929,3697,4576,9295,10607"
21686,21686,"2140,2218,5303,5199,5545,5532,1978,13296,6220,10326"
21699,21699,"5199,10835,5303,3870,5545,10326,1978,5875,3950,2218"
21702,21702,"1290,7120,3697,4576,789,9962,10607,11298,5135,13309"
21709,21709,"10326,3950,4798,8421,12990,6220,5303,8562,13346,5545"
21718,21718,"6220,3950,8421,5303,6971,2218,12990,7063,4679,8590"
21719,21719,"10326,2140,8421,4277,9580,851,6326,6971,12990,4798"
21724,21724,"8421,331,8562,10916,9580,10326,13296,851,6220,4798"
21741,21741,"789,7120,1779,10607,1290,9962,5135,11024,296,11298"
21746,21746,"10674,1290,10607,7120,789,4576,5135,296,4163,9960"
21751,21751,"2291,12990,8421,10326,2218,5303,5545,6220,3950,2140"
21754,21754,"6220,4277,331,9580,8421,12990,10326,13296,6433,5545"
21768,21768,"8421,2380,7707,10326,13296,6326,4798,8235,4277,2567"
21775,21775,"6402,6659,8540,5545,5760,1978,8235,6060,4256,2218"
21781,21781,"10607,10389,4576,1290,10674,7120,4664,9730,1851,296"
21789,21789,"10607,1290,7120,789,296,5135,2916,4576,4036,9962"
21795,21795,"3950,5545,4798,4413,3870,5999,10326,8235,4101,2140"
21812,21812,"8562,10835,7707,8421,3870,5545,13296,1978,10326,3340"
21814,21814,"2140,6515,5303,6971,10835,4277,9580,5485,10916,8161"
21820,21820,"8235,8421,3950,10835,6971,2140,4413,4277,10326,3055"
21827,21827,"10326,6220,8562,5545,5303,4277,2218,12990,6971,7707"
21838,21838,"10326,5545,3950,1978,2218,6220,7707,3870,8562,13110"
21855,21855,"2343,5532,2140,1210,5199,5545,6529,1978,3950,4679"
21881,21881,"2140,4798,2380,8562,10326,11635,5545,9580,13296,5303"
21884,21884,"2789,2140,4798,11282,8421,4277,5303,331,6220,6326"
21889,21889,"789,5135,9962,1290,7120,4929,12497,3697,12030,6243"
21896,21896,"4277,8421,3950,10835,5532,10326,4679,5545,13296,6220"
21902,21902,"8421,12990,331,8161,1180,10326,12857,2789,4277,5303"
21916,21916,"4277,10326,6220,10835,8421,5303,9072,6971,12990,5545"
21927,21927,"5135,789,1290,296,3697,9962,4664,11024,11117,3539"
21938,21938,"10326,8421,4277,1978,331,5303,851,12990,6971,13296"
21948,21948,"4277,8421,5545,1978,10326,2218,6220,3950,9072,13296"
21952,21952,"1290,5135,3697,9295,789,7120,4576,13309,296,9962"
21954,21954,"10835,5999,13296,5303,6971,4053,10326,11357,2571,5199"
21955,21955,"5545,5199,13296,6220,5303,9072,10326,9942,2140,12990"
21978,21978,"5303,8922,10326,7707,6220,10835,6971,2343,8590,6166"
21983,21983,"789,7120,11298,1290,9962,5135,11024,10607,10674,4576"
22004,22004,"10326,2140,5303,7120,1290,6971,544,12990,13296,5545"
22007,22007,"1290,5135,296,4576,10674,10607,7120,789,13370,4664"
22014,22014,"3950,3799,3509,5545,5495,6402,1978,2218,6220,4256"
22020,22020,"1978,6220,10835,5199,9580,4798,10326,13296,4277,5545"
22052,22052,"8421,8161,331,1180,2140,5303,12990,4798,11282,2789"
22056,22056,"3950,5545,11000,4798,5610,10326,1978,2218,6220,8562"
22064,22064,"13296,7707,5545,10429,1978,6220,2218,10326,9942,12665"
22072,22072,"4798,8421,6220,12990,5545,1017,1978,10326,13296,2218"
22074,22074,"8562,3870,10326,5545,6220,13296,2218,4322,5303,1978"
22102,22102,"5545,1328,220,1978,3950,11800,2218,2380,6220,3870"
22110,22110,"3870,13296,8421,3950,5545,10326,1978,2218,6220,1598"
22111,22111,"5303,6220,8421,6971,12990,5199,11540,2343,4679,10326"
22119,22119,"6220,8421,8562,5999,10326,13296,5545,2218,6971,5303"
22125,22125,"2140,13296,13346,6982,10326,5545,3340,3950,2218,6220"
22150,22150,"6971,10835,10326,6220,4117,8590,11357,2822,13296,2291"
22151,22151,"1290,9962,4929,12030,6243,789,11117,9295,7120,5135"
22154,22154,"1290,4387,4929,7120,10663,6243,12030,12497,13101,8567"
22213,22213,"5545,6220,3950,4277,9942,7707,3870,13296,10326,7723"
22256,22256,"9072,544,5545,1978,4256,6220,8188,2218,4929,6659"
22258,22258,"6971,5303,2291,7063,12026,10326,8562,851,6515,9799"
22265,22265,"2789,12680,8421,2380,12990,851,10326,2567,9799,13296"
22279,22279,"3950,2343,10835,6220,6971,7707,5999,5532,10326,13296"
22280,22280,"1290,4929,7120,2916,4576,10835,10663,8590,296,12497"
22283,22283,"2343,7707,5545,8590,13296,3487,6166,12665,6220,1978"
22286,22286,"5199,4117,10835,6971,5532,5999,10326,5545,13296,6220"
22288,22288,"5303,4277,8922,4413,10326,9580,13296,6220,2140,5545"
22321,22321,"1290,6610,9962,4576,10607,10674,789,7120,5135,4664"
22336,22336,"10326,5545,3950,10916,13296,2140,5303,8421,4277,6220"
22344,22344,"2789,10835,5303,2140,4798,3950,6971,8421,3055,9072"
22353,22353,"6402,4399,10974,6011,6060,8540,10352,5027,13111,6815"
22356,22356,"5135,789,4929,3697,10607,2916,296,12497,13101,1244"
22387,22387,"5303,331,8235,8421,9072,10326,13296,6433,4798,5545"
22427,22427,"1290,9799,9564,89,4576,5549,589,12030,7120,8235"
22428,22428,"9962,5135,9866,10336,1290,12497,3697,7120,4929,1400"
22449,22449,"1290,4576,11024,13309,3539,789,9962,10607,11298,5135"
22452,22452,"5545,6220,2218,1290,13296,1978,7707,2020,544,7120"
22460,22460,"10674,4163,2957,1851,7120,9732,5135,7679,1290,6610"
22467,22467,"1290,7120,10326,4929,12497,6220,9962,6971,10663,10674"
22480,22480,"9962,789,5135,11298,11024,4036,1290,9295,11775,7120"
22481,22481,"2140,9799,6971,1912,2291,8590,10326,4877,851,2789"
22484,22484,"5303,3950,10326,11000,5545,6982,1978,2218,2815,6220"
22489,22489,"2343,10835,9942,5545,13296,5532,12665,1978,4576,6220"
22502,22502,"2920,2769,7679,3464,5105,6060,7047,6011,8590,6082"
22510,22510,"789,9962,4576,7120,11024,6610,1290,10389,5135,10607"
22511,22511,"13296,2218,8590,4576,6971,5545,7637,2020,6220,9668"
22514,22514,"1290,5303,2380,2140,2343,5485,10326,13296,5545,6220"
22520,22520,"1290,7120,5573,789,10607,10663,4929,13101,12030,3697"
22546,22546,"5303,8562,7707,11384,3950,5545,13110,10326,6220,2218"
22551,22551,"2218,8562,7707,2140,10326,3950,5545,4413,3340,1978"
22582,22582,"1290,7120,10607,11298,3539,10674,5135,789,4576,2957"
22595,22595,"5303,3870,13296,12990,5545,10326,4277,2140,8562,11969"
22597,22597,"13110,5545,1978,10326,2218,6220,3950,9072,3870,8562"
22605,22605,"5545,1978,2218,6220,9178,3870,13110,350,9072,3992"
22618,22618,"7707,2140,2343,8421,8590,5545,13296,10326,10835,6220"
22641,22641,"10326,5545,1978,11000,2218,13296,6220,4277,12898,9072"
22645,22645,"350,5545,11455,1978,6220,2218,13296,4277,9072,1210"
22660,22660,"1978,3950,13296,5999,4413,10326,5545,2140,6220,5303"
22666,22666,"2140,4798,8161,220,10326,5303,3950,6971,2291,2218"
22674,22674,"7120,4576,10607,296,2916,789,4929,5135,1244,12497"
22678,22678,"1290,7120,10607,9962,789,10663,4576,5135,13309,4664"
22697,22697,"1290,4576,9962,7120,10607,10674,9295,3539,2989,11298"
22698,22698,"10326,8421,5999,5545,6220,6971,4117,7707,5199,11384"
22705,22705,"6220,8421,5485,5545,2140,6971,5303,13296,9942,89"
22710,22710,"12990,10326,5545,13296,2218,1978,6220,9072,4277,2343"
22714,22714,"2218,10835,8562,5999,10326,8235,3950,5545,13296,2140"
22715,22715,"5303,3950,10326,10916,5545,2218,13296,6220,11751,2140"
22720,22720,"5303,5199,1978,6220,3950,1210,5545,2140,13296,10326"
22734,22734,"6971,8421,5303,851,6220,4117,2140,4798,2218,8562"
22735,22735,"2789,2140,10835,6971,8235,3950,6326,10326,13296,5545"
22736,22736,"2140,851,11843,5999,331,8161,10326,13346,5303,9799"
22747,22747,"11969,9942,9072,4277,5545,13296,6220,12665,2218,9962"
22748,22748,"7637,9799,9668,2140,6166,6971,4698,5549,2789,9937"
22759,22759,"3950,4277,10835,2343,8235,5545,1978,4602,1100,2218"
22761,22761,"5999,10835,13296,8421,2140,5303,4798,2343,10326,5545"
22774,22774,"5545,13110,6220,13296,2218,1978,9072,7723,2343,4277"
22783,22783,"1210,8562,5545,1978,13296,6220,2218,7707,4277,10326"
22830,22830,"13296,10835,5545,10326,2218,6220,1978,9072,2343,4277"
22831,22831,"7120,789,5135,10663,4929,10607,4576,12497,296,2916"
22846,22846,"8421,6220,6971,331,13296,5485,10835,10326,2140,12990"
22850,22850,"7120,13309,10147,789,5135,1290,9962,10663,4929,13101"
22883,22883,"8562,5532,10326,5545,3950,13296,2218,6220,2140,1978"
22887,22887,"10326,12990,6220,10835,4277,8421,2380,6971,7707,331"
22893,22893,"5545,6971,2218,10326,13296,1978,11869,6220,9072,2343"
22905,22905,"6220,2140,5545,5303,2343,9341,10326,13296,1210,1978"
22923,22923,"4798,851,8421,6220,4277,12990,9580,331,8562,10326"
22956,22956,"10326,4277,5303,12990,2140,4798,13346,6971,851,11843"
22964,22964,"12606,1863,8562,8235,6220,10835,12665,2343,2218,6971"
22972,22972,"10607,1290,9962,7120,6610,4664,10389,9295,789,3697"
22985,22985,"2140,5549,9799,6971,6220,5545,4413,4101,8922,10326"
23011,23011,"10326,350,5545,1978,2218,6220,4277,9072,13296,7707"
23027,23027,"11298,1290,9295,10607,4576,7679,4664,11918,2957,10674"
23036,23036,"6971,10326,2218,6220,4277,8421,10835,9072,7707,8590"
23038,23038,"5545,13296,6971,10326,2218,1978,6220,4277,5303,2140"
23046,23046,"2140,5303,12990,331,10326,4277,6971,8421,1290,851"
23051,23051,"6220,8562,7707,5303,1210,12990,5545,1978,8421,11540"
23057,23057,"5760,8911,10441,449,6082,6060,6011,1213,6402,10352"
23062,23062,"10674,10607,4163,2957,1851,7120,1558,4664,789,5135"
23069,23069,"3870,6220,3950,5303,2140,13296,9072,11384,6971,10326"
23078,23078,"10835,2140,2343,5303,6971,11540,5545,13296,1978,6220"
23113,23113,"10326,6220,6971,13296,2218,7707,7063,2343,3870,3950"
23121,23121,"789,4036,5135,11298,4576,9962,1290,3539,10607,6811"
23123,23123,"3950,851,2140,8421,5303,4798,4277,12990,13346,10326"
23136,23136,"6971,5303,8421,3950,13346,7707,9799,10326,13296,479"
23138,23138,"4101,4798,8922,9799,8421,5999,6971,3950,851,10326"
23140,23140,"1290,13296,10835,10326,2140,5303,544,8562,5545,10607"
23170,23170,"7707,4277,10326,13296,8421,6220,3870,2140,4798,5545"
23173,23173,"1290,7120,5303,2140,13296,10326,5545,6220,13101,10835"
23179,23179,"10326,8421,7707,6220,4277,5303,2343,12990,4679,5545"
23196,23196,"4277,2140,8421,3950,5545,10326,13296,1978,6220,2218"
23199,23199,"1328,5545,1978,2218,9178,13110,6220,350,1210,3870"
23216,23216,"8562,2140,10835,8421,7707,2291,10326,5545,2218,13296"
23226,23226,"5545,5532,220,13346,10326,1978,13296,3950,2218,5999"
23233,23233,"6220,1978,7707,10326,2218,2140,12665,8562,5545,5303"
23253,23253,"6220,10326,10835,5303,8421,4277,5999,8235,11384,5545"
23281,23281,"1290,4576,7120,789,6220,4664,5135,8590,296,11024"
