ID,user_id,item_id
12,12,"1634,8562,10326,3870,3950,5999,10778,10916,6899,12606"
14,14,"8590,6220,6971,5549,2264,9668,4698,9229,9799,12026"
17,17,"6402,1377,8540,6306,4832,10078,8487,10431,6060,5760"
21,21,"8421,11843,1776,851,6515,976,9799,1478,331,11540"
44,44,"1290,7120,12030,2916,296,4929,3697,13309,10663,5573"
55,55,"11622,5673,1996,10340,6982,8561,1408,3340,5642,11784"
56,56,"3055,8235,6971,7983,11289,5532,11540,12026,796,2990"
58,58,"9668,13296,2140,560,10241,5485,275,6971,7138,9340"
59,59,"4798,9580,10138,11540,2990,3766,8421,11282,4322,4101"
79,79,"9580,11282,12026,11357,12990,9886,6326,9340,8421,8343"
81,81,"1290,7120,4929,296,2916,12030,3697,5573,6243,12497"
85,85,"2140,5199,9306,10916,13296,4602,9880,6588,10241,1996"
92,92,"7679,11024,4664,10389,6060,10137,4048,208,12316,9516"
97,97,"9443,4924,2218,931,1700,454,11180,3340,3317,11622"
100,100,"8161,10916,1996,13346,8562,8421,11871,5610,11843,10340"
112,112,"11871,1996,5700,5470,5673,8746,1788,11726,11572,1328"
122,122,"1180,1776,11843,10916,12990,851,4974,331,8161,837"
133,133,"1213,5760,6060,5027,11484,9375,449,10078,2770,6402"
141,141,"5135,6515,789,6971,9962,13309,12030,2140,8922,9689"
144,144,"6445,247,6402,3464,2920,10352,8679,10658,10009,560"
149,149,"1290,7120,296,4576,4929,2916,10663,5573,3697,10607"
153,153,"6971,3766,5199,11289,11282,6433,13114,7138,13296,4865"
166,166,"6971,7138,8590,275,5999,12680,10608,12665,7578,8562"
220,220,"13346,10138,5999,1408,11622,2990,10340,9098,6326,9443"
231,231,"5199,11784,2905,9340,2218,1996,10835,5999,6638,6971"
262,262,"13296,9938,11282,4277,7138,4315,5199,331,4413,1996"
274,274,"9799,6971,331,5549,3515,1478,7723,4277,4947,6166"
277,277,"12990,8922,8235,2343,6971,9229,7578,8590,89,5545"
281,281,"1290,7120,4929,296,10663,2916,12497,12030,5573,6243"
291,291,"6899,454,10566,10138,10835,2506,12104,10434,11622,5292"
300,300,"13296,11540,2218,5025,8161,12875,4101,10138,9968,9886"
310,310,"10473,10138,4101,11622,9340,10340,9098,2169,5610,11540"
332,332,"6960,4388,83,1851,5142,8274,12096,4216,6811,11024"
344,344,"10916,5199,11622,11843,10594,5610,11282,1776,7558,11784"
359,359,"6971,12030,1747,1290,3697,5573,11117,4929,13101,12497"
380,380,"11357,5532,3577,8235,4199,785,11289,11406,2443,3909"
386,386,"11540,2990,8235,3055,331,837,4865,10138,3950,9942"
426,426,"13346,1776,11843,9880,3870,10340,10916,5642,12793,811"
436,436,"6971,12758,6515,331,10241,4430,275,11396,4947,9799"
453,453,"8235,3055,12026,8421,8161,4413,4865,1180,3106,1912"
461,461,"7120,4929,789,9962,296,2916,10663,11117,4576,13309"
464,464,"4101,8161,6515,491,10835,5673,3071,362,10473,8452"
473,473,"6060,12648,5027,9453,3069,8487,6402,8540,8876,4935"
481,481,"4277,331,10326,5303,1776,12359,5025,8421,6107,8520"
490,490,"6060,6952,5027,6402,9786,5241,11757,9453,2363,1219"
494,494,"11540,5545,8235,3950,12680,9580,9886,3055,5999,12026"
497,497,"1290,7120,4929,296,10663,12497,2916,5573,6243,1244"
510,510,"2343,7707,3770,8505,6834,7558,2537,12606,7900,5386"
511,511,"2291,4877,10340,5495,12793,9340,851,8161,11282,7723"
512,512,"11024,7120,1851,4216,296,1558,4163,4576,2957,4664"
524,524,"5135,789,1290,7120,12030,9962,296,3697,4576,11117"
525,525,"3950,9580,6326,10138,851,11282,8421,4798,10916,13346"
545,545,"8161,8421,2199,9580,560,2808,11994,11843,8703,1776"
560,560,"8562,13346,10326,1776,331,5549,1912,7983,8590,8421"
564,564,"8235,9580,12680,1912,12026,10340,9968,1978,5532,4322"
566,566,"2789,13346,5303,820,1478,9449,2567,9443,11622,11726"
568,568,"4315,10340,1996,13058,3770,4117,6588,1788,11726,11622"
570,570,"7024,8922,6982,3870,8608,11622,10778,4388,10326,12606"
573,573,"10326,12990,10916,5999,9580,2199,12875,1978,8562,9668"
594,594,"5303,1598,8562,12990,9799,10594,331,7723,837,3870"
601,601,"10326,5199,10916,10138,2218,10473,4117,1996,13114,8562"
605,605,"5999,1996,11622,1408,4053,4117,10916,5199,7558,1788"
641,641,"5999,220,3950,5819,4262,5532,8472,2265,4877,362"
650,650,"4915,2169,4413,10326,11384,11751,7558,851,9880,6982"
675,675,"7439,6515,5199,12331,5610,1769,13214,10835,362,6588"
677,677,"1290,7120,12030,4929,296,3697,13309,2916,789,5573"
679,679,"6971,275,811,6166,9072,2220,5303,1378,3766,1634"
683,683,"1996,9443,13346,11622,8161,3295,2990,9164,10340,10138"
687,687,"8562,331,12990,8590,1776,10326,12680,13296,1912,7197"
705,705,"9072,1978,1180,2218,7138,331,13249,8421,5303,1223"
708,708,"1290,5573,9962,789,7120,3697,2916,5135,13309,6243"
712,712,"89,2380,4576,1290,10607,5135,7120,296,789,2916"
715,715,"11540,1017,11843,2580,10138,4798,5495,3577,11751,1769"
728,728,"1290,7120,4929,3697,296,12030,5573,12497,2916,10663"
743,743,"3870,5999,11871,5673,5964,1788,11726,4053,8221,9504"
753,753,"6515,2990,8421,11396,8043,4679,5610,9729,9733,11843"
757,757,"331,8421,1978,8590,1776,4277,7578,9580,10916,9455"
768,768,"3870,11622,7558,5999,6982,1996,12331,5673,6515,5964"
797,797,"5027,6402,9786,6060,4436,1788,6952,9453,8487,10974"
813,813,"9799,8703,4413,7578,5149,12331,13296,7723,4698,11540"
832,832,"7120,1290,12030,296,4929,8590,5135,12497,5573,2916"
833,833,"10138,3950,4602,2218,3870,454,11282,13296,11784,10916"
844,844,"13346,10340,4946,11622,7707,7723,8235,9164,10529,4413"
858,858,"12990,10326,8421,8562,1634,1776,331,11843,1180,4798"
874,874,"851,4798,6326,9580,3992,1432,5673,11726,7900,12404"
875,875,"5025,2380,8562,6515,10326,12680,9580,13346,12990,1017"
892,892,"2291,6166,851,3870,6515,362,7723,976,4877,8981"
897,897,"11622,5999,2990,1788,9443,2789,13058,1996,4117,11572"
912,912,"1290,4277,544,7120,5135,789,9962,11117,4929,296"
924,924,"8562,6166,1598,9942,12606,7707,10138,4865,9937,4414"
926,926,"9962,789,5135,13309,1290,4929,5573,3697,7637,12030"
933,933,"7496,9482,10732,9258,8723,9375,8911,1219,6487,6060"
944,944,"5549,12331,7723,3106,1220,2218,12026,11282,9072,6220"
951,951,"5303,6971,7723,6166,4430,454,11843,5549,4262,12857"
974,974,"5819,9771,4798,2291,5946,2169,4877,2580,7707,10462"
1010,1010,"5946,9306,13214,383,12871,165,9771,2149,4648,4877"
1013,1013,"1912,2343,8922,7024,12026,6971,3909,9968,3055,7983"
1016,1016,"5303,331,5999,3870,8520,2140,10241,1634,2218,13296"
1023,1023,"9668,560,275,5545,5303,9937,6971,4698,12680,9580"
1035,1035,"5135,789,9962,1290,13309,4576,7120,544,296,10336"
1046,1046,"8590,789,4576,5135,11117,9962,4277,10607,7120,1290"
1051,1051,"8590,8520,1290,7120,2380,4929,10607,4277,331,2916"
1057,1057,"8562,10916,11843,4332,9580,3577,1996,11357,6899,9880"
1064,1064,"1290,4929,7120,10663,296,2916,12030,12497,11117,6243"
1080,1080,"11726,220,11194,1788,3340,9786,1996,8561,8746,5673"
1089,1089,"13296,2140,2218,6971,10835,5199,8235,2789,2343,6588"
1090,1090,"2218,5999,4865,10138,10326,13346,3950,5199,5497,1408"
1103,1103,"3770,8421,13296,9968,8562,10326,10138,5199,13114,2343"
1123,1123,"1290,7120,5135,296,4929,13309,3697,2916,12030,12497"
1134,1134,"8562,8421,8161,10326,7900,851,13257,11622,1180,1478"
1136,1136,"3950,8562,1776,12875,10340,2990,13249,12990,10916,8421"
1139,1139,"8703,3088,3055,9799,5545,13296,6971,5549,6220,7637"
1154,1154,"11540,2789,3950,8922,2567,9449,9942,5124,2265,3055"
1169,1169,"6971,4277,1747,1912,5485,1421,6418,6220,331,8235"
1173,1173,"2789,10340,2567,9449,1478,3950,6166,11622,2990,4602"
1178,1178,"7723,5673,2108,8561,6899,9164,8746,11622,10986,1328"
1190,1190,"8235,6220,8562,2789,9886,12680,12990,13346,6971,3055"
1205,1205,"4413,7723,5303,3106,5549,11282,12026,6971,10340,9799"
1217,1217,"1290,7120,4929,5573,296,3697,10663,2916,5135,13309"
1218,1218,"8608,7964,8922,12757,8274,89,8235,3909,9132,2343"
1230,1230,"5532,4117,12680,8235,10340,13191,6962,7707,11403,10778"
1250,1250,"3950,13346,7723,5303,1408,1996,12857,7707,3870,9098"
1252,1252,"10835,8235,10529,2443,3909,6529,7707,13346,9454,12579"
1276,1276,"10835,5999,8235,11357,2822,2443,4199,785,4266,2789"
1279,1279,"789,5135,9962,13309,12030,1290,5573,7120,3697,9866"
1281,1281,"3106,10986,13381,6887,11377,7705,1286,3770,5673,9105"
1288,1288,"11622,1598,3950,13346,8562,12611,3035,8746,1408,8575"
1305,1305,"1290,7120,5135,296,4576,4929,12030,3697,5573,789"
1320,1320,"11622,1996,6982,8561,11406,8452,12104,11795,7462,10340"
1321,1321,"7578,5999,12990,5532,8161,3909,10916,11843,1100,2220"
1328,1328,"5303,331,7723,13296,3870,12793,1634,837,9799,10340"
1343,1343,"8421,8562,851,5545,10138,4865,1912,560,1776,2218"
1345,1345,"3870,10340,1634,7723,362,11622,2291,12331,11751,7558"
1374,1374,"7120,296,4929,2916,12030,4576,10663,5573,3697,11117"
1410,1410,"4664,5142,3464,10336,3697,475,7047,6811,6812,4109"
1414,1414,"8161,851,8421,5610,3770,9098,1996,11622,11843,8562"
1420,1420,"9799,9937,1598,7723,4698,4946,5549,4413,6529,7578"
1440,1440,"2140,4266,8922,6515,8633,5610,2380,3577,7063,11384"
1441,1441,"6982,7637,8636,3577,5700,7064,4388,11772,7707,4761"
1443,1443,"1290,7120,296,4576,2916,4929,3697,10607,5573,10663"
1458,1458,"1290,10663,4929,7120,2916,296,4576,6243,11117,12030"
1492,1492,"6515,9799,2380,2343,7439,9072,12331,10835,10608,8520"
1496,1496,"2380,8590,8235,8562,12990,6962,7024,9799,12680,8520"
1499,1499,"2291,13214,8402,12871,9306,5946,165,4117,10835,6982"
1504,1504,"1290,7120,296,4929,2916,10607,5573,3697,10663,11117"
1516,1516,"7679,3464,2870,10919,2769,4664,8679,9295,11918,1972"
1523,1523,"6060,874,1213,7047,3069,13426,10897,6269,12648,3401"
1534,1534,"1377,6060,6402,5760,6306,10078,4832,9375,1213,134"
1539,1539,"10326,2380,1598,4277,2140,10340,4865,13296,8562,4413"
1559,1559,"6971,7138,5303,4865,11289,13296,2218,5545,4277,3950"
1572,1572,"3055,2789,4322,11540,1598,5545,12680,8018,13346,331"
1573,1573,"4277,1776,8421,5303,331,12990,10916,837,10326,811"
1601,1601,"12030,1290,5135,3697,11117,13309,4929,12497,7120,13101"
1603,1603,"11843,6899,8562,8561,11622,4324,8421,9164,1328,773"
1604,1604,"3870,11622,4915,1996,7900,4053,5999,1286,7707,5673"
1613,1613,"1290,4576,7120,296,4929,2916,10607,3697,5135,5573"
1634,1634,"8562,4786,7578,4101,8161,9580,2007,10792,5025,10138"
1642,1642,"1996,11784,11622,8562,1776,331,5199,6982,10916,4277"
1643,1643,"5135,12030,9962,8922,789,13309,8590,1290,3697,5573"
1654,1654,"3870,1478,3909,5555,12331,5999,10340,8413,12793,5303"
1657,1657,"1290,296,4576,7120,12030,2916,4929,5135,10607,11117"
1674,1674,"6962,5999,8922,11540,4117,5545,3055,89,1100,4798"
1702,1702,"6326,2169,1210,11282,10138,8421,11540,2580,2990,11843"
1719,1719,"12611,2164,1377,1432,2506,4256,6306,12857,449,5020"
1725,1725,"2140,10916,5610,10835,10340,7439,11384,9880,6588,7578"
1726,1726,"8590,12990,2380,10608,1290,560,6962,11384,5549,7120"
1728,1728,"2343,3909,10835,13309,8922,4576,9942,4664,789,6834"
1735,1735,"8235,8922,7024,3055,7707,1100,12680,2343,6962,12026"
1739,1739,"1290,7120,4929,296,2916,10663,5573,3697,12497,6243"
1774,1774,"12990,10916,811,10608,9880,10792,4277,2158,8421,12875"
1780,1780,"10326,2958,7900,11622,12156,6626,4915,5020,5673,2169"
1799,1799,"2771,9786,6982,2108,5474,5027,4821,9449,5673,2770"
1813,1813,"9580,8562,331,12875,12680,275,2238,10326,4322,1776"
1834,1834,"10594,3950,3870,11622,220,1996,5025,11282,5999,7558"
1835,1835,"2506,12156,1328,6402,5020,11572,8092,8746,1210,840"
1841,1841,"1290,4929,296,2916,10663,12030,12497,3697,5573,6243"
1863,1863,"10835,3770,1287,6141,1634,1286,13058,5999,2822,11871"
1878,1878,"6982,11622,3870,5673,11795,9786,1328,8561,1788,11726"
1879,1879,"5999,5532,8235,4117,11357,7578,1100,11622,4266,4053"
1910,1910,"1290,7120,296,10663,6243,12497,5573,12030,3697,4576"
1911,1911,"6166,6515,851,4947,3870,2199,11572,11751,11726,3071"
1919,1919,"12566,5027,9799,7121,7172,37,2771,4436,6952,13383"
1925,1925,"1290,7120,296,10663,2916,4929,4163,5573,2957,10607"
1926,1926,"4576,11024,10336,4664,13309,10607,3697,3427,296,789"
1931,1931,"851,6166,8161,275,350,6402,1634,3703,9848,4915"
1940,1940,"8590,6971,5549,2140,8472,2218,12680,275,9668,4413"
1968,1968,"6220,8161,6270,4277,4798,7707,8421,8205,13346,1290"
1981,1981,"11622,8161,10916,12990,9880,13296,11784,11843,1776,9968"
1992,1992,"6982,11622,3577,11871,11795,3770,5610,12425,2506,11406"
1998,1998,"1290,5573,4576,7120,2916,4929,12497,296,10663,10607"
2000,2000,"1290,7120,4929,296,10663,11117,3697,5573,5135,12497"
2017,2017,"8562,10326,13296,8161,8421,6515,9880,1776,2218,8520"
2036,2036,"8922,2343,8235,5875,6529,2903,1100,1912,6982,4413"
2044,2044,"2771,6982,11622,8561,11726,12104,2789,5673,4452,11795"
2047,2047,"1290,7120,296,5573,4576,4929,2916,3697,13309,10663"
2052,2052,"4947,2199,6395,5303,9072,4229,4832,6659,4256,8540"
2055,2055,"6060,5760,1213,1377,10078,6402,6082,4935,8487,9375"
2069,2069,"6166,9580,3085,8472,9668,9880,9098,1634,6588,12680"
2075,2075,"2140,9072,10835,7558,2343,3870,6588,5199,5819,1634"
2089,2089,"8421,9098,8161,13257,6326,13114,7833,1776,10916,5610"
2093,2093,"10916,8421,11843,4602,851,1776,11282,8161,6899,811"
2127,2127,"3870,8402,12331,13214,9306,6982,5946,12871,12611,4413"
2135,2135,"9454,1598,7707,4946,5532,4199,3577,2990,12156,4915"
2137,2137,"10835,8235,2789,13346,7578,8205,12680,12026,5999,7707"
2141,2141,"3950,8922,12990,7707,3870,10835,9454,1017,2380,3909"
2147,2147,"6220,6962,1912,12680,9799,8703,9962,4277,8922,89"
2150,2150,"4277,8590,2140,331,13296,10326,1776,9229,6638,6302"
2153,2153,"9580,12680,4322,1776,13346,8161,8590,10916,9880,851"
2158,2158,"1290,789,7120,5135,296,4576,10607,4929,2916,13309"
2178,2178,"3577,5999,11871,10566,6982,9580,9504,2007,11406,2506"
2180,2180,"5760,6060,1213,6402,10078,6082,4935,8487,10732,10441"
2181,2181,"4387,1290,13309,4929,789,12030,5573,7120,2916,5135"
2193,2193,"11622,4915,11751,5673,3992,5022,11795,11843,11540,5124"
2216,2216,"2218,8421,5303,10326,13114,9340,4974,9968,10473,331"
2224,2224,"8562,5610,8161,7578,6982,10792,3295,11622,11871,4602"
2231,2231,"4266,8235,8922,3055,5422,4388,1100,4199,12026,7715"
2242,2242,"7120,4664,296,3697,4576,10607,1244,1290,2916,10137"
2243,2243,"5999,3950,3770,1286,10778,8562,2822,7578,1634,1328"
2247,2247,"8746,5999,5700,9786,8636,4117,11622,3577,1788,9504"
2262,2262,"1290,4576,7120,296,4929,10607,2916,3697,10663,12030"
2271,2271,"7707,3950,1912,13346,6971,9668,7578,12680,3428,12990"
2284,2284,"2789,3950,2567,10340,11622,10138,9449,1996,8452,2990"
2287,2287,"1726,5497,6626,5673,12156,12611,37,2108,5549,3340"
2291,2291,"9799,3870,5999,5303,7707,5532,9880,12331,11282,4413"
2293,2293,"1290,7120,5135,789,1977,296,10663,12030,13309,4036"
2294,2294,"13296,7715,8053,6515,7439,7138,5199,2380,7063,8520"
2301,2301,"5303,3088,4430,6971,11630,10462,10241,5819,5549,12758"
2310,2310,"5549,5303,4413,1776,3870,6166,9968,8421,10326,6971"
2341,2341,"1776,13346,8421,8562,12680,6899,8235,1996,9886,10340"
2345,2345,"789,5135,9962,13309,10607,11024,12030,11117,9866,10336"
2348,2348,"1290,7120,12030,4929,296,2916,10663,3697,12497,5135"
2349,2349,"5999,4117,8235,785,5532,4053,2443,10529,1100,2571"
2350,2350,"6971,8590,560,7138,5303,10608,2140,13296,6166,5549"
2355,2355,"1180,10326,8421,9580,4798,560,1634,11282,6326,2169"
2383,2383,"10326,6107,5303,560,7900,2169,1996,9848,9580,4101"
2393,2393,"2291,13214,8402,5946,9771,4877,9942,8472,10835,11288"
2399,2399,"7120,4929,4387,11117,296,10663,12497,5573,12030,2916"
2421,2421,"5999,2343,8235,13346,3950,4199,1664,10778,5292,2822"
2435,2435,"4117,10326,13346,6326,8279,4602,11357,4798,9602,646"
2448,2448,"2140,10608,13296,9799,7439,12857,7138,6515,275,6971"
2452,2452,"1290,4929,7120,296,2916,12030,10663,10322,3697,12497"
2464,2464,"3870,4053,7707,5532,2822,13346,6529,11622,10340,1408"
2470,2470,"6626,8092,9786,5241,449,12156,6402,6060,11771,5020"
2478,2478,"1100,7578,12026,5545,2789,12680,331,6962,5532,4117"
2506,2506,"11871,6402,8092,6626,6952,12156,8093,6391,5027,1286"
2523,2523,"7707,2140,2343,10835,6588,12680,8235,6529,6166,8562"
2527,2527,"1290,7120,4929,296,2916,10663,5573,12497,12030,3697"
2528,2528,"4947,7707,8421,2990,4277,3950,11540,6220,1478,9968"
2530,2530,"1996,11622,8746,10916,8421,9443,5673,7900,1788,3577"
2533,2533,"4924,5610,3950,13310,10916,10473,454,10340,2789,3340"
2540,2540,"11622,6982,8562,10340,11751,2990,362,5497,5999,5673"
2558,2558,"11282,11540,11622,5532,11843,10340,8235,10138,6280,3950"
2559,2559,"6166,5303,6515,9799,4430,4947,12857,2158,7723,12779"
2592,2592,"3766,6971,9455,331,13296,10326,1776,9580,4277,13346"
2599,2599,"5303,1634,560,275,12990,6166,10241,10916,9668,10326"
2608,2608,"6220,4413,4798,11282,2291,3950,13346,7983,6326,7578"
2613,2613,"1290,7120,296,4929,5573,3697,12030,2916,10663,4576"
2616,2616,"976,11871,7707,6166,4602,11540,5592,1478,8161,10986"
2617,2617,"7637,2020,6166,12663,851,8703,3122,31,6938,7064"
2619,2619,"11282,3106,5549,7723,12331,12026,837,1220,2169,3055"
2622,2622,"8922,13309,5135,789,3697,10464,1747,5573,13101,10607"
2629,2629,"4576,10607,11024,296,7120,1558,4163,8590,1290,10322"
2648,2648,"5135,789,9962,4576,1290,296,13309,5573,7120,11117"
2654,2654,"13296,4101,1662,9668,2140,11282,2291,9880,8472,5485"
2668,2668,"789,5135,9962,13309,7637,10336,3697,9866,4613,3886"
2703,2703,"6060,1213,9375,1129,4858,5027,1377,4935,9453,3733"
2710,2710,"10326,10916,10340,8562,10594,8421,11843,5470,9968,3950"
2713,2713,"9668,6166,5545,10778,8235,8472,4101,7578,11540,12990"
2722,2722,"7120,4929,296,2916,10663,12497,5573,12030,3697,6243"
2724,2724,"1290,7120,4929,5573,12030,296,12497,3697,2916,11117"
2727,2727,"5303,4413,3106,6971,5549,2218,6166,7723,7138,9968"
2755,2755,"8590,1290,7120,6971,4929,4664,10663,296,12497,13309"
2769,2769,"2771,6060,2770,6952,6402,7496,8093,5027,1219,12648"
2776,2776,"8562,5999,2380,10326,1776,8520,8235,13381,10340,12990"
2781,2781,"1290,7120,4929,296,2916,10663,5573,12030,3697,12497"
2782,2782,"1290,4929,7120,296,10663,6243,5573,4576,12497,3697"
2789,2789,"11843,5610,11384,9886,5999,3577,12857,9744,3950,10778"
2794,2794,"6515,11622,3106,8636,8452,4499,10340,2990,5673,9443"
2804,2804,"6166,13346,11622,2789,9937,3950,5999,10589,8161,3870"
2819,2819,"5303,331,8235,1776,10594,11784,10778,11622,13346,5999"
2846,2846,"9668,275,6971,4414,9937,560,7637,2140,13296,4698"
2851,2851,"5532,5422,3770,6982,237,220,11194,1254,11506,5199"
2861,2861,"2771,4199,10340,11406,11622,9908,1788,6982,11871,3799"
2862,2862,"6971,8922,5545,3088,8703,6220,13296,7637,7578,7707"
2867,2867,"12156,1634,2158,6588,11871,6626,11726,6166,1328,10326"
2873,2873,"6962,8590,12026,560,13296,5545,1290,8922,12680,6971"
2880,2880,"6220,1747,3055,7637,8703,6971,3088,11540,9229,589"
2881,2881,"11843,331,1996,11282,12857,10916,10340,1776,10326,12990"
2886,2886,"4798,2291,13296,4101,2140,1290,2808,9733,10663,4929"
2891,2891,"10835,5999,8235,6971,3055,6529,10778,275,10340,2789"
2908,2908,"2140,2264,10326,10241,10608,5485,6517,8053,9580,4430"
2910,2910,"7637,2020,1747,544,13309,5135,3697,589,10336,789"
2915,2915,"11622,3950,13346,1408,5999,3770,8562,1957,10473,820"
2935,2935,"8922,3055,5999,7707,7578,5545,9668,6166,8235,12026"
2946,2946,"13296,4277,9733,1912,4798,4413,1290,544,2343,2140"
2948,2948,"789,9962,5135,1290,10607,3697,11775,296,4929,1244"
2969,2969,"6515,2140,5199,3870,12857,11622,2218,6588,1769,9306"
2979,2979,"4163,2957,4216,11024,7679,12096,1558,1779,10581,83"
3036,3036,"2769,3464,10009,7220,10919,247,8679,6201,5760,363"
3050,3050,"11622,1788,4877,11843,12611,8452,8221,11726,1996,8402"
3056,3056,"1286,4256,6402,1377,12191,2164,6659,12611,1328,4097"
3061,3061,"4277,1776,5303,3055,275,8421,4865,13296,10326,10916"
3066,3066,"6971,3055,13296,8235,1912,5545,1220,1747,4277,6220"
3069,3069,"2140,6515,4413,11969,7138,8590,5303,7723,2264,1634"
3094,3094,"2218,10916,9580,11396,9098,8421,8562,10138,3071,811"
3106,3106,"1377,6306,10352,9453,134,4832,6060,12824,8540,2770"
3110,3110,"1290,7120,5135,4929,11117,2916,12497,10663,296,13309"
3115,3115,"5999,8235,4053,4199,13058,2789,2443,10529,5497,13346"
3136,3136,"13296,4413,5549,851,11282,8161,2808,10916,9580,2291"
3159,3159,"12611,8562,1328,7138,6402,11590,1377,2158,6391,5105"
3166,3166,"4277,6971,12680,8205,8562,275,5549,2380,9229,7578"
3172,3172,"1290,7120,4576,296,4929,5135,2916,10607,3697,789"
3200,3200,"275,5199,1210,13296,4277,2169,1978,7138,4798,8161"
3217,3217,"5470,5673,11795,8746,10326,5700,11622,8083,4056,1788"
3218,3218,"1290,7120,296,789,13309,4929,12030,5573,3697,5135"
3229,3229,"220,1978,1017,2291,8205,11784,3340,5025,5819,5470"
3230,3230,"2140,9733,560,1912,4413,4277,10241,5149,13296,2264"
3274,3274,"7063,11282,2291,8235,5532,11357,2140,8520,2264,8053"
3285,3285,"10326,5999,8562,8575,1180,1788,9504,8961,13367,860"
3316,3316,"6220,10340,10138,13110,9443,9937,2990,8562,454,837"
3319,3319,"8421,8562,1776,11282,4277,11843,1180,851,9580,331"
3323,3323,"10608,12990,12857,10792,560,12793,7707,6971,9880,5303"
3346,3346,"2140,2291,220,1769,362,1634,2169,6899,9580,2808"
3354,3354,"11772,6402,10732,6060,9453,5027,10431,7739,8487,6952"
3368,3368,"12990,8421,331,8161,12875,2218,1978,11384,10916,9340"
3374,3374,"1220,1912,4413,4798,7707,12680,3950,10138,12026,9942"
3391,3391,"9880,9455,6326,12857,811,4865,9580,10138,1996,11289"
3397,3397,"8235,2343,8562,13296,5875,7707,1100,6529,11622,12331"
3404,3404,"11622,6982,5964,8636,11871,3770,5673,7462,5700,8452"
3408,3408,"4413,5549,5545,6971,12026,11540,11403,5966,1220,1776"
3416,3416,"3909,8235,2343,12026,10835,8922,4388,6529,8608,2218"
3422,3422,"11540,6971,8421,8235,8703,13296,331,3055,11843,544"
3423,3423,"8562,9880,8161,851,13296,1634,10326,560,1478,3870"
3426,3426,"4413,7723,3106,5303,5966,10241,6971,3515,11282,9880"
3436,3436,"6220,4413,3950,3870,9668,4946,1912,9799,13346,12857"
3448,3448,"6166,1598,11622,8562,10340,13097,5673,3770,11180,1788"
3464,3464,"6982,5673,11622,3577,8561,12156,11871,8746,12611,11772"
3472,3472,"1290,4929,296,5573,7120,2916,4576,12497,8590,3697"
3477,3477,"10835,12026,6971,454,2291,10916,7558,10138,11282,9886"
3488,3488,"13296,6515,12331,11622,4413,9968,10138,5199,8562,11000"
3497,3497,"12990,10326,331,8421,1776,9229,4277,8562,7197,7578"
3504,3504,"7637,789,9962,2020,5135,13309,3697,1290,4929,5573"
3517,3517,"7723,11622,10594,220,3950,11784,5610,1996,454,10340"
3538,3538,"2140,4101,3071,8043,2380,2218,4430,5214,851,5303"
3544,3544,"11622,13346,8746,1598,6982,3870,5673,1788,5999,8562"
3547,3547,"8421,11622,11843,7900,1408,8746,1180,4323,9489,9908"
3569,3569,"7707,10608,3909,4277,5532,8235,3055,10835,4413,12331"
3570,3570,"6402,1328,1377,4153,4832,2770,6060,8487,6306,9453"
3575,3575,"11622,6982,5673,11795,2506,8746,7900,8561,5592,4324"
3579,3579,"4322,5025,2218,331,8590,12680,13114,4798,5545,3950"
3588,3588,"1290,4929,2916,7120,296,3697,4576,12497,5573,12030"
3592,3592,"6060,6150,9375,5760,4935,81,5105,5494,8487,1213"
3617,3617,"12857,10326,2140,9880,9668,10916,12606,3870,10835,2337"
3632,3632,"6638,5610,2218,10608,12331,12944,9072,12026,8590,7707"
3650,3650,"2291,2218,2140,5819,13214,5946,8053,6515,7439,9771"
3654,3654,"7138,13296,4413,4798,10326,11282,275,9968,5199,2158"
3656,3656,"6402,10431,6060,6982,10732,8092,3883,5241,7496,5027"
3678,3678,"4277,7120,4664,1290,12497,2380,4576,5573,5135,10608"
3681,3681,"1377,6402,6306,134,10352,8487,9453,5241,8540,10974"
3683,3683,"2990,11384,7707,1180,9799,7439,9668,8343,12779,7723"
3685,3685,"4413,1912,7707,3950,4798,12606,5549,13346,7723,5386"
3699,3699,"2769,3464,2870,7138,98,8679,13309,4048,10336,1779"
3707,3707,"8922,6971,4698,9962,6166,7637,789,10835,2020,3122"
3731,3731,"544,13296,2140,5135,8302,89,1290,1747,12030,6971"
3737,3737,"10340,11622,5642,11843,2990,9443,11406,3950,11282,12026"
3739,3739,"8421,851,6220,1776,811,11843,7723,3950,5549,1223"
3744,3744,"8205,12680,2789,12026,8562,2567,13346,4332,9580,5999"
3753,3753,"560,4413,3870,10608,9880,7707,4915,11843,1912,811"
3778,3778,"9668,3870,11540,12793,5999,4602,6515,13346,9880,3295"
3786,3786,"13346,2990,5549,3055,9580,2789,8562,10340,8205,4101"
3790,3790,"11194,220,11506,6588,1328,12813,8221,13249,1996,11622"
3804,3804,"10462,12404,4322,12857,4163,976,4262,2957,5091,5497"
3805,3805,"5303,6971,6166,9799,3870,1634,10835,7558,10326,12606"
3819,3819,"12990,4277,331,8421,1776,560,5610,811,11282,5545"
3827,3827,"134,1377,4832,6060,8487,9375,6402,10352,7763,12648"
3829,3829,"10916,9580,11282,851,9880,1776,11843,8562,3950,8421"
3841,3841,"2343,6971,89,10835,12680,2218,3909,13346,9942,8022"
3849,3849,"1290,4929,7120,296,4576,2916,10663,5573,789,3697"
3928,3928,"4576,1290,296,7120,10607,11117,4277,4929,544,2916"
3988,3988,"789,4163,5135,4216,13309,9962,83,11024,5142,1558"
3994,3994,"9072,2140,5199,7138,4413,11282,5610,12026,2218,12331"
3998,3998,"6220,9942,3950,4413,11622,13249,5545,3106,837,9968"
4012,4012,"11622,5999,3870,5673,11751,3577,4053,5964,6982,5497"
4021,4021,"5999,220,10608,7138,10778,5303,6971,4053,796,11784"
4022,4022,"10916,1776,9580,811,851,12990,8161,8562,4277,9968"
4047,4047,"8703,2020,12663,4205,5149,6166,10332,13228,2847,9954"
4073,4073,"8590,560,8703,4277,10326,2140,544,1747,12680,2264"
4099,4099,"851,275,5303,6166,8703,5549,12026,11994,8590,6445"
4100,4100,"5545,11540,9668,3950,11282,4315,9580,3088,4430,7707"
4120,4120,"2291,3770,3545,1328,11843,10792,12470,8161,220,5747"
4126,4126,"1290,7120,5135,789,4929,296,4576,11117,5573,3697"
4136,4136,"13296,10608,10835,6971,9668,10778,2140,5999,8205,2218"
4160,4160,"4576,1290,296,5573,4929,7120,2916,12497,10607,3697"
4173,4173,"8590,1290,4576,7120,4929,10607,296,3697,2916,10663"
4177,4177,"4315,2343,5495,11871,10473,5199,8161,1180,3106,5747"
4183,4183,"8421,4277,10326,331,10916,851,4974,7197,11843,837"
4191,4191,"6402,11692,7439,1769,6060,8093,165,4648,9408,238"
4195,4195,"10916,10326,9880,12990,2158,8562,1634,811,6107,9580"
4213,4213,"2140,12990,10916,9072,12680,8562,8235,6971,6220,2343"
4226,4226,"10137,1290,7120,4576,4664,9730,10389,296,6610,4111"
4227,4227,"1290,2916,4929,7120,10663,12497,12030,296,6243,5573"
4232,4232,"11622,11871,10340,3770,11726,5610,13346,5673,2789,6982"
4255,4255,"5303,1180,10326,4277,1776,13346,331,12857,12990,1478"
4258,4258,"6060,6952,8487,8093,5027,2363,12648,6402,11757,840"
4274,4274,"11622,2789,2990,5673,9942,8421,3992,2506,820,9443"
4289,4289,"4576,10607,3697,5135,296,2916,10674,2957,5573,3539"
4295,4295,"4117,1996,11622,4053,4798,9098,5199,11282,11540,5610"
4300,4300,"8562,9937,10138,2990,10340,12990,4865,9340,4322,10326"
4334,4334,"5999,8161,851,9580,13346,4602,2007,8205,2958,11751"
4361,4361,"8562,8161,13346,7138,10340,7578,13296,9968,1912,5999"
4377,4377,"7439,11194,6982,1996,2038,11622,1328,2506,220,3577"
4412,4412,"1290,7120,296,4929,12030,2916,4576,5573,10663,12497"
4415,4415,"11622,3870,6982,9449,5673,2789,11772,9443,3577,2038"
4424,4424,"5549,13346,10326,9880,10916,6971,12793,7723,1776,7983"
4425,4425,"10326,11622,6982,8161,1180,5999,11751,8562,3770,5964"
4430,4430,"4277,5303,10326,5999,12680,13296,331,6220,9580,10340"
4433,4433,"5549,5303,6971,11843,10916,3106,976,454,8421,331"
4436,4436,"9306,2291,13214,12871,5946,383,4315,165,5199,7439"
4458,4458,"10916,11622,10340,6899,8562,4947,5673,5303,9968,1478"
4461,4461,"6982,11194,8636,6952,6060,11622,5027,2770,9375,7496"
4488,4488,"8205,2789,1912,4602,12026,2567,4332,454,8235,9580"
4497,4497,"1290,7120,4576,4929,2916,10663,3697,10607,5573,12497"
4498,4498,"1912,7707,3950,1220,6270,12680,12665,9580,8703,3428"
4504,4504,"220,5199,2822,4117,3770,9771,6060,3069,1213,5422"
4510,4510,"12030,1290,296,7120,2916,4576,11117,4929,1977,10607"
4512,4512,"6060,5760,1213,6402,1377,9453,8487,5027,10974,4832"
4513,4513,"12857,7439,5303,7138,4262,13249,2218,11384,9164,10039"
4516,4516,"1290,7120,5135,4576,296,4929,12030,3697,13309,2916"
4526,4526,"6220,1290,7707,11540,9962,789,5135,4576,1487,12680"
4528,4528,"5303,331,9968,2789,11622,4101,13346,837,1912,8421"
4542,4542,"8421,9580,10916,6899,13346,4117,11843,8562,7900,11622"
4559,4559,"1290,12030,7120,296,2916,3697,4929,10663,5135,5573"
4572,4572,"5532,8235,6418,12579,4053,11843,2443,7063,5999,5497"
4575,4575,"11622,13346,12680,2990,6529,5999,8235,11784,7707,8205"
4583,4583,"851,8421,4798,6326,2506,10138,11843,6899,9880,10916"
4602,4602,"7707,5999,3870,6166,8562,9668,5545,5025,2337,12793"
4608,4608,"1290,7120,4929,296,2916,10663,10607,5573,3697,6243"
4609,4609,"8561,8636,11622,3577,11871,12156,5700,5060,11572,2771"
4626,4626,"9799,12331,5303,8043,3870,1478,2380,11622,5673,3071"
4642,4642,"2822,11357,1408,4117,2443,4053,5532,13058,9504,13346"
4653,4653,"6971,9799,6220,7707,12331,13346,10835,9937,12680,8235"
4664,4664,"1290,7120,4576,296,5135,4929,11117,5573,2916,789"
4665,4665,"1290,7120,4929,296,12497,5573,2916,10663,12030,11117"
4672,4672,"1290,7120,296,4576,2916,4929,10663,10607,5573,6243"
4680,4680,"6402,6060,5027,6952,9375,2770,1213,10352,1377,8093"
4705,4705,"5999,10138,8562,11282,3950,12026,11843,11357,4602,10594"
4707,4707,"3870,11622,5303,4947,1996,9729,6982,2038,5673,1957"
4711,4711,"5199,10326,9848,1996,5497,7138,350,9309,716,1328"
4732,4732,"6402,6060,1377,8540,9375,5027,8487,5241,9453,8092"
4734,4734,"1290,7120,4929,296,2916,12030,10663,12497,5573,3697"
4735,4735,"3737,9295,1290,7637,5573,4664,13309,789,7120,3697"
4749,4749,"7707,6971,3950,6220,12606,4413,11282,5485,8562,11784"
4751,4751,"6971,5999,12680,8562,9886,13346,12990,10778,8235,9668"
4762,4762,"3055,5545,1912,5532,7578,12680,9968,1100,6971,8922"
4767,4767,"6971,5549,8703,6166,5966,7637,7723,275,13296,5149"
4771,4771,"851,2169,11282,2291,8562,560,9880,12793,11000,12606"
4773,4773,"10340,3799,8421,10241,3950,11282,1912,7715,6588,2169"
4776,4776,"1286,7578,4414,8562,8421,1180,11180,8161,9455,8483"
4783,4783,"6220,1598,4798,1912,3055,11843,11540,4277,12779,2993"
4788,4788,"11622,12331,3870,11751,4413,6982,2990,837,4915,6515"
4808,4808,"3870,3577,12156,8636,4915,4602,6982,6626,11572,1788"
4810,4810,"6515,5199,10835,10916,6588,7558,10326,12925,8520,7439"
4818,4818,"11384,3870,2199,1996,6515,9880,4947,10916,851,3071"
4823,4823,"6060,5027,6952,1213,2770,1219,11757,12648,1129,7496"
4829,4829,"11622,6982,5673,11795,8746,11726,9786,2771,4436,5027"
4842,4842,"3950,6220,9942,1478,12990,11540,8421,5303,10138,6166"
4859,4859,"220,5999,11282,1408,1996,5545,11357,10778,796,4262"
4866,4866,"12030,5135,789,1290,11117,13309,3697,7120,9962,5573"
4881,4881,"10326,12990,13296,8161,10916,8590,7138,4277,7578,811"
4908,4908,"2291,2140,2218,5819,8053,12758,2264,10241,7439,4413"
4910,4910,"1290,12030,4929,296,3697,2916,13309,789,5573,11117"
4922,4922,"3055,9799,10340,5999,12857,2990,3870,4322,11622,1996"
4942,4942,"12030,11024,13309,9295,10336,789,3570,3427,7679,10464"
4976,4976,"9580,7578,9880,3055,6326,1776,4101,11843,851,5549"
4993,4993,"7637,2020,5573,3539,4387,4576,9962,1290,3697,4664"
4995,4995,"10916,12990,9880,5303,10241,2218,12857,9668,12875,1776"
5020,5020,"6402,1377,4256,1948,5760,6659,10078,6011,6306,2870"
5040,5040,"6971,3085,12857,9340,11784,6166,275,2291,8472,12476"
5048,5048,"37,10326,2140,1634,362,8053,4827,5497,1769,7439"
5058,5058,"2343,9693,4199,6588,10340,8235,3909,7707,1912,121"
5067,5067,"4205,8981,7637,9954,9942,10332,1078,8703,5631,31"
5087,5087,"13346,3950,10778,5549,5545,5532,5999,11403,9580,3055"
5090,5090,"3055,2343,12026,6971,7024,1912,4413,8922,5875,3909"
5102,5102,"6982,10835,12793,4915,6141,9449,2789,11622,13058,5495"
5103,5103,"4413,9799,5303,6515,5549,7723,1478,3870,6166,5966"
5105,5105,"8703,8922,5135,7637,789,9962,6166,13309,4698,6220"
5108,5108,"10835,5999,10340,11622,6515,3870,2789,11751,11540,9443"
5119,5119,"12611,2770,5822,134,449,12029,1213,6402,6952,5027"
5120,5120,"1290,10663,7120,296,13101,4929,2916,12497,6243,5573"
5124,5124,"4946,5532,6982,4798,9729,2169,11871,12425,9098,11795"
5132,5132,"2291,6515,6982,2199,2140,13296,12331,11751,5946,3071"
5138,5138,"13426,9730,7047,390,10009,8679,12316,5504,3505,3570"
5144,5144,"6326,10138,2169,9580,4865,10326,1912,8161,11282,1210"
5159,5159,"5303,8421,4277,1996,1180,1776,12990,9968,9340,4974"
5167,5167,"4229,350,1377,2158,6402,12191,4947,6326,6306,8421"
5175,5175,"10326,8562,8421,1328,10916,2958,2158,2506,12779,8343"
5176,5176,"1290,7120,4929,12030,8590,2916,10663,4576,11117,5573"
5185,5185,"7707,1912,12680,12026,8235,11540,1100,2990,9937,4698"
5189,5189,"8562,8161,8235,10916,9968,11622,1776,9886,3295,8421"
5191,5191,"5545,8235,12026,4798,2990,837,2789,4413,11622,796"
5206,5206,"2380,2140,8043,3071,9799,6395,5214,9668,2218,6166"
5213,5213,"2140,976,13296,1851,6960,2291,789,10462,7784,335"
5224,5224,"4798,1180,6326,11843,4974,10916,1776,717,851,12990"
5226,5226,"5303,7723,9799,1634,2140,7138,1598,10340,8562,12331"
5241,5241,"1290,7120,789,13309,12030,4929,296,5135,5573,10663"
5264,5264,"4576,1290,296,7120,2916,4929,3697,4664,5573,5135"
5268,5268,"12990,10835,2218,7578,5999,8590,8562,8593,5610,6962"
5270,5270,"9668,12990,8562,851,8161,4698,1598,560,3870,12793"
5287,5287,"11622,11871,5673,9786,8746,5700,2771,11726,6982,1783"
5314,5314,"8703,6220,7637,6166,6971,9668,4698,1634,3088,5549"
5318,5318,"1290,7120,4929,2916,10663,12497,296,3697,6243,1977"
5326,5326,"6166,9668,8703,5149,6892,1598,9799,6220,560,8981"
5336,5336,"5422,2789,8235,9340,331,2395,12476,10340,1978,12680"
5343,5343,"5135,13309,1290,789,7120,12030,3697,4576,296,4664"
5347,5347,"7707,5545,3950,9443,11622,2789,9454,1478,10138,220"
5354,5354,"6982,8402,8161,12331,4602,9968,2291,4877,10986,8562"
5356,5356,"1996,1776,13296,10594,11622,3055,454,8235,3340,4101"
5367,5367,"9962,789,5135,13309,1290,12030,5573,11117,4576,3697"
5373,5373,"3870,9880,3950,6166,10916,12813,7707,11622,7900,4947"
5385,5385,"6166,2158,9880,9799,12606,12990,9668,3870,6220,4414"
5458,5458,"3770,11871,10340,11622,5673,1996,1328,10986,1783,7462"
5463,5463,"12680,4277,4865,13296,2990,6220,331,2218,3766,1598"
5471,5471,"4576,296,4664,7120,10607,1290,2916,3697,4929,5573"
5476,5476,"275,10835,5549,2140,8590,7983,6589,10608,11384,13296"
5484,5484,"10778,5999,11622,5199,11784,11000,3340,3870,6899,5292"
5508,5508,"1290,7120,296,3697,4929,4576,5135,5573,13309,2916"
5513,5513,"4413,6220,6326,9580,3950,773,13346,8421,4798,3055"
5520,5520,"10916,10326,12990,331,8421,1180,9580,4277,8562,1776"
5524,5524,"3950,2789,11622,9443,9942,5999,11540,4053,9449,6166"
5539,5539,"5999,4053,5545,11622,7578,8562,220,11282,5532,6280"
5554,5554,"11622,6982,3770,5700,4947,10431,13097,11800,4915,8636"
5564,5564,"5999,11282,12857,5532,1408,1996,10916,13296,11357,6899"
5595,5595,"2291,2218,9306,10340,8472,13214,12331,560,6971,4413"
5601,5601,"6971,10462,976,5303,275,3088,10608,5549,7063,1290"
5602,5602,"6515,5124,4101,4947,2990,7723,11843,9729,3870,837"
5618,5618,"8205,8161,9580,5819,12875,9771,851,12665,8590,8053"
5643,5643,"8235,5999,11357,4117,3055,2789,8922,1100,5532,12026"
5644,5644,"220,1634,8472,1287,1769,11784,1662,2808,5199,9340"
5651,5651,"9668,6220,3950,4322,2158,7707,12857,5025,3766,6326"
5655,5655,"8562,5610,11871,11384,7983,3770,11180,13346,9880,12793"
5658,5658,"2218,9968,1978,5545,8421,9886,331,8161,9340,8235"
5660,5660,"5610,6982,11622,8746,1996,11795,11843,9848,5700,2958"
5662,5662,"12680,12990,13296,6220,6971,8562,2140,1912,7578,8235"
5670,5670,"6982,11751,11622,4877,11795,12632,9848,1788,3870,2169"
5676,5676,"4576,1290,789,296,7120,12030,3697,13309,5573,2916"
5680,5680,"11282,5549,3106,12026,2169,12331,8472,1662,13296,11540"
5698,5698,"4388,2343,7063,7964,4929,6220,7707,4413,3737,1912"
5710,5710,"7578,5999,8235,10778,1100,12579,2822,7707,7024,4499"
5723,5723,"1290,7120,296,4576,4929,12497,2916,1977,9295,10663"
5742,5742,"5999,1788,2822,4053,11726,13058,3577,11572,11712,2443"
5748,5748,"11282,10138,6220,5545,454,6899,11540,5999,9668,13249"
5750,5750,"13296,6971,2291,2140,12680,2380,2218,12026,5549,9306"
5787,5787,"5999,13346,8562,8161,3770,1286,3950,1788,11871,10916"
5798,5798,"5292,3950,10529,11622,10340,10916,8343,5673,1328,2506"
5799,5799,"2291,9306,5946,2218,8402,10835,7439,10792,383,165"
5815,5815,"789,9962,13309,1290,12030,4576,3697,7120,11117,9866"
5822,5822,"2140,8235,12680,331,8205,10340,4322,3055,10835,8590"
5834,5834,"4499,11622,7707,6588,1286,1180,8562,6166,9455,10916"
5846,5846,"2291,3870,7558,10326,2218,10835,10916,10138,12857,5303"
5858,5858,"5999,11726,11622,11751,1996,3870,851,1408,11871,7900"
5882,5882,"3950,6899,1598,2990,8562,13249,9880,11843,9937,12857"
5892,5892,"9443,2567,2218,9449,11622,10340,13346,454,10778,5999"
5897,5897,"1634,560,3870,9668,10340,2265,9580,8472,3950,4101"
5898,5898,"1408,9504,11726,11622,1996,5673,11572,1788,11871,11751"
5902,5902,"5027,6952,2770,6060,8093,6402,1213,7496,10732,4832"
5919,5919,"544,1290,9295,1747,2916,12030,11117,296,10581,4929"
5934,5934,"4315,11871,11622,5199,5495,9098,1996,8235,10473,4053"
5946,5946,"4576,7120,1290,296,4664,10607,2916,8590,3697,1977"
5965,5965,"8235,2789,10340,9443,11622,10138,3950,13346,6529,6899"
5995,5995,"13346,8235,8562,8575,10835,5303,7983,10778,13381,10529"
6005,6005,"8590,9668,12680,8922,12990,4277,7578,6166,10778,9229"
6006,6006,"9729,2990,4679,2789,11843,8421,9443,5545,6326,11772"
6013,6013,"1180,1776,10326,851,10916,8562,8161,4974,4277,331"
6016,6016,"13346,10916,3950,11622,8562,3870,10138,1776,7558,6280"
6023,6023,"7120,10663,12497,5573,6243,12030,4576,11117,3697,8567"
6052,6052,"3950,13346,12990,10916,8562,1776,12680,7578,7707,4277"
6056,6056,"8235,3909,1100,7578,7024,11357,4266,2343,11289,10529"
6059,6059,"10326,8421,1180,10916,11396,4947,7900,13114,8562,10473"
6064,6064,"8235,11357,5999,4053,10835,4117,3909,7578,5532,11289"
6091,6091,"8235,12026,6962,1100,10835,5999,9886,2789,12680,3055"
6112,6112,"7120,296,2916,10663,12497,6243,4576,12030,3697,8567"
6133,6133,"5999,11384,9799,5532,3870,5199,3909,9880,2822,1408"
6150,6150,"3770,1210,11622,4915,11871,8279,1788,6982,6183,322"
6155,6155,"8562,11622,10986,5700,7705,6982,6588,10473,5610,8221"
6157,6157,"10326,10916,8562,2140,9580,12990,11282,6899,8520,5999"
6212,6212,"6515,13310,2789,12758,10835,5946,8402,9306,13214,11396"
6218,6218,"8161,10326,560,851,8562,8421,331,1180,350,11843"
6242,6242,"12990,9937,8703,7637,275,6166,4698,12331,560,3950"
6243,6243,"10326,331,8421,10916,8161,8562,9968,12857,8343,8593"
6260,6260,"11871,8746,6982,1210,6626,5964,6402,12156,682,5027"
6262,6262,"11843,7723,10986,9164,5642,2506,5673,10340,9799,2108"
6278,6278,"1996,2218,11843,10916,11384,3870,4877,11622,5747,4413"
6280,6280,"13296,11000,6515,4101,5532,10594,5999,1996,9733,11843"
6287,6287,"89,5135,789,2291,9962,1290,7120,13309,4929,1747"
6305,6305,"2789,8235,7578,3055,13346,9443,6971,2903,4053,4117"
6320,6320,"6971,2140,1290,2218,5135,8590,7120,2291,296,2916"
6339,6339,"8235,8421,5303,11622,11843,1912,5875,12026,837,331"
6360,6360,"5303,3870,1478,10916,3950,13346,4414,6220,851,11540"
6370,6370,"8161,9880,5999,11289,13346,3950,811,8205,7578,2218"
6376,6376,"10326,5999,11282,10138,5497,10916,8562,9968,9580,4101"
6378,6378,"6220,6166,7723,10241,2380,3950,6418,1299,5124,9668"
6379,6379,"9962,13296,5135,789,10462,12404,10608,4576,9866,5532"
6398,6398,"10326,4798,1328,5470,9848,2007,2506,2164,8562,1331"
6422,6422,"5999,4117,6515,5199,1996,11751,5497,11282,12857,11396"
6424,6424,"12611,11622,9786,5673,7079,3035,11871,3870,2905,11726"
6436,6436,"6060,6402,5760,9375,6952,1213,8487,10078,1377,6306"
6454,6454,"8608,7964,8922,3909,12757,2343,3577,9132,6982,12026"
6464,6464,"3870,10326,5642,9880,2265,10340,10778,1408,6899,3950"
6479,6479,"11622,5673,11726,1788,1996,8221,11194,5700,11772,1408"
6485,6485,"9799,6971,8703,5303,976,6166,6220,3088,7707,10608"
6488,6488,"11622,11871,6982,5673,10340,5700,11772,8636,8746,2771"
6490,6490,"5700,11622,6982,11871,8746,11795,2771,5673,9786,11772"
6498,6498,"10916,11843,1776,851,4798,1180,6326,4679,4974,717"
6533,6533,"12026,8235,5545,2990,4798,11540,331,11289,2789,4322"
6577,6577,"2789,3950,9443,11622,5124,2567,1957,11396,9449,5999"
6579,6579,"4101,12990,2808,9668,1634,10326,9880,851,1776,12680"
6583,6583,"3055,12680,9580,2380,4322,12026,12990,8205,12793,7578"
6597,6597,"6515,9072,7715,7439,2380,5199,2343,8053,13296,2499"
6599,6599,"8590,6638,2380,5422,5999,8922,331,5532,8235,7138"
6607,6607,"2789,9443,5303,2567,11622,3870,3950,7723,10340,454"
6613,6613,"5999,13346,3950,8161,5545,10340,12680,11406,7707,6270"
6622,6622,"6971,5303,8590,1290,7120,11117,560,4576,5573,12497"
6637,6637,"3106,11282,6529,2218,12331,5199,10340,9880,13346,8707"
6644,6644,"9968,8562,10916,1180,2158,8161,6326,9580,811,560"
6651,6651,"1290,7120,296,4929,4576,5573,2916,3697,12497,4664"
6674,6674,"4117,5999,5532,4053,2443,1100,10835,11357,9098,3770"
6683,6683,"6971,2140,10608,13296,8235,12757,4101,12665,1662,275"
6686,6686,"1290,5135,9962,13309,789,1747,9405,3697,12497,2291"
6707,6707,"2140,13296,7439,275,2218,6638,10835,7138,9340,6971"
6724,6724,"1213,7496,10732,10974,6060,11484,9482,9453,1219,6952"
6729,6729,"7707,13296,10340,3950,11540,4413,11622,7723,12331,9799"
6739,6739,"1598,10340,12680,12385,13346,2905,64,8333,2990,931"
6756,6756,"6971,5303,2218,275,560,2140,5199,10916,7723,6515"
6764,6764,"7723,6971,12331,9880,2158,11622,3950,12606,9799,12990"
6768,6768,"6220,8413,1598,9937,3950,12857,11540,11384,4413,12606"
6787,6787,"4499,3950,11540,2990,9937,1912,6166,9942,454,8235"
6808,6808,"789,5135,13309,9866,10336,4613,7817,3886,3697,4664"
6811,6811,"4798,4117,6326,1769,5199,2164,840,1996,5241,1432"
6812,6812,"7707,2990,1598,1478,331,13346,6166,9942,1912,8161"
6831,6831,"6971,275,976,2218,6166,10241,9668,2140,6638,9937"
6833,6833,"12156,7707,6626,1912,5966,3950,10778,13346,6166,9668"
6840,6840,"7707,10835,10340,5545,976,5303,11288,12793,12331,275"
6842,6842,"1290,7120,296,4929,5573,2916,4576,3697,12030,10663"
6855,6855,"1290,7120,296,4929,2916,4576,10663,5573,3697,12497"
6869,6869,"8562,12026,13296,6971,9968,560,7138,2218,1776,851"
6874,6874,"6971,7637,3088,589,976,7707,4413,1487,5149,5549"
6879,6879,"10835,5999,3340,4199,2822,6529,3909,13346,2903,11622"
6885,6885,"6982,2771,4602,5673,8505,5700,5497,12632,3870,10340"
6886,6886,"2291,9580,2264,9306,4101,2199,8205,4786,8520,12665"
6902,6902,"1776,560,4277,9968,10916,851,10326,8161,12875,9886"
6908,6908,"13309,1290,12030,3697,7120,5573,4929,11775,4664,296"
6911,6911,"2789,2567,5545,9443,3055,5819,12944,8205,2218,931"
6912,6912,"9443,2218,11784,5819,4924,10589,3340,12758,3950,931"
6919,6919,"8590,544,4277,10607,1290,7120,296,4576,11117,4929"
6926,6926,"7578,6751,8221,5673,4414,11622,479,9473,8562,12632"
6934,6934,"7578,1100,8235,2789,4199,2443,11357,2990,12788,8205"
6935,6935,"2158,11622,6326,10326,8746,4323,4229,1996,7900,5700"
6939,6939,"5549,8421,4413,5303,6971,11282,8703,6220,13296,10241"
7000,7000,"6971,2218,3909,9942,8235,6529,2140,13214,4199,6420"
7003,7003,"4929,2916,1290,13309,296,7120,4664,10663,12858,12497"
7005,7005,"11622,5673,1996,11871,9504,5470,1408,9032,13058,5091"
7042,7042,"2140,8562,6515,10916,10326,2218,10835,13296,8235,6588"
7045,7045,"275,6971,5549,9668,7715,6445,7063,11994,4315,851"
7047,7047,"9799,8235,3055,837,13296,4679,331,5532,7723,976"
7053,7053,"6971,9229,31,6166,5545,976,7637,8981,12793,4698"
7063,7063,"8562,11622,2905,5497,1328,5020,4153,11771,1432,10326"
7067,7067,"2218,5025,4322,3950,331,13114,10473,5545,12680,6638"
7071,7071,"10326,12990,8421,10916,8161,11843,1776,9309,2199,6899"
7078,7078,"5999,5497,5532,4865,10340,5545,2990,3950,13346,7707"
7109,7109,"11622,5673,11795,6982,9786,7900,10986,13097,11726,13257"
7118,7118,"976,5303,6166,10340,5549,3870,3515,11784,11622,9937"
7129,7129,"1290,4576,296,2916,3697,7120,5135,4929,12030,4664"
7133,7133,"10326,11622,5673,1328,7900,3870,5470,11726,8561,6982"
7139,7139,"8590,2291,2380,10608,1290,10835,7120,6962,2140,11969"
7142,7142,"9580,12680,5999,7578,9886,3950,9668,10529,7063,10340"
7146,7146,"5999,5532,11357,4053,4117,11289,6971,1408,3766,10039"
7172,7172,"10916,11843,11282,8562,3950,1634,1996,10473,9968,8421"
7181,7181,"12990,2343,8235,8922,7578,4388,8608,9229,4101,3909"
7195,7195,"1776,10916,10138,851,837,8161,3950,331,11843,3055"
7197,7197,"9942,13346,1598,3950,10340,2990,4413,10138,4865,6529"
7203,7203,"1290,7120,4929,296,2916,10663,12030,5573,3697,12497"
7223,7223,"2990,5545,4322,331,11540,8161,12026,12793,851,6433"
7235,7235,"2957,1290,8590,7120,4929,296,11117,12497,1400,10663"
7236,7236,"5999,11282,9580,4798,3950,8161,12665,8562,5545,5532"
7237,7237,"8590,2140,6971,1290,2264,12030,7120,4929,12026,2380"
7255,7255,"4277,544,8590,10607,4576,11117,296,5135,7120,1244"
7297,7297,"7707,2140,5999,3950,4315,10916,4199,1299,7024,8562"
7320,7320,"9580,10916,10326,1776,9880,3950,9668,5303,811,12857"
7323,7323,"13346,11622,5999,3950,7707,4865,10340,1408,2990,3770"
7326,7326,"5549,2169,8161,9968,12680,2990,13296,6270,10340,8205"
7343,7343,"331,10916,10326,13296,5485,12857,1776,6971,4277,6433"
7363,7363,"6515,2789,5549,5303,2567,12026,7723,3515,9443,976"
7364,7364,"8235,12990,8922,7578,331,4101,8562,220,2789,4388"
7366,7366,"331,4924,5422,2164,9455,714,2571,4798,2789,1987"
7372,7372,"2140,2218,5610,7439,13296,9340,3340,220,4101,275"
7399,7399,"2140,6166,7637,8703,5149,6971,275,12663,5485,7063"
7402,7402,"8161,5545,6270,1912,9942,4322,6166,9455,217,13026"
7406,7406,"6060,9799,6269,9375,6952,8093,5822,8487,3069,4935"
7421,7421,"4277,331,9799,3515,560,1478,12990,5549,11396,8421"
7425,7425,"8703,544,13296,89,1747,7707,3088,5485,2140,11540"
7431,7431,"8421,10916,11843,9968,13296,1776,8161,1180,11282,811"
7447,7447,"11843,6982,11622,8562,11000,10138,9968,5341,11282,8421"
7451,7451,"6220,7637,8703,5545,589,7707,3055,3088,5976,9564"
7453,7453,"7120,296,4576,789,5135,4929,5573,13309,2916,11117"
7456,7456,"789,9962,13309,12030,1290,3697,7120,11117,5573,4576"
7484,7484,"1290,8590,4929,2916,7120,5573,11117,296,5135,12030"
7486,7486,"3870,1180,10340,7707,8161,7558,851,11622,11843,5999"
7505,7505,"12857,1788,7900,5091,10986,1180,5470,8561,9908,11572"
7529,7529,"10340,13346,3950,11622,5673,9942,7723,9098,4865,1996"
7532,7532,"1290,7120,3697,296,13309,5135,2916,4576,4929,789"
7548,7548,"8562,13346,13296,4413,9880,8235,6433,11282,6326,10138"
7550,7550,"1328,1377,6402,1432,12191,5027,5673,5020,840,6306"
7557,7557,"11843,2990,8421,11622,9968,8161,1180,851,11751,560"
7574,7574,"1290,7120,296,4929,12030,13309,5135,2916,4576,5573"
7586,7586,"8703,7637,9799,5149,4414,12663,6166,11540,12857,589"
7592,7592,"12665,9072,2140,5199,7439,5485,275,3464,8590,2769"
7594,7594,"6971,275,12944,5303,254,11540,976,9799,3055,7138"
7600,7600,"11622,9786,11726,1788,11871,11572,5592,5999,11712,4199"
7601,7601,"9733,10326,11751,8161,11000,7900,11622,5673,2007,9968"
7642,7642,"5303,5135,789,9962,12858,9799,11117,2380,4163,89"
7647,7647,"8421,10916,1634,851,11282,3950,7723,11843,560,1996"
7650,7650,"12990,10326,331,5999,10608,1776,12793,12359,9340,8593"
7660,7660,"4576,1290,5135,789,7120,296,9962,13309,10607,3697"
7682,7682,"10326,12680,9937,11403,9668,13346,9799,3870,10340,8562"
7712,7712,"6220,13346,5545,10138,4414,10835,4413,12793,1478,4865"
7728,7728,"11622,220,10473,10566,5292,13114,9164,6982,8161,5673"
7763,7763,"6220,13346,10138,1776,8421,1478,9443,10340,4413,811"
7764,7764,"6971,8922,2218,8235,2789,2567,12026,5545,275,8590"
7765,7765,"5999,2771,10835,2822,11712,13058,5592,11800,4117,9908"
7768,7768,"11622,6982,5673,11795,11751,10326,5470,5091,5700,5270"
7776,7776,"5135,789,13309,9962,1290,7120,3697,12030,4576,5573"
7834,7834,"8562,9098,8575,6326,2958,11622,9580,11406,2506,5497"
7850,7850,"10916,6107,5999,13346,1996,1634,8421,4947,9968,3870"
7860,7860,"10326,5999,12611,11572,3035,2771,1788,5470,11726,5497"
7879,7879,"2218,6971,275,10835,5999,8235,7558,5610,9886,6638"
7892,7892,"9340,8590,6638,4277,12026,10608,275,5549,2218,13296"
7895,7895,"8562,10326,6515,6588,5497,6166,3870,2140,7900,5610"
7901,7901,"10916,10138,12857,3950,11384,4322,331,8421,1776,4865"
7922,7922,"4277,8562,6107,9580,10916,12990,1180,1776,5025,6925"
7927,7927,"8703,9229,6166,13296,5149,2140,7637,10241,6971,9668"
7931,7931,"8562,10608,9880,5303,11384,12875,3870,13296,6971,560"
7938,7938,"5610,5199,5999,7578,220,7439,10792,11843,1996,4053"
7942,7942,"2140,13296,275,2343,6971,7715,9340,12757,6638,5199"
7964,7964,"2905,6751,10835,3317,2910,11712,2771,9786,3035,11622"
7982,7982,"11622,1100,2789,11886,4199,5875,2343,5532,10835,6982"
7988,7988,"1290,7120,296,4929,4576,5573,5135,2916,11117,10663"
7992,7992,"5999,10916,9580,13346,11282,8421,1776,851,3870,1223"
8005,8005,"3055,12026,3909,12680,1100,10340,8205,8922,13296,5532"
8019,8019,"3464,247,6201,2870,8679,6082,7047,10919,6060,10009"
8026,8026,"8562,8235,8161,1912,10594,11784,4679,11000,11282,11843"
8028,8028,"5532,8235,5999,7707,1100,3055,10835,11357,4053,796"
8085,8085,"6626,12378,11635,6751,2205,6503,8562,8746,959,11871"
8103,8103,"8235,10835,3909,4266,4199,4117,5422,13058,11289,6529"
8108,8108,"4915,1286,11622,11871,5610,1788,12611,1996,5673,5700"
8137,8137,"6971,3909,2140,2218,6529,8235,4199,7063,6141,9132"
8138,8138,"6326,10138,5545,11282,2169,9580,1978,1210,11540,8421"
8139,8139,"8562,13296,2380,10792,10835,9668,6515,2291,8053,5199"
8148,8148,"6971,2218,13296,10835,5545,4414,6638,6166,3055,2140"
8150,8150,"5303,5545,5549,275,10835,8161,8235,12026,9886,2218"
8160,8160,"2264,5135,7063,13309,789,2380,12030,7715,1487,9962"
8175,8175,"8590,1017,2380,9072,7948,1558,2140,10326,2957,4216"
8191,8191,"1290,6971,7120,2291,2140,5135,10663,2916,4929,6243"
8198,8198,"331,9799,12857,11540,4277,4947,1776,13296,10241,976"
8202,8202,"6487,10206,7496,9125,9516,8635,1219,9482,6060,10111"
8233,8233,"2789,8235,1100,7578,11622,8562,9449,4199,773,4388"
8251,8251,"11622,6529,5999,7707,2822,4053,10529,2903,6982,3770"
8252,8252,"10916,8421,11843,8562,331,8161,13346,4974,3950,811"
8265,8265,"8235,3950,12990,7024,12026,4698,7578,12680,6971,6220"
8267,8267,"5303,2199,4947,8421,331,851,13249,6395,5549,8562"
8268,8268,"11282,5999,7138,5532,11000,11357,9580,1408,5610,9880"
8294,8294,"9799,8235,5532,8608,3909,4388,6418,1662,3870,7723"
8299,8299,"1290,789,7120,4576,13309,12030,296,9962,3697,4929"
8302,8302,"3870,12793,560,1634,5549,7723,7462,9880,5303,12331"
8303,8303,"1290,4929,296,5135,12030,12497,3697,5573,789,11117"
8323,8323,"8235,10835,6971,7578,7024,12680,8562,5999,12990,10778"
8327,8327,"4117,9886,3055,11357,11540,4332,12026,3577,2567,5999"
8331,8331,"13296,6971,11622,1996,3515,10594,5549,1776,11282,3340"
8332,8332,"11406,11795,2108,2990,8699,10566,8333,5592,6982,12632"
8334,8334,"6982,11622,4915,1210,11795,3992,4946,2497,8018,5673"
8337,8337,"1290,7120,4929,296,12030,10663,11117,4576,5573,2916"
8341,8341,"5999,10340,13346,5303,11622,3870,9443,2789,1408,3799"
8361,8361,"6971,5303,8590,2140,10241,7138,10608,9799,6166,13296"
8369,8369,"6220,8922,8235,7707,10340,2380,3950,7024,9799,1598"
8378,8378,"2218,5303,6971,12026,10835,454,8235,275,10916,10340"
8407,8407,"11024,1290,7120,296,5573,13309,10607,4576,3427,3697"
8419,8419,"2291,9306,89,5135,2218,544,1290,7120,4576,3697"
8424,8424,"9668,9072,12857,7723,6971,8703,6166,4413,2218,5149"
8425,8425,"3950,11843,12857,10916,1996,2291,4877,10138,1223,3870"
8438,8438,"1290,7120,12030,4929,296,5573,2916,10663,12497,3697"
8447,8447,"9098,8562,8161,1776,10916,11784,5999,1996,9455,3950"
8458,8458,"10835,9340,6971,2291,2218,2140,5199,10792,8562,7439"
8463,8463,"12680,6638,331,9580,89,8205,9968,10916,4277,8421"
8471,8471,"3055,8235,11282,5545,8161,4679,9886,2789,8421,11843"
8472,8472,"5135,1290,544,789,13309,4576,9962,296,7120,11117"
8477,8477,"10835,5999,6971,8922,2218,8235,6529,9886,12680,2789"
8478,8478,"9306,2291,2789,12871,4315,8053,5946,8205,8452,13214"
8483,8483,"12030,5135,1290,13309,789,7120,3697,296,11117,9962"
8496,8496,"11282,13296,4413,12026,2218,9968,8235,10138,13114,811"
8497,8497,"8590,10326,331,1180,9938,7197,6638,8575,13346,12680"
8501,8501,"8421,10326,3950,10916,1180,7900,1776,837,10138,9968"
8506,8506,"2789,3950,9443,2567,11622,5999,5124,11396,3317,9449"
8520,8520,"8562,851,8421,1180,1912,8235,13346,6899,11843,1776"
8524,8524,"8421,1776,331,1180,12990,4277,4974,7197,1996,851"
8531,8531,"7707,12758,976,2990,1996,4322,4430,3950,12875,7723"
8556,8556,"8421,4798,1598,8235,10138,11886,8562,4865,13150,11993"
8579,8579,"13309,789,5135,3697,4576,10607,1290,12030,9962,296"
8585,8585,"7120,4277,12680,1290,12497,2380,5573,4929,4576,10663"
8591,8591,"8161,8421,10916,13346,9968,1776,7578,3950,12990,5999"
8592,8592,"1290,7120,4929,10663,5573,6243,2916,296,13101,8567"
8596,8596,"11622,1996,5673,1478,3870,11751,6982,7900,11843,2169"
8598,8598,"5199,9668,1634,7138,11282,811,9580,2218,9340,560"
8608,8608,"1290,7120,296,10663,12497,12030,5573,6243,3697,8567"
8610,8610,"1290,7120,4576,296,5135,11117,4929,3697,5573,789"
8617,8617,"1290,7120,4929,296,2916,5573,6243,12497,12030,3697"
8621,8621,"5610,9449,11263,5545,11194,11772,1286,4262,11405,6139"
8629,8629,"6060,8487,8540,5027,4935,1377,9375,9453,6952,12648"
8649,8649,"6060,10352,12611,9375,2771,6952,5822,2770,5027,1219"
8652,8652,"4929,7120,2916,296,5573,12030,12497,3697,6243,13309"
8714,8714,"4388,5422,8608,7964,4266,3909,1583,8274,12757,5532"
8718,8718,"11403,6971,12026,8922,8235,12680,3950,10778,89,5545"
8733,8733,"1290,4929,7120,2916,296,10663,12497,11117,6243,5573"
8734,8734,"13346,10835,6220,4414,10138,12793,5545,4865,1478,3055"
8754,8754,"1996,7439,3770,5610,6588,7558,5497,4117,12925,3340"
8771,8771,"13296,2140,560,9668,8205,12331,9340,6418,12680,11282"
8791,8791,"2218,8590,4315,4322,331,5199,275,12680,9744,3340"
8794,8794,"13346,11622,1912,8018,10340,8161,2958,7983,1478,3799"
8797,8797,"6402,1377,11194,8540,12813,10352,4947,5241,7480,5027"
8804,8804,"851,11396,8161,8562,10916,4947,3071,6899,13249,9580"
8809,8809,"8562,1180,2380,8235,13346,13381,12990,5549,8421,10326"
8823,8823,"1290,7120,4929,12030,296,2916,12497,10663,5573,3697"
8833,8833,"10916,10326,11843,5470,10594,9580,8235,8562,3577,646"
8835,8835,"89,2343,1290,2140,7120,4929,296,11969,4576,12497"
8840,8840,"2140,5199,7138,7063,6971,362,4877,5497,2218,7723"
8842,8842,"7496,1213,5027,6982,3770,11484,6425,1783,6487,5786"
8860,8860,"1290,4929,7120,2916,296,5573,10663,4576,5135,12497"
8866,8866,"8562,7578,2380,5999,331,1776,10326,7197,8343,10916"
8877,8877,"4786,13114,4798,5610,4262,5091,10473,5199,6982,5497"
8887,8887,"11622,362,1328,9164,1769,6982,5673,7439,5270,10434"
8895,8895,"5610,12857,2140,10916,9880,11384,8562,11843,7138,7439"
8907,8907,"1290,7120,4576,296,5135,789,4929,3697,11117,2916"
8921,8921,"11622,6982,3577,11784,1996,10916,8221,3870,2789,5673"
8928,8928,"1290,12030,7120,296,2916,4929,5573,3697,10663,4664"
8936,8936,"4387,4163,2957,296,12096,4216,1558,3238,1400,7120"
8965,8965,"12680,12026,89,6962,1912,6220,10608,8922,8235,4277"
8971,8971,"8235,3055,11540,8205,9886,11282,9580,12680,10138,8161"
9000,9000,"789,5135,1290,9962,13309,7120,12030,296,10663,3697"
9023,9023,"10835,6515,10608,4602,12331,9799,3870,2380,4413,6638"
9025,9025,"8922,8590,5999,12026,2140,7487,2218,5532,12680,4117"
9031,9031,"2789,11622,11843,10138,10340,2567,1996,3295,10916,10529"
9045,9045,"9580,9668,11540,8981,8053,8413,10326,3870,4322,2990"
9053,9053,"7723,4413,3106,8235,2218,7707,3055,8413,12857,3909"
9054,9054,"2990,4798,11843,10138,4101,5545,7707,3950,6326,9729"
9060,9060,"6971,5303,9799,11403,12026,5549,7707,8590,4413,6166"
9063,9063,"6982,8746,11622,11871,11795,4915,5964,3870,5673,5700"
9071,9071,"8235,5532,11622,4117,5875,12632,9968,6982,1100,4053"
9078,9078,"1290,296,2916,10663,5135,3697,4929,12030,5142,8302"
9101,9101,"6220,4413,3950,13346,1912,3870,5999,9668,8413,12680"
9108,9108,"275,10835,5303,7983,6420,10608,4414,976,5545,11784"
9110,9110,"10916,10326,8421,12990,8562,6899,9880,1776,2158,2380"
9114,9114,"8590,12990,2140,89,6515,9799,12680,8520,4277,5549"
9144,9144,"1290,7120,13309,296,4929,4576,3697,12030,11117,5573"
9172,9172,"8703,7637,4277,851,8590,5549,12990,13296,6166,6971"
9185,9185,"7637,8703,3088,12663,5149,4205,2020,9954,589,10332"
9190,9190,"5303,5549,4413,6971,12026,7723,13296,11282,12331,10608"
9193,9193,"2140,7715,4602,10340,10326,6588,4786,5999,5470,8562"
9198,9198,"9848,5673,11622,1328,2164,11871,11726,1377,5020,1996"
9200,9200,"7120,1290,5135,4576,296,5573,10607,4929,789,10322"
9201,9201,"8221,12611,5027,4153,5474,9786,840,8636,9375,2771"
9204,9204,"3950,12680,8421,13346,7707,6270,1220,8703,12026,6166"
9215,9215,"1290,4929,12497,8590,7120,10663,6962,89,1421,5573"
9222,9222,"1290,7120,5135,12030,296,13309,4576,3697,4929,789"
9233,9233,"6107,9580,10916,4277,8562,5470,5025,2199,1776,2411"
9235,9235,"7637,8703,6220,9799,6166,7707,12663,4698,12606,5149"
9245,9245,"789,13309,1290,3697,7120,4576,9866,12030,10336,11117"
9275,9275,"4413,5532,13296,7707,3055,6962,1912,11282,8235,5875"
9308,9308,"3950,5545,10138,7707,9942,6166,12606,11622,4414,11540"
9323,9323,"13296,9072,6971,5199,6515,275,7138,10241,4414,7715"
9329,9329,"1996,2169,11282,8421,11622,6326,10326,12857,10473,9968"
9355,9355,"5303,11622,220,1776,5999,13346,9968,9886,11784,10594"
9369,9369,"9799,12331,7558,2140,10340,1996,11288,5303,8022,8452"
9386,9386,"6220,6971,12680,9937,12990,1598,4698,7578,4277,6166"
9388,9388,"10916,2140,13296,4413,9968,8161,10138,13114,5497,6515"
9401,9401,"2870,12030,4576,2916,1290,296,7120,5573,4929,3697"
9418,9418,"1912,4602,2140,8562,7707,5610,11622,10138,5966,6588"
9433,9433,"8421,331,11843,1776,4277,1180,4974,837,2990,12990"
9440,9440,"8421,10916,8562,1776,851,9880,8161,12990,11384,1180"
9446,9446,"7707,10835,9072,13214,7439,7558,9454,13110,5199,5497"
9464,9464,"9295,4798,3487,4024,797,4935,1213,9438,247,10581"
9477,9477,"2218,2789,1996,4101,2567,9443,9098,10473,3950,5199"
9488,9488,"1290,9962,789,5135,13309,4929,7120,12030,296,5573"
9500,9500,"8421,1180,11843,10916,851,10326,1776,9580,9098,1286"
9502,9502,"3950,7707,12857,7723,13110,4413,2990,13346,13249,9454"
9507,9507,"11622,4199,11406,2771,9786,11871,6982,5341,3770,3577"
9528,9528,"7120,296,4929,2916,10663,3697,5573,4576,4664,12497"
9539,9539,"5545,1978,11784,3950,12875,13249,2199,10594,3515,6395"
9566,9566,"12611,1783,2771,9786,3770,5592,3035,11871,1286,6391"
9575,9575,"5999,11622,1408,5673,12611,3340,1769,9504,6982,5497"
9583,9583,"13296,8161,1598,11622,7578,11843,3295,10594,12990,10326"
9589,9589,"3950,8562,6166,6220,13346,13249,7578,10916,9942,7707"
9591,9591,"811,12990,10608,8421,12875,8590,1776,12026,10916,11843"
9617,9617,"6060,9375,5760,10974,1213,6952,10078,10732,5027,6150"
9620,9620,"11622,6982,5673,10340,5999,3317,11751,10546,11871,11726"
9622,9622,"2905,11622,8562,6982,8746,2771,10835,3577,3340,7705"
9631,9631,"6402,6060,1377,4832,134,8487,6306,9453,8540,5760"
9655,9655,"11784,11622,5673,10326,5025,6982,5642,9968,10340,362"
9658,9658,"3870,8562,12857,9880,11282,10916,11622,2337,5610,6982"
9660,9660,"12030,1290,7120,296,5573,4576,3697,4929,2916,13309"
9669,9669,"1290,12030,7120,5135,13309,4929,296,789,11117,5573"
9672,9672,"4798,6326,10138,7383,1210,1421,5025,10124,8161,9115"
9684,9684,"6402,1377,4832,6060,6306,8540,8487,9453,6952,6391"
9702,9702,"1290,7120,5573,4929,12030,296,11117,4664,10663,9962"
9705,9705,"8562,7578,13346,5549,9880,1912,11622,6971,11784,9968"
9722,9722,"2291,5946,2218,383,4877,13214,12871,10835,9306,7707"
9732,9732,"1290,296,7120,4664,4929,2916,4576,3697,10607,5573"
9781,9781,"83,6960,789,10581,1851,4576,11024,1972,13309,10607"
9803,9803,"2140,13296,7439,9340,1996,7138,3340,5610,2218,13114"
9809,9809,"5999,1328,1788,5673,11622,8505,10326,6588,1408,3870"
9814,9814,"11282,6326,11540,4101,9580,10138,3950,1996,2990,2580"
9818,9818,"2218,12026,6971,3055,10835,8235,3950,11282,10340,8472"
9820,9820,"5999,6982,11622,4053,13058,10340,5199,2771,8452,5610"
9848,9848,"2789,4877,10835,7063,3055,6971,37,8452,4117,796"
9856,9856,"2140,1634,10241,6751,953,6971,9072,9229,8981,275"
9869,9869,"11622,2990,3950,4946,3992,2506,13110,6982,1598,11871"
9889,9889,"6515,2140,8590,8520,5303,12331,89,8675,9799,4413"
9923,9923,"5545,1912,3950,8421,5549,6971,7723,11540,11843,8472"
9929,9929,"11726,11622,13346,8575,10340,8562,11572,1788,646,11871"
9961,9961,"8590,7120,12497,1290,5573,6962,4664,4929,89,296"
9969,9969,"6971,1290,2916,296,9295,4929,12030,7120,4576,1977"
9974,9974,"1290,4664,7120,2916,10663,4576,4929,3697,4036,12030"
9976,9976,"11024,10607,13309,11775,11918,9170,7679,9962,10336,6610"
9989,9989,"3055,13296,7578,11540,3950,5999,6971,5532,1662,331"
9993,9993,"7707,3950,9942,9937,13249,12606,1912,1598,9454,4698"
10002,10002,"6659,6306,4832,7973,6402,6391,1377,134,1948,8540"
10011,10011,"1290,7120,4576,296,4929,2916,10663,10607,5573,3697"
10016,10016,"6515,12990,2380,2199,13296,10916,8562,8520,5485,10326"
10028,10028,"8452,3870,976,6166,6515,10506,4262,5673,9729,12404"
10029,10029,"4413,11969,9799,7723,8703,2140,789,1634,5135,2291"
10033,10033,"2789,3950,2218,10916,4101,5025,5545,10594,1776,13346"
10042,10042,"9580,11282,560,3870,851,8472,2808,7063,5303,1662"
10046,10046,"13346,10138,10916,5999,4602,8161,11871,4322,8562,10340"
10061,10061,"6107,4277,8562,9580,10916,1180,8343,7900,6925,13346"
10071,10071,"5673,3870,11622,1996,11726,11784,11751,4947,8746,1788"
10084,10084,"8421,10916,4101,11396,1478,5549,560,9580,13346,12990"
10091,10091,"11622,8746,6982,9443,3577,13058,11572,1788,8561,7899"
10102,10102,"4929,296,10663,12497,2916,5573,12030,6243,3697,11117"
10104,10104,"10340,7558,7707,5303,11540,7723,1996,6971,9799,4101"
10121,10121,"6971,9799,8922,789,5135,12026,8235,89,13309,331"
10131,10131,"3950,5999,10778,11784,11622,220,9443,5545,6971,11000"
10134,10134,"7439,4877,5747,5946,2291,2149,13214,8402,165,2218"
10139,10139,"1290,12030,7120,4929,296,2916,12497,10663,5573,6243"
10144,10144,"8562,13346,5999,10916,8161,2990,11622,3295,1180,6899"
10155,10155,"4947,11396,3950,6395,13249,11622,2218,3515,5303,10594"
10168,10168,"1290,2291,544,4929,7120,2916,6610,4576,3697,296"
10178,10178,"12990,8590,6971,8922,11775,10607,9962,12757,7578,5135"
10186,10186,"8235,9693,6834,7024,3770,2140,7707,3909,4865,5875"
10190,10190,"5199,3340,10473,6141,13114,4315,350,10835,5610,7383"
10194,10194,"5999,1788,13346,11726,11622,11572,11871,5673,1328,3950"
10196,10196,"1377,10326,2164,6402,134,8540,8092,10352,6306,8746"
10215,10215,"8421,1180,5303,3950,6925,6166,1776,7723,4947,9968"
10218,10218,"12404,12944,7047,7707,3491,4413,5504,173,162,363"
10251,10251,"5303,6515,9668,5549,6166,7723,12680,12857,9937,9580"
10252,10252,"1290,789,7120,5135,12030,4929,13309,11117,296,5573"
10262,10262,"8922,8235,89,4163,10607,4266,1100,5532,2957,1558"
10266,10266,"8562,10916,5497,5199,7138,5470,1996,5999,6107,6899"
10271,10271,"11622,11871,8561,5673,9454,3870,6982,1788,10986,10340"
10277,10277,"8590,2140,12990,9799,4277,6515,89,8562,8520,5549"
10282,10282,"8161,8235,13346,12680,4277,8205,12026,7983,6270,5545"
10286,10286,"1290,7120,12030,296,4929,5573,2916,12497,3697,10663"
10305,10305,"4332,8235,4053,1180,8421,5999,5497,11751,1100,6962"
10309,10309,"11622,13346,6982,64,10340,9942,2185,1180,5964,12425"
10335,10335,"1290,7120,5135,789,12030,4929,296,13309,2916,4576"
10340,10340,"1290,7120,296,4929,4576,2916,10663,5573,12497,4387"
10375,10375,"6220,9306,7707,5135,789,12871,383,9072,4576,2218"
10388,10388,"11540,2789,9580,9668,3950,2808,9886,10138,6280,8413"
10397,10397,"12665,5485,5303,8590,3766,5532,5497,10608,9072,12857"
10402,10402,"8235,2218,8562,10778,6638,10835,6529,1100,12680,9668"
10407,10407,"2343,8421,9115,9693,1210,1378,6834,12389,8235,6795"
10408,10408,"8452,362,3870,4877,7439,6588,6515,10506,1769,10262"
10416,10416,"11622,3950,11871,6982,10138,10340,5673,2169,1408,1769"
10448,10448,"6899,9580,10340,5999,8205,2808,10916,4101,9668,11282"
10454,10454,"11622,10340,5545,9449,11406,11871,9443,2910,5642,2567"
10499,10499,"560,8161,2808,8421,9580,11540,2199,1776,11994,1478"
10503,10503,"6665,9375,12733,6060,2140,8911,1599,6425,1521,6150"
10504,10504,"4798,10462,1408,7707,5532,2580,4262,5545,3766,11282"
10508,10508,"9799,4414,3055,7723,5303,10429,9729,6971,9455,8472"
10514,10514,"10326,11622,8562,5673,5999,7900,4277,8746,7197,12632"
10526,10526,"8562,8421,1180,2506,8161,9489,13346,2958,12611,13381"
10540,10540,"2291,2218,9306,13214,4877,12871,2149,9771,383,7439"
10542,10542,"3770,5199,1210,4315,8279,13058,1286,6391,1996,11871"
10551,10551,"4413,1996,3106,5999,5303,12331,4053,11288,9880,811"
10554,10554,"4798,4101,331,544,8421,2808,1210,560,9968,11540"
10555,10555,"789,5135,13309,12030,5142,2885,3539,3737,3697,6811"
10556,10556,"6515,5091,6899,7723,9098,10916,2140,12857,6326,5610"
10562,10562,"10326,9580,9880,3870,10916,11726,11871,1788,851,8561"
10575,10575,"1290,7120,12030,4929,296,5135,5573,12497,2916,4576"
10576,10576,"331,10326,5303,6971,10608,8590,1776,12680,1180,275"
10582,10582,"2380,8590,7707,13296,9668,12680,7715,11969,2291,2343"
10584,10584,"5303,10916,1776,8421,5549,9968,8562,331,1996,13346"
10606,10606,"4413,5549,10835,5303,3106,5497,6971,976,12331,7723"
10611,10611,"4798,1180,9580,6107,10916,6326,5497,5470,1017,7900"
10613,10613,"8590,331,10326,1776,12990,7197,5303,544,12680,10608"
10614,10614,"12793,10835,12404,5545,12944,7063,3909,976,4877,8505"
10623,10623,"8235,2343,1912,7024,4199,11622,13296,4117,1100,7983"
10647,10647,"12030,789,13309,5135,5573,1290,7120,296,4163,3697"
10657,10657,"13296,851,12875,10241,1223,5549,11540,560,9580,1776"
10670,10670,"851,11540,2808,454,5545,10594,3870,9942,837,9098"
10679,10679,"1290,7120,12030,296,4929,3697,2916,5573,4576,10663"
10680,10680,"11282,4413,6982,12331,11751,851,5999,9880,7707,7558"
10699,10699,"2789,2567,5545,8235,454,9886,8205,9443,931,2218"
10715,10715,"3577,3672,9998,8746,2771,11572,6982,10566,11219,4821"
10720,10720,"11622,11843,8562,1996,6982,5673,3577,220,9443,3870"
10735,10735,"2140,7138,8590,13296,6971,8562,2380,7063,10608,10241"
10742,10742,"8235,12026,7024,1100,2218,7578,12680,6962,7487,89"
10744,10744,"2789,11194,7900,820,9449,1432,2164,64,5303,11800"
10747,10747,"10835,8235,10340,3909,11406,4499,8505,2343,9908,8279"
10769,10769,"2218,6971,4199,3909,13214,9942,2140,8402,6092,5497"
10795,10795,"5199,13110,2218,11384,2158,3950,6971,11784,12857,2822"
10817,10817,"1290,5135,12030,296,7120,789,2916,4929,3697,4576"
10819,10819,"6971,13296,5199,2140,275,10608,1290,7120,810,9072"
10828,10828,"6220,13346,10138,4414,10835,5545,12793,1478,4413,837"
10860,10860,"2789,9443,9449,6899,10340,11622,220,13249,121,2218"
10868,10868,"1290,7120,5135,4576,296,789,4929,2916,3697,13309"
10895,10895,"7723,1996,9880,11843,4413,3106,12857,9968,13110,11622"
10900,10900,"6971,12680,12026,2218,8161,8235,8590,9886,5545,12875"
10912,10912,"5760,1213,6060,6082,134,10078,449,9375,6306,1377"
10934,10934,"1290,11117,7120,8590,12030,4576,4929,1400,2916,5573"
10947,10947,"5999,5610,2822,7578,9886,5199,4315,5532,11357,4117"
10950,10950,"1996,11622,4117,5673,11751,1788,11726,6982,7558,10340"
10964,10964,"1290,7120,5135,296,4929,12030,3697,4576,5573,13309"
10965,10965,"976,2108,5549,9449,3870,5303,6982,999,10241,2567"
10968,10968,"2140,4413,7138,2218,12331,11969,10241,6638,9799,6515"
10972,10972,"8562,9968,10916,8421,1978,1180,5025,5199,10138,8161"
10975,10975,"544,5135,789,4576,9072,296,7120,10137,11024,335"
11028,11028,"3950,11282,11540,12793,3870,4413,13346,2990,5545,1408"
11030,11030,"275,10835,13296,4414,5303,5549,9799,7983,11289,12026"
11044,11044,"6166,6220,9799,4698,7707,9937,1478,5303,11103,6971"
11048,11048,"5999,9668,11622,7578,8562,6141,6280,13346,12990,3870"
11065,11065,"976,6971,10462,11403,3088,13296,1912,5545,8235,3909"
11085,11085,"1290,789,13309,7120,296,5573,5135,12030,4929,3697"
11088,11088,"5199,6982,220,5610,11784,11622,6751,12156,11871,13296"
11100,11100,"1290,10607,4576,7120,2916,4929,296,5573,5135,12497"
11102,11102,"1912,11540,4262,1286,1996,3055,5545,9455,7462,12793"
11105,11105,"11357,5999,8235,785,11712,2571,4053,2443,1100,992"
11107,11107,"2789,10138,3950,9443,7578,6899,2567,2218,6220,9886"
11109,11109,"1290,4929,7120,296,2916,12497,5573,11117,10663,3697"
11120,11120,"1290,4929,7120,2916,5573,296,12030,3697,13309,5135"
11121,11121,"2789,8205,8161,4602,2567,12026,1912,454,12680,13346"
11133,11133,"1377,6402,6306,6060,5760,8487,5105,10078,449,10974"
11149,11149,"11622,5673,6982,5999,6141,3340,8562,10326,13346,11784"
11152,11152,"8590,6971,1290,12030,7120,4929,2916,8235,296,1220"
11160,11160,"12611,6887,12632,976,9449,6751,3035,7705,6391,10835"
11163,11163,"13296,8562,10326,4798,5025,7138,2199,2169,12857,8161"
11168,11168,"6060,4935,5760,9375,8911,1213,5027,8487,7325,10732"
11193,11193,"10608,2140,6166,6971,7707,6892,11384,9937,3088,4698"
11200,11200,"11622,3950,8018,8161,1286,9455,6270,5124,8562,3766"
11210,11210,"1290,7120,4929,10663,2916,5573,296,11117,6243,12030"
11215,11215,"5999,9454,7578,8562,1408,2903,7707,6529,9504,4053"
11219,11219,"1290,7120,2916,4929,296,10663,12497,5573,12030,3697"
11243,11243,"7439,4877,5610,9771,9865,3770,2140,5495,11751,7558"
11253,11253,"1290,7120,296,12030,4929,2916,4576,3697,5573,5135"
11261,11261,"2140,8590,11969,5135,789,4413,9962,7120,544,13309"
11280,11280,"4388,8235,3909,12757,5532,7063,8274,6418,2140,5422"
11285,11285,"12030,1290,11117,5135,7120,4929,2916,6243,10663,296"
11309,11309,"11622,1180,1996,3950,8746,8561,820,10340,11871,5610"
11312,11312,"6971,2218,3909,9942,275,4199,6529,6141,8235,9454"
11314,11314,"10916,10326,11843,8562,8421,10340,1996,7558,1634,1017"
11325,11325,"2343,2218,10835,7715,9072,275,5199,7024,8161,8235"
11327,11327,"275,5303,5549,6166,9799,7723,4414,10778,10835,6529"
11359,11359,"8590,8205,10326,9938,9580,1634,4277,12680,560,1776"
11366,11366,"9375,1377,5027,6306,5241,449,2770,134,9453,8487"
11368,11368,"1290,7120,296,4929,2916,5573,11117,5135,3697,10663"
11371,11371,"6166,5303,350,3770,10326,10352,6391,1328,6060,6402"
11376,11376,"10326,8562,10916,1180,1996,2958,1776,8421,9968,6107"
11377,11377,"4101,9580,4798,2169,1634,851,2808,8421,11540,6326"
11383,11383,"1996,11843,11622,6982,2580,220,3577,3870,12857,5673"
11416,11416,"6402,1377,5760,8487,10078,4832,6060,8540,6306,6659"
11444,11444,"3909,4664,5422,5672,4576,10607,10581,7120,2989,544"
11445,11445,"2771,1286,6402,8018,12611,11289,11771,4315,6060,12824"
11448,11448,"9693,8235,2140,6834,2537,7024,1912,7983,6795,89"
11469,11469,"6982,7439,10835,9164,6529,11622,5673,4053,5610,6971"
11487,11487,"7120,4929,296,12497,10663,5573,2916,6243,4387,4576"
11492,11492,"13296,10835,5199,275,4413,10241,9340,11784,7439,5549"
11503,11503,"11384,4798,8421,9580,10326,11843,4101,6326,11000,9880"
11504,11504,"1328,8561,5673,11871,2506,11622,9786,11194,6402,2164"
11515,11515,"3950,10916,8421,6220,1776,10138,11540,12990,13346,8562"
11547,11547,"5610,5999,8235,4117,5532,3055,9886,11282,7578,2822"
11552,11552,"3950,1996,1408,11282,5199,10916,11622,7558,220,9504"
11567,11567,"11843,851,4798,9580,11540,1776,4974,1180,10916,837"
11581,11581,"7063,2808,9580,9072,9668,8703,12990,10241,3870,6166"
11589,11589,"1290,7120,13309,296,3697,12030,4929,5135,2916,4576"
11591,11591,"1213,6402,5027,5760,6060,1432,10078,10974,12029,134"
11595,11595,"1290,7120,12030,4929,12497,10663,5573,5135,296,11117"
11604,11604,"9799,331,6971,4947,1478,976,560,5549,4277,3515"
11608,11608,"12680,9668,6971,12990,5549,5303,8562,1634,6515,8205"
11627,11627,"5999,10340,11622,11751,12331,6982,5673,7558,7707,11282"
11646,11646,"6220,7707,6166,9942,7637,3950,9937,4698,5545,7064"
11647,11647,"6971,8562,10916,9880,4414,811,12990,7138,5642,12857"
11675,11675,"10566,3672,1719,5199,10434,9998,5351,11871,1328,12611"
11676,11676,"1290,7120,4929,296,5573,11117,2916,12497,4576,10663"
11696,11696,"2291,5819,13214,12871,2218,5946,2140,7439,11282,8053"
11700,11700,"2218,10835,4387,4664,2870,9295,9942,4083,5573,13101"
11722,11722,"789,5135,9962,13309,1290,5573,11117,6971,8922,4929"
11754,11754,"8421,6107,10326,1180,6326,9580,7900,851,7197,4947"
11757,11757,"6402,6166,5822,4832,6952,134,9937,12648,2770,7763"
11767,11767,"6166,7637,8703,9668,275,5149,9937,6971,8981,1634"
11773,11773,"5303,851,1634,6166,12793,9799,11282,4413,12331,6982"
11777,11777,"11622,3870,8221,5673,11726,11572,1788,5747,9786,8505"
11778,11778,"3427,6960,83,13309,10581,9295,11024,7679,3737,4387"
11788,11788,"5135,13309,789,9962,3697,12030,1290,10336,7120,2916"
11790,11790,"8590,12030,1290,7120,11117,296,4929,5135,4576,2916"
11811,11811,"1290,7120,4929,296,2916,10663,5573,12030,12497,3697"
11837,11837,"789,5135,1290,13309,7120,296,12030,9962,3697,4929"
11859,11859,"6971,3766,4865,3950,4414,8472,7723,10778,13346,10340"
11865,11865,"5303,2990,11540,331,4798,976,4101,4576,12680,4277"
11867,11867,"11622,6982,11751,12611,12156,5673,8746,2169,3577,11795"
11871,11871,"2218,7138,6971,13296,2140,12026,8922,6515,1290,5135"
11879,11879,"7120,296,2916,10663,5573,12497,12030,6243,11117,3697"
11880,11880,"10326,8421,8161,6326,851,8562,10916,12680,13346,6107"
11908,11908,"6220,7707,12680,5545,13346,6270,2990,9968,8205,5819"
11912,11912,"12665,331,7138,7578,2218,9771,7439,8235,3106,8472"
11925,11925,"8562,1180,8421,8575,350,13346,1328,11622,11180,12191"
11933,11933,"8421,3950,5124,851,9580,6899,10916,6166,7900,11540"
11945,11945,"13309,6971,8703,9962,789,5135,7637,1290,3697,1747"
11948,11948,"5673,10340,3870,11784,5610,11751,11795,8746,7705,4053"
11952,11952,"10340,11751,12104,8707,4101,11540,4448,3870,9098,10434"
11957,11957,"2140,789,5135,13309,9962,1290,11117,9866,12858,7120"
11959,11959,"4388,6982,4101,1769,10434,11871,7439,11406,11622,10566"
11967,11967,"10326,8562,11622,13346,5673,2958,6166,10340,12632,9098"
11969,11969,"2016,12378,2867,6626,13130,874,12156,1377,5241,7047"
11970,11970,"13296,275,2140,6971,4277,5199,6638,9340,1421,8590"
11975,11975,"8562,2903,4199,8221,2771,11405,13346,840,10546,9375"
11995,11995,"11622,7496,1213,449,9453,9786,840,2263,6060,5027"
12002,12002,"1290,296,4664,12030,2916,3697,7120,4929,4576,13309"
12022,12022,"1290,5135,789,7120,4576,13309,296,9962,4929,5573"
12032,12032,"5760,1213,9375,6060,10078,10441,6082,7138,5105,5136"
12036,12036,"275,10835,5549,5303,8590,7983,10608,13296,12026,8235"
12066,12066,"9942,7637,2537,2140,4602,2343,12787,5782,6795,6960"
12077,12077,"1290,7120,12030,4929,5135,296,5573,13309,789,10663"
12078,12078,"6166,5495,6141,10916,5999,1328,5964,9880,10326,5673"
12084,12084,"2140,12857,13296,5199,10241,6588,6166,7707,10778,275"
12089,12089,"454,10916,10835,8235,8161,4499,6588,6899,13381,9580"
12106,12106,"10835,10326,13346,9968,1776,3340,10778,9886,10916,10138"
12107,12107,"11622,5673,6982,11795,11751,4229,1017,11843,3106,820"
12111,12111,"10835,2905,11622,3340,1996,10916,5199,7558,11784,13346"
12131,12131,"275,6971,2140,2218,9072,811,3766,9968,5199,6588"
12139,12139,"3770,8235,4101,8161,3950,3106,11886,9693,13346,9968"
12141,12141,"5545,1776,851,13346,31,12875,976,7707,2337,7197"
12144,12144,"5135,13309,1290,7120,4576,3697,11117,296,5573,10607"
12150,12150,"8562,10916,12990,9880,7723,10340,1776,8421,9098,331"
12151,12151,"851,5303,275,5549,8161,12026,10608,6166,8703,4277"
12162,12162,"3770,1788,11871,11726,11572,11622,12611,9786,2771,5610"
12170,12170,"6899,10340,3870,11622,8562,5999,5673,10916,9164,6280"
12182,12182,"275,10835,7138,2218,7983,5545,8590,8922,7578,13296"
12185,12185,"3950,10916,10340,7723,3870,1634,1996,9098,9880,5303"
12191,12191,"11871,5673,9786,11726,10566,9998,3870,8746,11194,3672"
12197,12197,"8922,8235,11357,12026,6971,89,5999,3909,785,4117"
12204,12204,"7138,5497,4117,5999,10326,7439,5485,5470,2169,4679"
12229,12229,"2343,6220,1912,8413,13346,9693,3909,11384,12680,2140"
12231,12231,"4576,296,1290,7120,10607,3697,5573,4929,2916,13309"
12234,12234,"7637,2020,12663,5545,6971,4205,3088,7707,13296,275"
12238,12238,"12990,12680,8590,9668,1634,8205,10916,1776,8562,9580"
12242,12242,"11622,3770,3950,1996,820,13346,4924,9098,10916,2789"
12260,12260,"8421,10138,1180,1996,6433,1978,4315,2990,11843,13249"
12262,12262,"10835,5999,2822,3909,8235,5532,7578,6971,10778,6529"
12281,12281,"6220,6270,5549,13296,7707,5545,8161,8421,4277,7983"
12289,12289,"2140,9693,6834,2537,7024,8235,10835,6795,1912,9132"
12306,12306,"3950,6588,12857,10340,9668,2169,10138,4322,4101,6899"
12326,12326,"9306,2990,5946,10506,3506,1769,6515,5303,4101,7707"
12337,12337,"5999,10835,5199,10608,4117,2140,6588,3340,4315,2218"
12355,12355,"2140,7138,13296,9072,8562,5199,3770,5610,13114,7439"
12371,12371,"1996,11289,5610,11357,4413,11282,4332,6326,3950,11406"
12372,12372,"6971,5549,1912,12026,8235,11403,12757,976,454,3055"
12373,12373,"11871,11622,11194,9449,5700,2506,8746,8561,2789,1788"
12390,12390,"4929,7120,2916,12497,296,5573,10663,6243,8567,12030"
12405,12405,"4388,8235,2343,7964,5532,1100,9132,12757,1912,7024"
12407,12407,"8703,7637,5149,2020,12663,9564,589,9799,1747,3122"
12408,12408,"9072,6515,4648,383,976,10798,3491,165,4761,11692"
12419,12419,"5549,8590,7138,560,6971,12026,8421,275,2158,4413"
12423,12423,"1783,3035,6391,5474,6982,2770,5027,11484,12611,1213"
12426,12426,"1290,5135,4576,11117,7120,789,9962,12030,296,13309"
12452,12452,"8421,4798,9848,7138,2506,2158,4256,11590,2164,8562"
12480,12480,"1290,4576,296,7120,2916,4929,10663,10607,12030,3697"
12530,12530,"8703,5549,976,6166,2264,10241,3088,9229,2380,12793"
12546,12546,"6971,5303,2291,544,9072,560,1634,7723,5549,2264"
12556,12556,"1290,7120,296,4576,4929,2916,10663,5573,10607,12497"
12573,12573,"10326,5303,6515,3766,2158,9867,6107,5549,13257,9580"
12592,12592,"8161,8562,13346,1912,8235,9968,4277,8421,1776,7983"
12596,12596,"10326,13346,8562,10916,5999,12857,1776,6433,12875,9880"
12599,12599,"1290,7120,2916,296,4929,5135,12030,3697,10663,6243"
12615,12615,"4576,544,296,89,7120,1290,10607,11117,4929,2916"
12618,12618,"3950,6326,10138,12606,10326,6899,1598,9580,8343,13249"
12624,12624,"1776,10916,10326,9098,9968,8421,1180,8235,331,13346"
12638,12638,"8922,5610,8235,1210,1100,1978,3055,7024,4315,10340"
12641,12641,"5999,8235,11357,5532,3055,9886,5610,5199,6962,331"
12644,12644,"5303,976,4430,9799,6166,7723,6971,4262,9729,4414"
12649,12649,"8703,10608,2140,2264,8590,5549,560,6971,10241,12857"
12654,12654,"11357,11289,8590,7138,6326,4459,2571,9886,4053,3766"
12658,12658,"4436,6060,8083,2506,5241,11726,11572,4153,2334,1432"
12659,12659,"8590,7120,4929,11117,4277,10663,12497,2916,5573,10607"
12666,12666,"8235,8421,9693,12331,11622,6834,10916,4413,1478,5875"
12669,12669,"7439,10835,6887,10986,13214,12104,6982,5610,3870,9164"
12674,12674,"4798,10326,331,11282,837,4277,9580,11751,5303,8421"
12688,12688,"1377,6402,6306,9375,8487,10352,6391,8540,5105,4153"
12694,12694,"8575,5241,9180,6391,3035,5474,7496,2559,8876,4725"
12709,12709,"13296,7439,10241,8053,6515,8520,9340,2291,5199,10340"
12712,12712,"8922,8590,7024,8235,2220,2789,5545,3055,12026,12030"
12722,12722,"5610,8746,3577,6982,5700,11622,11871,11795,11772,3870"
12728,12728,"8093,8452,6391,5027,8487,5673,1769,9408,9738,2770"
12732,12732,"3909,6962,8235,89,5532,8922,11357,1100,5999,13191"
12736,12736,"10326,8562,12990,10916,9580,5025,1634,10138,8520,5470"
12738,12738,"3870,5999,11622,7900,11384,4053,10778,5495,5673,3950"
12741,12741,"7707,3950,1912,4413,1220,12606,4798,13249,13346,9942"
12756,12756,"2291,7439,4877,5747,5946,13214,8402,2149,12476,165"
12764,12764,"13346,6220,5545,10138,4413,10835,12793,3055,8205,1478"
12768,12768,"5999,7578,10608,8235,6971,9668,5532,1100,3909,4117"
12773,12773,"9580,8562,8161,2199,5999,11396,13346,851,6166,4947"
12789,12789,"3870,5999,13346,6982,11282,11871,10340,11622,10326,9454"
12790,12790,"13346,5999,6326,13058,11871,4602,11726,1788,11572,2771"
12801,12801,"1996,5610,7439,13114,9340,7138,3770,2140,10473,3340"
12804,12804,"1290,296,4929,2916,5573,4576,10663,12497,5135,3697"
12833,12833,"10326,5303,3870,10916,4947,2199,6515,9880,11396,6395"
12846,12846,"11622,3340,9340,5610,5199,3870,8746,12990,6141,8562"
12855,12855,"1180,1286,6588,5199,11871,3770,10679,10473,10916,5700"
12860,12860,"10835,2140,6515,5673,12331,9799,8452,6887,1378,10986"
12874,12874,"3950,11622,4947,1957,8421,6395,3870,11540,11396,10594"
12875,12875,"5999,4117,5610,11622,13058,6982,5532,2822,11843,8421"
12877,12877,"5760,6060,3464,4832,6402,6011,1377,2870,2769,8679"
12883,12883,"8205,12026,2808,12680,9668,11540,6638,10241,837,1662"
12890,12890,"7637,8703,5149,12663,2020,11540,7064,8981,10332,9954"
12919,12919,"1290,7120,4929,296,12030,2916,10663,12497,4576,5573"
12927,12927,"12404,7764,12096,2867,475,7404,9135,5545,5700,6626"
12955,12955,"6166,9880,6626,12156,8161,12793,4602,1286,5673,3870"
12956,12956,"10340,11622,5497,6982,3870,8452,2910,10546,5673,5700"
12958,12958,"2291,7439,9771,5747,13214,7558,11843,5946,4315,851"
12965,12965,"1180,4163,10326,5497,5422,6060,1213,7138,3766,5199"
12970,12970,"11540,7707,4414,3870,5545,8235,3055,12026,10835,6220"
12996,12996,"13296,5999,5545,8235,11282,6971,10778,4277,7138,1408"
13000,13000,"7707,5549,3870,7723,3950,12793,6529,12331,13346,11282"
13017,13017,"4576,13309,5135,789,296,10581,10336,1576,2916,4036"
13019,13019,"10326,8421,9580,1776,4277,6326,10138,10916,331,6107"
13021,13021,"11622,1598,5642,3950,11180,11784,4322,9942,6280,2265"
13022,13022,"851,8421,560,2169,7833,1478,11540,1912,10340,7723"
13063,13063,"12665,6971,7439,12779,5303,8590,275,12026,5497,2140"
13075,13075,"2291,3870,10835,5999,8402,10792,5946,13214,13249,4877"
13076,13076,"8590,7063,5545,3055,6971,2789,4315,11289,8205,12680"
13101,13101,"5999,5610,5199,4117,2822,5532,7439,11357,785,220"
13105,13105,"1290,7120,4929,296,2916,5573,4664,4576,10663,3697"
13115,13115,"6326,11282,8421,2169,10138,9580,11540,2990,11843,4101"
13117,13117,"1290,7120,3697,296,12030,5573,4929,13309,4664,10663"
13121,13121,"2789,9443,3950,6899,10589,7462,7578,12104,11622,11843"
13123,13123,"7707,2343,3950,1912,1220,12680,9942,12606,10138,13346"
13125,13125,"5124,6395,5303,2199,6166,11622,3870,1957,11396,3515"
13147,13147,"331,8590,12990,1776,13296,7197,3055,1912,6971,3766"
13151,13151,"5999,9580,11282,1408,7707,1996,11357,4117,5532,3870"
13153,13153,"851,10916,10326,8161,6326,4798,4974,6107,11843,1180"
13176,13176,"2870,9730,1290,10674,3427,4929,10919,2916,10137,3464"
13180,13180,"1634,12156,11871,6626,5700,3509,479,2905,5731,2220"
13192,13192,"6402,134,6306,4832,9453,10352,1213,8487,6060,10974"
13194,13194,"7024,8235,8922,12339,321,4935,6082,13327,1101,244"
13195,13195,"13381,13257,13346,5303,9098,820,2958,5673,8575,11622"
13198,13198,"5199,7439,13296,12857,9733,6515,8520,2291,8053,1769"
13231,13231,"5999,5532,10326,3950,1408,5091,13058,2822,10778,10340"
13234,13234,"1290,7120,4929,5573,296,2916,10663,11117,12030,12497"
13240,13240,"4929,10663,2916,4798,7120,12497,12030,6243,5573,8567"
13273,13273,"275,5549,10835,2218,8235,13296,7983,11784,9340,3055"
13276,13276,"10340,11622,5673,3870,11751,5124,6982,1769,10473,6899"
13283,13283,"560,8161,2199,11994,4877,2808,11282,12875,9580,12793"
13297,13297,"11622,10835,8161,12026,8562,9968,6982,9942,11784,3870"
13301,13301,"8421,1776,2808,4798,9580,9998,4101,9115,1478,10566"
13303,13303,"5673,9786,5027,2771,5241,2770,9453,2108,9180,8746"
13321,13321,"1290,7120,4929,296,2916,3697,12030,5573,4576,10663"
13330,13330,"10326,3870,851,5673,6982,11772,4324,4056,9380,4602"
13338,13338,"1290,789,5135,7120,13309,296,4929,12030,3697,5573"
13380,13380,"5999,4277,10326,3766,10608,8562,1408,12990,5025,11000"
13389,13389,"1290,7120,296,4929,12030,2916,10663,5573,3697,12497"
13390,13390,"6751,11540,7578,9473,7063,4414,8235,9799,5642,8981"
13391,13391,"5999,4117,3870,10529,10594,10916,8235,9886,11396,8562"
13401,13401,"9580,9473,2905,6326,851,3577,479,8562,2220,5964"
13403,13403,"6971,7707,6962,8235,8703,8922,9799,13296,12944,9668"
13407,13407,"2380,4277,7120,12680,1290,12030,5573,4929,12497,10663"
13413,13413,"9848,4946,2506,6982,11871,8746,7723,11843,11795,11622"
13414,13414,"9295,1290,12030,3697,296,2916,4929,4664,10581,7120"
13446,13446,"4277,1912,9799,7707,560,6962,6220,1180,13296,8161"
13472,13472,"1290,7120,4277,4929,296,10663,8590,11117,12497,560"
13488,13488,"7707,9799,13296,9668,10608,5532,7578,1100,2337,11540"
13502,13502,"7138,5485,789,10674,13309,6971,8590,5135,5573,10336"
13507,13507,"1290,296,7120,4576,13309,12030,3697,5135,4664,2916"
13512,13512,"6060,1213,5760,4935,449,10441,10974,6082,1377,5105"
13543,13543,"8562,1180,10916,13346,3870,7900,8343,12990,6107,4277"
13572,13572,"2140,2218,10608,12875,2380,5214,10916,11384,12331,9668"
13595,13595,"1290,4929,7120,2916,12497,10663,296,2140,8567,6243"
13599,13599,"5999,11622,11871,1788,3770,4053,2822,13058,10340,11726"
13608,13608,"5545,13296,3766,13114,4101,10138,4865,9968,11540,9229"
13609,13609,"6402,1377,2164,134,1432,10431,840,10352,4832,9453"
13630,13630,"10916,6515,10138,12875,8562,8161,9580,9880,5999,2882"
13635,13635,"11751,9968,4101,8472,3106,6925,11622,7723,2169,10326"
13645,13645,"2789,2567,9443,5545,11622,3055,9942,1700,3992,11784"
13673,13673,"4117,5999,4053,11622,5199,11871,2443,13058,5964,2771"
13683,13683,"4413,2291,12026,6515,3950,11282,9306,9668,10138,6638"
13702,13702,"2218,8205,3055,7578,1978,11282,4322,8161,12026,5545"
13716,13716,"2140,6971,4277,275,13296,2169,12990,4413,10608,7138"
13724,13724,"12680,8590,5549,8205,10326,6107,1776,6326,12875,851"
13746,13746,"8235,12026,6971,8421,331,837,275,11289,2789,1776"
13752,13752,"10434,10566,3672,4740,11406,3950,1719,5351,999,10340"
13756,13756,"1290,7120,12030,5135,789,4929,5573,296,13309,3697"
13763,13763,"1290,7120,4929,12030,296,5135,2916,10663,11117,3697"
13774,13774,"2140,8421,13296,12990,2220,10326,4679,11540,5485,1421"
13776,13776,"1290,4929,7120,296,12030,2916,3697,5573,5135,11117"
13786,13786,"1290,12030,7120,296,3697,13309,4929,5135,5573,2916"
13788,13788,"6402,1328,6306,10352,840,9453,1377,2164,6060,8540"
13791,13791,"10608,7715,7439,9072,6515,2380,7063,2343,8053,13296"
13810,13810,"8922,5135,9962,789,13309,3697,89,6811,12030,3539"
13811,13811,"11622,6280,8562,6982,10340,5610,1996,10138,11784,3950"
13820,13820,"4387,12030,2957,1558,4163,13309,3737,5573,4576,10963"
13826,13826,"682,8746,1377,10352,9180,1408,6402,5027,4436,134"
13840,13840,"6402,4832,1377,6060,6952,12824,8487,6306,8092,4256"
13841,13841,"6326,10916,7900,8161,11843,1210,2169,1776,6107,9580"
13852,13852,"275,8590,12026,5545,5135,1747,12030,9962,3055,13309"
13858,13858,"5303,560,4698,5149,851,9799,10241,4430,12857,7723"
13865,13865,"8562,1328,8161,1018,10326,6402,1377,12606,12191,4229"
13871,13871,"12990,1776,1180,8562,10916,837,9968,11843,4974,4277"
13877,13877,"2140,2291,1290,2916,7120,10835,10608,89,4413,10663"
13905,13905,"12990,10326,8421,10916,1180,11384,12857,12359,2158,13249"
13924,13924,"7120,296,4929,4576,2916,5573,10663,11117,12497,3697"
13929,13929,"13346,5999,1776,10778,3950,11357,8205,12680,4602,10916"
13935,13935,"2169,4413,9072,3870,7723,6515,2140,9799,11540,11843"
13952,13952,"296,1290,4576,7120,5573,4664,4929,3697,10607,2916"
13953,13953,"4798,544,8590,4664,9580,5135,9962,6445,13309,789"
13962,13962,"6402,10431,10326,238,1377,2506,8540,11795,37,1634"
13965,13965,"12026,7723,1220,3106,11282,12331,6220,5549,13296,9072"
13966,13966,"3577,2771,4602,5592,5497,13058,6626,11357,716,12156"
13974,13974,"4576,10607,296,1290,10581,4163,1851,1558,7120,1977"
13982,13982,"1290,2916,12497,7120,4929,296,10663,6243,1400,4576"
13983,13983,"5999,5610,5532,2822,4117,11357,5199,7439,6529,9886"
13987,13987,"8421,8161,8562,2169,11282,10916,4679,811,12857,9880"
13988,13988,"1290,296,544,4929,7120,789,11117,10607,2916,4576"
13991,13991,"8161,12990,10916,10326,1776,7578,8421,9455,9580,1598"
13995,13995,"6060,1377,9453,10974,5027,6402,1213,10352,8540,8487"
13998,13998,"331,10916,1996,11843,4974,1180,12990,7197,13346,837"
14021,14021,"2140,6402,7063,6659,4832,8093,5822,2356,10352,4097"
14028,14028,"5027,6060,6402,9375,2770,9453,1213,10352,8487,6391"
14042,14042,"2140,8562,6418,10916,6971,6515,11282,11784,5485,7833"
14049,14049,"7637,8703,12663,2020,5149,589,4205,9564,9954,3088"
14060,14060,"8562,13346,10340,8235,1776,9942,331,7578,8161,11622"
14061,14061,"1377,10352,12611,1788,11726,2771,6402,6391,8540,2770"
14067,14067,"7637,4205,12996,2020,10462,9954,6938,10332,12663,2847"
14079,14079,"1290,7120,12680,5573,4929,89,12497,12030,10663,8235"
14089,14089,"13346,11384,10326,5303,9880,7900,10916,1776,8421,1996"
14097,14097,"12665,8590,6971,5485,275,13296,9072,10039,5497,2218"
14105,14105,"6060,134,1377,162,7047,10897,3069,6306,390,1213"
14147,14147,"2140,6971,8590,7063,10835,7715,9340,8053,12858,8205"
14155,14155,"10326,2158,7900,4229,1328,1634,4947,8421,820,9098"
14168,14168,"12104,2291,10434,8053,9998,10566,1287,8472,8675,2199"
14170,14170,"5964,9786,11871,2771,1328,11726,6402,6326,11572,519"
14173,14173,"6060,1213,134,5760,1521,4935,10974,1377,6082,1101"
14174,14174,"13296,2169,5549,12331,4277,2140,11282,10608,9072,6638"
14196,14196,"10340,5999,9668,1788,11622,7715,3055,9580,12857,7578"
14197,14197,"6402,10431,1377,9453,6306,449,11590,5020,1432,10078"
14202,14202,"7120,5135,4929,13309,296,12030,5573,9962,10663,3697"
14204,14204,"7707,3870,2291,9306,9668,9799,7637,6166,13110,10835"
14215,14215,"6971,1912,976,12757,5819,12793,3088,6892,810,7715"
14242,14242,"8421,1996,5303,6971,7558,331,10916,4101,275,9455"
14244,14244,"12680,331,3055,4277,4322,8590,5545,6638,8235,11540"
14249,14249,"1290,4929,7120,2916,3697,296,10663,13309,12030,12497"
14250,14250,"2291,383,8402,5946,13214,12871,165,9306,4648,2300"
14256,14256,"10326,10916,1996,8421,1776,10340,1180,4277,11843,5303"
14258,14258,"3733,12648,6060,1796,874,3069,134,8908,10897,13130"
14280,14280,"2291,12026,13310,2789,4413,12758,454,3106,6515,10835"
14318,14318,"8590,4277,2140,4929,7120,10663,12990,5573,12497,1421"
14325,14325,"6326,1377,6402,350,12191,4256,6306,2164,4097,1432"
14328,14328,"6971,8590,12030,6220,2380,13309,9405,4664,7024,12497"
14329,14329,"6060,5494,12648,874,3069,7047,11757,10919,5760,6269"
14344,14344,"6971,5303,2140,10241,560,275,5549,7138,9799,10340"
14366,14366,"1290,12030,4929,7120,5573,12497,2916,10663,296,3697"
14421,14421,"12030,13309,7120,1290,5573,5135,296,4664,3697,4576"
14430,14430,"11384,9799,220,9880,12857,5999,811,5532,11289,11000"
14435,14435,"8746,11622,5673,5700,11871,1377,6402,6982,5020,10431"
14472,14472,"10608,275,5532,9799,8235,5999,5549,12026,331,12680"
14501,14501,"5303,6166,9942,9880,9668,3870,12990,10916,7948,10241"
14509,14509,"7578,8235,12026,3055,5610,2789,2291,8483,8161,4053"
14516,14516,"2199,6166,2380,8922,6515,6971,9473,275,5214,13296"
14521,14521,"5999,11357,4117,1100,4053,1408,2443,8235,785,9504"
14553,14553,"12026,5549,10241,2380,4413,1487,13296,2264,7063,6971"
14561,14561,"4413,10835,10778,12026,6529,5497,5610,3106,3909,10039"
14562,14562,"5610,1996,13296,11784,2218,7439,6971,3340,9340,275"
14567,14567,"10835,2140,4199,4266,8505,6588,11180,5819,5199,9799"
14575,14575,"5135,789,13309,12030,9962,3697,10336,5142,10322,1977"
14581,14581,"8608,7964,12757,5532,3909,8707,8235,12026,7063,11282"
14627,14627,"8590,12680,3055,8205,1912,6220,12026,8235,7578,4322"
14634,14634,"5027,6402,10732,1213,9375,5760,6060,6952,9453,449"
14651,14651,"5303,10835,6166,5545,275,5549,10608,7983,12944,4414"
14659,14659,"5999,5610,10340,4053,8562,10916,10326,2958,5497,8161"
14670,14670,"3770,9098,9580,6326,1017,2808,2882,6899,9602,11939"
14684,14684,"13296,10138,9968,10916,8562,8421,11622,811,3950,1996"
14691,14691,"11540,9729,1996,4101,4679,331,454,4924,5610,8483"
14695,14695,"89,8922,3055,6962,544,4277,1290,331,12026,7120"
14705,14705,"3870,12606,10326,4414,7707,9942,6166,9454,12404,7558"
14711,14711,"12990,6220,2380,12606,8703,7637,10326,9937,6166,5149"
14723,14723,"11751,3870,11622,1996,10340,1788,5999,7558,3770,11572"
14739,14739,"1290,7120,296,4929,2916,4576,10663,12030,5573,11117"
14740,14740,"2140,5303,9072,10241,6166,5549,2380,3515,2199,4101"
14743,14743,"4117,5999,5532,11357,6962,785,12404,1100,708,2571"
14747,14747,"8562,13346,6529,7578,1598,8161,7983,11180,5610,7024"
14748,14748,"2789,13346,4199,4602,8235,10835,10340,11406,2903,11886"
14764,14764,"7063,13114,10326,8562,7010,11357,716,8590,5497,2395"
14771,14771,"5027,1377,6060,6402,6952,8540,2770,1129,2771,8487"
14780,14780,"3055,4322,11282,2990,12857,9580,4798,9880,9340,5964"
14784,14784,"10326,4277,8421,6107,2158,5549,2169,6925,12990,8562"
14785,14785,"11622,3770,8746,1788,9786,1996,10986,11795,11726,2038"
14798,14798,"13346,2903,4199,10529,6529,3950,3870,9454,4413,9942"
14801,14801,"9072,2291,89,12680,544,6220,8235,2343,1220,331"
14803,14803,"3766,10462,11282,4262,1996,4798,5545,1408,7707,5532"
14821,14821,"2218,12665,5485,275,6971,5199,11282,3515,13296,12779"
14832,14832,"9799,12990,11540,9580,12026,13296,11282,8235,2220,9962"
14833,14833,"3870,4947,11540,7558,12990,11751,8922,837,9799,5303"
14853,14853,"8562,6107,9580,10916,4277,13346,1180,8343,5470,5497"
14854,14854,"8562,5999,11622,6982,5610,3577,3295,2169,8161,220"
14856,14856,"2218,6971,2140,12680,8590,9306,13296,8922,4413,12026"
14858,14858,"8235,12026,1100,2990,5545,2789,331,837,796,5532"
14864,14864,"2140,11384,9799,10608,2343,6515,12331,2380,9072,7707"
14867,14867,"1290,7120,4929,296,4576,10663,2916,12497,5573,6243"
14880,14880,"789,7679,11024,13309,3737,9962,5135,11918,83,10607"
14890,14890,"1912,13346,851,1664,8562,13296,2337,8161,7715,8205"
14892,14892,"2140,8161,9693,6220,8562,8421,8235,12990,1912,12858"
14899,14899,"1290,7120,5135,13309,789,12030,296,3697,4929,11117"
14904,14904,"6060,840,9375,2334,8487,2771,4029,9180,1213,7496"
14906,14906,"1290,7120,296,4929,4576,11117,5573,12030,789,5135"
14909,14909,"6166,5303,5673,6971,4229,9375,5027,6391,6060,1377"
14929,14929,"7707,6166,7723,9937,6971,976,9454,3088,4430,1912"
14931,14931,"6971,275,13296,8590,2140,8922,1747,6962,1290,9799"
14938,14938,"9580,8161,8562,4865,9098,8421,10138,12680,10916,1776"
14955,14955,"6220,6270,13346,4277,8161,7707,12680,5549,7983,8205"
14961,14961,"6402,5027,6060,9453,8092,1377,6952,8487,6306,1328"
14969,14969,"5135,1290,7120,9962,296,12030,4929,11117,3697,4576"
14970,14970,"8421,331,1776,4277,10916,8562,837,811,10326,5303"
14977,14977,"3770,1328,5495,11726,773,9504,1331,11871,6982,1788"
14991,14991,"10835,5545,275,5549,2218,12680,12793,13296,13346,9340"
14993,14993,"1996,7439,7558,7723,4482,8452,4877,10340,7462,3870"
15009,15009,"10326,8562,1776,8421,9880,6899,8161,13346,10340,1180"
15014,15014,"4576,10607,11024,5135,296,7120,4163,10137,11298,2916"
15028,15028,"7120,4929,296,10663,2916,12497,5573,6243,12030,11117"
15029,15029,"8562,8161,13296,8421,9968,1776,331,10916,10326,12990"
15030,15030,"11622,6982,8746,11795,11871,3992,5673,11772,7900,12156"
15033,15033,"9580,10778,9164,362,3950,10340,454,796,5999,3870"
15052,15052,"12990,8562,1776,8590,5303,7197,1180,12680,8421,10916"
15062,15062,"2140,8562,2158,9880,12733,7462,1634,2506,9848,10916"
15074,15074,"5303,9799,4413,5549,6515,9880,560,7723,3870,12793"
15081,15081,"12990,5999,2905,11282,8562,1776,9880,12606,10835,9409"
15082,15082,"6060,1213,5760,10732,5027,10974,8487,9375,7496,9453"
15097,15097,"4117,5199,11622,4053,2789,8505,3770,10835,2822,4924"
15098,15098,"7063,9668,6418,13296,8053,8520,7578,7715,7439,5485"
15107,15107,"1290,12030,7120,4929,296,12497,5573,11117,10663,2916"
15113,15113,"2380,4277,12680,7120,12990,1290,2140,8205,6971,5573"
15120,15120,"10326,2380,13296,2169,12331,7715,6515,9799,560,8520"
15121,15121,"10916,3950,1180,10326,13249,2158,12990,12857,11396,6220"
15122,15122,"10835,5999,7558,6529,6971,2218,13346,11622,10778,10340"
15141,15141,"1377,5760,1213,6060,9375,10078,449,10974,6402,6306"
15143,15143,"544,6971,3055,7637,3088,89,1747,8703,9564,5545"
15148,15148,"8562,10835,3340,11622,5199,12156,11784,5610,3577,3950"
15164,15164,"3950,8421,851,5545,1223,11540,1776,4413,5999,3428"
15165,15165,"2380,8922,5135,4576,13309,9962,789,4387,3539,5573"
15175,15175,"8421,12990,10326,851,10916,8161,1776,9580,8562,560"
15186,15186,"1290,4929,296,12030,5573,5135,2916,10663,4576,11117"
15189,15189,"8421,11540,10916,1996,10594,1180,851,3870,7833,8562"
15200,15200,"10916,1776,331,8562,8161,811,4974,4277,12359,9580"
15204,15204,"8590,4277,7120,1558,4163,4576,2957,5135,4664,296"
15205,15205,"4277,6220,789,4576,1290,5135,9962,544,2343,8235"
15217,15217,"10608,11384,7138,12857,9668,275,2140,9799,5610,6638"
15240,15240,"6060,1213,9375,874,5027,11757,8911,2771,4935,989"
15248,15248,"4413,7637,9962,4698,5149,1487,8922,2291,3055,89"
15253,15253,"4277,5199,8590,2140,13296,10326,9938,275,1244,7138"
15256,15256,"1978,10326,2199,6395,2158,7383,10473,4947,13114,3515"
15260,15260,"6971,9799,13296,10608,5199,275,12857,4053,10835,11115"
15265,15265,"6402,134,3672,2164,9032,6060,5241,5999,9453,12648"
15274,15274,"6402,1377,134,6060,5027,6952,8487,10352,9453,6306"
15275,15275,"12680,11540,89,2265,12857,8235,3950,9886,7707,331"
15282,15282,"1996,3770,7439,10340,11871,1328,1788,2506,5199,11726"
15294,15294,"3909,3055,2343,8922,12026,1100,11886,5875,5532,7024"
15304,15304,"1290,789,5135,13309,7120,296,12030,11117,4929,3697"
15330,15330,"7637,4205,8703,2020,12663,9954,10332,6166,6938,6043"
15331,15331,"11622,13346,3950,9443,8562,10340,11843,5673,11772,11871"
15332,15332,"4576,7679,10674,10389,3697,7120,3539,5573,2885,13309"
15339,15339,"7637,8922,6220,589,3055,4698,7706,8703,5976,2530"
15387,15387,"13296,6971,7637,6166,5545,5149,12793,8703,12663,4414"
15391,15391,"560,275,6971,10241,8590,4277,10608,331,5549,1634"
15396,15396,"8562,8161,7578,9580,13346,2220,8235,11540,9455,9098"
15397,15397,"5303,1776,7197,13346,1478,5549,8575,8421,1996,11784"
15421,15421,"9306,2218,2291,13214,12871,12857,6515,5946,10835,7707"
15427,15427,"7063,8703,560,2808,1747,4929,1400,12858,5135,9229"
15434,15434,"7637,2020,12663,4205,10332,2847,3542,9954,5149,1078"
15441,15441,"10340,11622,2789,11751,6982,2567,1100,13381,9449,5303"
15444,15444,"2140,13296,275,9668,560,8053,7138,5199,9340,8161"
15457,15457,"11282,11540,12857,4798,7723,8421,2169,5532,4413,1776"
15466,15466,"10916,6899,8562,7723,13346,3950,9880,10326,8421,3870"
15475,15475,"11622,5673,1996,1408,5999,9504,6982,10340,11726,8561"
15483,15483,"1290,7120,12030,13309,296,5135,789,5573,4929,3697"
15487,15487,"6060,9375,5241,8487,5027,8540,10352,6306,4935,6952"
15500,15500,"9306,13214,5946,7439,9771,2140,2149,165,4877,12871"
15511,15511,"7707,2822,3870,13346,9668,10792,1408,3950,5532,11357"
15515,15515,"8562,331,6971,9968,12680,1912,11540,3055,9886,1776"
15519,15519,"10916,9580,10138,8562,6899,9340,5025,9309,12476,8520"
15534,15534,"6166,9668,4322,8590,12680,560,9229,2238,9937,3085"
15545,15545,"7120,1290,4929,296,4576,2916,12497,4664,5135,10663"
15553,15553,"4163,2957,8922,4083,12030,4387,3737,4216,1558,5573"
15556,15556,"5199,10835,6588,7715,6515,3909,5731,5610,9072,9668"
15564,15564,"7138,12026,454,491,10566,9164,37,6139,12104,11406"
15567,15567,"1290,7120,4576,296,4929,2916,5135,3697,5573,10663"
15582,15582,"1180,8562,10326,12611,2905,6141,350,5592,10835,3035"
15585,15585,"10326,8421,1776,4277,12990,331,8590,2140,811,12359"
15587,15587,"2158,6220,3950,811,12857,10916,12875,12990,9886,11384"
15589,15589,"5303,9799,7723,6971,8703,5549,11384,10608,10241,9668"
15590,15590,"11622,1408,5999,8452,4053,6982,5673,2822,10340,13058"
15595,15595,"8562,8235,1100,8590,6522,12579,2220,12990,4499,3055"
15611,15611,"296,2916,5573,12497,6243,12030,3697,4576,8567,11117"
15613,15613,"5999,10340,11622,4117,1996,3055,1776,10916,8562,331"
15632,15632,"11871,5199,5610,4482,5700,1996,8221,11194,8746,6588"
15633,15633,"2140,5199,2218,7439,13296,10835,5497,8505,7138,13114"
15639,15639,"6971,4430,5303,5819,331,6638,5549,12793,12758,3088"
15648,15648,"331,1776,851,4974,9968,10916,12990,1478,11540,7723"
15652,15652,"8161,8562,1634,9880,3770,959,9580,7462,6326,1328"
15683,15683,"13296,3950,5545,6166,10138,11289,11540,4679,5124,6971"
15688,15688,"10340,11540,4499,3950,2789,1478,9942,8707,9443,7707"
15703,15703,"10340,11622,5673,11871,6982,5700,10546,9443,1996,3317"
15708,15708,"1788,11726,11871,11572,9786,4436,12611,11622,2771,8561"
15714,15714,"10326,331,8590,8562,12990,1776,5303,7197,1180,4974"
15719,15719,"5549,13346,1776,3055,13296,9880,7578,5966,275,11784"
15727,15727,"10340,2789,11622,5999,2218,8452,9443,11396,6529,6899"
15728,15728,"1290,7120,12030,4929,296,2916,10663,5573,12497,11117"
15735,15735,"275,6971,9340,8472,13296,6166,4877,8161,362,4262"
15736,15736,"8235,3577,4199,13110,3950,10138,11622,8707,11406,11871"
15739,15739,"4101,8472,9580,11282,9164,11784,3950,9880,1634,5642"
15742,15742,"3950,10340,12104,10434,10916,8562,9880,7723,6925,5999"
15764,15764,"13346,2990,1478,3950,9443,6220,11622,3055,2789,7707"
15773,15773,"10340,11622,2789,11784,454,6982,10138,3950,2218,4602"
15774,15774,"4163,10897,496,1377,10201,4216,10704,10902,6060,7417"
15786,15786,"5027,1377,6952,6402,6060,9375,10352,8093,2770,8487"
15789,15789,"3870,6982,7439,5673,8561,9799,7723,11622,1769,5532"
15796,15796,"6060,3770,5027,6391,5822,10352,9375,6952,1832,8487"
15800,15800,"11622,6982,11795,5673,11751,4915,12632,8746,1769,1788"
15802,15802,"1290,7120,4576,296,4929,10607,2916,5573,5135,3697"
15812,15812,"7138,5303,6971,5610,9744,13249,275,5497,12026,12579"
15815,15815,"10326,6665,12156,8561,4324,2506,716,12733,350,976"
15828,15828,"6326,1210,2169,4101,11282,10138,11622,3992,2580,4679"
15831,15831,"9072,8590,7679,12339,2054,2769,2870,9730,3464,12156"
15840,15840,"6060,6402,8487,6952,1377,8540,4935,5027,13383,10732"
15845,15845,"10340,5303,5549,1634,331,7723,10326,1776,13346,8562"
15847,15847,"10835,12611,1213,37,3035,5027,6971,10352,10732,6402"
15856,15856,"10916,811,11384,10608,12606,1776,12990,9668,560,12875"
15861,15861,"1290,5135,7120,789,12030,5573,13309,11117,296,4576"
15862,15862,"789,5135,9962,1290,12030,3697,7120,296,11117,4929"
15871,15871,"13058,2771,10835,4117,5592,1210,11712,10566,4199,2334"
15872,15872,"1996,1408,3950,6326,13346,2990,11622,9504,10340,5999"
15883,15883,"1290,7120,4929,296,5135,12030,3697,5573,12497,10663"
15886,15886,"2343,8562,6220,7578,7707,8161,7024,12606,6892,3950"
15888,15888,"3055,6971,3950,2789,11540,6166,8922,9942,12026,8235"
15898,15898,"11540,11994,9580,3055,12026,8161,560,6220,5545,12875"
15919,15919,"3770,10473,13114,1634,4101,9229,6751,5731,11871,5025"
15922,15922,"5135,1290,13309,7120,12030,296,3697,11117,4929,5573"
15931,15931,"1290,3697,2916,5135,4929,7120,10663,296,13309,6243"
15941,15941,"9668,9937,5303,4698,560,8703,275,10241,6971,4414"
15943,15943,"5999,2990,8161,9443,11622,10340,4877,13346,2218,11396"
15956,15956,"10835,2789,6971,10138,9886,9942,5545,2567,6433,9449"
15958,15958,"7138,5135,8590,789,9962,1290,7120,5573,296,12497"
15960,15960,"2140,9454,10835,976,6588,4602,12331,5819,10340,8505"
15973,15973,"6060,2770,1213,9375,7496,10974,11484,9453,3672,5760"
15977,15977,"1290,7120,12030,296,4929,2916,3697,4576,5573,10663"
15994,15994,"1377,9375,840,1213,6306,5760,9453,8487,449,134"
15995,15995,"1290,7120,4929,12030,5135,2916,12497,10663,5573,6243"
15996,15996,"9580,8590,8205,13346,6166,12026,6220,8235,3055,5545"
15999,15999,"10340,3870,11622,7723,6588,11751,2169,10916,10473,12331"
16060,16060,"2140,2380,5999,7578,9580,9886,12680,8235,12990,11357"
16069,16069,"11622,10340,5673,1017,3950,9098,10594,11751,10916,1996"
16076,16076,"296,2916,1290,10607,4929,3737,4576,3697,5573,12030"
16085,16085,"6402,1377,6306,4832,8540,10352,2164,12824,134,4097"
16089,16089,"8703,6971,8590,4698,5135,7637,2140,9668,5149,10608"
16097,16097,"8421,4798,6326,1776,10326,10916,4974,4277,12875,10124"
16112,16112,"4315,3770,5199,7983,3340,275,3106,5495,4053,1286"
16116,16116,"4798,11843,1996,3577,13249,1210,4974,6326,2199,851"
16137,16137,"5303,6971,5549,8472,5966,10608,11784,11994,6166,13346"
16150,16150,"11843,10916,1017,8562,12990,3870,10340,3577,9880,10138"
16174,16174,"11871,5700,2771,11772,9786,5592,5474,4263,8746,12566"
16176,16176,"6060,5027,9375,8487,1213,2770,10352,6402,8093,840"
16210,16210,"1290,7120,12030,4929,13309,5573,296,10663,5135,2916"
16212,16212,"10916,11843,10340,8562,8421,6899,4332,8235,5497,3950"
16230,16230,"2140,8590,6515,4277,4413,12331,4101,8675,8562,12990"
16245,16245,"12990,9880,10326,1408,10916,2158,2380,8343,6899,5999"
16293,16293,"11622,1996,5999,10594,4117,5532,8221,13296,7558,3577"
16299,16299,"12030,1290,296,7120,4576,2916,13309,4929,5573,3697"
16300,16300,"7637,13296,12663,6892,6220,8703,5149,7706,7707,9799"
16303,16303,"11622,5999,9880,1408,8561,5673,1996,9504,6982,9443"
16305,16305,"11871,3770,1783,11772,5592,13346,5270,9454,11726,10986"
16314,16314,"5303,10241,8421,1223,5485,9072,7723,2158,7558,11843"
16328,16328,"1996,7558,10594,10916,5470,1017,5199,6280,11622,4101"
16340,16340,"5135,789,9962,4277,5303,13309,544,1290,7120,4576"
16351,16351,"2140,10608,6060,9375,7739,1213,5760,3464,9733,4048"
16363,16363,"6982,6060,682,1213,11795,1783,7496,2771,6626,9375"
16376,16376,"5303,7138,6971,11784,5549,5642,6899,1408,5999,11994"
16387,16387,"10138,10916,13249,6220,8161,3295,6899,1598,5292,12990"
16395,16395,"8421,10138,4322,4865,6971,4798,2218,3055,2990,4277"
16414,16414,"7707,5545,9229,5819,9668,1912,10778,3766,12404,13296"
16416,16416,"6982,5673,8452,11622,10986,1769,11726,3870,8561,5946"
16418,16418,"6971,12680,5303,9942,12026,8235,13346,13381,8205,11288"
16471,16471,"1290,7120,4576,296,10607,4929,3697,2916,5573,4664"
16489,16489,"3950,5545,8421,4798,10138,1912,4101,11843,6326,5124"
16497,16497,"9306,2218,2291,8402,12871,5946,383,13214,13249,7341"
16509,16509,"8590,2380,2140,560,8205,1776,12680,4322,5549,10608"
16510,16510,"8235,2789,9942,10340,1478,3055,11540,5303,3950,6971"
16521,16521,"5135,789,1290,13309,12030,3697,7120,4576,296,11117"
16524,16524,"1377,6402,6306,6060,9453,8487,5760,10352,4832,134"
16582,16582,"10835,9306,7138,6515,12758,11396,2291,10138,7439,454"
16592,16592,"12680,8562,2140,7024,8590,7707,7578,6220,9668,2218"
16604,16604,"10340,2169,1598,331,837,4101,7723,8421,12331,11540"
16605,16605,"1290,4664,4576,5573,7120,12497,296,12030,3697,1977"
16617,16617,"4664,12030,3697,13309,7120,2140,13296,12497,1290,4929"
16622,16622,"7120,1290,4576,5135,3697,296,13309,789,4664,4929"
16624,16624,"11622,4322,3055,2789,9098,10340,12857,9443,11540,4499"
16628,16628,"13346,8562,10340,4332,11622,8575,8235,2958,4602,10916"
16633,16633,"1290,7120,4929,2916,296,5573,12030,6243,3697,11117"
16646,16646,"2343,9693,1220,5025,7707,10138,2291,6834,11622,8413"
16651,16651,"1996,11282,4101,4798,9306,2580,9580,12857,10138,4117"
16654,16654,"7578,1408,11357,13346,1100,8235,9580,331,10778,2443"
16673,16673,"11540,6166,7707,5124,9729,8452,12404,13110,3870,5545"
16675,16675,"8235,11540,9580,9886,9968,9098,4117,12680,2220,1100"
16677,16677,"2140,6971,2218,2291,8562,5549,10835,2380,12875,8590"
16679,16679,"11622,11871,5673,10340,5700,8746,1328,11726,5270,1783"
16686,16686,"1290,7120,5573,296,12030,4929,3697,2916,13309,5135"
16695,16695,"1996,11622,8421,10916,9968,8235,11784,10340,2218,12857"
16704,16704,"6982,5700,11871,11622,8505,8636,11692,682,11800,2771"
16709,16709,"6982,3950,4413,7707,3577,5999,11622,11282,6166,10778"
16773,16773,"1996,10326,11622,13346,6107,9733,5673,2169,4865,851"
16774,16774,"6982,11871,2958,1783,3770,11772,5592,11622,4090,10986"
16797,16797,"3950,11622,5025,11871,3799,5999,1408,9504,11772,3766"
16803,16803,"5673,12611,11622,37,2771,6982,9786,11871,3577,10835"
16804,16804,"10916,8161,2218,9968,11843,13296,11000,11396,8421,6899"
16806,16806,"10352,6060,5760,6402,134,7337,1213,1377,8487,9375"
16810,16810,"4798,1769,10841,4229,11506,2990,11396,3950,2218,11572"
16836,16836,"7439,5610,2140,6588,12331,5673,6982,11622,275,8221"
16844,16844,"5673,10986,1788,11726,2108,5700,5091,9786,11795,10340"
16861,16861,"1290,7120,296,12030,4929,11117,5135,3697,4576,2916"
16875,16875,"11282,1996,5610,4101,9968,331,10138,11843,2990,8421"
16936,16936,"8562,2158,10916,3950,9880,811,7578,9668,1408,5025"
16946,16946,"8562,11622,10916,11843,7558,2158,5673,2169,3870,5610"
16965,16965,"10835,275,12026,5549,8235,6529,5303,7983,13296,7138"
16987,16987,"2218,2380,2140,3071,9668,2291,6166,8043,4101,4413"
16988,16988,"1100,7578,10835,6529,3055,8922,5532,10529,4499,4053"
16989,16989,"5199,4053,1996,5999,5532,5610,11622,10778,7558,3950"
17007,17007,"5199,11784,11282,5532,4679,7138,331,2140,1996,220"
17016,17016,"4117,4053,11357,5532,5497,2822,8562,1408,11622,11282"
17030,17030,"3870,1788,11726,11572,11871,9786,10159,4436,5673,7900"
17034,17034,"11282,8421,12990,10916,11843,331,8562,9968,12026,1776"
17054,17054,"9668,2218,7558,10916,10241,10594,1996,12857,10778,6280"
17056,17056,"1377,6306,6402,5241,840,1432,5020,8487,9375,5027"
17084,17084,"8421,851,2169,4798,3799,10241,7833,560,7900,11751"
17098,17098,"5673,5700,5027,9786,2770,6952,11795,4229,12611,8092"
17102,17102,"5303,1776,4322,4262,331,4277,5966,1478,4430,4974"
17109,17109,"8221,12611,2771,1783,5592,3035,6626,11871,9454,11622"
17112,17112,"9799,6971,331,976,4947,5549,1478,560,6166,4430"
17119,17119,"9580,2808,4413,4101,8472,11282,2218,12026,12680,454"
17124,17124,"7723,2140,13296,2218,2169,3106,10608,12857,6971,7138"
17141,17141,"8235,6971,10835,1634,5303,8520,4266,11784,10529,9799"
17160,17160,"4163,2957,7120,296,1290,4216,4929,4576,2916,10663"
17179,17179,"8421,11540,11843,851,11282,8161,10340,1996,9098,837"
17189,17189,"5025,4101,3950,9580,10473,2238,10138,8472,12990,5386"
17191,17191,"12156,1912,976,6626,13296,5549,3515,1408,12967,7707"
17194,17194,"9799,1478,4947,5549,560,6166,7723,3870,2220,851"
17195,17195,"5999,5532,8235,11357,4053,1408,5199,2822,9968,9580"
17200,17200,"1290,7120,296,4929,2916,12030,10663,3697,5573,11117"
17212,17212,"5303,4947,2199,6166,11396,2218,1478,837,13249,3870"
17218,17218,"5999,11843,1408,4053,11282,5497,11622,10778,6982,9504"
17232,17232,"11622,8636,8161,6402,4153,5027,840,1328,12813,6306"
17242,17242,"8562,8421,10916,1776,10326,331,4974,8161,4277,6220"
17255,17255,"3055,2789,11622,454,837,12026,9443,3106,9968,11784"
17262,17262,"1290,7120,4929,296,3697,2916,4576,5573,4664,10663"
17275,17275,"5999,4053,8421,7558,7900,13346,4277,1996,4915,6111"
17276,17276,"9799,8703,2140,7723,7063,5149,12857,4698,2265,10241"
17278,17278,"7637,789,13309,1290,5135,3697,9962,12030,1400,296"
17283,17283,"12990,8562,1912,1776,4277,8421,9455,10916,13346,7197"
17284,17284,"2789,11622,11871,11406,4924,5610,9098,4499,9443,11202"
17295,17295,"5999,1996,11622,3770,5199,5470,1408,11871,8561,1328"
17298,17298,"1290,7120,4929,4576,5573,296,2916,10663,12497,5135"
17319,17319,"3950,7707,10138,13296,2218,11540,7723,1598,6220,12606"
17320,17320,"5573,4163,2957,4387,11532,12474,11918,1851,3401,3427"
17325,17325,"8235,13296,4101,2140,7024,10138,6638,9968,837,11000"
17330,17330,"1290,4929,7120,12030,13309,2916,296,5573,4387,3697"
17334,17334,"1290,7120,5135,296,4929,789,5573,3697,13309,4576"
17346,17346,"11622,4413,3106,9098,9942,10473,10138,9602,9729,2158"
17352,17352,"10608,12026,6971,9886,12990,2218,89,8590,6962,12680"
17353,17353,"1290,789,13309,5135,9962,7120,4576,12030,296,3697"
17396,17396,"5999,10916,8562,10340,8520,9580,10326,12875,331,9886"
17408,17408,"10916,1634,10326,13346,1776,8205,8562,12665,3950,331"
17414,17414,"4947,5673,5124,11622,3870,12813,7900,1634,11795,6982"
17422,17422,"789,5135,13309,4576,10607,11024,296,9962,10336,11117"
17424,17424,"8161,8421,4798,1180,8562,6326,11622,10138,13249,2958"
17427,17427,"13309,789,1290,7120,5135,296,3697,5573,4929,12030"
17432,17432,"1180,11843,11622,8421,5673,10326,5303,7900,12813,13249"
17434,17434,"13296,4413,4798,9733,4277,560,10608,11282,1912,5549"
17439,17439,"9580,8205,12680,5999,6326,2789,479,5545,5476,3950"
17442,17442,"8235,9580,6962,12026,8590,3055,5999,9886,11357,331"
17449,17449,"2218,4315,5199,9340,2140,6588,11180,5610,9668,10835"
17472,17472,"5199,11289,4199,4117,4315,1978,4266,5819,4798,11712"
17509,17509,"1290,296,7120,4929,2916,12030,3697,5135,4576,10607"
17522,17522,"3055,8235,11540,2990,4499,837,6638,4322,1100,2789"
17527,17527,"2140,9668,2218,10241,6515,12857,6166,7715,2238,6638"
17535,17535,"1290,4929,12030,7120,296,2916,3697,5573,10663,12497"
17540,17540,"9799,9880,1598,9668,6418,12857,10340,12606,3870,9937"
17541,17541,"1290,4929,296,10663,2916,5573,12497,6243,12030,3697"
17551,17551,"11622,6982,11871,3577,8562,5999,5673,10340,9504,11751"
17564,17564,"8562,11843,10138,8161,2789,6899,9443,13296,10916,11540"
17565,17565,"6402,1377,10326,4097,2164,6306,1432,4256,13100,8540"
17581,17581,"4413,5549,7707,7723,12331,3870,5966,4946,491,3106"
17596,17596,"4277,12680,8562,12875,2380,12990,10608,10326,5549,6589"
17601,17601,"4413,7723,5303,11282,3106,3515,3870,8707,6899,12331"
17611,17611,"2169,13296,5549,811,1912,7707,9880,12944,12606,8562"
17612,17612,"10326,8562,11843,10916,12606,8421,1634,9880,5495,2411"
17620,17620,"11772,11406,4602,6588,3799,9443,2789,8221,11622,11871"
17627,17627,"5999,6529,7439,10835,8402,1769,5497,121,3909,2218"
17634,17634,"12611,9454,9937,11772,3870,6166,8636,855,8707,4602"
17649,17649,"10326,1328,12156,10916,8562,5199,350,1996,2905,12606"
17654,17654,"10138,3950,2506,11871,10566,8746,9164,3672,9443,1719"
17659,17659,"9668,3950,11540,10241,5545,3770,2808,1634,6166,773"
17666,17666,"1290,7120,4929,4576,11117,5573,2916,10663,12497,12030"
17674,17674,"3035,5673,5020,6402,8092,2108,12611,1328,9786,5027"
17684,17684,"6402,6060,9453,134,1377,5241,10732,5027,8540,12648"
17708,17708,"2789,2506,4332,6899,11622,3295,2265,8562,12385,9164"
17709,17709,"10431,6982,6402,11795,6952,1832,4097,5241,9180,7480"
17741,17741,"12026,12680,3055,2380,7578,6962,12990,5549,6529,837"
17752,17752,"6060,1213,10078,9375,6402,1377,8487,4935,449,6306"
17765,17765,"7707,8235,6220,4413,3950,13296,11540,7578,1912,2343"
17770,17770,"7637,8703,2020,6166,12663,6938,10462,2847,10332,8981"
17814,17814,"331,2199,851,2380,4277,837,4974,11751,12990,8421"
17818,17818,"6060,1213,9375,2770,1219,7496,6952,13383,8093,8487"
17822,17822,"12030,1290,5135,13309,5573,7120,12497,11117,4929,789"
17826,17826,"560,8421,851,1776,331,13257,4974,8562,10916,9968"
17827,17827,"13309,789,1290,5135,9962,296,7120,5573,3697,10607"
17840,17840,"5025,3950,1978,6220,13249,9968,13346,11622,3515,1220"
17843,17843,"2218,6515,9799,3870,7723,976,11396,6971,3515,10241"
17864,17864,"10326,5199,1328,1634,7138,350,4229,5497,11751,8562"
17871,17871,"9306,383,7439,1769,2140,12857,12871,7341,4648,10462"
17881,17881,"10608,13296,9799,220,9962,6971,5135,12331,9306,10835"
17928,17928,"11751,3799,5673,5999,11871,5470,6588,6515,1996,11622"
17931,17931,"1377,6402,5760,6060,10078,1213,8487,4832,9375,6011"
17933,17933,"11622,5673,13346,9443,2108,10340,64,1478,1996,9942"
17953,17953,"10835,13346,5303,976,6166,4262,7707,8235,6892,6529"
17970,17970,"13346,10340,10835,3870,10916,8562,6982,2789,1664,931"
17977,17977,"5303,8703,9799,4430,331,6971,10241,6166,5549,12758"
17982,17982,"9962,1290,3697,12030,7120,4576,11117,5573,296,4664"
17995,17995,"12030,1290,5135,12497,4929,7120,10663,789,11117,6243"
18002,18002,"1996,5303,10916,11843,851,9880,12875,7723,7558,811"
18006,18006,"6402,1377,134,4832,449,6306,6011,4256,10078,8487"
18023,18023,"2291,2169,11282,10138,13214,5819,4101,11000,2580,12871"
18024,18024,"362,2140,7439,5497,5199,4877,4053,6982,2291,5747"
18047,18047,"3870,7707,12026,9799,4413,11540,11282,9942,12331,6220"
18050,18050,"2218,5999,8161,3950,5545,8562,11396,12026,6971,8922"
18078,18078,"9580,8421,8235,11282,10326,4798,1776,10916,12385,8562"
18086,18086,"1290,7120,296,4929,4576,5573,11117,12030,5135,3697"
18093,18093,"7120,1290,5135,296,4576,12030,3697,13309,2916,4929"
18115,18115,"10608,12857,7707,9880,10792,3870,2140,12990,12793,2218"
18122,18122,"6971,7063,5549,1290,6220,8703,9962,5573,2264,12497"
18124,18124,"331,5999,544,2580,837,12857,3950,10326,8235,4117"
18127,18127,"1290,7120,296,4929,5135,2916,5573,4576,12030,10663"
18133,18133,"8562,10326,10340,9580,9968,9880,5549,12385,13346,7578"
18148,18148,"10916,8562,2108,5497,5673,10326,10340,5470,1328,11871"
18155,18155,"12378,2867,6503,2205,8746,11871,6751,8562,3035,6982"
18158,18158,"296,10389,4576,1779,3570,10137,5573,6812,3427,4929"
18166,18166,"11622,5700,11871,6982,8636,11726,11795,1788,3770,1769"
18167,18167,"12990,1634,1421,8922,8562,7063,8520,4277,5025,8593"
18169,18169,"2140,6515,10608,2380,9072,5199,11384,8593,9799,6638"
18175,18175,"7024,11886,9693,7983,9968,4413,8922,12680,1378,10835"
18178,18178,"2789,11622,2567,9449,6982,12632,5610,5124,10589,9443"
18214,18214,"1290,4929,7120,296,10663,12497,6243,12030,5573,3697"
18217,18217,"10916,10340,5999,9580,8205,9886,6588,13346,2218,6515"
18226,18226,"1290,7120,4929,296,4576,2916,12497,10663,3697,4664"
18229,18229,"3950,10340,10241,9668,8707,7715,7723,4321,2789,4322"
18236,18236,"6060,10352,1213,6150,4935,134,7325,5760,874,3733"
18240,18240,"13346,8562,11622,1996,5610,10916,2958,5999,9098,7900"
18262,18262,"6515,10241,9799,5303,2218,6166,2140,4413,7723,4430"
18266,18266,"1290,296,4929,2916,4576,10663,10607,12497,5135,5573"
18272,18272,"5303,331,13346,1996,1776,11784,9455,10326,4277,6107"
18292,18292,"9799,4413,3870,7723,5303,6529,10340,3106,6982,8707"
18299,18299,"8562,331,1180,4277,10326,5999,6971,12990,5303,10916"
18321,18321,"1377,6060,1213,9453,134,3733,5760,6306,8487,12648"
18338,18338,"851,6166,5303,275,3870,4679,8161,10608,1634,1478"
18339,18339,"7723,3870,13346,9668,11843,10778,9880,12857,10916,6166"
18341,18341,"5303,12857,7723,976,3870,6166,6588,4947,7439,8452"
18355,18355,"1290,7120,4929,296,12030,2916,10663,5573,12497,3697"
18364,18364,"1290,4929,7120,2916,296,4576,5573,10663,12497,12030"
18368,18368,"9880,6166,1634,3870,10326,9580,9668,8562,851,12793"
18393,18393,"9072,4413,7723,2291,3870,7558,12331,11282,976,331"
18409,18409,"5199,2218,12857,7383,2158,9668,4482,11384,10835,13110"
18434,18434,"1776,4413,1180,331,13296,5549,5999,4798,2169,10326"
18440,18440,"5545,1978,10473,3950,10138,13114,12990,5386,1287,4101"
18446,18446,"10326,10916,8421,2158,8562,6107,13257,7900,811,8343"
18467,18467,"4101,10138,6751,10473,5025,5545,10340,13114,3766,11540"
18475,18475,"6971,10608,5135,9962,9799,789,13309,1290,13296,7120"
18487,18487,"5303,4277,3055,837,1776,560,11784,1996,9799,4974"
18489,18489,"5027,5241,12611,6402,6060,6391,6952,8092,1328,10352"
18499,18499,"976,5303,1478,851,8421,7833,4322,9380,9098,5673"
18505,18505,"8421,8562,13296,8161,331,8235,5545,4277,12680,1776"
18525,18525,"7063,560,9799,10608,13296,12990,10241,5303,10326,2380"
18530,18530,"11622,8235,3055,10340,6982,331,11843,1996,11784,4877"
18539,18539,"789,2291,5135,1220,89,9962,13309,1290,12030,544"
18546,18546,"4277,544,10326,13296,11117,1290,8421,7120,1776,296"
18579,18579,"5999,8161,11384,4277,2990,8562,13346,4117,6433,4053"
18585,18585,"13058,4199,5610,11871,5999,2771,4117,4602,3577,11406"
18595,18595,"12990,5303,1634,2158,8590,560,6107,10326,331,12104"
18648,18648,"4322,4798,5025,5545,3950,6326,2990,6270,13114,10138"
18679,18679,"11622,10340,6166,1912,10778,8235,7578,8562,3950,9968"
18683,18683,"6220,6166,4277,12606,8590,12990,12680,8562,9937,10792"
18687,18687,"11726,11572,1788,11871,8561,5673,1328,5700,8746,1408"
18718,18718,"12793,6166,8161,9668,12990,8562,8205,5999,5214,2218"
18741,18741,"11622,5673,6982,11871,11726,1788,9443,11406,11751,8561"
18760,18760,"1290,4576,5135,789,7120,5573,4929,13309,11117,296"
18771,18771,"5497,9848,5592,4153,5270,2896,4743,1769,5673,6060"
18787,18787,"2380,10792,9340,8593,12793,331,11969,2140,12875,2199"
18788,18788,"4101,2990,11843,3950,4798,10138,5545,9580,5124,6326"
18789,18789,"3491,5610,4053,11384,11843,976,5199,10608,13058,1996"
18798,18798,"11622,10340,8161,8235,1100,10916,4499,11180,5610,1996"
18800,18800,"4199,11871,6164,6487,4648,682,10178,7496,4761,6593"
18805,18805,"6402,1377,1328,3770,6952,134,5027,10974,6060,9453"
18806,18806,"12030,7120,4576,296,3697,4929,789,5573,10663,11117"
18812,18812,"1912,4413,6971,8590,3106,8421,7138,2958,7723,12779"
18818,18818,"5760,6402,4256,5105,12029,6659,6306,449,10441,8590"
18830,18830,"3870,851,10340,11622,5303,3950,11282,11288,1223,7723"
18835,18835,"8590,1290,7120,296,4576,4929,11117,2916,12497,12030"
18839,18839,"9942,11622,7462,11871,4315,5610,9786,1783,1408,10986"
18851,18851,"3870,6982,4946,8746,8561,8452,11800,9454,11692,9786"
18854,18854,"9580,6899,7578,10916,9880,8562,4332,11282,1634,811"
18864,18864,"10326,10916,8562,11843,2169,3870,7900,11622,1996,5470"
18865,18865,"7063,8235,7578,2789,5545,11615,2265,2567,12579,4698"
18874,18874,"1290,7120,5135,4929,13309,789,296,3697,9962,12030"
18875,18875,"2789,9443,4924,10340,11622,3950,9449,820,1408,1996"
18879,18879,"5199,2218,1996,7138,10891,11590,247,3340,8679,220"
18882,18882,"1290,7120,5573,4929,10663,296,12497,2916,11117,12030"
18895,18895,"8161,13296,10340,9968,11000,11282,11622,12680,5610,2910"
18903,18903,"13296,11282,5485,4798,2218,6971,10916,9580,6433,331"
18913,18913,"10916,8562,12990,3950,10326,13249,5999,8161,8343,6899"
18934,18934,"5135,1290,789,12030,13309,7120,9962,296,3697,5573"
18935,18935,"8590,12026,6971,8922,2140,8235,1290,13296,4929,6962"
18981,18981,"8922,8235,2140,12858,2380,6962,4163,12680,544,5135"
18985,18985,"5303,6971,275,3055,560,12857,12680,1180,12990,4277"
18987,18987,"7120,12030,296,2916,5573,12497,11117,6243,5135,4576"
18990,18990,"5199,7715,7439,6515,9072,8053,10835,2343,2380,6588"
18996,18996,"11357,785,5999,5532,2571,2443,4459,1100,2822,3577"
19010,19010,"8421,10916,1776,331,2218,4974,811,12990,12875,1996"
19016,19016,"1290,5135,12030,13309,7120,789,3697,9962,4929,296"
19018,19018,"5303,9799,4277,560,6166,851,9942,7706,7900,12339"
19029,19029,"10326,9580,1634,5642,3870,8343,10916,811,9880,8562"
19060,19060,"6060,5241,2363,6402,1210,8487,10974,10732,4935,9453"
19069,19069,"1290,4929,7120,10663,6243,296,12497,5135,3697,5573"
19084,19084,"2291,560,6515,4101,12990,331,4277,2199,1421,9340"
19086,19086,"12030,10663,2916,1290,3697,4929,6243,4387,7120,9295"
19105,19105,"1290,7120,12030,4929,296,10663,12497,11117,5573,2916"
19110,19110,"5135,12030,13309,789,1290,3697,9962,11117,7120,4576"
19135,19135,"6402,1377,4832,6306,1328,8540,13100,4256,4097,12824"
19144,19144,"11384,560,12990,8161,9880,6971,9937,9668,12793,1478"
19154,19154,"11572,1788,11726,11751,11795,4436,6982,4915,11622,8746"
19168,19168,"13346,3870,9880,7707,1634,5966,6166,12793,9580,9942"
19173,19173,"1290,7120,5573,12030,4929,4387,11117,10663,12497,296"
19187,19187,"11540,1912,12944,7637,3055,1290,10608,6962,4929,5532"
19216,19216,"6402,5760,1377,8487,6060,1213,6306,5027,9375,10078"
19227,19227,"9998,10566,3672,10434,12104,2771,4740,9786,11219,6982"
19231,19231,"454,9968,12026,13296,11540,3950,10835,4865,10340,2789"
19234,19234,"12030,1290,3697,7120,296,4929,13309,2916,4576,10663"
19255,19255,"4413,3950,6220,12026,4798,3055,10138,7723,5549,6326"
19258,19258,"11622,6982,10340,7439,5610,5673,11871,8562,3295,11843"
19266,19266,"1290,12030,4929,11117,5573,7120,89,12497,13296,12026"
19296,19296,"8235,8922,89,12858,331,6962,6971,12680,8520,2140"
19297,19297,"6060,1213,5760,1328,6306,9375,10441,840,6402,10739"
19308,19308,"8235,5532,11622,11282,6982,9968,8562,5999,11357,4117"
19323,19323,"6402,1377,6306,4256,6659,4832,10078,1948,1328,8540"
19346,19346,"4101,8235,13296,2343,7578,8562,12990,8520,1634,8161"
19347,19347,"7120,4929,296,10663,12497,2916,12030,5573,6243,3697"
19360,19360,"1290,7120,296,4929,2916,5573,12497,10663,3697,12030"
19364,19364,"4163,2957,4216,1558,12096,11024,83,1851,10607,3722"
19378,19378,"2789,11540,10340,9443,4101,11622,7578,5549,9729,6899"
19379,19379,"9164,4798,3950,1328,13249,362,1223,4877,1957,3992"
19380,19380,"4877,4315,7439,5999,5495,8053,1286,2291,362,10063"
19381,19381,"5303,560,10241,11282,3870,4413,7723,7558,8472,5549"
19384,19384,"2499,10608,5199,6418,7439,13296,7715,9072,9799,6515"
19385,19385,"5303,3870,5545,2199,4947,3950,5999,3515,331,12779"
19388,19388,"1290,7120,4929,296,2916,10663,4576,3697,5573,12497"
19406,19406,"2218,11540,11282,13296,4798,5025,4101,851,9580,10916"
19408,19408,"8235,11357,6962,5999,4053,3055,4332,1100,9886,5199"
19415,19415,"1290,2916,7120,4929,296,3697,10663,5573,4387,6243"
19417,19417,"8235,1598,13346,9942,10340,10835,1100,4865,4199,64"
19434,19434,"9180,3770,802,5241,4436,11757,6060,6402,8758,5605"
19441,19441,"851,3870,11282,560,11540,10340,7558,5124,9580,3950"
19461,19461,"1290,7120,4929,2916,10663,5573,12497,12030,6243,3697"
19474,19474,"12026,2789,8235,8205,1776,13346,4322,12680,11282,4413"
19477,19477,"4664,13309,12030,10336,7120,10389,1290,4387,3427,3697"
19484,19484,"1290,4929,296,7120,2916,4576,10663,3697,5573,4664"
19502,19502,"9786,2771,11726,11194,5673,11871,1788,4436,11572,11506"
19503,19503,"6971,8590,5549,12680,4413,10241,2499,6445,6589,2140"
19512,19512,"6971,560,5303,7138,8590,2218,10608,6166,13296,2140"
19515,19515,"2789,12611,1788,11396,11180,2218,2506,8018,2990,3950"
19518,19518,"4413,3870,9454,8707,7723,6529,10835,3106,12331,8452"
19530,19530,"2140,7138,5485,2380,220,2264,10608,8053,9072,362"
19559,19559,"1290,5135,9962,7120,789,4576,5573,10607,296,13309"
19576,19576,"8235,7578,6529,5532,7707,1100,6971,3055,8413,3909"
19586,19586,"2140,7439,7723,4101,4266,5610,6971,2343,9733,12857"
19594,19594,"10608,4413,9799,3909,7707,89,2343,6962,4277,5532"
19605,19605,"10835,37,7063,12611,8922,1598,5610,3035,5270,3909"
19618,19618,"3950,8235,8922,11622,10340,12026,2218,7024,12579,454"
19620,19620,"9668,5303,9937,10241,275,5549,560,7723,6971,5149"
19623,19623,"10326,4974,11622,6899,8562,10340,8421,2789,837,10916"
19628,19628,"8235,3909,5999,8922,5532,11357,1100,4053,785,2571"
19631,19631,"7120,4929,2916,296,10663,12497,5573,6243,4576,8567"
19642,19642,"5999,1180,11282,11622,5964,1996,13058,4053,5199,9580"
19644,19644,"2218,2291,2140,13296,9306,5485,12857,12026,13214,10916"
19648,19648,"8922,5422,8342,4199,4163,6591,12903,1851,4216,4664"
19665,19665,"5470,1788,11572,11726,11871,3770,2958,5999,12611,1328"
19683,19683,"1290,4929,296,2916,10663,5573,12497,12030,4576,3697"
19684,19684,"851,5673,479,5700,1180,5964,11871,11772,4056,11795"
19693,19693,"1788,2164,11726,11572,11871,1769,12611,6141,1377,5020"
19696,19696,"8161,10916,8205,13346,1912,1776,6971,13296,10835,2218"
19707,19707,"7138,10835,9886,5199,7439,10039,4117,12026,5999,11282"
19715,19715,"5999,5532,4117,11622,4053,1408,13058,6982,9504,11726"
19716,19716,"1290,7120,13309,4929,3697,296,5573,2916,12497,6243"
19729,19729,"8590,5303,5135,2380,1290,4277,7120,9962,11117,789"
19734,19734,"9880,3870,10608,10916,12857,12990,5303,2158,811,10792"
19758,19758,"7138,11289,10063,10340,7439,3106,796,6529,10529,11406"
19764,19764,"6515,7715,9668,8053,2218,10241,13296,5485,2380,5199"
19773,19773,"1290,4929,5135,789,2916,296,5573,12497,13309,9962"
19778,19778,"11622,10340,5673,1996,8221,11726,11871,8636,4499,2506"
19780,19780,"13296,1912,8562,6220,11282,12990,560,8590,5549,9880"
19784,19784,"6060,6402,1377,5760,8487,1213,10352,134,10078,4935"
19786,19786,"8562,6107,7900,13346,10916,1180,2169,4277,5470,1776"
19793,19793,"1912,6220,4322,9880,2990,13346,12875,6899,1776,851"
19798,19798,"9799,10608,2380,5532,331,544,12990,5303,89,5135"
19808,19808,"2218,11282,9968,3106,8421,10594,10138,3950,10473,5610"
19812,19812,"1290,12030,7120,13309,5135,3697,4929,296,789,5573"
19821,19821,"11622,11843,5673,6982,11540,3295,3071,851,2169,11751"
19830,19830,"4163,2957,4216,10607,1558,3238,4576,8922,11024,4688"
19843,19843,"8590,4277,8562,9328,9455,7138,4576,12665,10607,6107"
19867,19867,"4798,2291,4277,331,5135,89,789,2530,13309,10607"
19889,19889,"8562,350,11622,4229,1328,8746,1598,5700,5673,3770"
19893,19893,"851,1180,9580,10326,10340,2808,331,1478,1776,5303"
19898,19898,"1290,7120,4929,296,12030,5135,2916,12497,4576,13309"
19902,19902,"6402,1377,4832,8093,6952,8487,6306,5027,12648,2770"
19905,19905,"7138,11384,811,8421,11843,4413,275,10916,2158,9886"
19910,19910,"10326,4947,8043,10916,2199,851,6395,3870,7900,11751"
19929,19929,"8421,12990,8575,8562,1180,9098,1634,811,2158,1776"
19932,19932,"1290,7120,296,4576,4929,5573,2916,10607,5135,10663"
19952,19952,"10340,1598,2789,8413,331,11180,2567,4199,6529,976"
19956,19956,"3950,4413,8707,9729,7723,11540,3870,11048,1746,4315"
19987,19987,"12026,560,11282,8421,6220,7063,5549,13296,6899,2808"
20008,20008,"8562,4277,6107,9580,10916,1180,13346,8343,7900,5470"
20018,20018,"10340,11540,11622,12385,12680,9580,3055,9968,5532,8235"
20019,20019,"12990,11384,12793,2343,12757,3909,1912,6971,9880,9937"
20020,20020,"1290,7120,4929,296,12030,2916,10663,12497,3697,11117"
20023,20023,"11622,10340,11784,2789,3340,3950,9443,3317,6982,454"
20031,20031,"5545,3870,11540,7707,3950,7063,1634,10778,5532,4262"
20039,20039,"6220,9942,4698,6166,9937,9799,837,13346,8562,12026"
20040,20040,"5545,13296,4798,3766,11540,4865,1912,4277,10138,560"
20041,20041,"6402,11622,1377,5027,8093,9786,8487,11795,6982,9453"
20045,20045,"11843,11540,8421,11622,10138,7723,1996,851,10340,3950"
20056,20056,"1290,4576,4929,2916,789,10607,1747,296,10674,11775"
20069,20069,"13346,5999,3106,8161,13381,11622,3055,2218,9968,10340"
20074,20074,"5549,3106,7138,2108,6437,2506,10082,5303,12779,8707"
20083,20083,"10916,1017,6588,10473,13114,5025,10326,5495,8562,5610"
20085,20085,"1290,7120,4929,296,2916,10663,5573,3697,12497,12030"
20086,20086,"2140,6971,5303,10608,5549,13296,8590,1290,2380,1912"
20089,20089,"8235,11282,12680,3055,454,8161,9580,6962,8922,11403"
20101,20101,"10835,275,8235,10608,7983,13296,5999,4277,12680,3909"
20104,20104,"6402,1377,6306,4832,5760,10352,9453,10078,7763,4256"
20112,20112,"7707,9937,6220,1180,6166,12990,1286,8562,7637,3870"
20115,20115,"8421,851,9580,5549,2169,560,7723,13296,4277,11282"
20133,20133,"789,5135,13309,9866,10336,4576,3697,7817,4613,1290"
20136,20136,"2291,13346,8562,773,8413,11622,10138,3770,5495,5386"
20138,20138,"789,13309,5135,1290,4576,296,7120,10607,10336,3697"
20162,20162,"7723,12857,11843,10340,6899,12104,6418,3950,454,3870"
20176,20176,"331,1634,9799,6971,6166,3870,560,12680,4947,976"
20200,20200,"6515,10326,12990,2140,10916,8562,851,837,1180,3488"
20222,20222,"2291,9306,2218,5819,13214,5946,9771,165,383,8053"
20251,20251,"8235,12680,8562,5999,1100,2380,8590,8922,12990,9886"
20256,20256,"2291,5610,3770,12470,10792,1328,7439,5199,9511,5747"
20264,20264,"331,4277,5135,12858,13296,789,89,5303,9962,1290"
20280,20280,"8161,8421,851,6326,8562,9880,6899,10138,10916,13249"
20286,20286,"13309,5142,10336,10607,4613,3697,789,296,4664,1400"
20323,20323,"1290,7120,4929,296,5573,12497,2916,12030,10663,11117"
20324,20324,"2140,1634,10608,8590,1747,5135,1290,13296,4929,8703"
20336,20336,"1290,2140,6971,4929,7120,789,296,10663,5135,12858"
20339,20339,"5999,8562,8161,12793,5025,13346,6141,5545,11871,5177"
20344,20344,"13296,2140,10608,5485,9799,7138,6515,5303,6418,9962"
20356,20356,"6326,4322,10138,851,3950,4798,3055,1776,10916,9580"
20360,20360,"1290,7120,4929,12497,10663,296,2916,11117,6243,8567"
20362,20362,"2343,8161,10138,2169,9693,8421,9968,11622,1912,11540"
20376,20376,"5610,8562,1996,4053,11622,10473,9455,5199,9098,6982"
20381,20381,"9164,3950,13249,11396,1769,8561,3340,12104,2990,1957"
20394,20394,"7120,4929,296,2916,10663,12497,5573,4576,12030,6243"
20397,20397,"10608,4277,11403,12680,6971,1912,6962,11994,12026,5549"
20407,20407,"9786,5673,11622,6982,9848,11726,11871,4436,1788,11795"
20413,20413,"1290,4929,7120,2916,296,12030,5135,3697,5573,13309"
20433,20433,"1290,7120,12030,5135,789,4929,5573,296,13309,12497"
20448,20448,"6060,6952,5027,9453,6402,12648,7496,1129,3733,1219"
20492,20492,"3870,851,11843,4117,9580,5999,5964,6982,8161,10326"
20505,20505,"1290,7120,296,4929,2916,12030,10663,11117,4576,3697"
20512,20512,"3870,5303,7707,7723,12857,4947,9880,5610,8562,1478"
20514,20514,"6060,1213,5027,1219,7496,9375,6150,6735,11484,3960"
20533,20533,"2218,9771,6515,6166,2291,5946,1634,9865,10792,12476"
20543,20543,"8161,8421,2199,9580,560,1223,11843,11540,2808,5964"
20546,20546,"1180,8421,1210,13249,11622,2164,2958,11590,4947,5999"
20557,20557,"3950,7707,13249,6899,10916,10138,3870,13346,9942,11282"
20558,20558,"11622,4915,4117,1180,2990,4947,3870,6982,3055,11795"
20561,20561,"3055,6220,13346,2990,12026,9942,1912,11843,11540,1478"
20566,20566,"1290,4929,7120,5573,8590,296,4576,12497,2916,11117"
20573,20573,"5573,1290,12030,3697,296,4576,789,13309,2916,10336"
20623,20623,"8703,1290,7637,2020,4929,5573,12497,2916,8567,296"
20627,20627,"7578,9886,5999,10138,7558,3950,11540,5545,10594,4101"
20643,20643,"6971,2218,10835,5303,9340,2291,5549,8472,275,12680"
20645,20645,"5135,789,1290,13309,7120,3697,4929,296,4576,5573"
20652,20652,"8421,6220,5549,6270,7983,13346,12680,8235,6971,3055"
20654,20654,"4277,8421,9580,1776,8590,12990,8562,10916,12875,331"
20667,20667,"5199,275,5610,2158,4053,7138,11289,7578,10473,3770"
20670,20670,"11622,5700,1377,9786,840,5673,1783,5241,1432,1719"
20671,20671,"10916,10340,5999,12990,331,1776,8421,8562,1996,10594"
20676,20676,"9799,11384,2140,6971,3870,9668,9880,5303,4277,5866"
20694,20694,"8590,2140,4277,13296,9229,12858,275,11117,6971,1776"
20709,20709,"2199,2380,8562,7578,10916,10792,13249,331,11384,8593"
20716,20716,"9886,6515,10835,2218,6529,5549,11282,2291,5610,2990"
20739,20739,"5027,6060,6952,1377,5822,9375,8540,9453,4205,2770"
20763,20763,"9799,8608,4388,8235,2140,3909,5532,10608,2343,12757"
20779,20779,"5135,1290,9962,789,4576,8590,13309,10607,7120,11117"
20781,20781,"5545,6971,7707,4413,3055,3088,13110,6166,5549,11540"
20790,20790,"1290,7120,5135,13309,4576,296,12030,789,3697,4664"
20792,20792,"3870,8562,10916,8421,4877,1180,560,12875,811,2199"
20797,20797,"2380,5303,9799,7707,12990,8413,6220,10608,9937,12680"
20811,20811,"5303,7723,4413,12331,8421,9799,837,10340,12857,1478"
20821,20821,"7120,1290,296,4929,10663,2916,12497,4664,1779,5573"
20830,20830,"10326,10608,350,4947,3491,6515,7867,5303,9799,5199"
20861,20861,"6971,3909,8235,6529,5999,2822,10529,13191,10778,275"
20878,20878,"11622,12611,5673,6402,2770,11572,5020,11726,11771,8092"
20891,20891,"7707,8221,12578,7024,2903,11622,8636,9470,12425,1726"
20895,20895,"4413,851,11622,1478,13346,11784,3870,1662,3950,837"
20901,20901,"560,2169,10608,4277,11384,275,8562,811,8161,5610"
20908,20908,"13296,9799,6515,5966,1220,1662,12026,9668,4413,10462"
20928,20928,"1290,12030,7120,4929,5573,12497,11117,13309,2916,296"
20945,20945,"10835,13310,12758,6515,9306,12026,5610,7439,4413,9886"
20971,20971,"8562,10916,811,5610,4414,11622,13114,10473,8221,9968"
20979,20979,"5549,12680,9580,12875,12990,851,6166,1912,12779,3950"
20982,20982,"9668,5303,2140,7723,1634,5549,2218,5485,6971,6166"
20991,20991,"10835,275,13296,5545,5549,8235,2218,6529,12026,12680"
20998,20998,"2140,8562,8421,10916,331,13296,1776,8161,8235,12331"
21006,21006,"3950,11622,1996,3340,10916,6588,2789,5999,11843,8561"
21018,21018,"6515,6971,976,5303,6166,10835,5966,275,2218,1287"
21028,21028,"2771,1219,10690,5027,5474,9786,12648,4821,7496,5241"
21041,21041,"11622,5673,8746,6982,3577,11795,11871,10566,1996,3672"
21042,21042,"6060,9786,1377,6391,11726,2771,6402,1788,8093,10974"
21064,21064,"1290,7120,13309,9962,296,12030,4929,3697,4576,5573"
21075,21075,"8235,7578,5532,5999,3055,6529,4053,4117,10835,11357"
21078,21078,"3950,9580,13346,10138,6326,6899,851,10326,4798,11282"
21081,21081,"4413,3870,2218,6515,5999,5303,5025,9072,1017,10326"
21084,21084,"9799,6971,12026,10608,8235,1220,9962,11403,3909,5135"
21089,21089,"10916,10326,8562,8421,1996,10138,13346,1776,6107,4101"
21112,21112,"8703,7637,976,10462,3122,3088,12663,589,9564,12404"
21126,21126,"6982,362,11622,3770,4053,11784,4101,5673,1634,11871"
21129,21129,"1290,7120,12030,5135,4929,3697,296,12497,2916,5573"
21130,21130,"2343,3950,10138,9693,11282,9580,10566,1664,10434,5292"
21137,21137,"11843,11622,5532,10340,8235,1996,6982,10594,9098,8421"
21149,21149,"7707,3950,11540,3577,5532,11282,4413,9443,11406,4946"
21152,21152,"5999,1408,3577,2905,9504,12104,5025,11357,3870,12990"
21177,21177,"5610,10340,6982,3577,3870,11622,8561,11282,5999,5199"
21191,21191,"7120,4929,2916,296,10663,12497,6243,5573,12030,4576"
21200,21200,"12665,4576,4798,10137,1576,10389,12995,7679,3570,9170"
21204,21204,"11843,10916,13249,851,8343,12990,1912,8161,4798,10326"
21221,21221,"2140,9668,10241,2380,7707,2264,6515,6962,2220,6166"
21228,21228,"8235,8562,10138,10340,1598,8161,9968,4865,454,13346"
21249,21249,"11622,11572,13058,11871,11726,9786,2771,1788,3799,5592"
21256,21256,"4947,11396,6395,331,5124,11622,3515,5999,837,5303"
21261,21261,"11622,11282,6982,3870,8562,10340,11784,11751,9968,5999"
21279,21279,"12680,4277,8205,2380,6962,2140,9229,7120,275,2218"
21282,21282,"1290,7120,296,2916,5573,10663,12497,6243,12030,3697"
21305,21305,"8421,10916,1776,11843,9880,12990,10326,8562,6326,9580"
21307,21307,"544,4576,5303,976,4798,1290,6919,2916,4387,296"
21315,21315,"6982,5199,3340,5470,10326,8746,10340,2771,11712,10835"
21342,21342,"7120,296,4929,2916,10663,4576,12497,6243,5573,3697"
21347,21347,"10835,8235,275,2218,7983,5303,6529,12026,12680,13346"
21357,21357,"3577,2771,1377,8746,12611,9375,13383,4436,4153,5027"
21358,21358,"11843,4266,11282,3870,6982,11622,5999,11357,5532,10594"
21368,21368,"5135,789,13309,12030,11117,1290,9962,5573,8302,7120"
21372,21372,"1634,2140,350,8562,10326,7063,10792,6220,12857,9880"
21373,21373,"2771,1788,6060,5199,11572,1377,77,9375,4436,8093"
21383,21383,"7120,296,4929,2916,12497,10663,11117,5573,5135,12030"
21393,21393,"5303,9668,7723,5549,2140,1634,6166,2218,2264,5485"
21415,21415,"12030,1290,11117,5135,789,7120,13309,4929,12497,9962"
21421,21421,"5532,9799,4262,6043,9954,4205,12156,10608,2847,10094"
21433,21433,"5199,2218,2140,9880,2291,12857,10916,9306,13110,5495"
21449,21449,"13296,2140,275,5199,6638,2169,1421,7715,4277,6971"
21483,21483,"13296,6971,2140,275,560,4277,10608,331,5303,9668"
21488,21488,"7578,8562,9455,1286,11405,12990,1100,8235,5999,811"
21518,21518,"6402,1377,8487,10352,9453,8540,5241,6060,8093,449"
21528,21528,"11540,2990,3950,7723,6220,7707,3055,11843,10340,6166"
21536,21536,"1290,7120,4929,296,10663,12497,3697,5573,6243,4576"
21585,21585,"4798,851,4101,11843,5149,2580,560,5545,4679,2169"
21598,21598,"11194,8221,5027,9449,9786,9375,12029,11726,11506,6391"
21602,21602,"5999,3870,3950,11622,3577,11406,10778,8221,2789,5610"
21604,21604,"1634,11282,851,13296,8472,9580,11784,6899,2291,11843"
21626,21626,"5999,11871,2771,12611,9504,1788,11726,11572,1408,7079"
21636,21636,"8235,3055,2789,11403,8205,12680,9942,12026,4332,11357"
21649,21649,"7120,296,13309,4929,5573,12030,3697,4576,9962,11117"
21650,21650,"6402,5027,9453,5241,6060,8487,8540,12648,8093,6952"
21655,21655,"1290,296,7120,4576,4929,2916,5573,10607,3697,10663"
21662,21662,"1290,4576,7120,296,4664,9295,4036,10607,4929,2916"
21681,21681,"1290,4929,296,7120,10663,12030,4576,3697,5573,10607"
21686,21686,"2140,5199,7138,6515,7679,9771,4048,9848,7439,6060"
21699,21699,"10835,8235,8562,13346,1100,7578,2789,3055,4499,11622"
21702,21702,"8590,12030,1290,7120,5573,4929,296,11117,10663,8922"
21709,21709,"9580,11540,2990,11622,13346,4332,4101,10138,3577,4798"
21718,21718,"10916,12857,13296,12990,6515,2218,811,9668,9880,12331"
21719,21719,"9880,10916,5199,11784,12990,11282,10138,811,2140,9580"
21724,21724,"8562,1776,331,12990,1180,10326,8161,10916,12875,4974"
21741,21741,"7120,1290,296,4929,2916,4576,10663,10607,5573,3697"
21746,21746,"296,1290,4576,2916,7120,3697,4929,5135,5573,10607"
21751,21751,"6402,6060,5027,1377,9453,6952,10974,8540,9786,10352"
21754,21754,"331,5025,3950,10916,1180,9580,4322,1996,6326,10326"
21768,21768,"8161,2567,10916,13346,8235,6899,4602,11622,7578,3295"
21775,21775,"6982,8636,3491,8161,4602,10431,8452,11772,10986,11800"
21781,21781,"7120,3697,296,4664,4576,4929,10663,1290,9730,7679"
21789,21789,"1290,7120,4929,5573,2916,296,12497,12030,6243,9962"
21795,21795,"8235,4117,6962,11540,11843,9744,8922,1180,8421,331"
21812,21812,"11622,8562,10340,11784,13296,3340,6588,1996,12331,3106"
21814,21814,"8562,5549,2380,13346,12680,10916,8590,9580,10326,10340"
21820,21820,"5999,3950,5025,9098,10340,2220,7578,10594,4053,6280"
21827,21827,"10916,8421,3950,12990,8562,1180,13346,1776,5999,8161"
21838,21838,"6220,3950,851,2169,2990,1180,8421,5124,6166,4915"
21855,21855,"8235,4053,11622,13058,7578,5532,1100,4117,2822,6982"
21881,21881,"8562,811,9880,1634,11843,6626,10916,3870,7138,1996"
21884,21884,"8421,5124,1776,10916,454,9098,7723,10594,11540,11282"
21889,21889,"1290,7120,12030,4929,789,12497,5135,296,2916,11117"
21896,21896,"2380,9799,7578,2140,12331,10340,3909,8235,6529,8520"
21902,21902,"8421,8161,1776,2808,11843,4798,11540,11282,12026,1223"
21916,21916,"1912,8235,12026,2990,3055,6220,12680,8161,4865,2218"
21927,21927,"1290,7120,4929,296,5573,789,10663,2916,13309,12497"
21938,21938,"6326,12680,10326,8421,4798,11540,4277,1776,6107,2808"
21948,21948,"11622,1996,8746,8575,11180,3340,9489,4229,6982,820"
21952,21952,"1290,12030,4929,2916,296,7120,12497,10663,5573,1400"
21954,21954,"5999,11357,4053,8235,785,5532,1100,2822,2571,11712"
21955,21955,"12026,10916,13310,2789,3950,454,5303,11396,10835,6638"
21978,21978,"8161,8922,7024,7578,2343,8235,12606,9937,13296,4698"
21983,21983,"1290,12030,4929,7120,5573,11117,12497,296,10663,1977"
22004,22004,"12990,10326,8562,4277,11384,10916,7063,12680,8922,8343"
22007,22007,"1290,7120,296,4929,2916,10663,5573,5135,12030,3697"
22014,22014,"1788,11726,11572,11871,10566,5700,3870,3672,9998,3799"
22020,22020,"10326,2169,3870,9880,10138,11282,851,6899,10916,2808"
22052,22052,"8421,11540,8161,4679,1223,1180,8703,10916,1776,2169"
22056,22056,"13249,8221,4915,7707,3870,9937,10986,10792,4262,2506"
22064,22064,"4388,4798,8608,11540,2580,11843,3909,8413,5091,9799"
22072,22072,"11282,8421,1996,9886,13346,4413,1180,1776,3055,1220"
22074,22074,"3950,5610,3870,5999,5124,11282,454,7723,10778,9880"
22102,22102,"5027,6060,8876,7496,6952,1219,1213,11757,2770,6487"
22110,22110,"10340,11622,11871,8562,5999,5673,5470,1996,8561,5497"
22111,22111,"4413,1776,5549,12990,9942,13346,3870,9229,11403,7197"
22119,22119,"11024,1244,4117,2571,544,4576,5672,10607,785,6610"
22125,22125,"11622,6982,10340,3870,2789,5673,11871,11795,9449,11726"
22150,22150,"5199,10608,8520,8053,7715,4315,9668,7439,2380,4053"
22151,22151,"1290,7120,296,12030,11117,4929,8590,5135,5573,12497"
22154,22154,"8703,2020,789,9962,5135,13309,1290,3088,3697,12030"
22213,22213,"6220,1220,7723,7707,11282,5549,3950,12026,12331,3055"
22256,22256,"1290,5135,7120,4576,8590,11117,544,789,13309,296"
22258,22258,"6971,1912,976,10462,5303,5549,10608,5966,11384,560"
22265,22265,"7578,1912,9744,8235,331,9886,8161,11540,1100,4322"
22279,22279,"7707,13346,9454,12793,976,5966,6529,10835,7723,3909"
22280,22280,"12030,789,12858,5135,11117,1290,8590,1400,296,2885"
22283,22283,"2343,6971,8402,2291,7983,2140,7024,8505,9693,2903"
22286,22286,"5199,11784,1996,11622,2905,5999,2218,9340,220,6433"
22288,22288,"7138,10916,811,2158,10326,8590,2411,6107,9072,9580"
22321,22321,"4576,3697,4664,1290,13309,296,10607,9962,7120,5135"
22336,22336,"11784,10138,10835,13296,2789,454,10340,9443,5545,6280"
22344,22344,"4101,13346,2220,9580,6326,10138,8235,10835,4865,9443"
22353,22353,"1377,6402,10078,8487,5760,8540,7862,6011,6060,5027"
22356,22356,"4929,2916,5573,296,12497,6243,3697,4664,12030,11117"
22387,22387,"3950,8421,4101,11540,6433,10916,837,1776,2218,11282"
22427,22427,"2291,2140,4413,89,1290,544,2380,7120,1487,2916"
22428,22428,"5135,9962,1290,12030,7120,4929,3697,296,11117,9866"
22449,22449,"4576,1290,13309,5135,3697,7120,12030,4664,296,789"
22452,22452,"2916,1290,3697,7120,4929,296,4576,4664,10663,6243"
22460,22460,"4163,2957,1558,10607,2140,1290,296,7120,2916,4929"
22467,22467,"8590,1290,9229,4929,7120,2916,296,10663,10607,4576"
22480,22480,"789,5135,9962,4576,3697,10336,4664,9866,4613,1290"
22481,22481,"2140,275,6971,2291,5303,2218,12857,12331,7138,9799"
22484,22484,"11622,5673,11784,3340,10340,1996,10326,2789,8746,9098"
22489,22489,"2343,10835,9693,6834,2537,5782,7024,6795,4216,89"
22502,22502,"2870,9730,3464,4664,4048,8679,9170,7679,1779,2769"
22510,22510,"7120,1290,13309,5135,3697,4576,789,296,5573,12497"
22511,22511,"7637,6220,6166,2020,4698,6971,9962,13309,7706,789"
22514,22514,"8421,8235,12990,7063,5303,1634,2343,560,10916,11843"
22520,22520,"1290,7120,4929,5573,296,10663,12497,2916,12030,4387"
22546,22546,"12857,1996,10340,3870,976,8561,11622,4482,6588,4262"
22551,22551,"11622,1996,10340,11784,3340,6982,5673,5199,6588,4482"
22582,22582,"1290,7120,12030,296,4929,2916,3697,10663,13309,5573"
22595,22595,"9668,9580,6220,3950,8472,6166,1662,4413,2808,3770"
22597,22597,"11871,5545,5700,2771,6626,13058,5610,11772,6982,1254"
22605,22605,"1328,5673,37,1726,2108,8561,1769,5270,11010,5474"
22618,22618,"1912,4499,7578,5835,6220,12990,8421,8235,7983,1100"
22641,22641,"11572,1788,4436,10326,1377,2771,6060,11726,5827,6487"
22645,22645,"12156,3766,1634,9422,716,13257,959,6326,6626,9880"
22660,22660,"4798,6326,8421,9580,5545,2990,3950,10138,1912,11843"
22666,22666,"2169,4798,12857,4101,6515,9733,5199,6326,9848,2580"
22674,22674,"7120,4929,296,2916,12497,5573,6243,12030,3697,11117"
22678,22678,"1290,7120,4576,296,4929,2916,3697,10663,5135,11117"
22697,22697,"296,2916,1290,4929,12030,10322,1400,5135,7120,4576"
22698,22698,"7707,5999,5545,8235,13346,2990,3055,6529,1912,11622"
22705,22705,"5532,13296,5485,2169,6418,7578,5149,6971,2291,4262"
22710,22710,"716,5027,8569,4063,6391,2822,2771,1783,2164,5241"
22714,22714,"11282,10340,8235,5999,5532,3950,931,454,2789,8707"
22715,22715,"8452,6982,5532,9098,5303,11751,9729,6515,11795,4262"
22720,22720,"7723,7439,10835,6971,9164,362,5610,12331,3106,10340"
22734,22734,"2218,6971,9668,12680,12026,7487,4413,2140,8205,9340"
22735,22735,"2789,8235,12026,6971,7578,5545,8922,3055,2218,2220"
22736,22736,"8161,7723,10340,3106,1478,851,11843,8235,9968,10916"
22747,22747,"12757,4388,7637,8608,1290,8922,4036,3697,4929,4664"
22748,22748,"11540,1747,560,2808,1634,1662,5549,2264,5303,5149"
22759,22759,"13346,11622,1478,5999,10529,8235,13381,7900,2903,11384"
22761,22761,"5999,8235,3055,1408,10778,331,4117,1996,13296,10340"
22774,22774,"11843,3950,10916,4413,10594,9443,6899,11622,1996,454"
22783,22783,"8221,11622,11726,7900,1788,11572,8636,2771,6982,6588"
22830,22830,"9229,11403,12793,1776,5549,12757,5532,10608,4277,31"
22831,22831,"7120,4929,296,12030,2916,10663,5573,12497,3697,4576"
22846,22846,"7138,6971,10608,5549,12680,8590,8562,11282,11994,1912"
22850,22850,"1290,8590,12030,296,7120,4929,3697,4576,5573,2916"
22883,22883,"5673,11622,6982,8636,3577,8561,5999,10506,5700,1788"
22887,22887,"8161,13346,8235,10916,9968,7578,10138,11622,13296,10340"
22893,22893,"4576,1290,296,7120,4929,5573,4664,6610,3697,10137"
22905,22905,"5545,2990,2291,7487,13097,7024,1249,4827,11622,12632"
22923,22923,"3950,13346,1996,1776,10916,11622,8421,11843,10138,10340"
22956,22956,"1180,11843,10916,851,717,1776,8161,6326,11540,4679"
22964,22964,"2343,6971,1912,13296,13110,6166,6892,5545,1220,5966"
22972,22972,"1290,5135,7120,12030,4576,11117,3697,789,296,2916"
22985,22985,"2140,13296,7024,9668,6638,4321,6418,12026,9799,4698"
23011,23011,"11871,1328,11726,5270,5673,11622,5592,5470,12611,1788"
23027,23027,"1290,7120,296,4929,2916,10663,3697,12030,12497,5573"
23036,23036,"9799,6971,6166,12680,1478,5549,560,7723,7707,331"
23038,23038,"12404,4387,2916,2870,10462,1290,3737,10322,10663,10389"
23046,23046,"12680,12990,560,4277,11540,331,9668,3950,9580,7707"
23051,23051,"2291,3870,5545,2337,10792,31,10608,5177,851,5999"
23057,23057,"6402,6060,5760,1377,9375,449,1213,8487,10078,6306"
23062,23062,"10607,1290,296,7120,5135,2916,4929,789,4576,3697"
23069,23069,"6515,11396,10916,9306,10138,8452,12857,3071,3870,2291"
23078,23078,"7707,3950,12990,6220,9937,3909,7578,1598,12680,12793"
23113,23113,"5999,6971,12793,3950,11282,4315,13346,3055,7707,5532"
23121,23121,"2916,13309,4387,789,3737,4929,296,11298,83,1290"
23123,23123,"4798,10326,4413,8421,9968,7833,8562,11000,1912,11843"
23136,23136,"5303,7723,1776,6515,331,3950,2990,851,10916,11540"
23138,23138,"2218,3055,5545,931,454,4101,4924,10340,8205,3950"
23140,23140,"5573,12030,7120,1290,10963,13101,12497,9405,3697,2380"
23170,23170,"8161,7578,13346,6899,1598,10916,10326,8575,13296,3295"
23173,23173,"8590,1290,275,7120,10663,2916,1747,11117,12497,12026"
23179,23179,"2343,12990,8421,9968,10916,1378,837,1220,3950,8235"
23196,23196,"10326,2140,10916,5199,5549,8562,6588,2169,2158,4413"
23199,23199,"9942,12404,3870,3950,11622,1996,10340,5545,1408,3909"
23216,23216,"2291,2218,6515,2140,10916,10835,13214,6971,3870,10792"
23226,23226,"3870,5999,9454,13346,1287,5673,6899,11622,1957,11406"
23233,23233,"6166,8703,4414,275,2158,811,6971,9668,12857,9799"
23253,23253,"8235,5532,3055,10340,4053,6529,4117,1100,7439,5610"
23281,23281,"1290,8590,7120,12497,4929,5573,10663,5135,12030,13101"
